{
  "description": "Stage 1 closure: 5 representative solutions from the Pareto front of 302 feasible warm_start_DE solutions. Sorted by shape_r ascending (i.e., seed A is most PAC-dominant, seed E is most shape_r-dominant). Use these as informative prior centers for Stage 2 SBI.",
  "n_feasible": 302,
  "n_pareto_optimal": 6,
  "n_seeds": 5,
  "seeds": [
    {
      "tag": "A",
      "params": {
        "mue": 3.981992044364857,
        "mui": 3.110671433646642,
        "b": 33.12493722387328,
        "tauA": 1762.8049234083062,
        "g_LK": 0.0537334661298961,
        "g_h": 0.0710602773417757,
        "c_th2ctx": 0.0104905250563401,
        "c_ctx2th": 0.1327789843795462
      },
      "objectives": {
        "shape_r": 0.534221053808015,
        "PAC_compound": 0.9692771877095087,
        "score": 0.705111,
        "T4_q": 4.008,
        "T12_n_verified": 21
      },
      "pac_metrics": {
        "MI": 0.0243185152802748,
        "up_down_ratio": 2.2641731427951948,
        "concentration": 0.2411984272619345
      }
    },
    {
      "tag": "B",
      "params": {
        "mue": 3.885135684436215,
        "mui": 3.1237947995742195,
        "b": 33.431228136126144,
        "tauA": 1783.218633897503,
        "g_LK": 0.0517982658000233,
        "g_h": 0.0644548193513769,
        "c_th2ctx": 0.0083729397271691,
        "c_ctx2th": 0.1227762496715441
      },
      "objectives": {
        "shape_r": 0.5866289646941043,
        "PAC_compound": 0.8986269556263491,
        "score": 0.691002,
        "T4_q": 3.363,
        "T12_n_verified": 21
      },
      "pac_metrics": {
        "MI": 0.025151213206032,
        "up_down_ratio": 2.05554101682538,
        "concentration": 0.2333258173240993
      }
    },
    {
      "tag": "C",
      "params": {
        "mue": 3.9779727064396178,
        "mui": 3.0467938249528683,
        "b": 34.82632699076554,
        "tauA": 1785.067673013953,
        "g_LK": 0.0540133842329936,
        "g_h": 0.0701029403030515,
        "c_th2ctx": 0.0097585811306989,
        "c_ctx2th": 0.1248410184704354
      },
      "objectives": {
        "shape_r": 0.5897216310983038,
        "PAC_compound": 0.535971527786467,
        "score": 0.698819,
        "T4_q": 3.73,
        "T12_n_verified": 14
      },
      "pac_metrics": {
        "MI": 0.0152009444112693,
        "up_down_ratio": 1.7355963257234122,
        "concentration": 0.1832328280320687
      }
    },
    {
      "tag": "D",
      "params": {
        "mue": 3.969166508845263,
        "mui": 3.110542156341522,
        "b": 30.22779328822006,
        "tauA": 1738.1517712930388,
        "g_LK": 0.0530311960844073,
        "g_h": 0.0707801216714298,
        "c_th2ctx": 0.0095553410724928,
        "c_ctx2th": 0.1247450747523844
      },
      "objectives": {
        "shape_r": 0.6284624081691834,
        "PAC_compound": 0.4764694701949935,
        "score": 0.781794,
        "T4_q": 4.481,
        "T12_n_verified": 17
      },
      "pac_metrics": {
        "MI": 0.0126065359306067,
        "up_down_ratio": 1.793825076191989,
        "concentration": 0.167847836879774
      }
    },
    {
      "tag": "E",
      "params": {
        "mue": 3.898647322859956,
        "mui": 3.0609259162000138,
        "b": 34.00737548750722,
        "tauA": 1730.5032822560206,
        "g_LK": 0.0548318156453452,
        "g_h": 0.0710071649439422,
        "c_th2ctx": 0.0093830329335459,
        "c_ctx2th": 0.1290431014553572
      },
      "objectives": {
        "shape_r": 0.6472302531112317,
        "PAC_compound": 0.270178967943697,
        "score": 0.737115,
        "T4_q": 3.616,
        "T12_n_verified": 18
      },
      "pac_metrics": {
        "MI": 0.0081046109425343,
        "up_down_ratio": 1.671259358973676,
        "concentration": 0.1300320300243901
      }
    }
  ]
}