sample_id,simulator_seed,success,fully_finite,runtime_s,failure_reason,split
0,710001,True,True,10.269797799992375,,validation
1,814730,True,True,10.492347300052643,,train
2,919459,True,True,10.415512899984606,,train
3,1024188,True,True,10.40567510004621,,validation
4,1128917,True,True,10.4637469999725,,train
5,1233646,True,True,10.414714099955745,,train
6,1338375,True,True,5.141251499997452,,validation
7,1443104,True,True,5.2473270000191405,,train
8,1547833,True,True,5.726471100002527,,train
9,1652562,True,True,5.2606742000207305,,train
10,1757291,True,True,5.770252499962226,,train
11,1862020,True,True,5.823382800095715,,train
12,1966749,True,True,5.974212300032377,,train
13,2071478,True,True,5.499311799998395,,train
14,2176207,True,True,6.012400400009938,,train
15,2280936,True,True,5.441509900032543,,train
16,2385665,True,True,5.4440902000060305,,train
17,2490394,True,True,5.3581889000488445,,train
18,2595123,True,True,5.434611200005747,,train
19,2699852,True,True,5.371435899985954,,train
20,2804581,True,True,5.511653900030069,,train
21,2909310,True,True,5.528610400040634,,train
22,3014039,True,True,5.595414999988861,,validation
23,3118768,True,True,5.560061800060794,,validation
24,3223497,True,True,5.3909502000315115,,train
25,3328226,True,True,5.274780499981716,,train
26,3432955,True,True,5.331474200007506,,train
27,3537684,True,True,5.288995899958536,,train
28,3642413,True,True,5.302157999947667,,train
29,3747142,True,True,5.2824975999537855,,train
30,3851871,True,True,5.427259900025092,,train
31,3956600,True,True,5.487297600018792,,validation
32,4061329,True,True,5.5817210000241175,,train
33,4166058,True,True,5.527858699904755,,validation
34,4270787,True,True,5.4776121999602765,,train
35,4375516,True,True,5.521206800010987,,train
36,4480245,True,True,5.576999499928206,,train
37,4584974,True,True,5.502060999977402,,train
38,4689703,True,True,5.555751500069164,,validation
39,4794432,True,True,5.584248999948613,,train
40,4899161,True,True,5.624415899976157,,validation
41,5003890,True,True,6.1758701000362635,,train
42,5108619,True,True,5.979649499990046,,train
43,5213348,True,True,5.329488500021398,,train
44,5318077,True,True,5.36135500005912,,train
45,5422806,True,True,5.368600900052115,,train
46,5527535,True,True,5.326071599964052,,validation
47,5632264,True,True,5.391462800092995,,validation
48,5736993,True,True,5.546421499922872,,train
49,5841722,True,True,5.630773100070655,,train
50,5946451,True,True,5.685033799964003,,train
51,6051180,True,True,5.6535902000032365,,train
52,6155909,True,True,5.652202900033444,,validation
53,6260638,True,True,5.563246099976823,,train
54,6365367,True,True,5.403665299993008,,train
55,6470096,True,True,5.434520100010559,,train
56,6574825,True,True,5.387504899990745,,validation
57,6679554,True,True,5.41650299995672,,train
58,6784283,True,True,5.388935000053607,,train
59,6889012,True,True,5.572289600037038,,train
60,6993741,True,True,5.522284200065769,,train
61,7098470,True,True,5.677398399915546,,train
62,7203199,True,True,5.676841099979356,,validation
63,7307928,True,True,5.780564899905585,,train
64,7412657,True,True,5.725489699980244,,train
65,7517386,True,True,5.6257735000690445,,validation
66,7622115,True,True,5.499868000042625,,train
67,7726844,True,True,5.521060599945486,,train
68,7831573,True,True,5.619203999987803,,train
69,7936302,True,True,5.5271900000516325,,train
70,8041031,True,True,5.545850099995732,,train
71,8145760,True,True,5.4235476000467315,,validation
72,8250489,True,True,5.699505400029011,,train
73,8355218,True,True,5.67596419993788,,train
74,8459947,True,True,5.723043599980883,,train
75,8564676,True,True,5.612143000005744,,validation
76,8669405,True,True,5.705374399898574,,validation
77,8774134,True,True,5.731902200030163,,train
78,8878863,True,True,5.540939699974842,,train
79,8983592,True,True,5.603484499966726,,train
80,9088321,True,True,5.485658099991269,,train
81,9193050,True,True,5.48037150001619,,train
82,9297779,True,True,5.551248800009489,,train
83,9402508,True,True,5.685179800027981,,train
84,9507237,True,True,5.682213200023398,,train
85,9611966,True,True,5.742852700059302,,train
86,9716695,True,True,5.73883940000087,,validation
87,9821424,True,True,5.8593587999930605,,validation
88,9926153,True,True,5.6461687999544665,,train
89,10030882,True,True,5.583445600001141,,validation
90,10135611,True,True,5.6696181000443175,,train
91,10240340,True,True,5.451931199990213,,train
92,10345069,True,True,5.529554300010204,,train
93,10449798,True,True,5.4996926001040265,,train
94,10554527,True,True,5.512924799928442,,train
95,10659256,True,True,5.450655300053768,,train
96,10763985,True,True,5.680241300025955,,train
97,10868714,True,True,5.798220800003037,,train
98,10973443,True,True,5.888749400037341,,train
99,11078172,True,True,5.760131300077774,,train
100,11182901,True,True,5.7612629000796005,,train
101,11287630,True,True,5.738094399916008,,validation
102,11392359,True,True,5.4881226000143215,,validation
103,11497088,True,True,5.693600200000219,,train
104,11601817,True,True,5.764965899987146,,train
105,11706546,True,True,5.809455299982801,,train
106,11811275,True,True,5.717470100033097,,train
107,11916004,True,True,5.704380700015463,,train
108,12020733,True,True,5.537403200054541,,train
109,12125462,True,True,5.529081699904054,,train
110,12230191,True,True,5.565056399907917,,train
111,12334920,True,True,5.551193100051023,,train
112,12439649,True,True,5.628375299973413,,validation
113,12544378,True,True,5.583479900029488,,train
114,12649107,True,True,5.576466400059871,,train
115,12753836,True,True,5.53674220002722,,validation
116,12858565,True,True,5.6124126999638975,,validation
117,12963294,True,True,5.5314175999956205,,train
118,13068023,True,True,5.537821799982339,,train
119,13172752,True,True,5.4564716999884695,,train
120,13277481,True,True,5.460555600002408,,train
121,13382210,True,True,5.663842999958433,,train
122,13486939,True,True,5.802323100040667,,train
123,13591668,True,True,5.853540800046176,,train
124,13696397,True,True,5.8308635000139475,,train
125,13801126,True,True,5.869698300026357,,train
126,13905855,True,True,5.763248799950816,,train
127,14010584,True,True,5.724443699931726,,train
128,14115313,True,True,5.636483000009321,,validation
129,14220042,True,True,5.615995100000873,,train
130,14324771,True,True,5.6013859999366105,,train
131,14429500,True,True,5.601081099943258,,train
132,14534229,True,True,5.623915200005285,,validation
133,14638958,True,True,5.562870300025679,,validation
134,14743687,True,True,5.669294200022705,,validation
135,14848416,True,True,5.665412400034256,,train
136,14953145,True,True,5.6183863000478595,,train
137,15057874,True,True,5.602438199915923,,train
138,15162603,True,True,5.5350865999935195,,train
139,15267332,True,True,5.665101799997501,,validation
140,15372061,True,True,5.811712600057945,,validation
141,15476790,True,True,5.913578600040637,,train
142,15581519,True,True,5.818409600062296,,train
143,15686248,True,True,5.8979861999396235,,train
144,15790977,True,True,5.702788399998099,,train
145,15895706,True,True,5.561731400084682,,train
146,16000435,True,True,5.623654600000009,,train
147,16105164,True,True,5.682675200048834,,train
148,16209893,True,True,5.622564600082114,,train
149,16314622,True,True,5.682912499993108,,train
150,16419351,True,True,5.588408300071023,,train
151,16524080,True,True,5.614124200074002,,validation
152,16628809,True,True,5.713770099915564,,train
153,16733538,True,True,5.620398200000636,,train
154,16838267,True,True,5.628097700071521,,train
155,16942996,True,True,5.645151300006546,,train
156,17047725,True,True,5.597032900084741,,train
157,17152454,True,True,5.757330000051297,,train
158,17257183,True,True,5.741620399989188,,train
159,17361912,True,True,5.774024899932556,,train
160,17466641,True,True,5.768399699940346,,train
161,17571370,True,True,5.832543600001372,,train
162,17676099,True,True,5.557210800005123,,train
163,17780828,True,True,5.580237700021826,,train
164,17885557,True,True,5.502969199907966,,validation
165,17990286,True,True,5.5834444999927655,,train
166,18095015,True,True,5.527619000058621,,train
167,18199744,True,True,5.612993499962613,,train
168,18304473,True,True,5.659279899904504,,train
169,18409202,True,True,5.608740099938586,,train
170,18513931,True,True,5.632010500063188,,train
171,18618660,True,True,5.562237999984063,,train
172,18723389,True,True,5.589011000003666,,train
173,18828118,True,True,5.59116750000976,,train
174,18932847,True,True,5.711650200071745,,validation
175,19037576,True,True,5.740769399912097,,train
176,19142305,True,True,5.687145699979737,,train
177,19247034,True,True,5.806772000039928,,train
178,19351763,True,True,5.615664700046182,,train
179,19456492,True,True,5.631412599934265,,train
180,19561221,True,True,5.646080199978314,,train
181,19665950,True,True,5.67913750000298,,validation
182,19770679,True,True,5.587257300037891,,train
183,19875408,True,True,5.734746200032532,,train
184,19980137,True,True,5.806743899942376,,validation
185,20084866,True,True,5.7298347998876125,,train
186,20189595,True,True,5.570879700011574,,validation
187,20294324,True,True,5.607557000010274,,validation
188,20399053,True,True,5.615535299992189,,validation
189,20503782,True,True,5.591914499993436,,validation
190,20608511,True,True,5.619766500080004,,train
191,20713240,True,True,5.654006400029175,,train
192,20817969,True,True,5.701144500053488,,train
193,20922698,True,True,5.642247900017537,,train
194,21027427,True,True,5.651256599929184,,train
195,21132156,True,True,5.699527500080876,,train
196,21236885,True,True,5.668855299940333,,train
197,21341614,True,True,5.49537080002483,,train
198,21446343,True,True,5.709131700103171,,train
199,21551072,True,True,5.596477600047365,,train
200,21655801,True,True,5.661764599964954,,train
201,21760530,True,True,5.697256500017829,,validation
202,21865259,True,True,5.820472399936989,,train
203,21969988,True,True,5.778981599956751,,train
204,22074717,True,True,5.663599799969234,,train
205,22179446,True,True,5.690385599969886,,train
206,22284175,True,True,5.724051700090058,,train
207,22388904,True,True,5.63550210010726,,train
208,22493633,True,True,5.733985000057146,,train
209,22598362,True,True,5.782846900052391,,train
210,22703091,True,True,5.707816499983892,,train
211,22807820,True,True,5.731935900053941,,validation
212,22912549,True,True,5.7313315999927,,train
213,23017278,True,True,5.711712999967858,,train
214,23122007,True,True,5.789655899978243,,train
215,23226736,True,True,5.732852200046182,,validation
216,23331465,True,True,5.8668915999587625,,train
217,23436194,True,True,5.75429339997936,,train
218,23540923,True,True,5.764793999958783,,validation
219,23645652,True,True,5.805690500070341,,validation
220,23750381,True,True,5.736211700015701,,train
221,23855110,True,True,5.725327600026503,,train
222,23959839,True,True,5.4858893000055104,,train
223,24064568,True,True,5.66065219999291,,train
224,24169297,True,True,5.599510799976997,,train
225,24274026,True,True,5.771035400102846,,train
226,24378755,True,True,5.724596100044437,,validation
227,24483484,True,True,5.75547530001495,,train
228,24588213,True,True,5.451142899924889,,train
229,24692942,True,True,5.414484400069341,,train
230,24797671,True,True,5.4459073999896646,,train
231,24902400,True,True,5.340746699948795,,validation
232,25007129,True,True,5.341536000021733,,train
233,25111858,True,True,5.287652099970728,,train
234,25216587,True,True,5.653715300024487,,validation
235,25321316,True,True,5.69467130000703,,train
236,25426045,True,True,5.603583400021307,,train
237,25530774,True,True,5.688434100011364,,train
238,25635503,True,True,5.761144699994475,,train
239,25740232,True,True,5.666663800016977,,train
240,25844961,True,True,5.65816570003517,,train
241,25949690,True,True,5.577507200068794,,train
242,26054419,True,True,5.695594600052573,,train
243,26159148,True,True,5.764574099914171,,train
244,26263877,True,True,5.65925749996677,,train
245,26368606,True,True,5.747369799995795,,train
246,26473335,True,True,5.708614500006661,,train
247,26578064,True,True,5.852009400026873,,validation
248,26682793,True,True,5.866660700063221,,train
249,26787522,True,True,5.879867700044997,,train
250,26892251,True,True,5.847161100013182,,train
251,26996980,True,True,5.680165100027807,,train
252,27101709,True,True,5.748082800069824,,train
253,27206438,True,True,5.739627499948256,,train
254,27311167,True,True,5.765313299954869,,train
255,27415896,True,True,5.715374800027348,,train
256,27520625,True,True,5.7428763000061736,,train
257,27625354,True,True,5.747254899935797,,train
258,27730083,True,True,5.355046199983917,,train
259,27834812,True,True,6.045810000039637,,validation
260,27939541,True,True,5.376694399979897,,validation
261,28044270,True,True,5.343107199994847,,train
262,28148999,True,True,6.099240700015798,,train
263,28253728,True,True,5.403968199971132,,train
264,28358457,True,True,5.544036200037226,,validation
265,28463186,True,True,5.480924699921161,,train
266,28567915,True,True,5.648829400073737,,train
267,28672644,True,True,5.619461400085129,,validation
268,28777373,True,True,5.615620699943975,,train
269,28882102,True,True,5.793237300007604,,train
270,28986831,True,True,5.6159792999969795,,train
271,29091560,True,True,5.615689800004475,,validation
272,29196289,True,True,5.572021899977699,,train
273,29301018,True,True,5.726791900000535,,train
274,29405747,True,True,5.829771500080824,,train
275,29510476,True,True,5.7321695000864565,,validation
276,29615205,True,True,5.394063799991272,,train
277,29719934,True,True,5.450144800008275,,train
278,29824663,True,True,5.4068015000084415,,train
279,29929392,True,True,5.40363640000578,,train
280,30034121,True,True,5.508734900038689,,train
281,30138850,True,True,5.40266179991886,,validation
282,30243579,True,True,5.682739400072023,,train
283,30348308,True,True,5.79771830001846,,train
284,30453037,True,True,5.81534820003435,,train
285,30557766,True,True,5.782022399944253,,train
286,30662495,True,True,5.850542500033043,,train
287,30767224,True,True,5.910153000033461,,train
288,30871953,True,True,5.776740700006485,,train
289,30976682,True,True,5.788545900024474,,train
290,31081411,True,True,5.811295200022869,,train
291,31186140,True,True,5.8591414000838995,,validation
292,31290869,True,True,6.546357300016098,,validation
293,31395598,True,True,5.842414399958216,,train
294,31500327,True,True,5.854674700065516,,validation
295,31605056,True,True,5.794985100044869,,validation
296,31709785,True,True,5.767005100031383,,train
297,31814514,True,True,5.768379800021648,,validation
298,31919243,True,True,5.938911600038409,,train
299,32023972,True,True,5.8805556000443175,,validation
300,32128701,True,True,5.381673000054434,,train
301,32233430,True,True,5.429269500076771,,train
302,32338159,True,True,5.448994499980472,,train
303,32442888,True,True,5.470321299973875,,train
304,32547617,True,True,5.438960500061512,,train
305,32652346,True,True,5.401490099960938,,train
306,32757075,True,True,5.752379100071266,,validation
307,32861804,True,True,5.808510500006378,,validation
308,32966533,True,True,5.692936899955384,,train
309,33071262,True,True,5.700599999981932,,train
310,33175991,True,True,5.718488799990155,,train
311,33280720,True,True,5.684908100054599,,train
312,33385449,True,True,5.706248399917968,,train
313,33490178,True,True,5.868381100008264,,train
314,33594907,True,True,5.759148400044069,,train
315,33699636,True,True,5.631458400050178,,train
316,33804365,True,True,5.827602899982594,,train
317,33909094,True,True,5.857119400054216,,train
318,34013823,True,True,5.292627400020137,,train
319,34118552,True,True,5.267268100054935,,train
320,34223281,True,True,5.356078200042248,,train
321,34328010,True,True,5.376725099980831,,train
322,34432739,True,True,5.267044100095518,,train
323,34537468,True,True,5.238034900045022,,validation
324,34642197,True,True,5.844856500043534,,train
325,34746926,True,True,5.763453899999149,,train
326,34851655,True,True,5.788404399994761,,train
327,34956384,True,True,5.733803499955684,,train
328,35061113,True,True,5.681085800053552,,train
329,35165842,True,True,5.665129699977115,,train
330,35270571,True,True,5.625425999984145,,train
331,35375300,True,True,5.684783500037156,,validation
332,35480029,True,True,5.719655100023374,,validation
333,35584758,True,True,5.70796699996572,,train
334,35689487,True,True,5.685830999980681,,train
335,35794216,True,True,5.664457399980165,,validation
336,35898945,True,True,5.6390793999889866,,train
337,36003674,True,True,5.658918599947356,,train
338,36108403,True,True,5.69009389996063,,train
339,36213132,True,True,5.716917399899103,,train
340,36317861,True,True,5.749372199992649,,train
341,36422590,True,True,5.753221899969503,,train
342,36527319,True,True,5.475741400034167,,train
343,36632048,True,True,5.341353600029834,,train
344,36736777,True,True,5.294675200013444,,validation
345,36841506,True,True,5.343073899974115,,train
346,36946235,True,True,5.381970499991439,,train
347,37050964,True,True,5.4354000999592245,,train
348,37155693,True,True,5.6271748000290245,,train
349,37260422,True,True,5.819359299959615,,train
350,37365151,True,True,5.945826700073667,,train
351,37469880,True,True,5.797997799934819,,train
352,37574609,True,True,5.823679700028151,,train
353,37679338,True,True,5.868725699954666,,train
354,37784067,True,True,5.2924738000147045,,train
355,37888796,True,True,5.16440730006434,,validation
356,37993525,True,True,5.273360599996522,,train
357,38098254,True,True,5.243874900043011,,train
358,38202983,True,True,5.341123300022446,,train
359,38307712,True,True,5.2573388000018895,,train
360,38412441,True,True,5.74930869997479,,train
361,38517170,True,True,5.698011200060137,,validation
362,38621899,True,True,5.750119799980894,,train
363,38726628,True,True,5.838022100040689,,train
364,38831357,True,True,5.7464460000628605,,train
365,38936086,True,True,5.670105300028808,,train
366,39040815,True,True,5.783021000097506,,train
367,39145544,True,True,5.821821299963631,,validation
368,39250273,True,True,5.871240800013766,,train
369,39355002,True,True,5.784186300006695,,train
370,39459731,True,True,5.9057671000482515,,validation
371,39564460,True,True,5.898293600068428,,train
372,39669189,True,True,5.327935599954799,,train
373,39773918,True,True,5.265394099988043,,train
374,39878647,True,True,5.276323699974455,,train
375,39983376,True,True,5.289127800031565,,train
376,40088105,True,True,5.2900775000452995,,validation
377,40192834,True,True,5.294065400026739,,train
378,40297563,True,True,5.788523100083694,,train
379,40402292,True,True,5.7356842999579385,,train
380,40507021,True,True,5.69889450003393,,train
381,40611750,True,True,5.6990822000661865,,train
382,40716479,True,True,5.686317800078541,,train
383,40821208,True,True,5.710523499990813,,train
384,40925937,True,True,5.372639899956994,,train
385,41030666,True,True,5.35006619989872,,train
386,41135395,True,True,5.241907599964179,,train
387,41240124,True,True,5.3558628000319,,train
388,41344853,True,True,5.27102049998939,,train
389,41449582,True,True,5.282077300013043,,train
390,41554311,True,True,5.645490300026722,,train
391,41659040,True,True,5.663090900052339,,train
392,41763769,True,True,5.758810099912807,,validation
393,41868498,True,True,5.795653300010599,,train
394,41973227,True,True,5.674290900002234,,train
395,42077956,True,True,5.624473400064744,,validation
396,42182685,True,True,5.6730458999518305,,train
397,42287414,True,True,5.735331599949859,,validation
398,42392143,True,True,5.743671300006099,,train
399,42496872,True,True,5.776281800004654,,train
400,42601601,True,True,5.849410899914801,,train
401,42706330,True,True,5.773082599975169,,train
402,42811059,True,True,5.348451400059275,,train
403,42915788,True,True,5.300716900033876,,train
404,43020517,True,True,5.265574999968521,,train
405,43125246,True,True,5.28750019997824,,train
406,43229975,True,True,5.374088200042024,,train
407,43334704,True,True,5.222231400082819,,train
408,43439433,True,True,5.670910499989986,,train
409,43544162,True,True,5.568019700003788,,train
410,43648891,True,True,5.626724900095724,,validation
411,43753620,True,True,5.694785200059414,,train
412,43858349,True,True,5.745447300025262,,train
413,43963078,True,True,5.722233699983917,,train
414,44067807,True,True,5.29239159997087,,train
415,44172536,True,True,5.284513000049628,,train
416,44277265,True,True,5.287871399894357,,train
417,44381994,True,True,5.301221000030637,,validation
418,44486723,True,True,5.459426500019617,,train
419,44591452,True,True,5.4402921999571845,,validation
420,44696181,True,True,5.863304700003937,,validation
421,44800910,True,True,5.900846800068393,,validation
422,44905639,True,True,5.878740499960259,,train
423,45010368,True,True,5.830226599937305,,validation
424,45115097,True,True,5.799045699997805,,validation
425,45219826,True,True,5.741517800022848,,train
426,45324555,True,True,5.226929600001313,,validation
427,45429284,True,True,5.3642701000208035,,train
428,45534013,True,True,5.397716799983755,,train
429,45638742,True,True,5.3684048999566585,,train
430,45743471,True,True,5.273748500039801,,train
431,45848200,True,True,5.314481099951081,,validation
432,45952929,True,True,5.770748100010678,,validation
433,46057658,True,True,5.694353599916212,,train
434,46162387,True,True,5.700890899985097,,train
435,46267116,True,True,5.758533100015484,,train
436,46371845,True,True,5.694121700013056,,train
437,46476574,True,True,5.604512799996883,,train
438,46581303,True,True,5.175734799937345,,train
439,46686032,True,True,5.143819599994458,,train
440,46790761,True,True,5.188358300016262,,validation
441,46895490,True,True,5.273626299924217,,validation
442,47000219,True,True,5.263758999994025,,train
443,47104948,True,True,5.271177900023758,,train
444,47209677,True,True,5.805439400020987,,train
445,47314406,True,True,5.698510400019586,,train
446,47419135,True,True,5.77893730008509,,validation
447,47523864,True,True,5.75903830002062,,train
448,47628593,True,True,5.74094409996178,,train
449,47733322,True,True,5.805143999983557,,validation
450,47838051,True,True,5.8010284000774845,,train
451,47942780,True,True,5.709207399981096,,train
452,48047509,True,True,5.810709499986842,,train
453,48152238,True,True,5.849671200034209,,validation
454,48256967,True,True,5.837981699965894,,train
455,48361696,True,True,5.792688100016676,,train
456,48466425,True,True,5.240475900005549,,train
457,48571154,True,True,5.175619799993001,,validation
458,48675883,True,True,5.22373950004112,,train
459,48780612,True,True,5.334490699926391,,train
460,48885341,True,True,5.355825099977665,,train
461,48990070,True,True,5.352294900105335,,train
462,49094799,True,True,5.701560099958442,,validation
463,49199528,True,True,5.72525619994849,,validation
464,49304257,True,True,5.662863999954425,,validation
465,49408986,True,True,5.818799400003627,,train
466,49513715,True,True,5.871578499907628,,train
467,49618444,True,True,5.796975299948826,,train
468,49723173,True,True,5.312630899948999,,train
469,49827902,True,True,5.291789099923335,,train
470,49932631,True,True,5.3219342000084,,train
471,50037360,True,True,5.286813099985011,,train
472,50142089,True,True,5.305155800073408,,train
473,50246818,True,True,5.26528849999886,,train
474,50351547,True,True,5.930247700074688,,train
475,50456276,True,True,5.885042200097814,,train
476,50561005,True,True,5.911629399983212,,train
477,50665734,True,True,5.953255700063892,,train
478,50770463,True,True,5.967017999966629,,train
479,50875192,True,True,5.957315000006929,,train
480,50979921,True,True,5.236437999992631,,train
481,51084650,True,True,5.228803799953312,,train
482,51189379,True,True,5.362519400077872,,train
483,51294108,True,True,5.406579799950123,,validation
484,51398837,True,True,5.213702699984424,,train
485,51503566,True,True,5.369406499899924,,validation
486,51608295,True,True,6.0113865999737754,,train
487,51713024,True,True,6.030112100066617,,train
488,51817753,True,True,5.948966600000858,,train
489,51922482,True,True,5.988888000021689,,validation
490,52027211,True,True,5.853082500048913,,train
491,52131940,True,True,5.988891900051385,,train
492,52236669,True,True,5.306960899964906,,train
493,52341398,True,True,5.285691299941391,,train
494,52446127,True,True,5.284381199977361,,train
495,52550856,True,True,5.291228900081478,,train
496,52655585,True,True,5.131893300102092,,train
497,52760314,True,True,5.28129870002158,,train
498,52865043,True,True,5.899535599979572,,validation
499,52969772,True,True,6.604169299942441,,validation
500,53074501,True,True,5.805859700078145,,validation
501,53179230,True,True,5.839922199957073,,train
502,53283959,True,True,5.8960071000037715,,train
503,53388688,True,True,5.984105099923909,,train
504,53493417,True,True,5.298736300086603,,train
505,53598146,True,True,5.244522299966775,,train
506,53702875,True,True,5.21881770004984,,train
507,53807604,True,True,5.192681799991988,,train
508,53912333,True,True,5.172195499995723,,train
509,54017062,True,True,5.250540699926205,,train
510,54121791,True,True,5.8848748001037166,,train
511,54226520,True,True,5.8006034999853,,train
512,54331249,True,True,5.840955799911171,,train
513,54435978,True,True,5.900159299955703,,train
514,54540707,True,True,5.895041799987666,,train
515,54645436,True,True,5.869413299951702,,train
516,54750165,True,True,5.240024900063872,,validation
517,54854894,True,True,5.135810500010848,,train
518,54959623,True,True,5.180853399913758,,train
519,55064352,True,True,5.140773799968883,,validation
520,55169081,True,True,5.080907800002024,,train
521,55273810,True,True,5.122510900022462,,train
522,55378539,True,True,5.833452999941073,,validation
523,55483268,True,True,5.86812929995358,,train
524,55587997,True,True,5.911831500008702,,train
525,55692726,True,True,5.95187539991457,,train
526,55797455,True,True,5.970360700041056,,train
527,55902184,True,True,5.9249692999292165,,train
528,56006913,True,True,5.241650199983269,,train
529,56111642,True,True,5.225813900004141,,validation
530,56216371,True,True,5.2348538000369444,,train
531,56321100,True,True,5.236336400033906,,train
532,56425829,True,True,5.229334700037725,,train
533,56530558,True,True,5.324295200058259,,validation
534,56635287,True,True,5.202206599991769,,validation
535,56740016,True,True,5.079891199944541,,validation
536,56844745,True,True,5.130772400065325,,validation
537,56949474,True,True,5.133865600102581,,train
538,57054203,True,True,5.1769458000781015,,train
539,57158932,True,True,5.213583800010383,,train
540,57263661,True,True,5.869360000011511,,train
541,57368390,True,True,5.828307599993423,,train
542,57473119,True,True,5.797859099926427,,train
543,57577848,True,True,5.75990509998519,,validation
544,57682577,True,True,5.798150800052099,,train
545,57787306,True,True,5.720704899984412,,train
546,57892035,True,True,5.152476400020532,,train
547,57996764,True,True,5.158055700012483,,train
548,58101493,True,True,5.201543700066395,,train
549,58206222,True,True,5.142483600066043,,train
550,58310951,True,True,5.160249599954113,,train
551,58415680,True,True,5.235113700036891,,train
552,58520409,True,True,5.884893900016323,,train
553,58625138,True,True,5.794265299919061,,train
554,58729867,True,True,5.750219500041567,,train
555,58834596,True,True,5.978251199936494,,train
556,58939325,True,True,5.808051100000739,,train
557,59044054,True,True,5.882965700002387,,validation
558,59148783,True,True,5.228887900011614,,train
559,59253512,True,True,5.1366437000688165,,train
560,59358241,True,True,5.182549000019208,,train
561,59462970,True,True,5.189819999970496,,train
562,59567699,True,True,5.196258599986322,,validation
563,59672428,True,True,5.220937800011598,,train
564,59777157,True,True,5.785406699986197,,validation
565,59881886,True,True,5.820979199954309,,train
566,59986615,True,True,5.779490299988538,,train
567,60091344,True,True,5.74024030007422,,train
568,60196073,True,True,5.750127500039525,,train
569,60300802,True,True,5.799791800091043,,train
570,60405531,True,True,5.242842100095004,,train
571,60510260,True,True,5.229228400043212,,validation
572,60614989,True,True,5.349396500037983,,train
573,60719718,True,True,5.297024099971168,,train
574,60824447,True,True,5.196165000088513,,train
575,60929176,True,True,5.267223899951205,,train
576,61033905,True,True,5.912235200055875,,validation
577,61138634,True,True,5.829489099909551,,train
578,61243363,True,True,5.880294799921103,,validation
579,61348092,True,True,5.915092300041579,,validation
580,61452821,True,True,5.892510400037281,,train
581,61557550,True,True,6.039409599965438,,validation
582,61662279,True,True,5.302791299996898,,validation
583,61767008,True,True,5.383347199996933,,validation
584,61871737,True,True,5.317921100067906,,train
585,61976466,True,True,5.230745799955912,,validation
586,62081195,True,True,5.379598699975759,,train
587,62185924,True,True,5.21052499988582,,train
588,62290653,True,True,5.224524599965662,,train
589,62395382,True,True,5.15087490004953,,validation
590,62500111,True,True,5.96365270006936,,train
591,62604840,True,True,5.220403700019233,,train
592,62709569,True,True,5.240152999991551,,validation
593,62814298,True,True,5.190717500052415,,validation
594,62919027,True,True,5.878321599913761,,train
595,63023756,True,True,5.882222999935038,,train
596,63128485,True,True,5.226890500052832,,train
597,63233214,True,True,5.892368800006807,,train
598,63337943,True,True,5.896064999978989,,train
599,63442672,True,True,5.855054300045595,,train
600,63547401,True,True,5.217207900015637,,train
601,63652130,True,True,5.142669100081548,,train
602,63756859,True,True,5.209656599909067,,train
603,63861588,True,True,5.183881299919449,,train
604,63966317,True,True,5.207799000083469,,train
605,64071046,True,True,5.204328499967232,,train
606,64175775,True,True,5.938917499966919,,train
607,64280504,True,True,5.851124800043181,,train
608,64385233,True,True,5.876036999979988,,train
609,64489962,True,True,5.927360399975441,,train
610,64594691,True,True,5.941850799950771,,train
611,64699420,True,True,5.8765798000385985,,train
612,64804149,True,True,5.2242684999946505,,train
613,64908878,True,True,5.168619000003673,,train
614,65013607,True,True,5.14639360003639,,train
615,65118336,True,True,5.181765099987388,,train
616,65223065,True,True,5.237706299987622,,train
617,65327794,True,True,5.237389500020072,,train
618,65432523,True,True,5.830405100015923,,validation
619,65537252,True,True,5.887684999965131,,train
620,65641981,True,True,5.955736999982037,,validation
621,65746710,True,True,5.952132900012657,,train
622,65851439,True,True,5.916106299962848,,train
623,65956168,True,True,5.942560099996626,,train
624,66060897,True,True,5.3327081999741495,,train
625,66165626,True,True,5.205900199944153,,train
626,66270355,True,True,5.395619300077669,,train
627,66375084,True,True,5.24596680002287,,validation
628,66479813,True,True,5.281063799979165,,train
629,66584542,True,True,5.212183500058018,,validation
630,66689271,True,True,5.232259299955331,,train
631,66794000,True,True,5.045069699990563,,train
632,66898729,True,True,5.893543399986811,,train
633,67003458,True,True,5.245271100080572,,train
634,67108187,True,True,5.214055399992503,,train
635,67212916,True,True,5.194849000079557,,train
636,67317645,True,True,6.058775800047442,,train
637,67422374,True,True,6.168601599987596,,train
638,67527103,True,True,5.355815300019458,,validation
639,67631832,True,True,6.033706700080074,,train
640,67736561,True,True,5.969700500019826,,train
641,67841290,True,True,5.906439100042917,,train
642,67946019,True,True,5.257354600005783,,validation
643,68050748,True,True,5.178424900048412,,validation
644,68155477,True,True,5.17579939996358,,train
645,68260206,True,True,5.205816700006835,,train
646,68364935,True,True,5.162502099992707,,train
647,68469664,True,True,5.242206900031306,,train
648,68574393,True,True,5.8898856999585405,,train
649,68679122,True,True,5.963697899947874,,train
650,68783851,True,True,5.886236499994993,,train
651,68888580,True,True,5.954022200079635,,validation
652,68993309,True,True,5.978165499982424,,train
653,69098038,True,True,6.096845000050962,,train
654,69202767,True,True,5.308192200027406,,train
655,69307496,True,True,5.382270300062373,,train
656,69412225,True,True,5.348675700020976,,train
657,69516954,True,True,5.356771000078879,,train
658,69621683,True,True,5.348623500089161,,train
659,69726412,True,True,5.354301899904385,,train
660,69831141,True,True,5.324987299973145,,train
661,69935870,True,True,5.2216237999964505,,train
662,70040599,True,True,6.007986700045876,,train
663,70145328,True,True,5.240988900070079,,train
664,70250057,True,True,5.2794680000515655,,validation
665,70354786,True,True,5.217714399914257,,validation
666,70459515,True,True,6.135849999962375,,validation
667,70564244,True,True,6.097124199965037,,validation
668,70668973,True,True,5.415549999917857,,train
669,70773702,True,True,6.14220869995188,,train
670,70878431,True,True,6.151180099928752,,train
671,70983160,True,True,6.159237299929373,,train
672,71087889,True,True,5.220750399981625,,train
673,71192618,True,True,5.207267199992202,,train
674,71297347,True,True,5.150350600015372,,train
675,71402076,True,True,5.2693455999251455,,train
676,71506805,True,True,5.214704800047912,,train
677,71611534,True,True,5.185587199986912,,validation
678,71716263,True,True,5.89969160000328,,train
679,71820992,True,True,5.8995797000825405,,train
680,71925721,True,True,5.966043599997647,,train
681,72030450,True,True,5.930842899950221,,train
682,72135179,True,True,5.910934799932875,,validation
683,72239908,True,True,5.889136000070721,,validation
684,72344637,True,True,5.23035109997727,,train
685,72449366,True,True,5.190788900014013,,train
686,72554095,True,True,5.166602800018154,,train
687,72658824,True,True,5.28080189996399,,train
688,72763553,True,True,5.320603700005449,,train
689,72868282,True,True,5.23037080001086,,train
690,72973011,True,True,5.099018600070849,,train
691,73077740,True,True,5.110811799997464,,train
692,73182469,True,True,5.121124499943107,,train
693,73287198,True,True,5.056718099978752,,train
694,73391927,True,True,5.041885900078341,,train
695,73496656,True,True,5.083038899931125,,validation
696,73601385,True,True,5.95787439995911,,train
697,73706114,True,True,5.971329399966635,,train
698,73810843,True,True,5.907185800024308,,train
699,73915572,True,True,5.973461600020528,,train
700,74020301,True,True,5.923731799935922,,train
701,74125030,True,True,5.934074499993585,,validation
702,74229759,True,True,5.228194699971937,,train
703,74334488,True,True,5.276647299993783,,validation
704,74439217,True,True,5.210972599918023,,train
705,74543946,True,True,5.277855799999088,,train
706,74648675,True,True,5.155592100112699,,train
707,74753404,True,True,5.238289000000805,,train
708,74858133,True,True,5.8987032999284565,,train
709,74962862,True,True,5.869470500038005,,validation
710,75067591,True,True,6.012823700089939,,train
711,75172320,True,True,5.981926400098018,,train
712,75277049,True,True,6.014338900102302,,train
713,75381778,True,True,5.967696900013834,,train
714,75486507,True,True,5.207479699980468,,train
715,75591236,True,True,5.194680699962191,,train
716,75695965,True,True,5.164629600010812,,train
717,75800694,True,True,5.212102200021036,,train
718,75905423,True,True,5.209891999955289,,train
719,76010152,True,True,5.218615100020543,,train
720,76114881,True,True,5.134694299893454,,train
721,76219610,True,True,5.203064700006507,,train
722,76324339,True,True,5.193143400014378,,train
723,76429068,True,True,5.184947700006887,,train
724,76533797,True,True,5.2530638999305665,,validation
725,76638526,True,True,5.272167299990542,,validation
726,76743255,True,True,5.951755300047807,,train
727,76847984,True,True,5.897430700017139,,train
728,76952713,True,True,5.888889399939217,,train
729,77057442,True,True,6.031158900004812,,train
730,77162171,True,True,6.022086099954322,,train
731,77266900,True,True,5.969162499997765,,train
732,77371629,True,True,5.3811731999740005,,train
733,77476358,True,True,5.251404499984346,,validation
734,77581087,True,True,5.34263580001425,,train
735,77685816,True,True,5.257149299955927,,validation
736,77790545,True,True,5.257418099907227,,train
737,77895274,True,True,5.290873800055124,,train
738,78000003,True,True,5.237021700013429,,train
739,78104732,True,True,5.107892800006084,,validation
740,78209461,True,True,5.1601080999244004,,train
741,78314190,True,True,5.18106150010135,,train
742,78418919,True,True,5.196831499924883,,train
743,78523648,True,True,5.213315099943429,,train
744,78628377,True,True,6.038017300073989,,validation
745,78733106,True,True,6.059791399980895,,validation
746,78837835,True,True,6.044802599935792,,validation
747,78942564,True,True,5.999560400028713,,train
748,79047293,True,True,6.063775799935684,,train
749,79152022,True,True,6.0072630000067875,,train
750,79256751,True,True,5.205332199926488,,train
751,79361480,True,True,5.15916899999138,,train
752,79466209,True,True,5.181219200021587,,train
753,79570938,True,True,5.233679300057702,,train
754,79675667,True,True,5.299202500027604,,train
755,79780396,True,True,5.475071300053969,,validation
756,79885125,True,True,6.1263669999316335,,train
757,79989854,True,True,6.071825099992566,,train
758,80094583,True,True,6.248585699941032,,train
759,80199312,True,True,6.140104299993254,,train
760,80304041,True,True,6.093854899983853,,train
761,80408770,True,True,6.0288196000037715,,validation
762,80513499,True,True,5.262266800040379,,train
763,80618228,True,True,5.31007539993152,,train
764,80722957,True,True,5.204857000033371,,train
765,80827686,True,True,5.187038499978371,,train
766,80932415,True,True,5.241146799991839,,train
767,81037144,True,True,5.32827180007007,,train
768,81141873,True,True,5.225110500003211,,train
769,81246602,True,True,5.189310799934901,,validation
770,81351331,True,True,5.055920600076206,,train
771,81456060,True,True,5.163568899966776,,train
772,81560789,True,True,5.16621659998782,,train
773,81665518,True,True,5.1827533999457955,,train
774,81770247,True,True,6.038407700019889,,train
775,81874976,True,True,5.975861600018106,,train
776,81979705,True,True,5.9530106000602245,,train
777,82084434,True,True,5.98128079995513,,train
778,82189163,True,True,5.965250900015235,,train
779,82293892,True,True,5.988161400076933,,train
780,82398621,True,True,5.185633499990217,,train
781,82503350,True,True,5.160604300093837,,train
782,82608079,True,True,5.056454700068571,,train
783,82712808,True,True,5.20392170001287,,train
784,82817537,True,True,5.242382499971427,,train
785,82922266,True,True,5.165585099952295,,train
786,83026995,True,True,5.2067646000068635,,train
787,83131724,True,True,5.2115001999773085,,train
788,83236453,True,True,5.121180500020273,,train
789,83341182,True,True,5.116326599963941,,validation
790,83445911,True,True,5.165231699938886,,train
791,83550640,True,True,5.137999800033867,,train
792,83655369,True,True,6.006441200035624,,train
793,83760098,True,True,6.016087899915874,,train
794,83864827,True,True,6.022768700029701,,validation
795,83969556,True,True,5.922942300094292,,validation
796,84074285,True,True,6.018459300044924,,train
797,84179014,True,True,6.005478599923663,,train
798,84283743,True,True,5.3058420000597835,,validation
799,84388472,True,True,5.2276309001026675,,validation
800,84493201,True,True,5.216970300069079,,train
801,84597930,True,True,5.148788999998942,,train
802,84702659,True,True,5.1971863999497145,,train
803,84807388,True,True,5.317905199946836,,train
804,84912117,True,True,5.176434799912386,,train
805,85016846,True,True,5.163380100042559,,train
806,85121575,True,True,5.215828399988823,,train
807,85226304,True,True,5.174638599972241,,train
808,85331033,True,True,5.144902899977751,,train
809,85435762,True,True,5.161389700020663,,train
810,85540491,True,True,5.978269499959424,,train
811,85645220,True,True,5.9749806999461725,,train
812,85749949,True,True,6.132098799920641,,train
813,85854678,True,True,6.14569360006135,,train
814,85959407,True,True,6.082026800024323,,train
815,86064136,True,True,6.0677729999879375,,train
816,86168865,True,True,5.1968125000130385,,train
817,86273594,True,True,5.19120879995171,,train
818,86378323,True,True,5.114906999981031,,train
819,86483052,True,True,5.188365699956194,,validation
820,86587781,True,True,5.218057400081307,,train
821,86692510,True,True,5.121319100027904,,train
822,86797239,True,True,5.252345799934119,,train
823,86901968,True,True,5.125846500042826,,validation
824,87006697,True,True,5.204371399944648,,train
825,87111426,True,True,5.155595100019127,,train
826,87216155,True,True,5.210512300021946,,train
827,87320884,True,True,5.205567499971949,,train
828,87425613,True,True,6.080879100016318,,train
829,87530342,True,True,6.139682099921629,,validation
830,87635071,True,True,6.13309370004572,,train
831,87739800,True,True,6.16338119993452,,train
832,87844529,True,True,6.137265099911019,,train
833,87949258,True,True,6.115604600054212,,train
834,88053987,True,True,5.235102700069547,,train
835,88158716,True,True,5.265778600005433,,train
836,88263445,True,True,5.106579300016165,,train
837,88368174,True,True,5.171862400020473,,validation
838,88472903,True,True,5.185354899964295,,validation
839,88577632,True,True,5.235751100000925,,validation
840,88682361,True,True,5.168530500028282,,train
841,88787090,True,True,5.2099294000072405,,train
842,88891819,True,True,5.201589500065893,,train
843,88996548,True,True,5.171139599988237,,validation
844,89101277,True,True,5.095917800092138,,train
845,89206006,True,True,5.167216400033794,,train
846,89310735,True,True,6.047260400024243,,train
847,89415464,True,True,6.053290199954063,,train
848,89520193,True,True,6.068789100041613,,validation
849,89624922,True,True,6.059430300025269,,train
850,89729651,True,True,6.1293636000482365,,train
851,89834380,True,True,6.109067199984565,,train
852,89939109,True,True,5.187230599927716,,validation
853,90043838,True,True,5.290630800067447,,train
854,90148567,True,True,5.132372200023383,,train
855,90253296,True,True,5.290713800000958,,train
856,90358025,True,True,5.308366100070998,,train
857,90462754,True,True,5.286779099958949,,train
858,90567483,True,True,5.312130899983458,,train
859,90672212,True,True,5.205597799969837,,train
860,90776941,True,True,5.280249100062065,,train
861,90881670,True,True,5.156491099973209,,train
862,90986399,True,True,5.113395799999125,,validation
863,91091128,True,True,5.192038599983789,,train
864,91195857,True,True,6.081033700029366,,train
865,91300586,True,True,6.142597099998966,,train
866,91405315,True,True,6.120131100062281,,train
867,91510044,True,True,6.095376900047995,,train
868,91614773,True,True,6.067831299966201,,train
869,91719502,True,True,6.161533600068651,,train
870,91824231,True,True,5.202804799890146,,train
871,91928960,True,True,5.180159599985927,,train
872,92033689,True,True,5.128169500036165,,train
873,92138418,True,True,5.141723999986425,,train
874,92243147,True,True,5.130611000000499,,validation
875,92347876,True,True,5.233144599944353,,train
876,92452605,True,True,5.158308000070974,,train
877,92557334,True,True,5.257549399975687,,train
878,92662063,True,True,5.262739400030114,,train
879,92766792,True,True,5.19700709998142,,train
880,92871521,True,True,5.18704429990612,,train
881,92976250,True,True,5.16886199999135,,validation
882,93080979,True,True,6.035669200005941,,train
883,93185708,True,True,6.166897899936885,,train
884,93290437,True,True,5.248648299952038,,train
885,93395166,True,True,6.136041300022043,,validation
886,93499895,True,True,7.198264600010589,,train
887,93604624,True,True,6.40293819992803,,validation
888,93709353,True,True,5.662239600089379,,validation
889,93814082,True,True,6.4977270000381395,,validation
890,93918811,True,True,5.4679447000380605,,train
891,94023540,True,True,5.529608500073664,,train
892,94128269,True,True,5.638817699975334,,train
893,94232998,True,True,5.688955300021917,,train
894,94337727,True,True,5.676528499927372,,train
895,94442456,True,True,5.59587650001049,,train
896,94547185,True,True,5.627822799957357,,train
897,94651914,True,True,5.613014100003056,,train
898,94756643,True,True,5.448419500025921,,train
899,94861372,True,True,5.5099217999959365,,validation
900,94966101,True,True,5.544674000004306,,train
901,95070830,True,True,5.365025800070725,,train
902,95175559,True,True,5.370641099987552,,train
903,95280288,True,True,5.40686770004686,,train
904,95385017,True,True,5.415437499992549,,train
905,95489746,True,True,5.366279099951498,,train
906,95594475,True,True,6.584329999983311,,validation
907,95699204,True,True,6.4311034000711516,,train
908,95803933,True,True,6.520070499973372,,train
909,95908662,True,True,6.4827032999601215,,train
910,96013391,True,True,6.572089900029823,,validation
911,96118120,True,True,6.581487399991602,,train
912,96222849,True,True,5.47658150002826,,train
913,96327578,True,True,5.402570700040087,,train
914,96432307,True,True,5.37698169995565,,train
915,96537036,True,True,5.405685000005178,,train
916,96641765,True,True,5.329671100014821,,train
917,96746494,True,True,5.384789100033231,,train
918,96851223,True,True,5.39597039995715,,train
919,96955952,True,True,5.401150499936193,,validation
920,97060681,True,True,5.412466899957508,,validation
921,97165410,True,True,5.521209500031546,,train
922,97270139,True,True,5.482029299950227,,train
923,97374868,True,True,5.475749299977906,,train
924,97479597,True,True,6.473593899980187,,train
925,97584326,True,True,6.321915499982424,,train
926,97689055,True,True,6.3494522999972105,,train
927,97793784,True,True,6.295764000038616,,train
928,97898513,True,True,6.1719940000912175,,train
929,98003242,True,True,6.205613299971446,,validation
930,98107971,True,True,5.349895299994387,,train
931,98212700,True,True,5.343338300008327,,validation
932,98317429,True,True,5.317575399996713,,validation
933,98422158,True,True,5.296239600051194,,train
934,98526887,True,True,5.307693699956872,,train
935,98631616,True,True,5.353830700041726,,train
936,98736345,True,True,5.220453599933535,,train
937,98841074,True,True,5.276596000068821,,train
938,98945803,True,True,5.268544899998233,,validation
939,99050532,True,True,5.242313400027342,,validation
940,99155261,True,True,5.342622700030915,,train
941,99259990,True,True,5.397345299948938,,train
942,99364719,True,True,6.378573999973014,,train
943,99469448,True,True,6.442064699949697,,train
944,99574177,True,True,6.421514900051989,,train
945,99678906,True,True,6.452917500049807,,train
946,99783635,True,True,6.521197500056587,,train
947,99888364,True,True,6.340872399974614,,train
948,99993093,True,True,5.361501400009729,,train
949,100097822,True,True,5.377457799972035,,train
950,100202551,True,True,5.292132099973969,,train
951,100307280,True,True,5.365972899948247,,train
952,100412009,True,True,5.379194300039671,,train
953,100516738,True,True,5.367295200005174,,train
954,100621467,True,True,5.504866499919444,,validation
955,100726196,True,True,5.555993799935095,,train
956,100830925,True,True,5.466052999952808,,train
957,100935654,True,True,5.409075099974871,,train
958,101040383,True,True,5.401876199990511,,validation
959,101145112,True,True,5.362842599977739,,validation
960,101249841,True,True,5.227549099945463,,train
961,101354570,True,True,5.260309599922039,,train
962,101459299,True,True,5.267384700011462,,validation
963,101564028,True,True,5.220243599964306,,train
964,101668757,True,True,5.223319000098854,,train
965,101773486,True,True,5.242152899969369,,validation
966,101878215,True,True,6.359024900011718,,train
967,101982944,True,True,6.395739900064655,,train
968,102087673,True,True,6.378048999933526,,train
969,102192402,True,True,6.368570099934004,,train
970,102297131,True,True,6.278386699967086,,train
971,102401860,True,True,6.518799399957061,,train
972,102506589,True,True,5.374722099979408,,validation
973,102611318,True,True,5.391662099980749,,train
974,102716047,True,True,5.314225799986161,,train
975,102820776,True,True,5.457725700107403,,train
976,102925505,True,True,5.499652000027709,,train
977,103030234,True,True,5.514462499995716,,validation
978,103134963,True,True,5.632423299946822,,train
979,103239692,True,True,5.58238379994873,,validation
980,103344421,True,True,5.555503699928522,,train
981,103449150,True,True,5.371656300034374,,train
982,103553879,True,True,5.271049699978903,,train
983,103658608,True,True,5.295800999971107,,validation
984,103763337,True,True,6.480502900085412,,train
985,103868066,True,True,6.43878590001259,,train
986,103972795,True,True,6.451012499979697,,train
987,104077524,True,True,6.457147800014354,,train
988,104182253,True,True,6.300056200008839,,train
989,104286982,True,True,6.337125500082038,,validation
990,104391711,True,True,5.39379070000723,,train
991,104496440,True,True,5.369584100088105,,train
992,104601169,True,True,5.291713200043887,,train
993,104705898,True,True,5.217846599989571,,train
994,104810627,True,True,5.2117132999701425,,train
995,104915356,True,True,5.2173680000705644,,train
996,105020085,True,True,5.136508399969898,,train
997,105124814,True,True,5.228908900055103,,train
998,105229543,True,True,5.290945700020529,,train
999,105334272,True,True,5.2419964000582695,,train
1000,105439001,True,True,5.240462900022976,,train
1001,105543730,True,True,5.3093180999858305,,train
1002,105648459,True,True,5.30533389991615,,validation
1003,105753188,True,True,5.358817199943587,,train
1004,105857917,True,True,5.213451099931262,,train
1005,105962646,True,True,5.305351300048642,,train
1006,106067375,True,True,5.136754799983464,,train
1007,106172104,True,True,5.1917056000093,,train
1008,106276833,True,True,6.336197800002992,,train
1009,106381562,True,True,6.32485049997922,,train
1010,106486291,True,True,6.3638036999618635,,train
1011,106591020,True,True,6.362671799957752,,train
1012,106695749,True,True,6.2831987999379635,,train
1013,106800478,True,True,6.3271956000244245,,train
1014,106905207,True,True,5.301932799979113,,validation
1015,107009936,True,True,5.342658500070684,,train
1016,107114665,True,True,5.387612099992111,,train
1017,107219394,True,True,5.201811300008558,,validation
1018,107324123,True,True,5.178907299996354,,train
1019,107428852,True,True,5.162791099981405,,train
1020,107533581,True,True,5.178841499960981,,train
1021,107638310,True,True,5.266748300055042,,validation
1022,107743039,True,True,5.186048000003211,,train
1023,107847768,True,True,5.277450500056148,,train
1024,107952497,True,True,5.240434000035748,,train
1025,108057226,True,True,5.364483300014399,,validation
1026,108161955,True,True,6.382280299905688,,train
1027,108266684,True,True,6.3411800999892876,,train
1028,108371413,True,True,6.419986699940637,,train
1029,108476142,True,True,6.522615000023507,,train
1030,108580871,True,True,6.433790700044483,,train
1031,108685600,True,True,6.365190499927849,,train
1032,108790329,True,True,5.233781899907626,,train
1033,108895058,True,True,5.207947700051591,,train
1034,108999787,True,True,5.20528670004569,,train
1035,109104516,True,True,5.214951900066808,,validation
1036,109209245,True,True,5.2767578000202775,,train
1037,109313974,True,True,5.236852900008671,,train
1038,109418703,True,True,5.3670400000410154,,train
1039,109523432,True,True,5.435567599954084,,train
1040,109628161,True,True,5.361876799957827,,train
1041,109732890,True,True,5.278838299913332,,train
1042,109837619,True,True,5.310848299995996,,train
1043,109942348,True,True,5.26620469999034,,validation
1044,110047077,True,True,5.327123600058258,,train
1045,110151806,True,True,5.299700900097378,,train
1046,110256535,True,True,5.177462299936451,,validation
1047,110361264,True,True,5.23673470003996,,train
1048,110465993,True,True,5.194283000077121,,validation
1049,110570722,True,True,5.30629819992464,,validation
1050,110675451,True,True,6.382677299901843,,validation
1051,110780180,True,True,6.471132199978456,,train
1052,110884909,True,True,6.500423999968916,,train
1053,110989638,True,True,6.476955100079067,,train
1054,111094367,True,True,6.3365587999578565,,train
1055,111199096,True,True,6.404079100000672,,train
1056,111303825,True,True,5.205130400019698,,train
1057,111408554,True,True,5.191285799955949,,train
1058,111513283,True,True,5.226599600049667,,train
1059,111618012,True,True,5.1058194999350235,,validation
1060,111722741,True,True,5.146997399977408,,train
1061,111827470,True,True,5.1429536999203265,,train
1062,111932199,True,True,5.1787227999884635,,train
1063,112036928,True,True,5.2539334000321105,,train
1064,112141657,True,True,5.207931900047697,,train
1065,112246386,True,True,5.223817400052212,,train
1066,112351115,True,True,5.2890312999952585,,train
1067,112455844,True,True,5.205876799998805,,train
1068,112560573,True,True,5.389553699991666,,train
1069,112665302,True,True,5.292918400024064,,train
1070,112770031,True,True,6.498684299993329,,train
1071,112874760,True,True,5.323644999996759,,train
1072,112979489,True,True,5.259420400019735,,train
1073,113084218,True,True,5.271715600043535,,train
1074,113188947,True,True,6.325372699997388,,train
1075,113293676,True,True,6.479727099998854,,train
1076,113398405,True,True,6.295572599978186,,train
1077,113503134,True,True,5.283472399925813,,train
1078,113607863,True,True,6.289864599937573,,validation
1079,113712592,True,True,6.344027299899608,,train
1080,113817321,True,True,5.137961899978109,,train
1081,113922050,True,True,5.138902700040489,,train
1082,114026779,True,True,5.229131400003098,,train
1083,114131508,True,True,5.157409899984486,,validation
1084,114236237,True,True,5.197801000089385,,train
1085,114340966,True,True,5.130432299920358,,train
1086,114445695,True,True,5.2128878000658005,,train
1087,114550424,True,True,5.230736400000751,,train
1088,114655153,True,True,5.19914460007567,,train
1089,114759882,True,True,5.343259199988097,,train
1090,114864611,True,True,5.234961400041357,,train
1091,114969340,True,True,5.301206000032835,,train
1092,115074069,True,True,6.424666800070554,,train
1093,115178798,True,True,6.431096300017089,,validation
1094,115283527,True,True,6.391529400018044,,train
1095,115388256,True,True,6.4618729000212625,,train
1096,115492985,True,True,6.450414100079797,,validation
1097,115597714,True,True,6.381177800009027,,train
1098,115702443,True,True,5.173961400054395,,validation
1099,115807172,True,True,5.207562500028871,,train
1100,115911901,True,True,5.288162800017744,,train
1101,116016630,True,True,5.232398899970576,,train
1102,116121359,True,True,5.114204299985431,,train
1103,116226088,True,True,5.190972300013527,,validation
1104,116330817,True,True,5.2462161999428645,,train
1105,116435546,True,True,5.207898400025442,,validation
1106,116540275,True,True,5.301044299965724,,validation
1107,116645004,True,True,5.223303399980068,,train
1108,116749733,True,True,5.181842499994673,,train
1109,116854462,True,True,5.136640499928035,,train
1110,116959191,True,True,5.125773499952629,,train
1111,117063920,True,True,5.15634779992979,,train
1112,117168649,True,True,5.2309091000352055,,train
1113,117273378,True,True,5.1697963998885825,,train
1114,117378107,True,True,5.185262899962254,,train
1115,117482836,True,True,5.200968699995428,,train
1116,117587565,True,True,6.467655900050886,,train
1117,117692294,True,True,6.359332999913022,,train
1118,117797023,True,True,6.333736400003545,,train
1119,117901752,True,True,6.4100613000337034,,validation
1120,118006481,True,True,6.398819599999115,,train
1121,118111210,True,True,6.363733800011687,,train
1122,118215939,True,True,5.221737699932419,,train
1123,118320668,True,True,5.181825699983165,,validation
1124,118425397,True,True,5.297888300032355,,train
1125,118530126,True,True,5.182245200034231,,validation
1126,118634855,True,True,5.093021699925885,,train
1127,118739584,True,True,5.193872599978931,,train
1128,118844313,True,True,5.346572499955073,,train
1129,118949042,True,True,5.368577099987306,,train
1130,119053771,True,True,5.270973299979232,,validation
1131,119158500,True,True,5.238661199924536,,validation
1132,119263229,True,True,5.368125899927691,,train
1133,119367958,True,True,5.37945059989579,,train
1134,119472687,True,True,5.186249400023371,,train
1135,119577416,True,True,5.210324499988928,,train
1136,119682145,True,True,5.171319699962623,,train
1137,119786874,True,True,5.281940100016072,,train
1138,119891603,True,True,5.235741199925542,,train
1139,119996332,True,True,5.295055099995807,,train
1140,120101061,True,True,6.411911900038831,,train
1141,120205790,True,True,6.4749189000576735,,train
1142,120310519,True,True,6.439217799925245,,train
1143,120415248,True,True,6.503607799997553,,train
1144,120519977,True,True,6.578126200009137,,train
1145,120624706,True,True,6.375544700073078,,train
1146,120729435,True,True,5.1318629999877885,,train
1147,120834164,True,True,5.160654799896292,,train
1148,120938893,True,True,5.233115199953318,,train
1149,121043622,True,True,5.1232475999277085,,train
1150,121148351,True,True,5.170463799964637,,validation
1151,121253080,True,True,5.218937100027688,,train
1152,121357809,True,True,5.305750299943611,,train
1153,121462538,True,True,5.329056599992327,,train
1154,121567267,True,True,5.234007300110534,,train
1155,121671996,True,True,5.426382699981332,,train
1156,121776725,True,True,5.329990300000645,,train
1157,121881454,True,True,5.262131499941461,,validation
1158,121986183,True,True,5.306438900064677,,train
1159,122090912,True,True,5.173725300002843,,validation
1160,122195641,True,True,5.20897130004596,,train
1161,122300370,True,True,5.1820510000688955,,train
1162,122405099,True,True,5.1258971999632195,,train
1163,122509828,True,True,5.214421899989247,,train
1164,122614557,True,True,6.388237900100648,,train
1165,122719286,True,True,6.395990799996071,,train
1166,122824015,True,True,6.428806100040674,,train
1167,122928744,True,True,6.451117299962789,,train
1168,123033473,True,True,6.379928100039251,,train
1169,123138202,True,True,6.353902400005609,,train
1170,123242931,True,True,5.163592700031586,,train
1171,123347660,True,True,5.059161699959077,,validation
1172,123452389,True,True,5.24176219990477,,train
1173,123557118,True,True,5.197439600015059,,train
1174,123661847,True,True,5.203939900035039,,train
1175,123766576,True,True,5.170792099903338,,train
1176,123871305,True,True,5.284715199959464,,train
1177,123976034,True,True,5.345455499948002,,train
1178,124080763,True,True,5.303119000047445,,train
1179,124185492,True,True,5.375139700016007,,train
1180,124290221,True,True,5.3756505999481305,,train
1181,124394950,True,True,5.474168200045824,,validation
1182,124499679,True,True,5.222452500020154,,train
1183,124604408,True,True,5.222451700014062,,train
1184,124709137,True,True,5.068603800027631,,train
1185,124813866,True,True,5.129856300074607,,train
1186,124918595,True,True,5.129659799975343,,train
1187,125023324,True,True,5.149007199914195,,validation
1188,125128053,True,True,6.391868899925612,,train
1189,125232782,True,True,6.534283900051378,,train
1190,125337511,True,True,6.518252199981362,,validation
1191,125442240,True,True,6.556230599991977,,train
1192,125546969,True,True,6.569526299950667,,train
1193,125651698,True,True,6.438752599991858,,validation
1194,125756427,True,True,5.284287700080313,,validation
1195,125861156,True,True,5.236384499934502,,train
1196,125965885,True,True,5.299505900009535,,train
1197,126070614,True,True,5.169969100039452,,train
1198,126175343,True,True,5.2644574999576434,,validation
1199,126280072,True,True,5.204746600007638,,validation
1200,126384801,True,True,5.350322599988431,,train
1201,126489530,True,True,5.429673000006005,,train
1202,126594259,True,True,5.320794600062072,,train
1203,126698988,True,True,5.363059399998747,,validation
1204,126803717,True,True,5.322618099977262,,validation
1205,126908446,True,True,5.281637400039472,,train
1206,127013175,True,True,5.248625700012781,,validation
1207,127117904,True,True,5.164208899950609,,train
1208,127222633,True,True,5.190668200026266,,validation
1209,127327362,True,True,5.197253699996509,,validation
1210,127432091,True,True,5.1934296999825165,,train
1211,127536820,True,True,5.272155599901453,,train
1212,127641549,True,True,6.485173300025053,,train
1213,127746278,True,True,6.521649300004356,,validation
1214,127851007,True,True,6.55419069994241,,validation
1215,127955736,True,True,6.559022700064816,,train
1216,128060465,True,True,6.572507799952291,,train
1217,128165194,True,True,6.527758899959736,,train
1218,128269923,True,True,5.243769400054589,,train
1219,128374652,True,True,5.283402799977921,,validation
1220,128479381,True,True,5.238868699991144,,train
1221,128584110,True,True,5.212039700010791,,train
1222,128688839,True,True,5.19533290003892,,validation
1223,128793568,True,True,5.248513099970296,,train
1224,128898297,True,True,5.194719100021757,,train
1225,129003026,True,True,5.220982200000435,,train
1226,129107755,True,True,5.355072699952871,,train
1227,129212484,True,True,5.292640700004995,,train
1228,129317213,True,True,5.212460700073279,,validation
1229,129421942,True,True,5.231117599993013,,validation
1230,129526671,True,True,5.134295099996962,,train
1231,129631400,True,True,5.1866271999897435,,train
1232,129736129,True,True,5.129473499953747,,train
1233,129840858,True,True,5.175766499945894,,train
1234,129945587,True,True,5.1900902999332175,,train
1235,130050316,True,True,5.162153299897909,,train
1236,130155045,True,True,5.076971199945547,,train
1237,130259774,True,True,5.11737059999723,,validation
1238,130364503,True,True,6.62856920005288,,train
1239,130469232,True,True,5.095798900001682,,train
1240,130573961,True,True,5.3186255999607965,,train
1241,130678690,True,True,5.185145199997351,,train
1242,130783419,True,True,6.793230699957348,,train
1243,130888148,True,True,6.905282700085081,,validation
1244,130992877,True,True,6.7051564999856055,,train
1245,131097606,True,True,5.450827499968,,train
1246,131202335,True,True,6.6594359000446275,,validation
1247,131307064,True,True,6.468305499991402,,train
1248,131411793,True,True,5.172511299955659,,train
1249,131516522,True,True,5.186451899935491,,train
1250,131621251,True,True,5.2998418000061065,,train
1251,131725980,True,True,5.229932299931534,,train
1252,131830709,True,True,5.150320200016722,,train
1253,131935438,True,True,5.175280999974348,,validation
1254,132040167,True,True,5.276616999995895,,train
1255,132144896,True,True,5.260770299937576,,train
1256,132249625,True,True,5.2280584999825805,,train
1257,132354354,True,True,5.273519299924374,,train
1258,132459083,True,True,5.200470099924132,,train
1259,132563812,True,True,5.245784000027925,,train
1260,132668541,True,True,5.184812400024384,,validation
1261,132773270,True,True,5.212329800007865,,train
1262,132877999,True,True,5.134143400005996,,train
1263,132982728,True,True,5.108785399934277,,validation
1264,133087457,True,True,5.235919200000353,,validation
1265,133192186,True,True,6.204027300002053,,validation
1266,133296915,True,True,6.645771700073965,,train
1267,133401644,True,True,6.6219504999462515,,validation
1268,133506373,True,True,6.685566200059839,,train
1269,133611102,True,True,6.653483200003393,,validation
1270,133715831,True,True,6.593267899937928,,train
1271,133820560,True,True,6.5913104000501335,,train
1272,133925289,True,True,5.34083100000862,,train
1273,134030018,True,True,5.259105599950999,,train
1274,134134747,True,True,5.274528699927032,,train
1275,134239476,True,True,5.193386300001293,,train
1276,134344205,True,True,5.218362899962813,,train
1277,134448934,True,True,5.261327599990182,,train
1278,134553663,True,True,5.256377600017004,,validation
1279,134658392,True,True,5.323938199901022,,train
1280,134763121,True,True,5.409524000016972,,train
1281,134867850,True,True,5.282426699995995,,train
1282,134972579,True,True,5.2916080000577495,,validation
1283,135077308,True,True,5.263368500047363,,train
1284,135182037,True,True,5.219177299994044,,train
1285,135286766,True,True,5.158156999968924,,train
1286,135391495,True,True,5.189559199963696,,validation
1287,135496224,True,True,5.174201799905859,,train
1288,135600953,True,True,5.079035000060685,,train
1289,135705682,True,True,5.109038099995814,,train
1290,135810411,True,True,6.619742600014433,,validation
1291,135915140,True,True,6.530658500036225,,train
1292,136019869,True,True,6.633185200043954,,validation
1293,136124598,True,True,6.767141899908893,,train
1294,136229327,True,True,6.727348400047049,,train
1295,136334056,True,True,6.594060899922624,,validation
1296,136438785,True,True,5.250639099976979,,train
1297,136543514,True,True,5.155564300017431,,validation
1298,136648243,True,True,5.306390199926682,,validation
1299,136752972,True,True,5.202302900026552,,validation
1300,136857701,True,True,5.136349700042047,,validation
1301,136962430,True,True,5.073419299907982,,validation
1302,137067159,True,True,5.141740399994887,,train
1303,137171888,True,True,5.211575800087303,,train
1304,137276617,True,True,5.2359204000094905,,train
1305,137381346,True,True,5.30796789994929,,train
1306,137486075,True,True,5.174919900018722,,train
1307,137590804,True,True,5.162718300009146,,train
1308,137695533,True,True,5.295217999955639,,train
1309,137800262,True,True,5.362083000014536,,train
1310,137904991,True,True,5.329073500004597,,train
1311,138009720,True,True,5.278477500076406,,validation
1312,138114449,True,True,5.333373500034213,,train
1313,138219178,True,True,5.195151100051589,,train
1314,138323907,True,True,5.185100300004706,,train
1315,138428636,True,True,5.084630299941637,,validation
1316,138533365,True,True,6.666459199972451,,train
1317,138638094,True,True,5.136496699997224,,validation
1318,138742823,True,True,5.155678699957207,,train
1319,138847552,True,True,5.208559999940917,,train
1320,138952281,True,True,6.6965157999657094,,train
1321,139057010,True,True,6.655785899958573,,validation
1322,139161739,True,True,6.6996208999771625,,train
1323,139266468,True,True,6.804543900070712,,validation
1324,139371197,True,True,5.305015700054355,,train
1325,139475926,True,True,6.850678599905223,,train
1326,139580655,True,True,5.45608719997108,,train
1327,139685384,True,True,5.405481199966744,,train
1328,139790113,True,True,5.350432900013402,,train
1329,139894842,True,True,5.365620799944736,,validation
1330,139999571,True,True,5.2010382999433205,,train
1331,140104300,True,True,5.157948600011878,,train
1332,140209029,True,True,5.285367000033148,,train
1333,140313758,True,True,5.297304000006989,,train
1334,140418487,True,True,5.166232099989429,,train
1335,140523216,True,True,5.262011700076982,,train
1336,140627945,True,True,5.301756200031377,,train
1337,140732674,True,True,5.192002299940214,,train
1338,140837403,True,True,5.139263899996877,,train
1339,140942132,True,True,5.231132599990815,,train
1340,141046861,True,True,5.145049600047059,,train
1341,141151590,True,True,5.167920899926685,,validation
1342,141256319,True,True,5.146625999943353,,train
1343,141361048,True,True,5.151168299955316,,train
1344,141465777,True,True,6.57130509999115,,validation
1345,141570506,True,True,6.609352000057697,,train
1346,141675235,True,True,6.713232100009918,,train
1347,141779964,True,True,6.75888420001138,,validation
1348,141884693,True,True,6.7535152999917045,,train
1349,141989422,True,True,6.690332900034264,,train
1350,142094151,True,True,5.234388599987142,,train
1351,142198880,True,True,5.0945834999438375,,train
1352,142303609,True,True,5.284346799948253,,train
1353,142408338,True,True,5.2513423000928015,,train
1354,142513067,True,True,5.144684799946845,,train
1355,142617796,True,True,5.258835199987516,,validation
1356,142722525,True,True,5.24212049995549,,train
1357,142827254,True,True,5.211004699929617,,validation
1358,142931983,True,True,5.146283299895003,,train
1359,143036712,True,True,5.1868342000525445,,train
1360,143141441,True,True,5.265716599998996,,train
1361,143246170,True,True,5.218817900051363,,validation
1362,143350899,True,True,5.215693299891427,,train
1363,143455628,True,True,5.2517575999954715,,train
1364,143560357,True,True,5.193616700009443,,train
1365,143665086,True,True,5.290897400001995,,train
1366,143769815,True,True,5.238968599936925,,validation
1367,143874544,True,True,5.210900700069033,,train
1368,143979273,True,True,5.216737600043416,,train
1369,144084002,True,True,5.215214799973182,,train
1370,144188731,True,True,6.630758199957199,,train
1371,144293460,True,True,5.197280499967746,,train
1372,144398189,True,True,5.280969400075264,,train
1373,144502918,True,True,5.27858110005036,,train
1374,144607647,True,True,6.711675000027753,,train
1375,144712376,True,True,6.764680200023577,,train
1376,144817105,True,True,6.969516500015743,,train
1377,144921834,True,True,6.9738432000158355,,train
1378,145026563,True,True,5.357459400082007,,train
1379,145131292,True,True,6.856542399968021,,train
1380,145236021,True,True,5.35947520006448,,train
1381,145340750,True,True,5.3457481999648735,,validation
1382,145445479,True,True,5.391834500012919,,train
1383,145550208,True,True,5.442175399977714,,train
1384,145654937,True,True,5.330568499979563,,train
1385,145759666,True,True,5.366920400061645,,train
1386,145864395,True,True,6.3059017999330536,,train
1387,145969124,True,True,5.429578600102104,,train
1388,146073853,True,True,5.346215500030667,,train
1389,146178582,True,True,5.527106299996376,,train
1390,146283311,True,True,5.4815779000055045,,train
1391,146388040,True,True,5.528377000009641,,train
1392,146492769,True,True,5.348012599977665,,validation
1393,146597498,True,True,5.423141200095415,,train
1394,146702227,True,True,5.4070277999853715,,train
1395,146806956,True,True,5.352893500006758,,train
1396,146911685,True,True,5.301678100018762,,validation
1397,147016414,True,True,5.24752079998143,,train
1398,147121143,True,True,5.363939000060782,,train
1399,147225872,True,True,5.251511099981144,,train
1400,147330601,True,True,6.916344999917783,,train
1401,147435330,True,True,5.267952100024559,,validation
1402,147540059,True,True,5.291216899990104,,validation
1403,147644788,True,True,5.471630799933337,,validation
1404,147749517,True,True,6.929754699929617,,train
1405,147854246,True,True,6.879200699971989,,train
1406,147958975,True,True,6.93991700001061,,train
1407,148063704,True,True,7.076457599992864,,train
1408,148168433,True,True,5.289076399989426,,train
1409,148273162,True,True,6.946785699925385,,train
1410,148377891,True,True,5.2754202000796795,,train
1411,148482620,True,True,5.245690500014462,,validation
1412,148587349,True,True,5.5149775999598205,,validation
1413,148692078,True,True,5.257844099891372,,train
1414,148796807,True,True,5.353579099988565,,train
1415,148901536,True,True,5.227151400060393,,train
1416,149006265,True,True,5.355307599995285,,train
1417,149110994,True,True,5.297411700012162,,validation
1418,149215723,True,True,5.336649000062607,,train
1419,149320452,True,True,5.335430299979635,,validation
1420,149425181,True,True,5.237016199971549,,validation
1421,149529910,True,True,5.352076299954206,,train
1422,149634639,True,True,5.361917299916968,,train
1423,149739368,True,True,5.330308200092986,,validation
1424,149844097,True,True,5.309427800006233,,validation
1425,149948826,True,True,5.419443699996918,,train
1426,150053555,True,True,5.303757900022902,,train
1427,150158284,True,True,5.389638099935837,,train
1428,150263013,True,True,5.205169400083832,,train
1429,150367742,True,True,5.191594900097698,,train
1430,150472471,True,True,6.883633699966595,,train
1431,150577200,True,True,5.215970799908973,,train
1432,150681929,True,True,5.429332199972123,,train
1433,150786658,True,True,5.247701599961147,,train
1434,150891387,True,True,6.959491400048137,,train
1435,150996116,True,True,6.973080699914135,,validation
1436,151100845,True,True,6.818469999940135,,train
1437,151205574,True,True,6.887578300083987,,train
1438,151310303,True,True,5.284409199957736,,train
1439,151415032,True,True,6.931001599994488,,validation
1440,151519761,True,True,5.230808600084856,,train
1441,151624490,True,True,5.3194993999786675,,train
1442,151729219,True,True,5.322719099931419,,train
1443,151833948,True,True,5.257409099955112,,validation
1444,151938677,True,True,5.163170099956915,,train
1445,152043406,True,True,5.148428100044839,,train
1446,152148135,True,True,5.266102299909107,,train
1447,152252864,True,True,5.299317300086841,,train
1448,152357593,True,True,5.232826599967666,,train
1449,152462322,True,True,5.288476999965496,,validation
1450,152567051,True,True,5.252873199991882,,train
1451,152671780,True,True,5.239007299998775,,train
1452,152776509,True,True,5.3540868000127375,,validation
1453,152881238,True,True,5.321815800038166,,train
1454,152985967,True,True,5.252813700004481,,train
1455,153090696,True,True,5.374548500054516,,train
1456,153195425,True,True,5.264187900000252,,train
1457,153300154,True,True,5.314386099926196,,train
1458,153404883,True,True,5.13552420004271,,validation
1459,153509612,True,True,5.196876000030898,,train
1460,153614341,True,True,6.861108099925332,,train
1461,153719070,True,True,5.162620999966748,,validation
1462,153823799,True,True,5.208188399905339,,train
1463,153928528,True,True,5.149797199992463,,validation
1464,154033257,True,True,6.822586499969475,,train
1465,154137986,True,True,6.905291700037196,,train
1466,154242715,True,True,6.710593100055121,,train
1467,154347444,True,True,6.709364699898288,,validation
1468,154452173,True,True,5.212394500034861,,train
1469,154556902,True,True,6.7283317000838,,validation
1470,154661631,True,True,5.229788500000723,,train
1471,154766360,True,True,5.191579399979673,,train
1472,154871089,True,True,5.302696500089951,,train
1473,154975818,True,True,5.275268799974583,,train
1474,155080547,True,True,5.515201200032607,,validation
1475,155185276,True,True,5.299372099922039,,train
1476,155290005,True,True,5.246302200015634,,validation
1477,155394734,True,True,5.373810700024478,,train
1478,155499463,True,True,5.259707999997772,,train
1479,155604192,True,True,5.328010999946855,,train
1480,155708921,True,True,5.3522716000443324,,train
1481,155813650,True,True,5.273770299972966,,train
1482,155918379,True,True,5.145870200009085,,train
1483,156023108,True,True,5.202616299968213,,train
1484,156127837,True,True,5.070876899990253,,train
1485,156232566,True,True,5.11742039991077,,validation
1486,156337295,True,True,5.164190200041048,,train
1487,156442024,True,True,5.066811500000767,,train
1488,156546753,True,True,6.59735479997471,,validation
1489,156651482,True,True,6.588707700022496,,train
1490,156756211,True,True,6.923590600024909,,train
1491,156860940,True,True,6.874748600064777,,train
1492,156965669,True,True,6.8629873000318184,,train
1493,157070398,True,True,6.8212913000024855,,train
1494,157175127,True,True,5.240940399933606,,train
1495,157279856,True,True,5.14883550000377,,train
1496,157384585,True,True,5.1090254000155255,,train
1497,157489314,True,True,5.142126600025222,,validation
1498,157594043,True,True,5.223126500030048,,train
1499,157698772,True,True,5.29599989997223,,train
1500,157803501,True,True,5.264899900066666,,train
1501,157908230,True,True,5.34855019999668,,train
1502,158012959,True,True,5.259842399973422,,train
1503,158117688,True,True,5.27567249990534,,train
1504,158222417,True,True,5.263433799962513,,train
1505,158327146,True,True,5.31866209988948,,train
1506,158431875,True,True,5.239729600027204,,train
1507,158536604,True,True,5.27756610000506,,train
1508,158641333,True,True,5.239648999995552,,validation
1509,158746062,True,True,5.262520300108008,,train
1510,158850791,True,True,5.152192399953492,,train
1511,158955520,True,True,5.277672700001858,,train
1512,159060249,True,True,5.105709399911575,,validation
1513,159164978,True,True,5.20373860001564,,train
1514,159269707,True,True,5.119905599975027,,train
1515,159374436,True,True,5.0432472000829875,,train
1516,159479165,True,True,5.130668199970387,,train
1517,159583894,True,True,5.126120999921113,,train
1518,159688623,True,True,5.0464598999824375,,train
1519,159793352,True,True,5.082754299975932,,train
1520,159898081,True,True,6.899679100024514,,train
1521,160002810,True,True,5.072179100010544,,train
1522,160107539,True,True,5.210794800077565,,train
1523,160212268,True,True,5.182980800047517,,train
1524,160316997,True,True,6.953752600005828,,train
1525,160421726,True,True,7.059825800010003,,train
1526,160526455,True,True,6.982722699991427,,validation
1527,160631184,True,True,6.8194779000477865,,train
1528,160735913,True,True,5.214907499961555,,validation
1529,160840642,True,True,6.855272899963893,,train
1530,160945371,True,True,5.319655600003898,,train
1531,161050100,True,True,5.25786670006346,,validation
1532,161154829,True,True,5.217304299934767,,train
1533,161259558,True,True,5.290903899935074,,train
1534,161364287,True,True,5.328354500001296,,train
1535,161469016,True,True,5.20411650009919,,validation
1536,161573745,True,True,5.323263900005259,,validation
1537,161678474,True,True,5.247471499955282,,train
1538,161783203,True,True,5.2242803000845015,,train
1539,161887932,True,True,5.3193439999595284,,train
1540,161992661,True,True,5.241781600052491,,train
1541,162097390,True,True,5.2756050999742,,train
1542,162202119,True,True,5.241095100063831,,train
1543,162306848,True,True,5.151069200015627,,train
1544,162411577,True,True,5.156869599944912,,validation
1545,162516306,True,True,5.115112900035456,,train
1546,162621035,True,True,5.00778830004856,,train
1547,162725764,True,True,5.1583885999862105,,validation
1548,162830493,True,True,4.937186500057578,,train
1549,162935222,True,True,5.114442500052974,,train
1550,163039951,True,True,6.915852100006305,,train
1551,163144680,True,True,4.971811900031753,,train
1552,163249409,True,True,5.109736499958672,,train
1553,163354138,True,True,5.110627799993381,,train
1554,163458867,True,True,6.906446699984372,,train
1555,163563596,True,True,7.1262120000319555,,train
1556,163668325,True,True,7.0315966999623924,,train
1557,163773054,True,True,6.971345399972051,,train
1558,163877783,True,True,5.3604649000335485,,validation
1559,163982512,True,True,6.971155400038697,,train
1560,164087241,True,True,5.2269930999027565,,train
1561,164191970,True,True,5.249797800090164,,train
1562,164296699,True,True,5.239691500086337,,train
1563,164401428,True,True,5.34538590000011,,train
1564,164506157,True,True,5.327727500000037,,train
1565,164610886,True,True,5.3048571000108495,,train
1566,164715615,True,True,5.5534401999320835,,validation
1567,164820344,True,True,5.449883900000714,,train
1568,164925073,True,True,5.263127200072631,,train
1569,165029802,True,True,5.417526199948043,,train
1570,165134531,True,True,5.346907499944791,,validation
1571,165239260,True,True,5.311251600040123,,validation
1572,165343989,True,True,5.118303199997172,,train
1573,165448718,True,True,5.047437300090678,,train
1574,165553447,True,True,5.1331902999663725,,validation
1575,165658176,True,True,5.06858020008076,,validation
1576,165762905,True,True,5.045652500004508,,validation
1577,165867634,True,True,5.087834400008433,,train
1578,165972363,True,True,5.154470099951141,,train
1579,166077092,True,True,5.051768900011666,,train
1580,166181821,True,True,7.068309900001623,,train
1581,166286550,True,True,5.1513960000593215,,train
1582,166391279,True,True,5.284925200045109,,validation
1583,166496008,True,True,5.536515300045721,,validation
1584,166600737,True,True,7.106755599961616,,train
1585,166705466,True,True,7.209444500040263,,train
1586,166810195,True,True,7.0142432999564335,,train
1587,166914924,True,True,6.982458000071347,,train
1588,167019653,True,True,5.231476200046018,,train
1589,167124382,True,True,6.872536799986847,,train
1590,167229111,True,True,5.204119300004095,,train
1591,167333840,True,True,5.218802900053561,,train
1592,167438569,True,True,5.410480199963786,,train
1593,167543298,True,True,5.249841600074433,,train
1594,167648027,True,True,5.179723900044337,,train
1595,167752756,True,True,5.130319599993527,,validation
1596,167857485,True,True,5.3577191000804305,,train
1597,167962214,True,True,5.254245100077242,,train
1598,168066943,True,True,5.280174999963492,,validation
1599,168171672,True,True,5.251269900007173,,train
1600,168276401,True,True,5.290168400038965,,train
1601,168381130,True,True,5.297993899905123,,validation
1602,168485859,True,True,5.245576399960555,,train
1603,168590588,True,True,5.137343799928203,,train
1604,168695317,True,True,5.198217400000431,,train
1605,168800046,True,True,5.267868400085717,,train
1606,168904775,True,True,5.157265699934214,,validation
1607,169009504,True,True,5.252786400029436,,validation
1608,169114233,True,True,5.110086600063369,,train
1609,169218962,True,True,5.07364780001808,,train
1610,169323691,True,True,5.081178299966268,,train
1611,169428420,True,True,5.133278000052087,,validation
1612,169533149,True,True,5.174628000007942,,train
1613,169637878,True,True,5.160213900031522,,train
1614,169742607,True,True,6.857015599962324,,train
1615,169847336,True,True,6.9775647999485955,,train
1616,169952065,True,True,7.0219032999593765,,train
1617,170056794,True,True,6.95109769992996,,validation
1618,170161523,True,True,7.009554699994624,,train
1619,170266252,True,True,6.918323199963197,,validation
1620,170370981,True,True,5.210419600014575,,train
1621,170475710,True,True,5.213583400007337,,train
1622,170580439,True,True,5.255984300049022,,train
1623,170685168,True,True,5.259647099999711,,train
1624,170789897,True,True,5.211195799987763,,train
1625,170894626,True,True,5.104460999951698,,train
1626,170999355,True,True,5.2450664000352845,,train
1627,171104084,True,True,5.201166999991983,,train
1628,171208813,True,True,5.316195300081745,,validation
1629,171313542,True,True,5.221751400036737,,train
1630,171418271,True,True,5.256212699925527,,train
1631,171523000,True,True,5.229126099962741,,train
1632,171627729,True,True,5.215019700000994,,validation
1633,171732458,True,True,5.292972499970347,,train
1634,171837187,True,True,5.273988600005396,,train
1635,171941916,True,True,5.323344400036149,,train
1636,172046645,True,True,5.219233400071971,,train
1637,172151374,True,True,5.19301709998399,,train
1638,172256103,True,True,5.078506299993023,,train
1639,172360832,True,True,5.021152200060897,,train
1640,172465561,True,True,5.142039999947883,,train
1641,172570290,True,True,5.093879299936816,,train
1642,172675019,True,True,5.150355799938552,,train
1643,172779748,True,True,5.100791599950753,,train
1644,172884477,True,True,6.855789899942465,,train
1645,172989206,True,True,6.840421800035983,,train
1646,173093935,True,True,6.854699999908917,,validation
1647,173198664,True,True,6.953946000081487,,train
1648,173303393,True,True,6.996115699992515,,train
1649,173408122,True,True,6.981110599939711,,train
1650,173512851,True,True,5.134176600025967,,train
1651,173617580,True,True,5.118375399964862,,train
1652,173722309,True,True,5.19752430007793,,train
1653,173827038,True,True,5.195209899917245,,train
1654,173931767,True,True,5.161115900031291,,train
1655,174036496,True,True,5.124658799963072,,validation
1656,174141225,True,True,5.193969800020568,,train
1657,174245954,True,True,5.155472000013106,,train
1658,174350683,True,True,5.347040900029242,,train
1659,174455412,True,True,5.204493699944578,,validation
1660,174560141,True,True,5.233883799985051,,train
1661,174664870,True,True,5.233252000063658,,train
1662,174769599,True,True,5.312875499948859,,train
1663,174874328,True,True,5.403600899968296,,train
1664,174979057,True,True,5.148306499933824,,train
1665,175083786,True,True,5.341741499956697,,train
1666,175188515,True,True,5.2868472000118345,,train
1667,175293244,True,True,5.263241000007838,,validation
1668,175397973,True,True,5.204557799967006,,train
1669,175502702,True,True,5.252414499991573,,train
1670,175607431,True,True,5.201181099982932,,train
1671,175712160,True,True,5.224732399918139,,train
1672,175816889,True,True,5.236877599963918,,train
1673,175921618,True,True,5.218691999907605,,train
1674,176026347,True,True,5.085564199951477,,train
1675,176131076,True,True,5.109985499992035,,train
1676,176235805,True,True,5.023502699914388,,train
1677,176340534,True,True,5.0676790999714285,,validation
1678,176445263,True,True,5.056960599962622,,validation
1679,176549992,True,True,5.1262142999330536,,validation
1680,176654721,True,True,6.975923400023021,,train
1681,176759450,True,True,7.048690199968405,,train
1682,176864179,True,True,7.028007599990815,,validation
1683,176968908,True,True,7.065942400018685,,validation
1684,177073637,True,True,7.041808299953118,,train
1685,177178366,True,True,7.025365899899043,,train
1686,177283095,True,True,5.2145569999702275,,train
1687,177387824,True,True,5.109876799979247,,train
1688,177492553,True,True,5.113167400006205,,validation
1689,177597282,True,True,5.1299518999876454,,train
1690,177702011,True,True,5.166511100018397,,train
1691,177806740,True,True,5.280639300006442,,validation
1692,177911469,True,True,5.134056199924089,,validation
1693,178016198,True,True,5.239606300019659,,train
1694,178120927,True,True,5.2674452000064775,,train
1695,178225656,True,True,5.20933890005108,,train
1696,178330385,True,True,5.238979800022207,,train
1697,178435114,True,True,5.20601429999806,,train
1698,178539843,True,True,5.176856399979442,,train
1699,178644572,True,True,5.280630900058895,,train
1700,178749301,True,True,5.245026999968104,,train
1701,178854030,True,True,5.23496370005887,,train
1702,178958759,True,True,5.221923800068907,,validation
1703,179063488,True,True,5.220796199981123,,train
1704,179168217,True,True,5.206108999904245,,train
1705,179272946,True,True,5.2513747999910265,,train
1706,179377675,True,True,5.104721700074151,,train
1707,179482404,True,True,5.115801800042391,,train
1708,179587133,True,True,5.178065999993123,,train
1709,179691862,True,True,5.096863299957477,,train
1710,179796591,True,True,5.08133769989945,,train
1711,179901320,True,True,5.097673199954443,,train
1712,180006049,True,True,7.056278299889527,,train
1713,180110778,True,True,5.155302600003779,,train
1714,180215507,True,True,5.183037500013597,,train
1715,180320236,True,True,5.189732400001958,,train
1716,180424965,True,True,7.166332600056194,,train
1717,180529694,True,True,7.241811499930918,,train
1718,180634423,True,True,7.172423799987882,,train
1719,180739152,True,True,7.119137699948624,,validation
1720,180843881,True,True,5.229560900013894,,train
1721,180948610,True,True,7.185779600054957,,train
1722,181053339,True,True,5.264541800017469,,train
1723,181158068,True,True,5.281398699968122,,validation
1724,181262797,True,True,5.3403950000647455,,validation
1725,181367526,True,True,5.279569500009529,,train
1726,181472255,True,True,5.275117799988948,,train
1727,181576984,True,True,5.2532326999353245,,train
1728,181681713,True,True,5.320247000083327,,train
1729,181786442,True,True,5.371049099951051,,validation
1730,181891171,True,True,5.2471554999938235,,train
1731,181995900,True,True,5.351781699922867,,train
1732,182100629,True,True,5.345091099967249,,validation
1733,182205358,True,True,5.337987400009297,,train
1734,182310087,True,True,5.2958912999602035,,train
1735,182414816,True,True,5.269387400010601,,train
1736,182519545,True,True,5.264766999986023,,train
1737,182624274,True,True,5.415293300058693,,train
1738,182729003,True,True,5.209809300024062,,train
1739,182833732,True,True,5.296597799984738,,train
1740,182938461,True,True,5.096618000068702,,train
1741,183043190,True,True,5.118406699970365,,train
1742,183147919,True,True,5.063016399974003,,train
1743,183252648,True,True,5.120950400014408,,train
1744,183357377,True,True,5.218966199900024,,train
1745,183462106,True,True,5.194577899994329,,train
1746,183566835,True,True,7.014370799995959,,train
1747,183671564,True,True,7.085215999977663,,train
1748,183776293,True,True,7.141418399987742,,train
1749,183881022,True,True,7.207139800069854,,train
1750,183985751,True,True,7.157425099983811,,validation
1751,184090480,True,True,7.136585899977945,,train
1752,184195209,True,True,5.1273505999706686,,train
1753,184299938,True,True,5.158259600051679,,train
1754,184404667,True,True,5.093244799994864,,train
1755,184509396,True,True,5.067895899992436,,validation
1756,184614125,True,True,5.167228000005707,,validation
1757,184718854,True,True,5.123511399957351,,validation
1758,184823583,True,True,5.243400800041854,,train
1759,184928312,True,True,5.336514099966735,,train
1760,185033041,True,True,5.277469900087453,,train
1761,185137770,True,True,5.313053300022148,,train
1762,185242499,True,True,5.345356100006029,,train
1763,185347228,True,True,5.302996199927293,,train
1764,185451957,True,True,5.334410700015724,,train
1765,185556686,True,True,5.224900000030175,,train
1766,185661415,True,True,5.239903900073841,,train
1767,185766144,True,True,5.291682499926537,,train
1768,185870873,True,True,5.271991700050421,,train
1769,185975602,True,True,5.261127199977636,,train
1770,186080331,True,True,5.13424730009865,,train
1771,186185060,True,True,5.191981099895202,,train
1772,186289789,True,True,5.090957600041293,,validation
1773,186394518,True,True,5.109610799932852,,train
1774,186499247,True,True,5.114503500051796,,train
1775,186603976,True,True,5.1649623000994325,,train
1776,186708705,True,True,5.057915100012906,,train
1777,186813434,True,True,5.00511909998022,,train
1778,186918163,True,True,4.967598399962299,,train
1779,187022892,True,True,5.051641499972902,,train
1780,187127621,True,True,5.028064100071788,,validation
1781,187232350,True,True,5.07208830001764,,train
1782,187337079,True,True,7.232224299921654,,validation
1783,187441808,True,True,7.142674500006251,,train
1784,187546537,True,True,7.07120110001415,,train
1785,187651266,True,True,7.091458100010641,,train
1786,187755995,True,True,7.2534860000014305,,train
1787,187860724,True,True,7.181581700104289,,validation
1788,187965453,True,True,5.28306970000267,,train
1789,188070182,True,True,5.286656999960542,,train
1790,188174911,True,True,5.185040600015782,,train
1791,188279640,True,True,5.216924100066535,,train
1792,188384369,True,True,6.31214550009463,,train
1793,188489098,True,True,5.17791169998236,,train
1794,188593827,True,True,5.5416393000632524,,train
1795,188698556,True,True,5.292478200048208,,train
1796,188803285,True,True,5.418027900042944,,train
1797,188908014,True,True,5.457869500038214,,train
1798,189012743,True,True,5.416505999979563,,train
1799,189117472,True,True,5.407236099941656,,train
1800,189222201,True,True,5.366823100019246,,validation
1801,189326930,True,True,5.338111700024456,,train
1802,189431659,True,True,5.273068299982697,,train
1803,189536388,True,True,5.291469100047834,,validation
1804,189641117,True,True,5.296848800033331,,validation
1805,189745846,True,True,5.179308700026013,,train
1806,189850575,True,True,5.181293200002983,,train
1807,189955304,True,True,5.174429500009865,,train
1808,190060033,True,True,5.180395300034434,,train
1809,190164762,True,True,5.096027499996126,,validation
1810,190269491,True,True,5.172948899911717,,train
1811,190374220,True,True,5.288636700017378,,train
1812,190478949,True,True,5.169880200061016,,train
1813,190583678,True,True,5.238655299996026,,train
1814,190688407,True,True,5.068100199918263,,train
1815,190793136,True,True,5.064146399963647,,train
1816,190897865,True,True,5.220165500068106,,validation
1817,191002594,True,True,5.146931900060736,,train
1818,191107323,True,True,7.272261600010097,,train
1819,191212052,True,True,7.202627500053495,,train
1820,191316781,True,True,7.247241800068878,,train
1821,191421510,True,True,7.185778900049627,,validation
1822,191526239,True,True,7.287544000078924,,train
1823,191630968,True,True,7.201871099998243,,train
1824,191735697,True,True,5.295286700013094,,validation
1825,191840426,True,True,5.214090299909003,,train
1826,191945155,True,True,5.266463599982671,,train
1827,192049884,True,True,5.224195100017823,,validation
1828,192154613,True,True,5.246957900002599,,train
1829,192259342,True,True,5.242662999895401,,train
1830,192364071,True,True,5.353679199935868,,train
1831,192468800,True,True,5.349520699935965,,train
1832,192573529,True,True,5.304390000062995,,train
1833,192678258,True,True,5.317644200054929,,validation
1834,192782987,True,True,5.2918213999364525,,validation
1835,192887716,True,True,5.247833699919283,,train
1836,192992445,True,True,5.200809699948877,,train
1837,193097174,True,True,5.2753325999947265,,train
1838,193201903,True,True,5.218244699994102,,train
1839,193306632,True,True,5.251073399907909,,train
1840,193411361,True,True,5.205482300021686,,train
1841,193516090,True,True,5.227480300003663,,train
1842,193620819,True,True,5.186759599950165,,train
1843,193725548,True,True,5.237471100059338,,train
1844,193830277,True,True,5.136223100009374,,train
1845,193935006,True,True,5.087078999960795,,train
1846,194039735,True,True,5.235475099994801,,train
1847,194144464,True,True,5.081624799990095,,train
1848,194249193,True,True,5.192328799981624,,train
1849,194353922,True,True,5.095882399939001,,train
1850,194458651,True,True,5.130586400046013,,train
1851,194563380,True,True,5.173882499919273,,train
1852,194668109,True,True,5.175184600055218,,train
1853,194772838,True,True,5.091268899966963,,train
1854,194877567,True,True,7.201228799996898,,train
1855,194982296,True,True,7.187569300062023,,train
1856,195087025,True,True,7.388427300029434,,validation
1857,195191754,True,True,7.394525300012901,,train
1858,195296483,True,True,7.339784000068903,,train
1859,195401212,True,True,7.34705599991139,,validation
1860,195505941,True,True,5.283681400003843,,validation
1861,195610670,True,True,5.200843999977224,,train
1862,195715399,True,True,5.168067199992947,,train
1863,195820128,True,True,5.134720399975777,,train
1864,195924857,True,True,5.249839999945834,,train
1865,196029586,True,True,5.121831899974495,,train
1866,196134315,True,True,5.328270999947563,,validation
1867,196239044,True,True,5.2501423000358045,,train
1868,196343773,True,True,5.2752145999111235,,validation
1869,196448502,True,True,5.180252499994822,,train
1870,196553231,True,True,5.289306599996053,,train
1871,196657960,True,True,5.239797200076282,,train
1872,196762689,True,True,5.305200299946591,,train
1873,196867418,True,True,5.293994100065902,,train
1874,196972147,True,True,5.248163199983537,,validation
1875,197076876,True,True,5.30884299997706,,validation
1876,197181605,True,True,5.324100899975747,,train
1877,197286334,True,True,5.261666900012642,,train
1878,197391063,True,True,5.272959899972193,,train
1879,197495792,True,True,5.11069130001124,,train
1880,197600521,True,True,5.207229599938728,,train
1881,197705250,True,True,5.27221379999537,,train
1882,197809979,True,True,5.14521240000613,,validation
1883,197914708,True,True,5.081994300009683,,train
1884,198019437,True,True,5.148869500029832,,train
1885,198124166,True,True,5.175226699910127,,train
1886,198228895,True,True,5.037828800035641,,train
1887,198333624,True,True,5.122929600067437,,train
1888,198438353,True,True,5.166367899975739,,train
1889,198543082,True,True,5.16537740000058,,train
1890,198647811,True,True,7.3171164999948815,,train
1891,198752540,True,True,7.2962284999666736,,train
1892,198857269,True,True,7.330542600015178,,validation
1893,198961998,True,True,7.4412415999686345,,train
1894,199066727,True,True,7.3857328000012785,,train
1895,199171456,True,True,7.394209400052205,,validation
1896,199276185,True,True,5.401262099971063,,train
1897,199380914,True,True,5.274235900025815,,train
1898,199485643,True,True,5.250742900068872,,train
1899,199590372,True,True,5.204375099972822,,train
1900,199695101,True,True,5.199139200034551,,train
1901,199799830,True,True,5.124775500036776,,train
1902,199904559,True,True,5.25985740008764,,train
1903,200009288,True,True,5.196160399937071,,train
1904,200114017,True,True,5.315444100066088,,train
1905,200218746,True,True,5.228889400023036,,train
1906,200323475,True,True,5.206750800018199,,train
1907,200428204,True,True,5.245378499967046,,train
1908,200532933,True,True,5.3517625000094995,,train
1909,200637662,True,True,5.288527400000021,,validation
1910,200742391,True,True,5.239243100048043,,train
1911,200847120,True,True,5.2058605999918655,,train
1912,200951849,True,True,5.295966100064106,,validation
1913,201056578,True,True,5.235327299917117,,validation
1914,201161307,True,True,5.204760700115003,,train
1915,201266036,True,True,5.2032512000296265,,validation
1916,201370765,True,True,5.113136500003748,,train
1917,201475494,True,True,5.159005799912848,,validation
1918,201580223,True,True,5.207713400013745,,train
1919,201684952,True,True,5.102755400002934,,train
1920,201789681,True,True,5.3253764000255615,,train
1921,201894410,True,True,5.231295599951409,,train
1922,201999139,True,True,5.131468800012954,,validation
1923,202103868,True,True,5.1756519000045955,,train
1924,202208597,True,True,5.138395100017078,,train
1925,202313326,True,True,5.169562100083567,,train
1926,202418055,True,True,5.227772900019772,,train
1927,202522784,True,True,5.117957000038587,,train
1928,202627513,True,True,7.498559899977408,,validation
1929,202732242,True,True,5.209083200083114,,train
1930,202836971,True,True,5.282677099923603,,train
1931,202941700,True,True,5.3587557000573725,,train
1932,203046429,True,True,7.425726500106975,,validation
1933,203151158,True,True,7.475001299986616,,train
1934,203255887,True,True,7.3946223999373615,,train
1935,203360616,True,True,5.247172899893485,,train
1936,203465345,True,True,7.346017000032589,,validation
1937,203570074,True,True,7.375075799995102,,train
1938,203674803,True,True,5.244702900061384,,validation
1939,203779532,True,True,5.331501199980266,,train
1940,203884261,True,True,5.29124839999713,,validation
1941,203988990,True,True,5.25163660000544,,train
1942,204093719,True,True,5.176157200010493,,train
1943,204198448,True,True,5.139473399962299,,train
1944,204303177,True,True,5.362991799949668,,train
1945,204407906,True,True,5.280692999949679,,train
1946,204512635,True,True,5.348392999963835,,train
1947,204617364,True,True,5.282614600029774,,train
1948,204722093,True,True,5.255574299953878,,train
1949,204826822,True,True,5.256059600040317,,validation
1950,204931551,True,True,5.291985600022599,,train
1951,205036280,True,True,5.365171800018288,,train
1952,205141009,True,True,5.203281000023708,,validation
1953,205245738,True,True,5.3082188999978825,,train
1954,205350467,True,True,5.357521599973552,,train
1955,205455196,True,True,5.368872600025497,,train
1956,205559925,True,True,5.2901211000280455,,train
1957,205664654,True,True,5.399743000045419,,train
1958,205769383,True,True,5.248716500005685,,train
1959,205874112,True,True,5.298265399993397,,train
1960,205978841,True,True,5.181882600067183,,train
1961,206083570,True,True,5.182954999967478,,train
1962,206188299,True,True,5.186942900065333,,validation
1963,206293028,True,True,5.191642099991441,,train
1964,206397757,True,True,7.457628799951635,,validation
1965,206502486,True,True,5.2327052999753505,,train
1966,206607215,True,True,5.29248629999347,,train
1967,206711944,True,True,5.2947558999294415,,train
1968,206816673,True,True,7.57080759992823,,validation
1969,206921402,True,True,7.440345700015314,,train
1970,207026131,True,True,7.534761099959724,,train
1971,207130860,True,True,5.372886599972844,,train
1972,207235589,True,True,7.572923099971376,,train
1973,207340318,True,True,7.676930099958554,,train
1974,207445047,True,True,5.257451899931766,,train
1975,207549776,True,True,5.28423119999934,,train
1976,207654505,True,True,5.342473599943332,,train
1977,207759234,True,True,5.18198430002667,,train
1978,207863963,True,True,5.315577200031839,,train
1979,207968692,True,True,5.221685800002888,,train
1980,208073421,True,True,5.370326100033708,,train
1981,208178150,True,True,5.3710473999381065,,train
1982,208282879,True,True,5.569420199957676,,train
1983,208387608,True,True,5.337025600019842,,validation
1984,208492337,True,True,5.222646600101143,,train
1985,208597066,True,True,5.233171699917875,,train
1986,208701795,True,True,5.176781199988909,,train
1987,208806524,True,True,5.18992909998633,,validation
1988,208911253,True,True,5.254839200060815,,train
1989,209015982,True,True,5.302366900024936,,train
1990,209120711,True,True,5.222142899991013,,train
1991,209225440,True,True,5.264164400054142,,train
1992,209330169,True,True,5.246800700086169,,train
1993,209434898,True,True,5.152591199963354,,train
1994,209539627,True,True,5.328781699994579,,train
1995,209644356,True,True,5.299889700021595,,train
1996,209749085,True,True,5.285299599985592,,train
1997,209853814,True,True,5.278803899884224,,train
1998,209958543,True,True,5.276287699933164,,train
1999,210063272,True,True,5.257113099913113,,validation
2000,210168001,True,True,5.187513699987903,,train
2001,210272730,True,True,5.1569075000006706,,validation
2002,210377459,True,True,5.143098899978213,,train
2003,210482188,True,True,5.1063708999427035,,train
2004,210586917,True,True,5.130374300060794,,train
2005,210691646,True,True,5.1282820999622345,,train
2006,210796375,True,True,7.636195100028999,,train
2007,210901104,True,True,5.061362500069663,,train
2008,211005833,True,True,5.14483340003062,,validation
2009,211110562,True,True,5.213369600009173,,train
2010,211215291,True,True,7.659144899924286,,train
2011,211320020,True,True,7.557411200017668,,validation
2012,211424749,True,True,7.53401559998747,,train
2013,211529478,True,True,7.408172799972817,,train
2014,211634207,True,True,5.204409400001168,,train
2015,211738936,True,True,7.589249599957839,,train
2016,211843665,True,True,5.326878299936652,,train
2017,211948394,True,True,5.329615499940701,,train
2018,212053123,True,True,5.592291800072417,,train
2019,212157852,True,True,5.306740700034425,,validation
2020,212262581,True,True,5.299669000087306,,validation
2021,212367310,True,True,5.380542099941522,,train
2022,212472039,True,True,5.353233300033025,,validation
2023,212576768,True,True,5.4207367999479175,,validation
2024,212681497,True,True,5.3357717000180855,,train
2025,212786226,True,True,5.509237400023267,,validation
2026,212890955,True,True,5.526061699958518,,validation
2027,212995684,True,True,5.428797099972144,,train
2028,213100413,True,True,5.462595199933276,,validation
2029,213205142,True,True,5.3343093999428675,,train
2030,213309871,True,True,5.336463600047864,,train
2031,213414600,True,True,5.324671900016256,,train
2032,213519329,True,True,5.2300142999738455,,train
2033,213624058,True,True,5.3880595999071375,,train
2034,213728787,True,True,5.276165000046603,,train
2035,213833516,True,True,5.373010599985719,,train
2036,213938245,True,True,5.246198500040919,,train
2037,214042974,True,True,5.227552899974398,,train
2038,214147703,True,True,5.34616009995807,,train
2039,214252432,True,True,5.2619156000437215,,train
2040,214357161,True,True,5.181617500027642,,validation
2041,214461890,True,True,5.14421769999899,,train
2042,214566619,True,True,5.224649599986151,,train
2043,214671348,True,True,7.4651861999882385,,train
2044,214776077,True,True,5.042632699944079,,train
2045,214880806,True,True,5.165233200066723,,train
2046,214985535,True,True,7.181605799938552,,train
2047,215090264,True,True,7.2261230000294745,,train
