sample_id_a,sample_id_b,theta_rms_distance,x_distance,x_to_noise_ratio,delta_mue_prior_width,delta_mui_prior_width,delta_b_prior_width,delta_tauA_prior_width,delta_g_LK_prior_width,delta_g_h_prior_width,delta_c_th2ctx_prior_width,delta_c_ctx2th_prior_width
629,1767,0.4201035822526262,0.1692445979063198,0.07343061174149652,0.48218280635774136,0.011208639480173449,-0.0018966076895595152,0.6634945143014193,0.5705020679160953,0.035549494437873363,0.11581683997064829,-0.6315788011997938
708,2036,0.29574007896935833,0.17720365175967648,0.07688382797743804,-0.08634918555617332,0.008534416556358115,-0.07118318136781471,-0.07594682835042488,-0.1038006581366061,0.5535374181345105,0.09757586289197206,0.5955117726698518
582,1874,0.2699545163348138,0.18805777284274483,0.08159313486761809,0.2987795416265727,0.011752053163946008,0.021956937387585695,0.2804868137463927,0.3666762439534068,-0.05025460384786129,0.44482779782265425,-0.28212139103561634
311,365,0.3029592832384171,0.21981260407704778,0.0953706894373275,-0.3171968199312688,0.01910802070051451,-0.09381892532110181,-0.39744396321475517,-0.24863772280514224,0.06877807527780544,0.05573919788002968,-0.6299793533980848
302,532,0.4157026012721024,0.23103859557501524,0.10024134075085937,0.5296131344512102,0.026171782054007053,0.06407497730106104,0.5765487449243665,-0.6227999879047275,-0.02804910112172354,-0.5687195612117649,0.22950296942144627
277,1745,0.33169203305562917,0.24972282721998734,0.10834791890214285,-0.21649336069822278,0.054174197837710686,-0.05968395527452203,-0.10591692011803416,0.04925628472119581,0.8195598078891634,0.31568173971027136,-0.20448136795312166
1604,1916,0.3416281186583864,0.27767965146013174,0.120477621898274,-0.14957768935710203,-0.08302132040262233,-0.1830722047016024,-0.047056037932634465,0.10094411019235827,-0.08725730609148719,0.3223390243947507,-0.8642779914662242
1460,1854,0.5563810756324141,0.27966896984946377,0.12134073285179535,-0.6705780122429129,0.024397226050496323,-0.03565842751413584,-0.646228667348623,-0.5983032211661337,0.6983915036544202,-0.2690923009067774,0.830179497599602
831,1755,0.3412177225297698,0.2861437472415896,0.12414996204241908,-0.24399398174136855,-0.02404897008091217,0.15830291900783777,-0.5315081728622317,0.2849576361477374,-0.43726516049355263,0.30785982124507427,-0.44337880052626116
1026,1412,0.38034191389654376,0.2883949591798055,0.12512670145879004,0.3327286243438724,-0.022968403995036635,-0.027934786863624717,0.5699651138857006,0.5765205230563878,-0.11048544663935922,0.5940866526216267,0.1512660076841713
11,211,0.2872559593676959,0.2911680827690388,0.12632988409570287,-0.10608748905360693,-0.05986658483743651,-0.07513501401990663,-0.16267912462353706,-0.5418303869664668,-0.2925088871270419,-0.4673071764409542,-0.12514768820255995
339,689,0.2814712470353393,0.29627890754586844,0.12854733147369202,-0.48013011272996664,0.03429029043763898,-0.1099054738879201,-0.5468145636841654,0.11675211694091547,-0.24139622692018747,-0.09091434720903635,-0.10418138094246399
723,1133,0.3049487432974675,0.30777032660984416,0.1335331445636478,-0.07969939708709739,-0.07762448210269211,0.05346948280930519,-0.14194567035883687,-0.2343741059303287,-0.36149337235838164,-0.3188133193179965,0.6490871766582131
159,349,0.4011670524810688,0.3141764361762067,0.13631258065886329,-0.550171509385109,-0.05454719625413424,-0.16166557371616352,-0.7451088773086667,-0.25131151266396023,0.015517772175371647,-0.3101315014064312,-0.4908290160819888
159,1529,0.5385324634727431,0.3155677322331685,0.1369162260445363,-0.8050038227811454,-0.08897549286484727,-0.2031269669532776,-0.9200361957773564,-0.29169687069952477,0.7914424305781722,0.15620972029864788,-0.20147727522999043
156,612,0.3101291816118137,0.3242867616034513,0.14069917491482362,0.11456748936325345,-0.04800583887845267,-0.14361488912254505,0.3394961226731539,0.37388214934617264,-0.0440915133804084,0.6288998210802674,0.28439557366073137
602,1822,0.31784408914543,0.33358772930006897,0.14473461094173048,-0.21381644345819895,0.061585662886500914,-0.2236100696027281,-0.005365302786231041,-0.6199850784614682,-0.4224763521924615,-0.36431088484823704,-0.1143163088709116
474,1682,0.2851994084264094,0.3372894670524457,0.14634069391883134,0.2216132748872044,0.052479264326393604,-0.03711233939975478,0.268431156873703,-0.02555500064045202,0.2832816923037172,0.08934533875435591,-0.6607013903558255
826,1372,0.3115810734438054,0.3392920837701973,0.147209574654095,0.3057957384735346,0.003298272378742806,-0.0021400107070805863,0.29217397887259733,-0.4151354692876338,0.05537269357591845,-0.6485028667375445,-0.042549213394522556
867,1655,0.36149337591493286,0.3406395049847893,0.14779418394316504,0.18562406860291947,-0.019530189223587232,-0.02586410380899906,0.3546450072899463,0.35305038560181845,-0.058067606762051804,0.4907262297347189,0.7178518483415248
953,1673,0.2546914950686245,0.3417040140760804,0.148256045383618,0.03999025002121892,-0.10221193730831174,0.05555640067905193,-0.08817676641047001,0.20481264963746082,-0.5729550467804074,-0.08226402010768652,-0.34502294007688766
278,1586,0.27904263437311155,0.342701246654801,0.1486887173814831,0.2341964794322845,0.08493698481470324,-0.1556115411221981,0.40357101149857033,-0.07811449840664875,0.3917931579053402,0.39939759857952595,-0.2337719909846783
1026,1468,0.3157194586657176,0.3427209466853724,0.14869726468706376,0.17430871445685658,0.027505447156727758,-0.1728985989466305,0.47293267585337156,0.08672135043889273,0.11493316851556301,0.3829598715528845,0.5876584080979228
836,1136,0.2924441953565309,0.3447648034184053,0.14958403833937056,0.15828070323914317,0.008956952020525821,0.2807153556495904,0.0335933780297637,0.12468072958290577,-0.19122575037181383,0.3584156334400177,0.6313096601516011
674,1304,0.36895932359006245,0.3448646970515844,0.14962737946035265,0.4160482417792082,0.030849771574139484,-0.11569259315729119,0.7378317359834908,0.4129598401486874,-0.2617319840937852,0.10984044801443818,-0.3257532501593232
1412,1468,0.2701397565893684,0.3449398794185652,0.14965999903739008,-0.15841990988701582,0.05047385115176439,-0.1449638120830058,-0.097032438032329,-0.48979917261749506,0.22541861515492223,-0.21112678106874222,0.43639240041375155
407,811,0.2776029118032569,0.3454462424477584,0.1498796961352999,-0.13459719624370323,0.06082059349864688,0.041023951023816674,-0.2832350954413414,-0.01728201564401377,-0.3328628484159708,-0.03639907110482454,0.6327441371977329
670,1734,0.27559174460473,0.34733585918790094,0.1506995492644523,0.14220913220196885,0.064101801253855,-0.02262800931930542,0.1832351339980959,-0.527396154589951,-0.010913574136793724,-0.20739213004708285,-0.4773987354710698
608,1228,0.476235082139093,0.3484128041875329,0.15116680630611395,-0.4585042977705596,-0.005375550128519535,-0.09833566658198825,-0.6348974145948887,-0.625524567440152,-0.2454239083454014,-0.4112919569015503,0.7554496387019753
488,740,0.40395195561304875,0.35349760826469184,0.1533729640127139,-0.0692327152937651,0.014161372557282337,0.0380809772759676,-0.15777604933828127,-0.2619550395756959,0.5526578966528176,-0.637503370642662,0.7025799332186579
1156,1404,0.335771296971482,0.3564125015880904,0.1546376566678782,-0.13868257962167269,0.04746622219681729,0.036379780620336394,-0.14128329046070587,-0.4324576025828719,0.5663025584071874,-0.07409239932894704,0.5881842439994216
359,1919,0.2886585048926323,0.3585746213865956,0.15557574143647165,0.11836855486035353,0.028766826726496414,0.03462714329361924,0.051849232986569294,0.15255697350949027,-0.6112746074795724,-0.1290807845070958,0.4840162266045812
1022,1614,0.42379794729499015,0.35925655761425684,0.15587161495317658,0.045286796055733936,-0.12193085812032234,0.33304477669298627,-0.18018527515232574,-0.6451630722731354,-0.23996502440422773,-0.7816880960017443,0.43781175650656223
756,924,0.2674850551412259,0.36132226988721994,0.15676787112774326,-0.0485030068084597,0.017603515647351964,0.08000727463513568,-0.20988083537667998,0.5516175711527467,0.4194737654179333,0.1793085178360343,0.08295031078159809
24,326,0.3658486941870927,0.3683006764941997,0.1597956112888506,-0.6616340111941101,-0.02811141312122334,-0.06883527711033827,-0.7287284331396223,0.07297523133456704,0.16147762257605797,0.12343290634453297,-0.22314301691949368
1571,1657,0.322379409200727,0.36830941092152586,0.15979940091847367,-0.4656418822705746,0.050235490314662345,-0.031913049519061876,-0.3975012879818678,-0.2506299484521148,-0.07185272127389908,-0.009222779422998435,-0.6204779930412769
1441,1571,0.4645575325152491,0.3699761997080396,0.16052257508031792,0.5652290238067508,-0.07131845690309985,-0.2158921845257284,0.8950344715267421,0.05733234435319895,0.6376636344939469,0.35821252036839724,0.12659059092402464
703,1091,0.3878664455809173,0.37022559517472553,0.16063078096641917,-0.38235977943986676,-0.048243513330817125,-0.10362144932150813,-0.4408837659284474,-0.23834661580622196,0.7181836236268282,-0.5203592637553811,0.08068525046110142
228,1520,0.3659556826746249,0.37348332886368396,0.16204422269886085,0.19334310851991177,0.019507366232573653,0.009232031181454554,0.27652002032846223,-0.3813856570050119,0.05028514377772808,-0.4438440827652812,0.7823660662397742
397,427,0.2938819166093754,0.37541352035613573,0.1628816801056102,0.15813691820949327,0.02258301712572583,0.16559903230518058,0.10180967953056108,0.5971549181267618,-0.028015081770717987,0.3153446288779378,-0.41328687779605394
876,1094,0.2556029194895921,0.37717491498559036,0.16364590116057487,-0.35719932150095673,0.025402880273759476,-0.10800300445407618,-0.33861673343926646,-0.2955102287232876,0.12642381899058797,0.0046938564628362656,0.4059173651039599
126,2030,0.46492467547315686,0.3781487136966008,0.16406840584283455,0.08383452892303478,0.1309320116415622,-0.024315169081092103,0.1751221902668476,-0.9581801174208523,-0.005417502485215608,-0.6308312090113759,-0.5980992401018739
1037,2045,0.4754113105893065,0.3794354282735892,0.16462667617874957,-0.060973072424531094,-0.1085278922691941,-0.04440206475555894,-0.16959214583039284,-0.9140127161517739,-0.416828735731542,-0.7403464522212744,0.4523493628948926
1142,1940,0.2827952441167335,0.37990426091903967,0.16483008986749173,0.4339856291189794,0.0302619682624935,-0.1069862917065621,0.5783077487722041,0.10197326447814702,0.27409512456506513,0.09683480020612478,-0.09867272339761235
393,1005,0.3126229384966818,0.3800229665035838,0.16488159298072572,0.2528761094436053,-0.005287031643092438,-0.13371716719120716,0.38224424794316303,0.3057606900110841,0.1175176613032819,0.43383822124451404,0.5083148488774896
1144,1852,0.3202427269325648,0.38126822579384323,0.16542187699919195,-0.27359512727707624,-0.08195201586931966,-0.03296308219432832,-0.5095064248889686,-0.12998400442302227,-0.6175968721508981,-0.04236356448382139,-0.27941552456468366
648,1026,0.27824821812387457,0.38144665594237753,0.16549929297064442,-0.3871204499155286,-0.036492950282991043,-0.1079094717279081,-0.5020687533542514,-0.21192510332912184,0.20117097347974777,-0.2765011182054876,-0.20647087786346685
109,1063,0.35285869138547477,0.38331327500586354,0.16630916803558438,0.3363332264125349,-0.0167521936818959,-0.0771470014005898,0.5618905145674944,-0.4192047948017717,0.1554578086361289,-0.33530208747833967,0.4986717188730835
922,1800,0.4078227034769946,0.3840101963888581,0.16661154320218996,0.5192677322775124,0.012228832580149507,-0.005793827585875988,0.6607252154499292,0.44515347201377137,0.1673237355425955,-0.10068201925605536,0.6227995213121176
315,531,0.30017187693797065,0.38430638034267905,0.16674004933583406,-0.21123466640710858,-0.17681246902793674,0.07095696870237589,-0.3270229473710058,0.0126480897888539,0.19693872611969698,-0.2105818409472704,-0.6705774115398527
539,1077,0.29594196361517816,0.38684052119399986,0.16783954388545982,-0.33040899317711614,-0.09984770417213462,0.07024764921516174,-0.5698442813009021,-0.4589659869670868,-0.02418964821845293,-0.2013073563575745,0.009833345189690562
674,1052,0.310268688723652,0.3874379939612713,0.16809877101201137,0.1752804517745974,0.0775028271600603,-0.07594041898846593,0.35996740218251944,0.2343760132789613,-0.10871722456067778,0.3023262033239007,-0.6632549939677121
926,1494,0.3171182053738536,0.3883514374717211,0.16849508922005693,0.15448192134499616,-0.07855085283517826,0.17580058611929378,0.0969942519441247,0.6319539705291389,0.2951008053496481,0.29502355493605137,-0.40084138233214617
1063,1401,0.37325380630293764,0.38992940273889154,0.1691797252811695,-0.6508670058101418,0.03629584610462211,0.05613611266016946,-0.7834178460761906,-0.056892463937401716,-0.08078915346413817,-0.1270966846495868,-0.21630994416773322
168,1412,0.3602982045853514,0.39143790309007315,0.16983422241118035,-0.03099012654274691,-0.06998880580067601,0.13954644836485375,-0.1166213564574719,0.6534572299569844,-0.1506732078269124,0.6549784950911999,0.3476783009245994
127,995,0.4220156340445838,0.3914885638863649,0.1698562027479771,-0.3623612364754081,0.0059010060504078865,-0.08367774728685629,-0.6014690827578306,0.41968091018497933,0.6832112614065409,0.5079524135217071,-0.15409316681325458
855,1603,0.25360579239009196,0.39209927415930523,0.17012117326693957,-0.18943529389798652,0.019507463090121857,-0.025864107534289568,-0.1707456028088927,0.2729721991345285,0.06592584960162629,0.5405314015224576,-0.27821513917297114
4,1700,0.2766152573050001,0.39228800718024054,0.1702030593735246,-0.03265975043177616,-0.10573375597596135,-0.12294405605644015,0.1552777541801335,0.09271225892007351,-0.008483399637043476,0.672237734310329,-0.3163608601316812
954,1022,0.49376826374882626,0.3938652081682236,0.17088736383475767,-0.26881779730319977,0.015986682847142886,-0.4229074539616702,0.08170796371996408,0.6725584045052528,0.3739883191883563,0.9719023127108811,-0.39448082633316517
1733,2015,0.5247936438452793,0.39508228870442524,0.17141542186093717,0.6790987532585858,0.01958246342837805,0.08535461965948343,0.979946448467672,0.4785828012973069,-0.21431125979870558,0.34293708205223083,0.6176983490586281
379,608,0.4176624757414396,0.3956198274857029,0.17164864526677873,0.2361424947157503,-0.06100902520120138,-0.05161675252020364,0.6297892360016704,0.18520156294107443,0.2998413471505046,0.286812424659729,-0.8545674812048674
774,1940,0.39873921777268595,0.39629789936417553,0.1719428421478426,0.48804610036313556,0.051310081966221555,0.002017748542130049,0.5966372396796942,0.554361109621823,0.45735517237335455,0.1478621857240796,-0.3698495682328938
914,2004,0.3771757819269078,0.39723780131378755,0.1723506399504953,0.16122113447636338,0.028882421553134696,0.27275471668690454,0.0546785807237028,-0.6116979485377669,-0.068286390043795,-0.6888902131468058,-0.42482242826372385
178,1070,0.3143472429288796,0.3982228901724928,0.17277804311969128,-0.32538639195263386,0.16166605520993482,-0.05269445106387166,-0.3259192081168296,0.32133022230118513,0.5627751173451543,0.2922776797786355,-0.2100144606083632
1437,1739,0.46599111698761503,0.4001723669583695,0.1736238678888931,0.2714326810091732,0.0038514165207742534,-0.08405010960996084,0.2547198040410874,-0.5110814273357391,0.637267442420125,-0.9412379302084447,-0.1957083949819207
1285,1441,0.26401953316441845,0.40274411939912313,0.17473968108061907,-0.2305161049589517,-0.11021676007658243,0.17718574404716486,-0.4601499540731312,-0.1689440133050084,0.28782973904162656,-0.24321114923804998,-0.2805220717564225
521,1603,0.3953360174290114,0.4037430392946059,0.17517308515917437,0.3364536128938195,-0.014982153661549202,-0.07909537293016912,0.5618906933814285,0.329391502775252,-0.09491925034672022,0.6671386687085034,-0.5023339288309215
289,1964,0.44621152950815185,0.40386189376889275,0.175224652871604,0.5017000371590259,-0.09527432732284025,0.10156153794378048,0.4289178680628539,0.43707730527967215,-0.08105515036731947,0.3165016742423177,0.9165111053735019
749,1941,0.3329066700973646,0.40478151076225743,0.17562364958538992,-0.13231096509844087,0.021793696098029558,0.12391750980168514,-0.29543021786957996,0.030387401580810547,0.3561236644163727,-0.7441506497561932,0.2906741136685014
414,916,0.518713881304884,0.40517784759872283,0.17579560932128324,0.6170297926291827,0.1595961153507236,-0.20860600285232095,0.9100903086364269,-0.01931358315050591,0.0017179893329739154,0.3583950502797961,0.8635463090613487
1767,2045,0.5347167022766264,0.4054800517861976,0.17592672746999602,-0.44712034054100513,0.04483576305210579,0.03849501255899665,-0.8237646659836173,-0.6819377560168505,-0.20637668948620547,-0.7176319658756256,0.6186700239777565
1379,1501,0.2527971219689605,0.4067974812567259,0.17649832415989875,-0.17237883154302824,0.06396622955799128,0.053724646568298284,-0.36758950818330044,-0.2262975750491022,0.009282020851969719,-0.27613828144967556,0.46031234599649906
328,400,0.4124868251226357,0.4088332054648811,0.17738156933162677,0.0989310946315528,0.07341852039098729,-0.044003210030496225,0.22112030908465388,-0.9950359798967837,-0.26119772903621197,-0.4702233858406544,0.1253955559805035
1948,1986,0.35317884374016656,0.40891207917217187,0.17741579048047484,-0.21923503652214987,-0.0644454723224046,0.22316550184041306,-0.6356423255056143,0.6594007536768912,0.030067619867622963,-0.234877017326653,-0.030667719431221485
722,982,0.2582202066688976,0.4105578215708245,0.1781298331890573,-0.3053431045264007,0.047585719265043847,0.02285556122660648,-0.37018636148422945,-0.30408795550465595,0.0364383878186344,-0.19245547614991665,-0.41173525340855116
1520,1954,0.5125891482448722,0.4114804971908153,0.17853015695745547,-0.4762046039104461,-0.08185456879436936,-0.046343514695763595,-0.6213086098432541,0.30226152762770664,0.3874537879601122,0.7001310493797064,-0.8652583537623288
241,1629,0.3742873925733703,0.41333555479735723,0.17933501582178088,0.34129439201205947,-0.006354468874633423,-0.03605606220662605,0.3614633642137053,-0.6245478820055723,0.2564071463420987,-0.5963524580001831,-0.24659569654613744
512,740,0.33063709129952895,0.41358432943540324,0.1794429523472799,-0.250437834300101,0.08001438248902526,-0.08771694451570516,-0.5463292943313719,-0.008690179325640202,-0.11048317886888981,-0.6078703347593546,0.342764237895608
132,562,0.3061918882862879,0.4143814915419434,0.17978881922790427,-0.2811697917059066,0.03345400374382779,-0.06973973475396633,-0.40053848456591357,0.1730283526703716,-0.49861550610512495,-0.15285244956612587,-0.4501525787636638
294,1046,0.2976678403193027,0.4151344905973256,0.18011552496599872,0.08674842491745949,0.07080553472042084,-0.03794767614453992,0.017803167924285046,-0.13405383005738258,0.5666098026558757,-0.08180622104555368,-0.5906302547082305
604,1887,0.506200145602544,0.4152368977050079,0.18015995661496603,0.38181395176798116,0.09075947944074897,-0.051171580329537725,0.6972067141905428,0.025155705399811046,0.942414884455502,-0.5961722014471889,0.4037002250552176
1795,2011,0.3487032672067546,0.4153002247256358,0.18018743248079575,0.11975742690265162,-0.0592733100056646,0.04205008503049612,0.157664943486452,0.7743132449686527,-0.30911035649478447,0.4663166217505932,0.12533448170870543
602,1090,0.29271172898633196,0.41579001655062897,0.18039993978549054,0.11814158782362982,-0.036580397747456694,-0.029734913259744644,0.04971312172710898,0.09805310610681765,-0.6390917077660562,-0.12033558916300535,-0.4840008821338415
538,1094,0.42392852298887146,0.4159873984616707,0.18048557840943366,-0.08568841591477383,0.05193085875362169,0.10789637174457323,-0.273945890367031,0.5442316876724363,-0.7687726952135564,0.40865663904696703,0.5355333872139454
118,1557,0.2889261608503993,0.4160759197332124,0.18052398537309366,0.11494466662406988,0.10194526892155431,0.05228707473725097,-0.0719053391367197,0.1603829488158226,-0.35390028730034834,0.027037348598241806,0.696145142428577
1237,1713,0.44345842904985305,0.4161868657888839,0.1805721218385351,-0.25310570653527964,-0.009178250096737894,0.11628196109086276,-0.3666803799569607,0.9464996559545397,-0.11690347269177426,0.440675406716764,0.5073435297235845
51,1739,0.3597284696056597,0.41728349008210364,0.1810479171885662,0.17558476608246565,-0.08982397057116048,0.04389904532581601,0.19601519126445058,-0.24976954981684707,0.445536413230002,-0.806070849299431,0.21295868139714008
339,1557,0.2614855011255501,0.41840769658933763,0.18153567970844087,-0.2193354014307256,-0.0626529147848488,-0.021486081182956418,-0.4092396879568695,0.16890700813382864,-0.45875789131969225,-0.2438357314094901,0.16905890777707105
400,1592,0.26391753451119465,0.41850104325571724,0.1815761802792188,-0.042902293615043344,-0.08371172100305546,-0.06687187962234015,0.014952392317354705,0.447904234752059,0.19494608789682388,0.4270124975591898,-0.3503058450296521
416,914,0.3659488780702416,0.42149502623147794,0.1828751877759037,-0.5212997961789368,-0.08620797377079714,-0.12494690902531158,-0.5708769923076031,0.3503446774557233,0.036213768646121025,0.5690623205155134,0.05259594600647691
629,1037,0.35058122271551023,0.4217502822015874,0.18298593637448635,0.09603553824126732,0.16457229480147334,0.08100046962499607,0.00932199414819479,0.8025770280510187,0.2460015406832099,0.13853132631629705,-0.4652581401169299
167,1171,0.38044539704518776,0.42176183724156324,0.1829909497909535,-0.2819854151457546,0.10146926809102302,0.0758335692808032,-0.397549335844815,-0.8714034333825112,0.3711350392550229,0.08483912516385318,-0.004332602955401055
479,1271,0.4279566438702398,0.42184058276179226,0.18302511532293417,-0.19146269652992473,-0.042770747095346034,-0.3221210567280654,0.0705426856875419,0.475995182991028,-0.25192258320748806,0.8821405479684472,-0.4997411500662567
415,975,0.3782872370913108,0.4222117739106661,0.1831861650312972,-0.08706686738878465,0.17284501064568786,0.19219542853534222,-0.4952164757996799,-0.6154935583472253,-0.07068582903593801,-0.6641060942783952,0.01759775448590517
1614,1642,0.2764685549963298,0.42375707186853234,0.1838566276385103,0.2637666556984185,-0.028011218644678815,-0.06381267961114634,0.26665905211120833,0.24113205168396246,-0.5104309516027569,0.3629302214831114,-0.12465769797563553
1101,1571,0.39884223472942726,0.4242415420658542,0.1840668260342048,0.18234737683087582,0.034256073646247276,0.1368011692538859,0.19264289643615481,0.4177443617954851,0.7167268553748726,0.6191430240869522,0.3328743223100901
346,1070,0.37228450585714046,0.4251662601499903,0.18446803597204947,-0.13324801996350266,-0.023426277562976106,-0.2283234838396313,0.16224573552608468,0.4319736771285534,0.3230737382546069,0.8119186302646995,-0.24863054696470505
831,1565,0.5125032994434007,0.42686274061337987,0.18520409254209813,-0.5300809564068911,0.061287341639399556,0.030205410905182806,-0.6625488651916386,0.8415709007531403,-0.33272914681583626,0.6900012940168381,-0.28565657604485745
362,648,0.277164436646574,0.42758407650229285,0.1855170604964626,0.4407607084140183,-0.034069026820361614,-0.14205577224492993,0.5781868668273094,0.03962543699890364,-0.22590009029954672,0.02847441378980875,-0.10601219348609436
1070,1420,0.28903608833227856,0.4279818205183637,0.18568963076917977,0.4089888427406549,0.05842610541731119,0.05741658434271801,0.4448934011161329,-0.3920479780063032,-0.3732392247766256,-0.05204696208238602,-0.02654382865875954
1055,1863,0.3717803573630544,0.42854956456775045,0.1859359594164441,-0.10994186066091086,-0.14164468180388187,0.006009499542415198,-0.2703064642846586,0.6059720888733864,-0.11652065813541412,0.5254564881324768,0.586198932491243
1285,1363,0.39133348343979835,0.4290643568458242,0.1861593137353789,0.26441156584769465,0.15739863738417648,0.2430239683017134,0.047214607708156,0.21862002275884151,0.3406549450010061,-0.011751712299883366,-0.9514088910073044
968,1936,0.315442694215559,0.42972401958775797,0.1864455233945497,0.10314664896577619,0.06410254444926977,-0.21186381578445435,0.3167953072115779,0.4667599825188517,-0.013011728413403034,0.33239123597741127,0.554545504041016
349,1529,0.35414192901482505,0.43032278261193174,0.18670531032835544,-0.2548323133960364,-0.03442829661071303,-0.041461393237114064,-0.1749273184686897,-0.040385358035564534,0.7759246584028006,0.4663412217050791,0.2893517408519984
1227,1271,0.2630262245990728,0.43043185716016835,0.186752634797801,0.1112252520397306,-0.023181409575044734,-0.34703911934047954,0.42286787834018463,0.21655753720551724,-0.20061465352773689,0.32696071080863476,-0.21737943496555112
199,589,0.46641993588289016,0.43107722682021576,0.18703264307885062,-0.42393492348492134,0.0068572405725718655,-0.026778624393046124,-0.6658204756677151,0.6061195507645608,-0.31174035836011166,0.23881172575056553,-0.7713524550199511
1115,1599,0.33012418044496294,0.43200560197501686,0.18743543971984228,0.25483044143766154,0.0034407163038848443,0.13569126743823312,0.10106265917420401,-0.4462006473913789,-0.1174871362745763,-0.568113717250526,-0.4925730219110847
1570,1948,0.28587499707403985,0.4325685354620711,0.18767968119540798,0.17430871259421116,0.035453355871140735,-0.0830552214756608,0.4651204701513051,-0.33270831126719713,0.11651245318353176,0.4454216631129384,0.27613401133567084
118,339,0.27846287192963876,0.43478150454481845,0.18863982808057536,0.3342800680547955,0.1645981837064031,0.07377315592020739,0.3373343488201498,-0.008524059318006039,0.10485760401934391,0.2708730800077319,0.5270862346515058
521,855,0.33775936368297726,0.43565074012871263,0.1890169656758808,0.525888906791806,-0.03448961675167106,-0.05323126539587955,0.7326362961903212,0.05641930364072345,-0.1608450999483465,0.12660726718604576,-0.22411878965795043
1565,2003,0.3467242153961265,0.43576012521770685,0.18906442488048533,0.15105820912867757,0.10024689603596919,-0.060772146098315716,0.16052519343793403,-0.7805209588259457,0.20814402494579531,-0.26290044095367193,0.4216139158234
708,1954,0.3792775175232785,0.43589376547885805,0.1891224077422784,-0.3219521669670937,-0.09239834919571888,0.1718732714653013,-0.6541670663282274,0.1774267163127663,0.6969600012525916,0.09370257519185543,-0.234802474267781
98,425,0.3402333915984113,0.4364349248567507,0.18935720202617215,-0.22153606545180082,0.017415312118828186,-0.017573089338838832,-0.07090003322809946,0.2211123276501894,0.45087139680981636,0.4360841978341341,0.6549868937581778
296,1234,0.2860261593984826,0.43817676827512436,0.19011294034427126,-0.26129392068833107,-0.0014040376991032444,0.0820221938192845,-0.35641424451023357,0.1531855259090662,-0.11828854773193592,0.2798400707542896,0.5802447944879531
538,1806,0.2585508870449518,0.4387066068780873,0.19034282285290746,-0.18162078596651587,0.019587445072830167,-0.024857064709067345,-0.22531151119619586,0.4467393411323429,0.059028914198279436,0.44580436032265425,0.21962145064026117
116,1464,0.4110837178805204,0.4389067928223355,0.19042967807032676,0.20386301353573835,0.06868141982704412,-0.05332581792026764,0.3831053273752333,-0.5014061322435738,0.29696080461144436,-0.004901194013655186,-0.9035541675984861
286,1571,0.4813936120021008,0.43905296242860004,0.19049309707299386,0.5768792424350975,0.17689910624176258,-0.11425204481929563,0.7202078728005292,-0.17040486074984085,0.7549544265493751,0.1036625150591135,0.5902056368067863
538,706,0.3919054945372428,0.4395558179942642,0.19071127237820967,0.11452363617718164,-0.0505892112851144,-0.08307197038084235,0.15776316449046146,0.9442342184484006,-0.23788611404597768,0.46628521010279655,0.12515699584037077
254,982,0.3366023260024759,0.4404987569442361,0.19112038785242794,0.16916642338037446,-0.06536609027534757,-0.05410363804549001,0.35997360199689876,0.016522872261702903,0.05402496736496665,0.22570330090820778,-0.8287805030122399
51,153,0.3500337950939213,0.44138683886502916,0.19150570235892989,-0.37003855127841206,0.0058198040351273295,0.22889653127640452,-0.530094476416707,0.4573858743533491,0.4430003790184855,0.1337380176410079,0.29410211648792034
1022,1890,0.3578671377754589,0.44286461690080764,0.19214686991480914,0.38983859308063995,-0.0855130134150387,0.08402455225586924,0.2912417137995361,-0.5539028318598866,-0.5627140896394849,-0.30778900999575853,-0.23493205942213558
544,1152,0.3147769655595247,0.44291647015143853,0.1921693676249973,-0.031332056969404436,0.1443299092352388,-0.13099318835884333,0.0966763785108925,-0.155218282714486,0.055118066258728615,0.2974894298240543,0.7929232427850366
1101,1441,0.3574696463457568,0.4435038550884517,0.19242421791733275,-0.3828816469758749,0.10557453054934712,0.3526933537796143,-0.7023915750905873,0.3604120174422861,0.07906322088092566,0.260930503718555,0.20628373138606548
1614,1782,0.3751302122244903,0.4438945435033668,0.19259372695728103,0.15254256874322913,-0.10863665770739317,-0.0989619446918365,0.2791486782953144,0.05893354583531629,-0.6457411302253603,0.6756642535328865,-0.3549871062859893
1573,1733,0.2985620258291019,0.44434277525000615,0.19278820247830122,0.04590381588786885,0.12450657133013016,0.17040575575083505,-0.2522594323381784,-0.2239208286628127,0.03691354487091281,-0.4944168971851468,-0.5539684658870101
81,1337,0.295880331006976,0.4449967529461373,0.19307194555126347,0.05773507151752688,0.07100643403828141,0.24999661277979635,-0.09186398424208186,0.2925445567816495,-0.036450729705393425,-0.24801365099847317,0.6874787760898472
1091,1365,0.3448181480191485,0.4457366470022647,0.19339296538786357,-0.2533765388652678,-0.08907205332070571,-0.13935177214443717,-0.1272797379642726,0.21475048922002304,-0.007154940627515302,0.7693471340462565,-0.4531886074692013
497,1379,0.4066282386478617,0.4462668105791825,0.19362298889382906,0.5110070165246724,-0.035607413388789116,-0.00591732654720567,0.5889468882232904,0.5545146381482482,0.09017530176788568,0.10294271912425756,-0.6223081331700087
72,836,0.3071856614383058,0.448527888542043,0.19460400890901425,-0.07118533365428448,0.01709195785224471,-0.024418158456683048,-0.1585082514211537,-0.23804448358714592,0.3269195090979339,-0.3248874992132187,-0.6743368720635772
152,1228,0.35678540726705765,0.4487424415864835,0.19469709761907744,-0.3206075355410575,0.04330548085272301,0.1234020767733455,-0.7399736810475588,-0.002092556096613407,-0.22431415785104059,-0.2823759401217103,0.46995270531624556
691,2045,0.2955978946366932,0.4498214627210485,0.19516525543902138,-0.11052157916128647,-0.029780697077512963,-0.08371711336076265,-0.06083827931433916,-0.6796394446864724,0.006222406402230263,-0.4372039074078202,0.1487192390486598
228,284,0.3074940869822872,0.4498954908064053,0.19519737420476663,-0.10743250884115696,0.0482290424406524,0.03538796678185463,-0.20377896912395982,-0.3134978776797652,0.4256999623030426,-0.050922054797410965,0.6462820703163743
933,1699,0.4276288671116164,0.44993602293941487,0.19521495999101268,0.35926514398306575,-0.09637126419693234,-0.15567758306860935,0.5874546822160485,-0.39752127323299646,0.0928550735116005,-0.3332990389317274,0.8231043247506025
231,831,0.2952562941333493,0.45003540736813724,0.19525808018207902,0.10355299431830639,-0.1548663089051844,-0.25024162605404854,0.473116409033537,-0.18585715629160393,0.3153231050819159,-0.041371569968760014,0.4904694482684135
922,2036,0.45423403937699014,0.4504344589953268,0.19543121779157122,0.3848245907574891,0.10732463002204906,-0.016931536607444453,0.7031961688771843,-0.1601740773767233,0.4551999475806951,-0.025571302510797984,0.8733451841399075
397,1001,0.38270108182934487,0.45080198133161964,0.19559067570229038,-0.2553192758932713,-0.010277192108332944,-0.13190607447177194,-0.14802149310708046,0.695948322303593,-0.11711722984910011,0.5583492191508412,-0.5072114476934075
812,1634,0.31406529377061854,0.4512866642466167,0.1958009663903783,-0.14173677749931812,-0.030705291777849086,-0.02567268349230284,-0.060235557146370355,0.6485410770401359,-0.001113222911953815,0.5624461537227035,0.16378061007708322
64,1732,0.28865266304986475,0.45190762037628773,0.19607038230693014,-0.2001901324838401,-0.10127196740359057,0.18893202394247086,-0.49407171085476875,0.16174988914281138,0.4752246271818877,-0.05945952143520117,0.2844146722927689
210,900,0.4341583685571656,0.45208211433419554,0.19614609047270248,0.23249073140323162,0.0038466406986118473,0.05403620935976497,0.2408622307702898,-0.5284616649150847,-0.6137154940515759,-0.8085169531404972,-0.2886668434366586
211,427,0.3397511090142294,0.4525730956061378,0.19635911384596424,0.06974041182547808,0.12101274169981466,0.2373353941366073,-0.16555426456034167,0.5285284304991363,0.12495588511228573,0.18807688634842634,-0.6999094411730767
1285,1571,0.39394255138922757,0.45332249178733897,0.1966842563952869,0.334712918847799,-0.18153521697968228,-0.03870644047856353,0.4348845174536109,-0.11161166895180946,0.9254933735355735,0.11500137113034725,-0.15393148083239788
479,1227,0.29039862108359493,0.4534174193668256,0.19672544288111318,-0.30268794856965536,-0.0195893375203013,0.024918062612414138,-0.3523251926526427,0.25943764578551076,-0.051307929679751174,0.5551798371598125,-0.28236171510070557
900,1316,0.35492513789664915,0.45354092192669626,0.1967790272710147,-0.0341243259608745,0.10572564974427212,-0.1310004582628611,0.16113613080233335,0.1571600642055272,0.02398921083658967,0.5462606130167842,0.7928625652566554
954,1350,0.25040360062070577,0.4539079908130645,0.19693828844218786,-0.11666992213577032,0.07955075241625342,0.10380670055747065,-0.2063256306573748,0.2461629081517458,-0.3471240270882847,0.4916045470163225,-0.0745863094925881
126,756,0.5540374993331907,0.45454884403855855,0.19721633716555442,0.6379546988755465,0.006852542981505061,0.028916913084686025,0.7878218926489354,-0.5902350917458534,-0.6779446965083479,-0.2777903135865927,-0.7361886948347094
1898,1921,0.3278637466343914,0.45507165544629236,0.19744317076597798,-0.32458547409623884,0.16956915240734843,-0.10283942893147496,-0.30300485435873276,-0.7698117261752485,-0.1579761579632758,0.01961507461965084,-0.07421901449561114
118,286,0.33563302829328084,0.4565149994642032,0.1980693983413319,-0.1736651966348285,-0.02150857355445579,0.08013699855655443,-0.27180099580436956,0.7080355221405625,-0.4595125894993543,0.17917026486247778,0.21379474736750104
790,1538,0.3322558759994378,0.45738320066295696,0.19844608714515696,0.17375058494508266,-0.019545544870197995,-0.02589369751512982,0.1593325054273009,0.22727188002318155,-0.050330867990851236,0.5073282746598126,0.7176039507612586
862,1646,0.25269903097842283,0.45759925456877965,0.19853982703801004,0.03840750828385364,0.023890510201454163,0.08875950518995562,-0.05295947752892982,0.20872390642762195,-0.5704824524000288,-0.09778995160013437,-0.3457553768530487
127,2007,0.26639519035437564,0.4593236107409346,0.1992879781172643,-0.20684451330453138,-0.07982452958822278,-0.190955875441432,0.01629474852234103,0.32332859374582756,0.06994602829217911,0.5871762577444315,-0.16623814869672082
212,876,0.3474881354398393,0.4594498352866218,0.19934274350251893,-0.09225469361990696,0.018089067190885544,0.1098910272121425,-0.25679213274270335,0.8660260895267129,-0.327019049786031,0.14438950549811122,-0.03656060807406891
55,1935,0.3997032873171362,0.46054298926003695,0.19981703317550426,0.09221519995480762,0.02699974086135623,-0.1920292228460316,0.6530927903950215,-0.22499460726976395,0.7130394857376814,0.02857085689902311,-0.4955799868330361
574,1806,0.25880692713444153,0.4606761071969984,0.1998747894150875,0.08634966239333097,0.16454221308231365,0.03822423797100716,0.04123310185968887,0.20925032719969738,0.5739885242655874,0.08195837307721376,0.3437889451161028
187,629,0.2764198414163819,0.4610352338904741,0.2000306046855354,-0.3803745452314615,0.007217731326818799,-0.13620942644774908,-0.4364696983247996,0.004921868443488964,-0.298642403446138,0.3504110909998417,0.2132329512387513
491,1767,0.3660475802889017,0.4614601381054346,0.2002149590272519,0.19560435600578804,0.06312632467597756,-0.11614135093986991,0.3188547249883412,0.6473026359453797,-0.15342180710285913,0.6847944920882583,-0.055145738646388054
492,562,0.28191528849180836,0.46338003735293,0.20104795090982683,-0.08422188088297833,0.027573291212320772,-0.14976274129003259,-0.1260214280337093,0.6310561262071132,-0.08213269803673029,0.19925446156412363,-0.380743999965489
127,419,0.3123149850389356,0.4637197624114859,0.201195348340423,-0.3472652770578862,-0.026412877254188172,-0.011860345490276772,-0.46716879215091484,0.1090954467654226,0.03976633679121744,0.4614593740552664,0.46283809933811426
1102,1933,0.36119136257266526,0.4638626511227497,0.20125734385229668,0.38973036315292153,0.1398115586489435,0.0018527498468756676,0.41637189779430617,0.2729347832500933,0.1043589310720564,0.25374070927500725,0.741012183018029
750,1090,0.46393758729506807,0.46394147094098576,0.2012915416201547,0.2680865423753859,-0.0024403193965555348,-0.2156148422509429,0.384878095239401,0.6244717333465815,-0.2741087628528478,0.6599513292312622,-0.7448295811191201
228,1706,0.36898399147731953,0.4642206528692453,0.20141267103895374,-0.3924833917990332,0.1271294401958586,-0.22696533333510166,-0.48705652263015503,-0.4323652898892759,0.37591052241623407,0.13358266279101372,0.5330649763345718
175,1271,0.3041537251432313,0.4643313870625596,0.20146071558310086,-0.1351380543783305,0.06016408000141395,-0.10077983140945435,-0.18297579605132339,0.5302084060385825,-0.012995918281376473,0.2923484109342098,-0.5547970263287425
817,1927,0.6183456841498749,0.4647806804690019,0.20165565172933306,0.7843102775514127,-0.047088019549846705,0.06283304654061794,0.865867423824966,0.8114051278680563,0.4426593258976937,0.5120457084849477,0.755817724391818
908,2004,0.2571295419323198,0.4648724248714909,0.20169545712154036,0.11462960299104452,0.06483305897563707,0.10269469022750821,0.1832046238705517,-0.4721164228394627,-0.011050415225326793,-0.292611513286829,-0.39853968378156424
745,1363,0.28403197201526403,0.46490605797334184,0.2017100496064659,0.3378593195229769,0.0920673217624428,0.10684248059988022,0.23868544958531857,0.4171254225075245,0.2695137280970812,0.0795668913051486,-0.44879812840372335
372,1324,0.2973217607491424,0.46502944476762087,0.2017635837688369,-0.11194006260484446,0.1930068591609596,0.14749640226364114,-0.316017118282616,0.5325377555564046,-0.004695736803114192,0.19959410652518272,-0.4608050389215352
331,1493,0.2798621714242129,0.4654699651709079,0.20195471354844666,-0.3540789121761917,-0.08812355995178262,-0.34791269525885593,-0.04044564533978712,-0.10029506590217357,0.08748079929500796,-0.04303559474647034,-0.5926228947937491
1916,1986,0.291859971439524,0.4655625808300421,0.2019948969551326,-0.20262162666767836,0.060061022639274375,0.1943525075912479,-0.3832611786201596,0.25762347597628843,-0.022953959181904904,0.33375552110373974,0.5233006570488214
1068,1520,0.3214761380728152,0.46573836998491513,0.2020711670715176,0.34024849161505716,0.010818629525601642,0.04307220596820111,0.5328311463817956,-0.07784568518400181,0.19845818262547255,-0.28761748038232327,0.5449362518265842
922,1706,0.32423392031714016,0.46661994634452136,0.2024536589925806,0.03959971293806985,0.19586850702762637,0.03627106640487893,-0.017292002215981372,-0.23218786343932152,0.5367941213771701,-0.15214889403432608,0.6589882010594011
445,1618,0.3423931905136088,0.46681881753938537,0.2025399437761263,0.11125184223055817,-0.14052299875766056,-0.1748877875506874,0.3146910630166529,0.414505273103714,0.11258212849497784,0.42672759015113115,-0.6399524146690967
222,1402,0.3113926322781447,0.4668854463794222,0.20256885221127907,0.24212747160345327,0.18694244045764175,-0.138180249370635,0.2440884066745637,0.40678647346794605,-0.3385548908263444,-0.01637872401624918,0.5684311212971808
935,1435,0.2864489248512309,0.4669953268370602,0.20261652634281774,-0.10808281786739804,-0.05350560508668428,-0.02919456083327565,-0.06638733949512265,0.1616188157349827,0.13000248093157996,0.7664728807285429,-0.0782149750739336
1425,1651,0.40730750196042087,0.46748547631911014,0.20282918882514778,0.4252044344320892,-0.03030780423432594,-0.14403212815523148,0.5779427280649543,0.02399608585983537,-0.24334592465311278,-0.026517250575125217,-0.854528272524476
353,2021,0.29408821606055213,0.46811884077141613,0.20310398837422342,0.23731463216245174,-0.11716910358518359,-0.181096412241459,0.3027875833213328,-0.1466284291818738,0.5264767240732908,0.06728021893650293,0.4406537199392916
835,1115,0.26146242617927523,0.46845653127164555,0.2032505030654921,0.12281483225524426,0.1266858074814082,0.18308662157505745,0.056052488274872136,0.5451812585815786,-0.4238271526992321,-0.013899341225624084,0.04538922104984516
521,1821,0.36626710666342355,0.46846805835794386,0.20325550435362155,0.17386693321168434,0.011685456149280238,-0.009293070062994856,0.2942807590588926,0.38138564955443155,0.059059398248791584,0.5405309172347188,-0.7176644494757056
378,786,0.3262264488563599,0.4686395291425483,0.20332990084701077,0.1806685570627451,-0.15302307158708606,0.28198271058499813,-0.09180239308625476,0.21155602019280217,-0.3998185899108648,-0.452495401725173,0.5459189573302865
708,922,0.3440523459878366,0.46874142902964183,0.2033741124268085,-0.4711737763136624,-0.09879021346569095,-0.054251644760370255,-0.7791429972276092,0.056373419240117184,0.09833747055381536,0.12314716540277004,-0.2778334114700557
1152,1696,0.26297531426063037,0.4694102556849247,0.20366429805786554,0.03902862314134858,-0.026326323859393597,0.29101590067148186,-0.19231311045587063,0.36647516768425703,0.2410154417157172,0.34128746110945934,-0.3471132507547736
1037,1767,0.30285538960073544,0.46994352300758085,0.20389566819439459,0.38614726811647404,-0.1533636553212999,-0.08289707731455559,0.6541725201532245,-0.23207496013492335,-0.21045204624533653,-0.022714486345648766,-0.16632066108286392
488,1776,0.26275993198512276,0.47037676000522405,0.20408363790308567,0.12324637360870844,-0.12369599379599083,0.18308660667389648,-0.07041142787784338,0.4191741803660988,0.552735161036253,0.009599223732948275,0.045366461388766766
735,1475,0.482066818851709,0.4709110838884928,0.2043154664524272,-0.4165582675486806,0.07546561397612123,0.005899861454963585,-0.6815545344725252,-0.5923125064000486,-0.4163738107308744,-0.1423198813572526,0.8190750256180763
4,1557,0.31151634753580415,0.4714676643152651,0.20455695150853434,-0.3905072445049878,0.04736370220780384,-0.12891336064785708,-0.38352826982736576,0.13380070868879568,-0.17241915035992872,0.6299907984212041,0.11562120262533432
691,1315,0.29510222995254726,0.4720792620246402,0.2048223070619445,0.1153229475021359,-0.1308256173506382,-0.09484260343015194,0.2083026058971882,-0.44975211005657895,0.014236486516893021,-0.6230787923559548,-0.15223655942827474
562,1272,0.34900690244734395,0.4723687504893834,0.2049479082056216,0.4064466822892426,-0.007991486229002587,0.15612612385302754,0.35139349568635203,-0.46648260857909896,0.008394799195229896,-0.6587230619043111,0.09868358448147774
300,538,0.2636814813739147,0.4726439507624485,0.20506731009290532,-0.28758146986365324,0.13280805200338375,-0.14725580252707027,-0.18040144816040993,-0.4041897272691132,0.2517456943169236,-0.32585445791482925,-0.2621583426371216
1752,1852,0.3257421600497317,0.4727819280288253,0.2051271746628934,-0.2397966077551245,0.2018896788358684,-0.052592216990888035,-0.3776808641850949,0.5872177807614207,-0.05036856047809146,0.4988267505541444,-0.0948850130662322
11,329,0.45820938710222986,0.47545519447463114,0.20628703201073145,-0.41606554854661254,0.18193710222840334,-0.15486042853444837,-0.44846701156347984,-0.6980992704629899,0.3008647570386528,-0.5575358690693974,-0.5996851157397032
468,890,0.37731413706972794,0.47585347035531295,0.20645983304498683,-0.34761369973421147,0.04438619967550039,0.02714540623128403,-0.4729541772976519,-0.4034765893593429,-0.2114465981721878,-0.3671681359410286,0.670361287891865
860,1272,0.29293730106268334,0.47655395817920293,0.20676375559295604,0.24047329463064637,0.06595454644411802,-0.16288439650088568,0.4767544027417897,-0.34979808889329406,0.06921202875673771,-0.4733122242614626,0.13900048378854968
460,959,0.46229208763181207,0.47711508902034105,0.2070072149496594,0.4376034364104271,0.1373415375128389,-0.026334582827985176,0.595411179587245,0.48972788359969854,-0.25165233481675386,0.43235631193965673,0.808733619749546
284,922,0.4101162708151278,0.47733236843683235,0.207101486558143,-0.3246505958959461,-0.11696810927242018,-0.2986243665218352,-0.26598555129021384,0.11332045122981083,-0.5865835612639785,0.33665361162275076,-0.7722052950412036
228,922,0.2839116700361805,0.4775776636962048,0.20720791347620027,-0.43208310473710304,-0.06873906683176778,-0.2632363997399806,-0.46976452041417366,-0.2001774264499544,-0.16088359896093596,0.2857315568253398,-0.1259232247248293
1537,2013,0.3425655954629894,0.4776248040059653,0.2072283663699778,0.4020010568201544,-0.012649686075747069,-0.0821185065433383,0.5931453844532371,0.10915672034025192,-0.1764861242845655,0.3217513207346201,-0.5214338721707464
926,1838,0.3684745816893785,0.4783511792934394,0.20754352078183472,0.07164551410824138,-0.028835584409534598,0.4481975091621278,-0.25419770274311304,0.005348071455955394,0.30716366227716196,-0.5760728092864155,-0.6232881275936961
400,1156,0.37401695715007494,0.47857040514690535,0.2076386368961964,-0.17777531780302536,-0.0194731568917631,-0.006331929937004946,-0.3385312473401427,0.4925309745594858,0.058128127828240506,0.459476706571877,-0.7179124066606164
1618,1946,0.28383057087848584,0.47874312479625825,0.207713575237914,-0.21335231885313977,0.05527774244546879,0.3336847145110369,-0.443653918802738,0.09776173532009122,0.4124327041208745,0.13289028126746416,0.3006847109645606
658,1752,0.3498926701241955,0.4787787861035961,0.20772904770584333,0.33535924926400196,-0.04574769642204024,-0.07714883051812654,0.5611580330878496,-0.3580475514754653,0.09270756039768469,-0.3997492464259267,-0.49739107955247186
1318,1634,0.3100887100305714,0.4790515499400194,0.2078473924897673,0.28893056977540243,-0.14198584388941538,-0.15893004834651947,0.5104496385902165,-0.11384000070393085,-0.5381672456860541,-0.0377222066745162,0.2752728136256337
1954,2036,0.39500109104851977,0.47906702579680416,0.20785410704163476,0.2356029814109204,0.10093276575207699,-0.243056452833116,0.5782202379778025,-0.2812273744493724,-0.14342258311808118,0.0038732877001166205,0.8303142469376328
1090,1822,0.3389589935501916,0.47930740844971226,0.20795840251382972,-0.33195803128182877,0.09816606063395761,-0.19387515634298347,-0.055078424513340024,-0.7180381845682858,0.21661535557359468,-0.24397529568523169,0.3696845732629299
228,2036,0.34991157500994147,0.47959658655516124,0.20808386900107984,-0.04725851397961395,0.03858556319028128,-0.28016793634742504,0.23343164846301065,-0.3603515038266777,0.29431634861975914,0.2601602543145418,0.7474219594150782
294,2042,0.2575019575930036,0.480139352013279,0.20831936011934762,0.15889111254364274,0.1801878632977605,0.15296924859285382,-0.0759481042623521,0.01247084606438853,0.0633734930306673,-0.27622723393142223,-0.6025803694501519
491,629,0.3380588381202848,0.4802701714723209,0.20837611911209522,-0.2865784503519533,0.051917685195804114,-0.1142447432503104,-0.3446397893130781,0.07680056802928437,-0.1889713015407325,0.56897765211761,0.5764330625534058
1064,1324,0.3019881626002027,0.4805346020567121,0.2084908483254067,-0.19697515480220337,0.04614946898072958,-0.040263522416353115,-0.38189378846436745,0.19615605100989342,0.2194226598367095,0.1025885883718729,-0.6663586739450695
1706,2036,0.3005761869986015,0.4807081617467257,0.20856615113783927,0.34522487781941924,-0.08854387700557731,-0.05320260301232338,0.7204881710931657,0.07201378606259823,-0.08159417379647493,0.1265775915235281,0.21435698308050627
306,612,0.3356457610219083,0.48117108272059145,0.20876699991363148,0.2676463257521392,-0.0038466500118374825,0.08431523479521297,0.24503097962588083,0.5037643611431122,-0.3872691709548235,0.5662989877164364,0.19497573468834162
1123,1725,0.33084463637342176,0.48180406419121047,0.2090416332974061,-0.22923150472342985,0.10104112233966583,-0.020864918828010337,-0.29553921427577734,0.2217691857367754,-0.007658596150576846,0.18642418645322323,0.8007096983492374
126,924,0.3870803091810995,0.48254678201123874,0.20936387828809216,0.5894516920670867,0.024456058628857025,0.10892418771982171,0.5779410572722554,-0.038617520593106774,-0.2584709310904146,-0.09848179575055838,-0.6532383840531113
34,1238,0.29214278396211174,0.4832552869371949,0.2096712792378325,-0.2421086700633166,0.0484929541125898,-0.1308487448841334,-0.31943356338888396,-0.6024725362658501,-0.1770619014278052,-0.32706421148031944,-0.036834864877164364
539,1653,0.41426197272714044,0.4838096417571101,0.20991179866386908,-0.3456404041498903,0.12002757191658031,0.018163683824241272,-0.7031835308298467,-0.15231911279261107,0.5765383038669825,-0.02898831758648157,-0.6227319659665226
626,1646,0.320832673028362,0.485388170272172,0.2105966791028687,-0.36899333726614736,0.05271782260388136,-0.16416577715426667,-0.39157585334032785,0.11255665589123964,-0.362967978231609,0.39661690779030323,0.4500353364273909
1527,1557,0.30753103048738184,0.4866709754840088,0.21115325327194492,-0.45669067744165626,-0.03410724271088833,0.11380831152200716,-0.5783075084909797,-0.0385353872552513,0.25848134513944365,0.09848157223314047,0.348546827211976
182,1350,0.28951356202492895,0.4867177312807085,0.2111735393360001,-0.060880676843225845,0.03316519036889076,0.15947522036731265,-0.2980614490807056,-0.030944075435399898,-0.05163788422942184,-0.3963971184566617,0.6250686189159751
30,1460,0.3707995489374989,0.4867433498222863,0.21118465452196913,0.6352909905835986,0.04831934627145518,0.18990887142717883,0.5397889297455549,0.532056400552392,0.10649411752820015,0.07932636421173811,-0.25662013050168775
816,1068,0.3766552062128525,0.4870984432744502,0.21133871987909345,-0.3149633314460518,0.07540459372103203,0.009072765707969568,-0.32236979994922904,-0.6537888878956437,-0.5521169388666751,-0.3122645178809762,-0.3102880045771598
243,723,0.2793319398327488,0.48729341628150635,0.2114233133453448,0.03909829910844581,-0.0066138086840507315,-0.2597656026482583,0.32305040769279014,0.3191052069887521,0.25830361992120743,0.40870842058211565,-0.33942162711173285
23,455,0.32133297493173957,0.4872937280550032,0.21142344861535567,0.0883451765403152,-0.1199040822684767,0.2359302993863821,0.023696983233094437,0.6419118456542491,-0.1364456107839941,0.4022219693288207,0.3939312109723688
22,436,0.40287772062796445,0.4878369191312225,0.21165912439770107,0.4660106915980579,0.05876138899475336,0.07503098621964444,0.6949697174131872,-0.6656152075156568,0.38069748319685454,0.01106568425893784,-0.033994295634329375
800,1384,0.331150375359026,0.48816845288792404,0.21180296784599256,-0.2205180861055848,0.04742481559515033,-0.16797921620309353,-0.1538792559877038,-0.3841598117724059,0.3380523892119527,-0.27190149761736393,0.6623615203425288
1501,1599,0.351357570094191,0.4886025145522957,0.211991295355069,0.5123031949624417,0.026409120298922006,0.14797101169824622,0.5469351978972554,-0.05424657370895147,-0.22577436920255434,0.026213250122964382,-0.5906163807958366
1736,1944,0.29081309429005053,0.4888492739820815,0.21209835753670617,0.03129687346518026,-0.0490943659096954,0.007333057932555953,0.041044576093554275,0.17833260260522366,-0.6409821966663002,-0.2814329918473959,-0.38676173798739916
160,338,0.36921904482528195,0.48937027024048463,0.21232440359337704,-0.5076581593602897,0.11043917201459408,-0.2875773217529058,-0.4244549302384259,0.06444406043738123,0.005593772046267764,0.12610370200127363,-0.7332931421697141
1329,1905,0.2544375922579891,0.4898061872237641,0.2125135360746893,0.015164122916758282,0.09489101171493525,-0.06803322210907918,0.1185987414792179,-0.5644326452165842,0.3526798123493789,-0.17158366832882166,0.13255661074072123
586,1272,0.39447626321896656,0.48990924182450135,0.2125582486532208,0.4948863675817848,0.03191736899316333,-0.2695958530530335,0.8537546545267104,-0.26523212715983363,0.07441670726984717,-0.20347670279443253,-0.2830076189711691
53,497,0.40302341088363536,0.4901923242782688,0.21268107040357842,-0.281584645621478,-0.19716497417539325,-0.04578004498034688,-0.3391784718260169,-0.5756572522222996,-0.37556927464902407,-0.4424398113042116,0.629233367741108
1565,1941,0.4481857587792027,0.490644420303779,0.2128772225297307,-0.07306725159287497,-0.1703185085207224,0.0738014075905078,-0.02391117997467518,-0.7964333910495043,0.3708264539018273,-0.7511830497533083,0.4801081186160445
1285,1657,0.4346819420795757,0.4910596598668912,0.21305738364279309,-0.1309289634227756,-0.13129972666501993,-0.0706194899976254,0.03738322947174305,-0.36224161740392424,0.8536406522616744,0.10577859170734882,-0.7744094738736749
537,801,0.29113415082771266,0.4914222328464555,0.21321469416271338,-0.10078852530568849,-0.08690517395734787,-0.19278109353035733,0.04694207385182386,0.14684230741113424,0.33336659241467714,0.32210066542029386,0.620120164938271
206,298,0.38338696083765145,0.4916818930928212,0.21332735365655514,0.2593279192224146,-0.07935743033885945,-0.20589166972786174,0.6281768418848516,0.6427358062937856,-0.04341052658855926,0.49931501876562834,0.03207989502698183
1747,1772,0.3170457227653136,0.4917529416129838,0.2133581796702856,-0.022936258465051873,-0.12769133225083334,-0.18365143425762684,0.29763353057205677,-0.7021170305088162,-0.0701121613383292,-0.3849901268258691,0.1374691566452384
745,855,0.36765742588768113,0.49342850572885494,0.21408516120802795,0.5444260286167264,-0.16096361633390197,0.17869882937520754,0.48025336302816857,-0.34453781228512514,-0.07660314254462708,-0.6016964605078101,0.09938478562980901
1570,1604,0.3138336588705399,0.49348825810837144,0.21411108613464414,0.30727299209684167,-0.006031818687915913,0.12882997747510677,0.2597953611984849,-0.03187514375895262,0.2567913383245468,-0.44554989971220504,0.5864436263218521
187,2045,0.32100311430089307,0.493519232006124,0.2141245248634906,-0.3453120794147253,0.06326213385909804,-0.09961102157831195,-0.5967398500069976,-0.10651381965726625,-0.4694695984944701,-0.25140403490513563,0.20032417401671399
745,1641,0.2688016030874112,0.49400522570168165,0.21433538426348786,-0.0040172962471841656,0.13333960529416816,0.16786572989076376,-0.15839894767850637,-0.46018902119249094,0.23413325566798449,-0.35755718499422073,0.33545527048408996
893,1713,0.41356865867890963,0.4943154080029859,0.21446996389804002,-0.3273829333484175,-0.085130757652223,0.050401902757584854,-0.3811444891616701,0.5025007138028741,-0.1719569228589536,-0.022433540783822536,0.9074660129845145
1048,1368,0.2559425557457174,0.4949120648423336,0.21472883701573503,-0.021289529278874675,0.06213189009577047,0.38241186644881964,-0.45155106019228713,0.14714618399739277,0.16141014453023672,-0.24184857681393623,-0.2518053911626339
453,1497,0.3666578012270326,0.49520372063974977,0.21485537850590464,-0.18046033848077025,0.07225598674267542,0.30457619857043017,-0.3915738845244052,0.1061937315389514,0.3868823004886508,-0.6702623050659894,-0.42592644412070524
109,1401,0.29039070080400026,0.4955426138252369,0.21500241500948108,-0.31453377939760696,0.01954365242272621,-0.02101088874042034,-0.2215273315086962,-0.4760972587391734,0.07466865517199073,-0.46239877212792646,0.2823617747053503
361,937,0.28410094641635575,0.4969804232536504,0.21562624127751082,-0.006889512762427108,0.10397761501371894,-0.1909220786765221,0.05005440022796398,-0.15188222378492344,0.04596050921827566,-0.199478417634964,-0.7286419365555049
1441,1629,0.3739778015341666,0.49759276759764093,0.21589192077530228,0.3717156099155543,-0.0021047648042440414,-0.18588651996105915,0.7308817645534874,-0.42820877861231554,0.08014431875199057,-0.2938476214185357,-0.3685430735349656
602,750,0.3965073057698138,0.4977285849146054,0.21595084820219312,-0.14994495455175605,-0.03414007835090116,0.18587992899119826,-0.33516497351229196,-0.5264186272397637,-0.3649829449132084,-0.7802869183942676,0.2608286989852786
168,1026,0.2923553299876963,0.4979570027869796,0.21604995248267603,-0.3637187508866193,-0.04702040180563938,0.16748123522847846,-0.6865864703431724,0.07693670690059662,-0.040187761187553184,0.06089184246957313,0.19641229324042808
211,1001,0.43487048575706805,0.4983792232019143,0.21623314239681182,-0.3437157822772865,0.08815253246575588,-0.06016971264034521,-0.4153854371979832,0.6273218346759676,0.0358537370339036,0.4310814766213298,-0.7938340110704303
959,1204,0.3082181560791474,0.49850113059003875,0.21628603468523064,-0.27193749975413106,-0.12740494124591345,-0.09806942567229293,-0.2999766832217572,-0.5164684345945715,-0.12901035137474548,-0.22337825130671263,-0.4867449542507529
30,954,0.35576784055955935,0.4988965805090846,0.21645760961186275,0.25692726485431217,0.20103107392787878,0.02026468235999357,0.2536119436845185,-0.10190210957080115,0.4085439080372453,-0.673001954331994,0.45955137722194195
199,1772,0.29001910991312063,0.4991656195780093,0.2165743383208313,-0.32643179502338193,-0.20897815562784627,0.011487008072435634,-0.5346013521775602,-0.01034894213080395,-0.2466965597122906,-0.3687638724222779,-0.19943781662732363
306,674,0.2846653184254827,0.49933001566046575,0.2166456652940524,-0.026375219225883595,0.08124197646975506,0.20606549642980054,-0.10866596270352591,0.07588115520775318,-0.5325499251484872,0.4652861598879099,0.284339539706707
329,1813,0.32725724769063697,0.4993665563312354,0.21666151929377384,0.08618383482098624,0.051919386722147465,0.35685126390308153,-0.241694174706936,0.4504210622981191,-0.23518647626042366,0.47108893375843763,0.42518193647265434
284,1954,0.30604144659294613,0.49953252817111204,0.21673352994513154,-0.17542898654937739,-0.11057624500244811,-0.07249945029616367,-0.1410096203908321,0.23437374830245994,0.012038969434797736,0.30720902141183615,-0.7291743578389289
1064,1994,0.28080559456563714,0.49962584001180144,0.21677401540599298,-0.37948120292276166,0.026340457610786183,-0.11184249073266983,-0.45318591874092823,-0.1020064065232873,0.2726578200235962,0.09676965419203043,-0.41727242060005665
1614,1890,0.3863218629774808,0.49976549449143837,0.21683460767303747,0.344551797024906,0.03641784470528364,-0.24902022443711702,0.47142698895186186,0.09126024041324876,-0.32274906523525715,0.47389908600598574,-0.6727438159286978
1425,1970,0.25593732142834313,0.4998917985696702,0.21688940756529249,0.3390485569834708,-0.1646925080567596,0.11064765509217983,0.4287609616294503,0.041029484011232964,0.16724646836519252,-0.39484749361872673,0.017763587646186338
1222,1398,0.44549272847437404,0.5000696716003363,0.2169665818185077,0.045879012905061245,0.11251851078122821,0.09472935833036922,0.08175702113658212,0.29486205894500017,-0.7715533524751664,0.9315434070304037,0.0852975929155946
49,681,0.2823551932653657,0.500260966453971,0.2170495794343794,0.13747024443000577,0.14705946296453493,0.15371063817292485,0.02645611111074664,-0.27061582170426846,-0.4067588848993182,-0.5174173386767508,-0.25794919207692135
583,655,0.4295753996704245,0.5010428913313943,0.21738883529716846,0.022991435602307334,0.14779864158481332,-0.19827825482934713,0.5371049428358674,-0.6765451338142155,-0.29104419797658937,0.02495468594133854,0.7635891446843744
1324,1792,0.36218349025117397,0.5018817417282305,0.2177527895891298,0.4081648048013448,-0.13520470820367325,-0.04509774129837729,0.7697145463898779,-0.21063904371112585,-0.02548467554152012,-0.32976650446653366,0.3409951785579326
34,222,0.29657384347486965,0.503172087179281,0.2183126352622008,-0.38045746833086,0.15759784821420963,0.019804701209068576,-0.353020324371755,-0.5120354248210788,0.2771416837349535,0.08498316444456577,0.25067486334592104
1249,1569,0.31824889778540255,0.503216322510759,0.21833182776518878,0.008796656504272637,0.11966186948120619,0.1909139929339289,-0.052011399529874325,0.1291230246424674,0.45037429872900236,0.1906583607196808,-0.7077067401260138
365,1915,0.2883717014487114,0.5033972147671165,0.21841031197802602,0.24933159351348883,-0.13922832999378423,0.07567533012479499,0.5029633743688466,-0.027920306660234817,0.36468117870390426,0.025757216848433018,0.4365557041019203
394,1094,0.3531252719382499,0.5044901560363576,0.21888450936447568,-0.1745626218616959,0.07212215941399325,0.07371391076594558,-0.3825497953221201,0.501401006244123,-0.35943033918738365,0.022471806965768337,0.6550036184489726
437,1311,0.33555291968921913,0.5056308111598188,0.2193794084899898,0.6206982163712385,-0.07778218761086475,0.16162221971899338,0.6845109192654492,0.05203060805797577,0.055362775921821705,-0.06382105313241482,0.07019588537514188
334,954,0.3784037632621922,0.5057412363358746,0.21942731895998266,0.22572188451886144,-0.18735787458717856,-0.0036700237542389713,0.1735628033056857,-0.15916282590478648,-0.2630663439631461,-0.9545570351183413,-0.1536507941782475
870,1146,0.25515443082216505,0.5057546433987187,0.219433135918624,0.1538019236177205,0.018345410004257823,-0.010675862431526184,0.3026988403871656,-0.09133512247353781,-0.4800934018567204,-0.28883071523159737,0.28782487660646433
756,1036,0.3560684284288347,0.5060018405207017,0.21954038800295939,-0.13672825228422908,0.15229675732553039,0.05756975617259741,-0.19064219575375335,-0.2502268962562084,0.42955998424440606,-0.19376830756664276,0.8050147378817203
279,617,0.3114370241313404,0.5061128650534706,0.21958855851747144,-0.5639495598152275,-0.009351822547614519,-0.35795891657471685,-0.40718859899789084,0.20414089690893877,0.15941482130438087,0.28530478198081244,-0.12407677713781595
127,167,0.35095770997669656,0.5061234815913151,0.2195931647434789,-0.13588591106235978,-0.07257760316133532,-0.05169930402189493,-0.0952885933220387,0.8074543215334414,0.254426645115018,0.46633079275488853,0.12532151769846678
30,1614,0.3211254637744903,0.5062318730694783,0.219640192847463,0.03339626360684633,0.09508689865469933,-0.06959799490869034,0.15513463225215685,-0.07450677733868372,0.5425672028213738,-0.4827877376228571,0.502882307395339
199,1747,0.42616102266701056,0.5073500695946298,0.22012534780014598,-0.30349553655833006,-0.08128682337701293,0.19513844233006247,-0.832234882749617,0.6917680883780124,-0.1765843983739614,0.016226254403591128,-0.336906973272562
153,1437,0.31063135697938404,0.5076343434023372,0.22024868644646184,0.2741906363517045,-0.09949519112706207,-0.10094737634062767,0.47138986364007024,-0.19607399683445703,-0.6347314082086086,0.001429063268005848,0.11456495989114043
286,1318,0.2517316930401582,0.507950028148384,0.22038565344160638,0.07928283046931006,0.02604839578270901,0.25834168866276747,-0.12508274242281892,0.09757374599575996,0.6338393986225128,0.0290939062833786,-0.07403297256678332
735,1653,0.34228765260870897,0.5083138055663909,0.22054348653449352,-0.6304829148575667,-0.047157730907201434,-0.1450186232104898,-0.6903708251193167,-0.0534381419420242,0.011226579546928461,0.06310441903769969,0.18151590414345276
776,1070,0.40837983031662495,0.5086073677808048,0.22067085516696552,-0.679521042853594,-0.09743927791714668,-0.11850721016526239,-0.7164462506771089,0.2342044562101363,-0.16447007656097404,0.10959133971482515,0.4916277471929789
689,1123,0.29553488822283625,0.509457039258951,0.22103950443076129,0.5349829001352191,0.0511484527960418,0.07388044986873837,0.5411650324240328,0.12277093995362531,-0.18994880095124256,-0.06938288547098637,-0.23583669122308482
11,1001,0.42933224358452987,0.5096912934321955,0.22114114092289833,-0.44980327133089343,0.028285947628319374,-0.13530472666025184,-0.5780645618215203,0.08549144770950076,-0.25665515009313833,-0.03622569981962441,-0.9189816992729902
11,387,0.47524307082126976,0.5108754294245593,0.22165490521068096,-0.07488209381699568,0.17623905278742322,-0.05024183727800857,0.02289646305143833,-0.734843311831355,0.6296155126765368,-0.748740630224347,-0.519719992764294
708,1706,0.4199308437922408,0.5113224113019424,0.2218488384475443,-0.43157406337559256,0.09707829356193542,-0.017980578355491328,-0.7964349994435905,-0.17581444419920433,0.6351315919309855,-0.029001728631556034,0.38115478958934546
328,682,0.32904919833264534,0.5116842125015891,0.22200581411322295,-0.4955092435702685,-0.030292480252683274,-0.10495779663324362,-0.4220575103536247,-0.11772868130356079,-0.22576264198869478,0.08901725057512522,-0.5981959458440542
132,782,0.4270580968900549,0.5123671910038483,0.22230213984442854,-0.640891682356596,0.1306737614795569,-0.19197036139667067,-0.6855357242748141,-0.025811905041336902,-0.24960643704980612,-0.12239050958305597,-0.6681693280115724
1426,1982,0.3535665406246298,0.513346617220755,0.22272708614790185,-0.46683580242097433,-0.13813168369233642,0.046701994724571705,-0.6989161716774106,0.3357589757069944,0.017463097348809242,0.30063510686159134,0.26262702140957117
1074,1800,0.34047388148268903,0.5136683885537916,0.22286669394701655,0.34367024805396795,-0.03681478556245554,0.06008575763553409,0.6458943570032716,0.37767279427498573,-0.028110633604228386,0.44107657205313444,0.22169762197881943
1713,1847,0.5914745313608758,0.5142895474791815,0.22313619785109579,0.7253606319427488,0.03956996649503662,0.02675271313637505,0.8199881287291645,-0.9234754238277673,0.3914982182905077,-0.6564054545015097,-0.4012244613841175
1107,1739,0.31337648384206895,0.5146619271769252,0.2232977632383737,0.13747024629265042,0.16684239357709857,0.1089848103001716,0.10249543655663709,-0.29209829308092605,0.3415361838415267,-0.6694551454856993,0.25764809176325804
774,1868,0.335965714882345,0.5146886828394884,0.2233093717901022,0.33633626624941826,-0.01675229053944316,-0.08104845322668547,0.43884197063744074,-0.4193573808297515,0.15715546812862147,-0.38096973206847906,-0.4947054190561175
286,1402,0.34952692225609816,0.5147673835271217,0.2233435178704432,0.24581404961645592,-0.04165066964924358,-0.24590097460895816,0.6070650778710843,0.061448909342288915,0.18762635719031107,0.09724009223282337,0.6616363637149335
1271,1899,0.3984409908235143,0.5153458685874625,0.22359450674919992,-0.14593096356838947,-0.03725829627364906,0.13409566227346692,-0.39858773536980147,-0.5725067425519228,0.6917943600565196,-0.506444257684052,0.08760557137429725
1548,2000,0.3469509286864646,0.5157698069855174,0.22377844204932168,0.40268656238913547,-0.010788115672767384,0.0899472208693623,0.4056186815723775,-0.17215620726346959,-0.28829914052039385,-0.5386016052216291,0.4746197042986754
1156,1706,0.40302337737646754,0.515914176490624,0.22384108003722758,-0.4155261097475891,-0.1327140862122177,-0.16602971311658632,-0.5810455894097685,-0.4915991062298416,0.48087988607585413,-0.003216140903532505,0.520617357455194
1198,1212,0.5208216553697377,0.5160229362118015,0.22388826791180494,0.44326398801058503,0.1462244223803284,-0.11898114345967771,0.7522059800103307,0.8598249647766352,-0.16807357408106338,0.7742127114906906,0.07248214259743702
1518,1614,0.32032749632901547,0.5160747524348054,0.22391074955671636,-0.030662024393678045,0.06587517261505182,-0.16608563810586963,-0.04966494161635637,-0.35593227948993456,0.4931266289204358,-0.6330968299880624,-0.12195753213018176
216,664,0.2651788529082887,0.5163464611965725,0.22402863657254374,0.015057363547384461,0.0906791090965271,0.1976680792868134,-0.13433093298226606,-0.3105110730975868,0.6202284386381505,0.047135875560343266,0.11691648606210947
1150,1898,0.38996342576218807,0.5167533861973355,0.22420519022393695,0.32506157737225316,0.16179522685706615,0.1364338751882318,0.21471925918012852,0.8262505661696196,-0.12967066001147043,0.14678165689110756,0.5467734150588511
132,492,0.2812095652452986,0.5168759888441252,0.22425838416611454,-0.19694791082292828,0.005880712531507015,0.08002300653606625,-0.27451705653220426,-0.45802777353674157,-0.41648280806839466,-0.3521069111302495,-0.0694085787981748
1228,1531,0.3095321654458849,0.5170240778023499,0.22432263592321122,0.2107138959690929,0.18631170690059656,-0.002540127374231871,0.346833772957325,0.38641260843723996,0.14943091291934263,0.33332432061433787,-0.5332160638645291
1154,1840,0.3857477407479773,0.5170308523248223,0.22432557520361104,0.47618430014699725,0.0800784211605784,0.031233621761202646,0.7132162302732468,-0.4961375286802649,-0.41109172627329826,-0.07576059363782406,0.16341683547943808
472,1979,0.35953369358134907,0.5171765349840919,0.22438878293326758,-0.07499668002128601,0.06990133505314605,0.07277199346572152,-0.0708987321704625,-0.09742883592843998,0.833340499550104,0.02703683450818062,0.5555204460397362
306,1040,0.5541663942389441,0.5173732304616433,0.22447412373245446,0.4709984501823784,0.05152195878326882,-0.09478123765438817,0.8539532078430058,0.8420209418982267,-0.3570897104218602,0.6860954016447067,-0.4322618367150427
172,188,0.3616323388601144,0.5175145481574988,0.22453543762362108,0.013415314257144761,0.10756046045571566,-0.1232113968580961,0.379318100400269,-0.23442522995173942,0.42726503871381294,0.523468742147088,-0.6032254714518787
538,574,0.2822302314419423,0.5177290377707201,0.22462849881260957,-0.26797044835984685,-0.14495476800948348,-0.0630813026800745,-0.2665446130558847,0.23748901393264554,-0.5149596100673081,0.3638459872454405,-0.12416749447584163
249,1677,0.269495542078028,0.5178001088531707,0.224659334615501,0.29652586486190613,-0.05780618358403441,-0.16466214787214994,0.45380474627017986,-0.3218991588801149,0.03402860928326856,-0.11830219253897667,0.37138772197067726
188,1928,0.31003742084608743,0.5181898665414971,0.2248284398385853,0.22065934631973522,0.01057441718876384,0.2807760778814553,0.02895476017147297,0.12503978796303272,-0.3173167277127505,-0.6220574080944061,0.37044486217200767
951,1133,0.30083497586462404,0.5182110976577283,0.22483765144044496,-0.32956987246871006,0.027682133950293286,-0.11132224276661887,-0.3280407106503845,-0.2779530091211202,0.37333150859922165,0.06926197465509176,0.5226815463975073
132,860,0.35789975625459886,0.5184581193442218,0.22494482740810964,-0.11519640404731041,-0.04049202892929282,0.2492707855999469,-0.5258993916213512,0.05634383298456669,-0.5594327356666328,-0.33826328720897436,-0.49046947807073576
152,837,0.4193659463271066,0.5190716425741668,0.22521101839234076,-0.5281815128400921,0.08818673063069588,0.046413054689764865,-0.7509424714371563,0.6186964232474563,-0.09327362570911668,0.3531601447612047,0.19471434783190483
1115,1501,0.31503254680198595,0.5195219788813301,0.22540640702473133,-0.25747275352478016,-0.022968403995037162,-0.012279744260013103,-0.4458725387230514,-0.3919540736824274,0.10828723292797804,-0.5943269673734903,0.09804335888475185
792,1736,0.26780133650538757,0.5197614246333934,0.22551029600122108,-0.03776725288480512,0.18073983024805773,-0.0894902143627408,-0.13681091833859682,0.2663229713216425,0.37359241768717766,0.5410938393324614,0.09818200767040258
998,1964,0.34393944638650004,0.5197853218998435,0.22552066437289198,0.3988355211913589,-0.014802877791225577,0.07910115085542223,0.4381114561110736,0.39158623572438955,-0.21784721221774817,0.38018861692398787,0.49348417576402426
403,959,0.3518265941249383,0.5198048181531149,0.22552912326506397,0.4004896339029073,-0.12699372135102743,0.04851571749895811,0.7384665487334131,0.3044059993699192,-0.04119383729994308,0.16948772221803665,0.3781052967533469
474,782,0.33668650771555647,0.5200746640913476,0.2256462020526029,-0.17068877257406667,0.04003373812884081,-0.24813512153923506,0.10917196981608868,0.046675041317939814,-0.08797157555818552,0.004675053991377354,-0.8903348287567496
626,1077,0.37678803477995815,0.5203372603252815,0.22576013539131692,-0.09486685506999493,0.17542561888694735,0.14149054326117033,-0.19563727546483278,0.33881764952093363,-0.31767262425273657,0.38291809521615505,0.8217948870733383
222,582,0.31411033390150084,0.5214391076632077,0.2262381968778906,0.1374702462926508,-0.15914622694253966,0.1002414552494883,-0.030238379724323805,-0.30750964395701874,-0.40953282732516527,-0.6428460134193301,0.24208221957087522
682,2042,0.28078424411907643,0.5214645552827689,0.22624923790546173,-0.03012757562100854,-0.0033343834802507244,-0.0865126820281148,-0.10260318126529477,-0.6807140959426762,0.17527100630104553,-0.3220356097444892,-0.11827572900801897
1020,1794,0.3954039872391466,0.5220399139101102,0.2264988703102715,-0.18958465848118095,0.0486370129510757,0.1199672743678093,-0.2599266879260541,0.9276980664581062,0.33269608952105045,0.38466416113078594,-0.10590404085814953
488,1060,0.27487693290858145,0.5225017832926178,0.2266992628292751,-0.07934783771634094,-0.07190900761634134,-0.06498646270483721,-0.3674439983442427,0.4976174244657159,0.20319554582238175,0.02048816625028846,0.40548984333872784
1068,1954,0.29533839348921653,0.5225334450483083,0.22671300000090674,-0.13595611229538895,-0.07103593926876772,-0.003271308727562483,-0.08847746346145846,0.22441584244370483,0.5859119705855848,0.4125135689973831,-0.3203221019357446
1193,1527,0.36201240629409304,0.5225443742917905,0.22671774190135552,0.5912880990654232,-0.02616403996944444,-0.053269293159246334,0.7677925592288374,0.056419165804982296,-0.08333331812173106,-0.12314804829657078,0.2836928758770231
1104,1736,0.44928796595696296,0.5228109850097655,0.22683341701512538,-0.13648605439811953,-0.15054803341627154,-0.12662615347653638,0.09866024088114511,0.23719905503094185,0.6528114574030042,0.7007073285058141,0.7578913383185863
812,1012,0.3862307331985734,0.5229003527599034,0.22687219124274485,0.10416339896619325,0.05109507590532347,-0.04193381313234562,-0.02971119806170447,0.8973596356809138,-0.27694921009242535,0.5288013033568859,0.12532164435833704
445,1946,0.35809774196596755,0.5230984634946819,0.22695814608341514,-0.10210047662258159,-0.08524525631219176,0.15879692696034944,-0.12896285578608513,0.5122670084238052,0.5250148326158524,0.5596178714185953,-0.33926770370453607
30,1854,0.3638108117070751,0.5233393123669656,0.22706264383547237,-0.0352870216593143,0.0727165723219515,0.154250443913043,-0.10643973760306813,-0.06624682061374176,0.8048856211826203,-0.18976593669503927,0.5735593670979142
156,1060,0.35903046604986266,0.5234443011077219,0.2271081955845685,0.09900972992181806,0.18862452171742894,-0.010459293611347453,0.06905045732855786,0.6896902974694966,-0.20206654258072398,0.6663466403260827,0.14297575317323213
1518,2010,0.35215819141278404,0.5236030311300782,0.2271770642089592,0.15402203146368254,-0.0678825769573449,-0.0121125364676119,0.1423169551417231,-0.3238516254350544,0.7697368199005722,-0.45183970406651497,-0.20459156669676296
22,850,0.3325316354638913,0.523775424287424,0.22725186089470603,0.2735157283023004,0.1405134992673991,-0.028072640299796975,0.4908650312572719,-0.37224400974810123,0.6009094789624214,0.04016654845327139,0.21692326571792359
28,1344,0.26473161468004974,0.524769444044732,0.2276831389370496,0.35442134086042626,0.10387457348406304,-0.062240142375230456,0.5609557107090951,0.21149614360183477,-0.10398618876934057,-0.10701527632772923,-0.1967664817348122
1048,1140,0.32262226335431154,0.5251894424811728,0.22786536479536262,-0.17858542781323203,0.03236759267747402,0.13143878150731336,-0.4273897092789413,0.11154237855225813,0.608176683075726,0.25049858447164297,-0.39336032420396805
1641,1713,0.41343977353947436,0.5253597822535289,0.22793927057340663,-0.13794823177158833,-0.07341871410608274,0.04400893393903961,-0.024851519614457973,0.9950316809117793,-0.22323437221348286,0.5337147526443005,0.12534790020436049
700,1430,0.3033356698800863,0.5255057047357672,0.22800258235570367,-0.35323276091367006,0.03712171968072642,-0.07900981884449731,-0.2902475232258438,-0.26671569421887387,-0.13139058463275421,-0.0028742458671331406,-0.6565467528998851
1775,1994,0.36679621404920176,0.5255804132667445,0.2280349963482319,-0.5408192221075298,-0.13224764727055993,-0.07375597301870573,-0.6617658277973533,0.007058500312268623,0.1358655160292983,0.24108790140599012,-0.4963207012042403
1123,1557,0.25789601616145674,0.5259268459783483,0.2281853040464097,-0.2741881888359781,-0.14809165801852958,0.01453894283622531,-0.4035901566967369,-0.07061604876071215,-0.027412863448262215,-0.08353849872946739,0.5090769799426198
329,387,0.250486541024551,0.5261406662242955,0.22827807481520734,0.34118345472961686,-0.005698049440980124,0.1046185912564398,0.4713634746149182,-0.036744041368365066,0.3287507556378841,-0.19120476115494955,0.07996512297540914
881,1289,0.4279402109532308,0.5264004332247127,0.22839078062671841,0.14217847771942638,0.07181407138705241,0.079186521470547,0.007249061949550939,-0.833888066932559,0.25381499622017134,-0.1387897739186883,0.8088965304195881
1225,1835,0.2679027055113756,0.5265617804261409,0.2284607847736762,0.394862330518663,-0.03211596515029658,-0.10301002115011205,0.5466927262023091,0.055254490114748506,-0.2586046094074845,-0.0968309873715043,-0.16863433085381996
1706,1954,0.28001445814498366,0.5268548849428584,0.22858795482360994,0.10962189640849884,-0.1894766427576543,0.18985384982079262,0.14226793311536312,0.35324116051197063,0.06182840932160624,0.12270430382341146,-0.6159572638571265
734,770,0.3414746470864205,0.5270069808463873,0.22865394508491027,0.34804674610495545,0.0030060699209567554,-0.06654789019376084,0.5318508287891744,-0.17208731919527076,-0.19650423992425214,0.42927911691367626,-0.5214321194216611
306,1052,0.4134831253736568,0.5277237718305126,0.22896494112913401,0.1489052325487138,0.15874480362981536,0.1301250774413346,0.2513014394789935,0.3102571684867145,-0.641267149709165,0.7676123632118106,-0.37891545426100515
583,1119,0.3030658643600782,0.5284406629319987,0.22927598061154808,0.12808771803975125,-0.033656879328191336,0.03468579426407803,0.44027690403163433,-0.2130435621365905,-0.6112746521830559,-0.12171269673854113,0.29723223112523556
1516,1908,0.38619130023587245,0.5284689252798112,0.22928824287288344,0.13743972685188033,0.16195400804281224,0.1009132089093329,0.04587769042700529,-0.26866029016673565,-0.3453537924215197,-0.6081170020624995,0.7579504363238814
210,816,0.2833295506305977,0.5285106964862752,0.22930636625928266,0.37930000480264436,-0.030323064886033424,0.10307677835226049,0.5468143196776509,-0.05525067541748285,-0.22578292433172456,-0.08877690974622965,0.354787914082408
1140,1154,0.2599073624247198,0.5294071197968178,0.22969529986713058,-0.26518192514777217,0.06218206603080034,-0.24827828817069547,-0.20685877837240707,0.3680379474535583,-0.14400466904044146,0.09859192091971637,-0.44258821569383144
1040,1304,0.2683382649581739,0.5298095150503542,0.2298698881848352,-0.08132542762905383,0.06056978926062573,0.18515414092689753,-0.22478743456304087,-0.3531799465417861,-0.43719219882041216,-0.11096879374235866,0.3908481262624265
222,522,0.2761654525603517,0.5307441455593807,0.23027539885329426,0.29625947214663007,0.19629898387938727,-0.2479586321860554,0.3595475312322377,-0.07783775031566598,-0.3964449390769005,-0.012720338068902493,0.3601234080269934
136,1464,0.294949553094897,0.530890576176246,0.23033893110133716,0.08625810965895683,0.22601796686649334,-0.07337847445160162,0.07987592555582523,0.07297671213746049,-0.4307965384796264,-0.08213384728878736,-0.6542289638891816
627,1925,0.35199948082340893,0.530938524557997,0.23035973459549616,-0.2293713036924599,-0.10960447695106255,0.18682753201574087,-0.3403073754161595,-0.5890598949044942,-0.35559527855366485,-0.23778088483959436,-0.49589494056999694
511,1687,0.5108195721653417,0.531505793347966,0.23060585704067071,-0.19246493279933918,-0.059215839952230176,0.23845264408737438,-0.7331015830859542,-0.05155410431325447,-0.8996471846476197,-0.7111989390105009,0.3671776251867416
822,1392,0.43055451551279716,0.5315797528285886,0.23063794604069426,0.6520750075578692,0.02683562971651554,0.24612300004810067,0.6701742485165596,0.47656995709985484,0.4868242787197233,-0.1056413259357214,0.2685304703190923
136,564,0.264287923335974,0.5316272365467039,0.23065854792998405,-0.1033481499180195,0.060820593498647435,0.048819798976182924,-0.1698909029364586,0.013842088170349598,-0.3323592860251665,-0.030037592165172093,-0.6337207742035389
1267,1531,0.27210489251269304,0.5327653519577701,0.23115234514360786,0.2033501407131555,0.06449284031987185,0.3138083787634972,0.017880624160170444,-0.16146846115589136,0.06232044566422701,-0.11122820060700184,-0.6369418688118458
48,120,0.40252722682666653,0.5330830756717149,0.2312901967912726,-0.03030292969197014,-0.12730721849948223,-0.1965331714600323,0.3478537211194634,0.11051785573363282,0.09183043055236328,0.6036123419180514,0.8570166677236558
201,1611,0.36808363641370534,0.5337967214686031,0.23159982822459763,0.4387519313022491,0.11495513282716259,-0.16516267228871612,0.6841977592557669,0.4230916751548648,0.10413126740604628,0.0882768938317895,0.4302540980279448
1341,2007,0.3085256154214851,0.5338763412449575,0.2316343730724495,0.368492849171162,-0.1610540645197036,0.043819020502269546,0.6656441064551473,0.2359111150726676,-0.21045408025383938,0.09844361804425716,-0.21246352232992682
1172,1540,0.2760277394101095,0.5344791617063085,0.23189592041750445,0.07228044606745238,0.057013631798326525,-0.3310281513258818,0.2788393013179302,0.3438727185130118,-0.4581033624708652,0.28702223394066095,-0.056882276199758025
789,1398,0.3272431840473104,0.5346289873304158,0.23196092566652776,-0.10673549771308932,-0.07045113574713513,0.0493039777502422,-0.0532452221959826,-0.09010449796915032,-0.5844012834131718,-0.012022826820611954,0.6966310488060116
682,1592,0.37155446920629154,0.5346621528192633,0.231975315266934,0.5515380445867779,0.019999279640615097,-0.005917293019592762,0.6581302117556332,-0.42940306384116395,0.1595110008493067,-0.1322281388565898,0.37328565679490566
227,1618,0.30424697649468,0.5352182415275201,0.23221658697979794,-0.10898256488144387,-0.10650637466460466,-0.10510849207639666,0.08223739918321371,0.4664995577186345,0.21834585536271323,0.5498761227354408,-0.3630946008488538
1656,2016,0.3283671068614745,0.5352744647279909,0.23224098069195012,0.13532008603215237,-0.01338282320648454,-0.3072174713015555,0.6444959277287127,-0.5003859847784041,-0.05639322940260172,-0.2562148869037628,0.12304086890071633
1331,1553,0.29059542926285675,0.5356892307299705,0.2324209363397623,-0.4113270156085489,0.13826490845531186,-0.15398011449724408,-0.3275673957541584,0.2714563598856329,-0.31531330198049545,0.4073459664359688,-0.13117349147796636
910,1326,0.33371505451507283,0.5357044357661992,0.2324275333899821,0.03263283893466029,0.10569513216614712,0.3809927115216848,-0.215823634527624,0.09282907284796216,-0.007259855978190843,0.4222372369840741,0.7071067979559305
1225,1821,0.3319148027559038,0.5358473614641988,0.23248954494939092,0.1676287949085239,0.03547035343945043,0.1054014908149838,0.06605865899473429,-0.34292848967015743,-0.5328237004578116,-0.3714233450591565,-0.5450251046568155
425,499,0.37311905890752767,0.5359442354490779,0.23253157592739263,0.32720449194312096,0.04938105400651682,0.03156305104494028,0.39937050081789516,0.24962089769542228,0.07194624096155167,0.024472910910844796,-0.8807170875370502
782,1970,0.4354245143762605,0.5361844859255661,0.23263581405184658,0.350542590022087,0.10969490371644497,0.17115323990583436,0.2707102820277214,-0.5058709420263767,0.04360420722514391,-0.30754546634852886,0.9627432385459542
187,1767,0.3305356100353765,0.5362007442683316,0.23264286810302426,0.1018082611262798,0.01842637080699225,-0.1381060341373086,0.2270248159766197,0.5754239363595843,-0.26309290900826465,0.46622793097049,-0.4183458499610425
365,655,0.3521226309104874,0.5367041251115181,0.23286127131182027,0.4104890162125231,-0.032253240235150055,0.11088102310895875,0.5470584658905864,-0.008379369042813778,0.2252669697627424,-0.16098181065171957,0.6588498633354903
660,1880,0.25476236327258384,0.5370130667449192,0.23299531265443152,0.17506201192736626,0.07142108958214555,0.07575687486678362,0.3665059106424451,-0.4976174244657157,-0.26555439457297325,-0.004856443963944912,-0.15890784934163094
1947,2015,0.41209566460946784,0.5371154694578001,0.23303974239661443,0.2665139287710191,-0.016242267563938872,0.1415499569848182,0.20843217335641379,0.4212175682187079,-0.12398834899067879,0.4655651394277811,0.9023638945072892
1276,1730,0.25082592614593,0.5373287786179128,0.23313229141921787,-0.19556731451302767,0.0566140376031401,-0.15147277433425177,0.04828895814716827,-0.07017531339079153,0.18955728039145436,0.5041977139189839,0.37617780547589075
954,1890,0.3808406240859585,0.5375836346223768,0.23324286648362344,0.12102079577744018,-0.06952633056789581,-0.33888290170580093,0.3729496775195002,0.11865557264536619,-0.1887257704511286,0.6641133027151226,-0.6294128857553007
1512,1808,0.4003888852943122,0.5378758846176106,0.23336966578000834,0.13604331854730817,0.07706237863749255,0.14947235491126798,0.1605105567723515,-0.622951659373939,-0.012324636802077404,-0.8789074355736376,-0.2218988742679358
1406,1446,0.25583935555428466,0.5385787741247543,0.2336746303527908,0.11252709291875396,0.05095735937356949,0.08294425066560485,0.033619362860918045,-0.4461882971227168,-0.2543009091168641,-0.47019169852137566,-0.12461145687848307
4,1193,0.4303003557632924,0.5388324741580482,0.23378470387285627,-0.5251046661287548,0.10763498488813661,-0.1894523790106179,-0.5730133205652235,0.11591693013906468,-0.3475671773776413,0.6546572744846344,-0.5166185004636648
361,1113,0.2887181141556005,0.5391247812234373,0.23391152793042388,-0.07087832316756237,-0.05420397222042045,-0.06724457349628216,0.03342054225504387,-0.11542713269591331,0.42786603886634106,-0.15254597645252937,-0.65848430339247
626,1046,0.26301853976466905,0.539127353782725,0.23391264409368448,-0.2559479558840395,-0.1804131269454956,-0.19631074834614975,-0.10509357322007418,-0.06658273935317982,0.4867060789838433,0.40510755218565464,0.01899997889995586
105,627,0.27528376279830374,0.5395831511285943,0.23411040212171833,0.317970081232488,0.17026516143232578,0.0842149145901201,0.28174720611423243,0.44369322806596756,0.42697102483361976,0.10251792985945943,0.0015811743214725893
1634,1700,0.2773533680788447,0.5400393339872314,0.23430832741322005,0.2782439570873975,0.08629383239895128,-0.1212922595441345,0.3533347845077516,-0.5724747683852911,0.1738758999854325,-0.1012576799839735,-0.15087150875479005
153,1739,0.531297003122778,0.5400948409576595,0.2343324103727052,0.5456233173608778,-0.09564377460628781,-0.1849974859505885,0.7261096676811577,-0.7071554241701962,0.0025360342115164913,-0.9398088669404389,-0.08114343509078026
1721,1749,0.3198563994258805,0.5404191290866378,0.23447311014088665,0.14758643228560653,-0.0909887496381993,-0.11660616751760267,0.3156502526253463,0.392730320803821,0.36019471753388643,0.24950239714235067,0.5735358372330667
306,1304,0.4704733569793827,0.5404778362084823,0.23449858155872777,0.3896730225533246,0.11209174804389455,0.09037290327250935,0.6291657732799649,0.4888409953564406,-0.7942819092422724,0.575126607902348,-0.041413710452616215
51,387,0.3739620171320464,0.5407748130400717,0.2346274317003951,0.07517587486654526,0.10964989010244605,0.09666734375059605,-0.06680365186184642,-0.22076674830168486,0.7285691946744919,-0.7089556986466049,-0.07162190321832884
645,1713,0.4411220395634834,0.5408590412596843,0.2346639760259958,-0.21997367031872272,0.08615279663354183,0.07652784418314681,-0.5223052026703953,0.9271458014845848,-0.597705053165555,-0.07336449902504683,0.0025014253333211223
852,1596,0.25933212574673536,0.5408918939311054,0.23467822990345857,-0.0557438218966127,-0.055013040080666986,-0.2499956367537377,0.04497755132615566,-0.29839770309627067,-0.020676000975072384,-0.2480042818933726,-0.562490706332028
116,564,0.4007156551938177,0.541016023052049,0.2347320861411086,0.014256753958762025,-0.09651595354080178,0.0688724555075169,0.13333849888294946,-0.5605407562106847,0.39539805706590425,0.04719506110996008,-0.8830459779128432
1119,1159,0.30227351978415135,0.541049663091678,0.2347466816361467,-0.15358619205653684,0.07245578616857512,-0.0751349562779069,-0.216358732432127,-0.538233008235693,0.2544844876974821,-0.5288322977721692,-0.12465391773730516
372,1040,0.40016618042913704,0.5413536457938732,0.23487857143385465,0.2507806457579138,-0.17766851838678122,0.025097943842410597,0.5303333280608059,0.8261350933462381,0.24626469891518366,0.16656505595892668,-0.36583327222615486
46,1212,0.36953507894524534,0.5418744745537859,0.23510454481750215,0.4494568761438132,0.0122443651780485,0.002009647898376127,0.4103504028171301,0.554510804824531,0.06608256977051497,0.13149570021778345,0.6267026718705895
175,479,0.2593122012497748,0.5420009022526847,0.2351593983453905,0.05632464215159423,0.10293482709675998,0.22134122531861106,-0.25351848173886526,0.05421322304755449,0.2389266649261116,-0.5897921370342374,-0.05505587626248587
1001,1813,0.34544277317532524,0.5422862632691172,0.2352832087018984,0.11992155760526713,0.20557054132223143,0.337295562028885,-0.11209662444889557,-0.3331696558743716,0.32233343087136745,-0.05022123549133539,0.7444785200059414
774,812,0.3659720332114867,0.5432950418594048,0.2357208901990505,0.390991372987628,0.23963905405253172,-0.01596173457801328,0.5323412660509348,-0.3770286375656722,0.2553115366026759,-0.26807371713221073,-0.546207845211029
776,1420,0.29279749623006535,0.543360418363757,0.23574925527993043,-0.2705322001129391,-0.03901317249983549,-0.061090625822544375,-0.2715528495609759,-0.1578435217961669,-0.5377093013375996,0.057544377632439137,0.4650839185342194
1068,1706,0.2800728977460855,0.5434182862407619,0.23577436257234163,-0.2455780087038878,0.11844070348888658,-0.1931251585483551,-0.23074539657682158,-0.1288253180682658,0.5240835612639785,0.28980926517397165,0.29563516192138184
745,1713,0.2810166450487373,0.5435927803781918,0.2358500708160037,-0.1419655280187725,0.05992089118808541,0.21187466382980336,-0.18325046729296435,0.5348426597192883,0.010898883454501629,0.17615756765007973,0.46080317068845045
625,787,0.28343412899078935,0.5439901180738677,0.23602246479739142,0.45738822873681784,-0.06013270001858484,0.09704032260924567,0.3973546233028171,0.3359272284433245,0.2820223281159995,0.26488804817199707,0.0015540635213255882
837,1261,0.2989511448182202,0.5444357758990946,0.23621582356416232,0.1677811788395045,0.04074277728796,0.18314385600388067,-0.014952869154512771,-0.433196684345603,0.007934771478176228,-0.5407990869134665,0.41377839166671043
1706,1800,0.40689984210329594,0.5446754474258552,0.23631981049813103,0.4796680193394426,-0.18363967444747686,-0.042064893990754915,0.6780172176659107,0.6773413354530928,-0.36947038583457453,0.05146687477827072,-0.036188679747283514
470,1886,0.4873863169491894,0.5459338869161878,0.23686581304567428,-0.1299865180626506,0.021300528198480495,0.14482689555734396,-0.37029841262847196,0.8808704996481537,-0.7413456104695798,0.04676143638789654,-0.6302417321130634
194,602,0.26247711106353816,0.54632293562636,0.23703461066248802,-0.12913131806999456,-0.09494300931692146,-0.13834442477673298,0.04189086612313986,0.22154308669269096,0.40593122225254774,0.4817727981135249,-0.24208314344286913
592,1736,0.357731401292436,0.5464385666453648,0.23708477980565035,-0.13547806255519407,-0.04298267047852311,0.23494306113570912,-0.4102629618719219,-0.27083411533385515,0.5983043704181911,0.04427800700068474,0.5888790274038911
224,704,0.26685182960827947,0.5465079844197441,0.23711489828329432,-0.03903529699891805,-0.014725829474627639,0.2871093973517417,-0.19232866726815712,0.2594769587740303,-0.24141404777765285,-0.4008617671206594,-0.4027620563283563
1592,2042,0.3976737592232536,0.5467860039645226,0.2372355233756265,-0.5816656202077864,-0.023333663120865822,-0.08059538900852203,-0.760733393020928,-0.2513110321015122,0.015760005451738834,-0.1898074708878994,-0.49156138580292463
142,662,0.29371166539987226,0.5469547583977866,0.23730874131830806,0.11932512745261259,0.04947344772517659,-0.10980458930134773,0.08413903135806317,-0.6531275175511837,0.20351173635572195,-0.3688740022480487,-0.22416332457214594
178,346,0.29187830079058136,0.5470424641572731,0.23734679445354556,-0.1921383719891312,0.18509233277291093,0.17562903277575964,-0.4881649436429143,-0.11064345482736826,0.23970137909054734,-0.519640950486064,0.03861608635634184
1590,1896,0.3512270984489794,0.5470838222950268,0.23736473862070548,0.5366100762039421,0.026072487235068942,0.0717973448336123,0.7873218869790434,-0.07152550108730804,0.0813773339614271,-0.1229468267410993,-0.21533449925482273
547,1641,0.37304484798104703,0.5471591761941769,0.23739743262086943,-0.41354486718773825,0.014375732280313858,-0.04981178604066362,-0.5614022333174944,-0.42442329693585634,-0.09455598797649145,-0.4334580609574914,0.4974516136571765
227,357,0.353498456013258,0.5474704847182666,0.23753250089274955,-0.31705784797668424,-0.022938139736652485,0.027851338498294465,-0.3199270078912377,0.3575569335371255,0.3914977116510272,0.5943327005952598,0.401446963660419
357,1618,0.3274988076438349,0.5474743950037889,0.237534197458912,0.20807528309524037,-0.08356823492795218,-0.13295983057469113,0.4021644070744514,0.10894262418150902,-0.17315185628831398,-0.044456577859818935,-0.7645415645092728
479,903,0.34524365928295514,0.5481092546534281,0.23780964573330124,-0.13815002515912042,-0.051122356206178485,-0.2141736708581447,0.17819769401103253,-0.03939838521182515,-0.18456838652491547,0.8623681692406535,-0.27372465841472166
1324,1775,0.38830993202487407,0.548208092490677,0.23785252877324567,0.3583131739869715,0.11243863590061653,0.0021770047023890182,0.5904736975207925,-0.30522095784544934,-0.08263035584241163,-0.2469068355858326,0.7454069545492532
366,2046,0.33233634515597577,0.5485713860472831,0.23801015193187725,-0.06313250027596928,0.012931481003761514,-0.25088727008551365,0.06114713381975889,0.22099025454372168,0.07933647278696299,0.7300777751952411,0.47391846776008606
286,1700,0.41815500057101146,0.5487724885471172,0.23809740481774921,0.64645735733211,-0.02964361570775509,-0.021880619227886533,0.7387016806751492,-0.588741023093462,0.2695480529218912,-0.1098859803751111,0.05036833230406035
1094,1956,0.369538968926913,0.5489528119507863,0.23817564222093093,0.5032626325264571,-0.03429034631699357,0.13715874403715134,0.5780636044219137,-0.02290376927703619,0.2590994453057648,-0.0360425328835845,-0.6450558658689263
1254,1966,0.25793100831893595,0.5491256422547671,0.23825062857267146,-0.032852532342075746,0.03039785102009751,-0.11712843086570529,-0.02178677823394537,0.606043940410018,0.1703709121793508,-0.056739019230008125,-0.3413141770288348
421,1397,0.5045771583953227,0.5496834268711626,0.2384926360937894,0.09492685366421927,-0.06850866973400105,0.0669971713796258,0.07064493931829913,-0.8396182423457502,-0.5594374015927315,-0.9418110931292177,-0.32964202109724283
490,1026,0.41472046631747367,0.5500390090986363,0.23864691351718023,0.05991600640118122,0.14567770808935154,0.009965656325220618,0.13298953510820877,-0.7445105612277984,-0.34886492509394873,-0.6119800126180052,-0.5318127684295177
1414,1850,0.26098977304246707,0.5501362639361264,0.238689109736735,0.15028416831046332,-0.060334187932312044,-0.20897700265049923,0.2675490602850915,-0.01777126733213663,0.11240389756858352,0.09838228393346071,-0.6171031780540944
116,136,0.36376679065898593,0.5501870486277195,0.23871114382832148,0.11760490387678152,-0.15733654703944921,0.02005265653133398,0.30322940181940805,-0.5743828443810343,0.7277573430910708,0.07723265327513218,-0.2493252037093044
538,876,0.4758868421401563,0.5501906220693819,0.23871269424712677,0.2715109055861829,0.026527978479862213,0.2158993761986494,0.06467084307223547,0.8397419163957239,-0.8951965142041444,0.40396278258413076,0.12961602210998546
416,908,0.31758464731016867,0.5508325902810747,0.23899122673257303,-0.47470826469361793,-0.12215861119329952,0.04511311743408475,-0.699403035454452,0.21076315175741905,-0.02102220617234718,0.17278362065553665,0.026313201524317292
11,789,0.36416633988857305,0.5519285859742026,0.23946674935018103,-0.33093953225761624,-0.12687562406063047,-0.12410261482000395,-0.3510218448936941,-0.37130704149603855,0.4516316950321196,0.08012999314814807,-0.6696565309539436
1237,1847,0.2700991262211362,0.5519291481288261,0.23946699325372897,0.47225492540746916,0.030391716398298727,0.1430346742272378,0.4533077487722038,0.023024232126772404,0.2745947455987334,-0.2157300477847457,0.10611906833946705
129,881,0.531321389074342,0.55286336557472,0.23987232470536882,0.06500330008566324,-0.14098293427377923,-0.033783851191401704,0.17671894654631629,0.9140736358240247,-0.3933521071448921,0.7562146503478289,-0.7998935598880053
674,1708,0.39882961646313964,0.5530869260458703,0.2399693214920365,0.13197086378932033,-0.09389751125127077,-0.2207759814336896,0.6130408123135567,0.7482636896893382,-0.2187124816700815,0.31967935245484114,-0.3343617701902985
132,1854,0.4606700830078033,0.553089027703268,0.23997023334381962,-0.7245761882513762,-0.029888791963457506,0.006195493042469025,-0.7377547379583119,-0.5887339375913141,0.26954496093094343,-0.4213639972731471,0.17521763499826198
981,1933,0.2910357347504583,0.5531458590125667,0.2399948908977948,0.14196286071091868,-0.18126072082668548,-0.03789645433425892,0.19081880617886784,0.5315760849043727,0.012882414273917786,0.17516079917550087,0.5228165397420524
210,528,0.48292727463603813,0.5532476707369951,0.24003906422621835,0.4230508534237744,0.09878416080027796,0.14134367275983087,0.43170064222067595,-0.496577475219965,-0.898133863694966,-0.6343129733577371,0.12283986806869507
194,1090,0.32946956268941174,0.5539037289811347,0.24032370999217592,-0.010989730246364737,-0.13152340706437815,-0.16807933803647762,0.09160398785024884,0.3195961927995086,-0.23316048551350843,0.36143720895051956,-0.7260840255767107
793,1161,0.3897670892898517,0.5540398539421486,0.24038277089742308,0.07211220264434837,0.11919625755399504,0.09085816703736749,-0.012009691447019605,-0.8234473587945104,0.025069870986044407,-0.6230759946629405,0.34730673488229513
893,1847,0.4033484204101621,0.5540495836253936,0.24038699234142524,0.3979776985943313,-0.04556079115718637,0.0771546158939599,0.4388436395674944,-0.4209747100248932,0.2195412954315541,-0.6788389952853322,0.506241551600397
855,1835,0.4030744612689121,0.5540863317741093,0.24040293636016463,-0.12478843796998257,-0.02141124568879571,-0.16447331663221115,0.04227853007614624,0.723149325698614,0.49412358924746513,0.6885160077363253,-0.11715488601475965
1352,1956,0.2633003837681202,0.5549703183187589,0.2407864739947354,-0.12413698527961967,0.012858053669333236,-0.14993292279541498,0.01103668380528705,0.42850693222135317,-0.5705462945625186,-0.05240948498249054,-0.06746634002774987
22,1144,0.46123964244733273,0.554999709084123,0.24079922584564786,0.6390968989580873,0.11514088511466969,0.017915728501975633,0.8285626163706186,-0.16799802146852016,0.7401125635951757,0.03741411957889795,-0.12651897687464958
1678,2010,0.3225032536326592,0.5555937246688532,0.2410569529950536,0.17624571733176686,-0.0022859256714582443,-0.16655793972313387,0.41025129891931994,-0.20084377750754367,0.7388481739908457,-0.07065562438219786,-0.11715063173323861
40,876,0.30578333890854587,0.5558262169251394,0.2411578250395115,-0.21084943693131208,0.11317174974828981,0.09106002748012543,-0.48969625867903255,0.12758075259625912,-0.6167800500988959,-0.026486790738999844,0.2127719195559623
470,918,0.42267071709700027,0.5560976410852831,0.24127558857446227,0.016072084195911884,0.02824050188064553,0.17812537774443618,-0.13333921600133186,0.6855071987956761,-0.3504826175048946,0.07811112608760595,-0.8830520445480944
1001,1219,0.30810079068911506,0.5561320665874206,0.24129052486024474,0.3655313430354002,-0.02146998886018986,0.04751710500568196,0.3298553014174104,-0.2662115730345249,0.11185739748179935,0.005060071125626564,0.6564038209617138
1236,1970,0.39768117918595164,0.5563565491719272,0.24138792172673,-0.19281819090247154,0.08104850258678198,0.2941906489431861,-0.40126518998295063,-0.7835798179730773,-0.3297378085553646,-0.5003454582765698,-0.028688428923487663
860,1868,0.293599133710912,0.5564366352137432,0.24142266887443958,-0.11392285674810437,-0.0592973493039608,-0.05024835653603085,0.10196490958333021,-0.669710704125464,0.08869204577058554,-0.43510429840534925,0.12038613203912962
312,1776,0.39821902144595267,0.5564724341858085,0.2414382010713368,0.042607269249856417,0.08768152724951528,-0.2930471133440734,0.3318638727068901,0.3943732110783456,0.41196500230580574,0.7732749823480844,-0.37405059952288855
1310,1886,0.33002461964671564,0.5564924623756077,0.24144689075624975,0.017193534411490408,0.030109584331512673,0.056314464658498806,-0.11861402262002252,0.5604938920587299,-0.6336564151570201,-0.04707299079746008,-0.36742001120001094
329,1523,0.2952163069998065,0.5567257889048494,0.2415481247689727,0.27656343113631027,0.0653821500018239,0.2928101224824786,-0.07078348658978939,0.21620819158852111,-0.4710386451333761,0.47690387070178986,0.1721929945051669
168,1468,0.3402345388609655,0.5567579311422478,0.24156207040850333,-0.18941003642976273,-0.01951495464891162,-0.005417363718152046,-0.2136537944898009,0.16365805733948935,0.07474540732800983,0.44385171402245766,0.784070701338351
118,1350,0.30594283058492777,0.5569261276869569,0.2416350462985677,-0.03828268870711282,-0.08536623418331113,-0.08287139330059273,-0.07979204319417466,0.23603999987244606,-0.4640633715316654,-0.14442808646708727,0.6594630861654875
132,1460,0.28551580219004147,0.5569853936591204,0.24166076018630916,-0.05399817600846324,-0.05428601801395383,0.04185392055660486,-0.0915260706096889,0.009569283574819565,-0.4288465427234768,-0.15227169636636972,-0.65496186260134
40,1094,0.4582811231519515,0.5571418573782428,0.24172864552358223,-0.5680487584322689,0.13857463002204928,-0.016942976973950752,-0.828312992118299,-0.16792947612702847,-0.49035623110830795,-0.021792934276163578,0.6186892846599222
460,1730,0.33406516934079483,0.5576538393311937,0.24195078051914998,-0.1245985114946962,-0.05998503044247616,-0.07836698554456234,-0.05891551822423924,0.013608905486762413,-0.3532501244917513,0.35983840376138687,0.7807729206979275
322,662,0.3177902276235704,0.558168826221591,0.24217421927506028,-0.17569300532340937,-0.035450318828225136,-0.027284094132482895,-0.059466875158250436,-0.5281701553612947,-0.03309430554509152,-0.39956227317452425,-0.57603002153337
454,607,0.46030211521426273,0.5583389032214986,0.2422480110433109,0.8244306473061443,0.1340481257066129,0.09135388117283577,0.9176247278228403,-0.006749281659722328,-0.03272265475243341,-0.3646162152290344,0.11369926948100328
1363,1641,0.4817995096516303,0.5586937325315697,0.2424019617963905,-0.34187661577016104,0.04127228353172535,0.06102324929088354,-0.39708439726382494,-0.8773144437000154,-0.0353804724290967,-0.43712407629936934,0.7842533988878133
306,1416,0.3132597019716974,0.5587832235056543,0.24244078948751727,0.33873197715729475,0.0636818716302513,0.222512756474316,0.18602167256176472,0.342368332669139,-0.39443974755704414,0.46230508387088776,-0.3092209957540035
421,787,0.3133730123262346,0.5587868063764094,0.24244234399734854,0.28133759554475535,0.029534275643527452,0.06975523196160793,0.3313245652243493,-0.18808783125132328,-0.5015299348160625,-0.09030631557106972,-0.5439593223854899
81,625,0.28393580088422105,0.5588526280017194,0.24247090220406312,-0.03902670089155458,-0.0010040802881119415,0.2753902301192288,-0.32318958081305027,0.3376985164359211,-0.25728891044855096,-0.4087083609774709,0.3403829326853157
696,1704,0.31779130513511294,0.558889590257897,0.24248693911818645,-0.11074330657720585,0.06618670001625993,-0.012274594977497857,-0.14853272214531887,0.638521724380553,0.16470991726964723,0.5650477884337306,0.12228966411203157
1075,1739,0.44284401333677625,0.5590231664708165,0.2425448941911999,0.1769530950114131,-0.07918761391192669,-0.34466826822608654,0.41073937527835364,-0.6272927252575756,-0.01964635588228697,-0.878903620876372,-0.2782925050705671
394,1806,0.29385084843751713,0.5605055400289298,0.243188055618792,-0.27049499191343795,0.039778745733201726,-0.059039525687694994,-0.33391541615128495,0.40390865970402956,0.46837127022445213,0.059619528241455555,0.3390916818752884
842,924,0.4794764349902012,0.5605488973149555,0.24320686716182321,0.2449618373066187,-0.07252961955964543,-0.0029552746564150967,0.26304808538407076,0.713168289512396,0.4682448245584963,0.6247245222330093,-0.7658775253221395
1048,1548,0.4196473093193449,0.5611032980885232,0.2434474065258954,-0.3204385088756684,-0.18909037765115488,0.036853429861366915,-0.5784198269248009,0.30643023550510395,0.3040425116196275,0.24335262086242437,-0.830003251321614
916,1534,0.492234700127612,0.5612339134575787,0.24350407696956824,-0.6255423249676823,0.08434787578880787,0.14745582826435594,-0.7535933889448643,0.06902942806482315,-0.2736948365345597,-0.2298970203846693,-0.904306061565876
118,1571,0.431813610600094,0.5612464925717647,0.2435095347038846,0.4032140458002689,0.1553905326873068,-0.0341150462627412,0.44840687699615966,0.5376306613907216,0.29544183705002075,0.2828327799215913,0.8040003841742873
130,1876,0.3659902174576843,0.5612759211186173,0.24352230294715368,0.23153468314558323,0.11244418099522602,0.09784033801406611,0.1653168685734273,0.4406317388638852,0.8484893692657351,0.1737953834235668,-0.1553735425695777
1581,1947,0.36459423248651673,0.561570372315595,0.2436500572848966,0.225825032219291,-0.12355482950806651,-0.35099655669182533,0.7160203559324146,-0.4817563323304057,0.08270425442606211,-0.347037554718554,-0.043828519061208104
851,2003,0.2905356918710466,0.5616297024146726,0.24367579899555586,0.009287151508033109,0.13191918376833184,-0.17567821685224738,0.34576063696295023,-0.3038491243496536,0.2024168847128749,0.17369306832551956,0.5864465553313493
72,1362,0.3128812060608547,0.5617446276993786,0.24372566193986797,-0.31977544538676705,0.12798379082232736,0.05225192662328504,-0.6399815231561662,-0.2735951440408827,0.2044180631637575,-0.3511322224512696,-0.11081294063478703
85,187,0.3174536702446711,0.5617719143670031,0.24373750088019958,0.4194718757644299,0.009226554073393178,-0.09230616129934792,0.6110848113894463,-0.3396871229633688,0.05528475251048803,-0.19561273511499166,-0.30252225790172804
328,1077,0.34242425990404746,0.5623258832943122,0.24397785287796675,-0.4366984060034157,0.2128295535221693,-0.04458611179143206,-0.5214531216770409,-0.5395670644938946,-0.35163402929902077,-0.06078680325299504,0.09827334806323046
118,1700,0.26749747109713223,0.5625589959996444,0.2440789941183314,0.4727921606972815,-0.05115218926221088,0.058256379328667895,0.4669006848707796,0.11929449904710043,-0.1899645365774631,0.06928428448736668,0.2641630796715614
386,468,0.42555413686318194,0.5627475881687802,0.24416081911316498,0.23314679134637145,-0.08921439573168743,-0.25865449663251644,0.5777853531762956,-0.21895627118647087,0.1615395639091729,-0.003938258625566959,-0.9548107143491509
129,1429,0.37886774726438427,0.5628602051135907,0.24420968053179926,0.3183695580810304,-0.011725368909537848,0.010239114984869735,0.22976659890264264,0.39907059352844965,-0.07367731817066692,0.5551793528720737,-0.7218186547979715
1732,2007,0.2863630520234342,0.5631138063402987,0.24431971118238388,0.005503457970917308,0.1569537436589596,-0.06353957206010821,0.18123092781752342,-0.3862431216984987,-0.28743670694530016,0.09368507005274296,-0.594897626899183
1623,1957,0.36557197603068253,0.5640465076501573,0.24472438482397874,-0.5078427772969004,-0.13956056348979495,0.2239889670163394,-0.8306753607466818,0.06055592652410258,0.05643511284142727,-0.12196189630776644,0.1727491281926632
1551,1751,0.30687226708223386,0.5645174784041689,0.24492872617966896,-0.14327170141041262,-0.05060469359159514,0.051698005758225696,-0.22404889389872543,0.5519155003130438,0.269132925197482,0.5336986444890499,-0.12461543362587701
1604,1986,0.3530783407474839,0.564647090927185,0.2449849615158166,-0.3521993160247804,-0.02296029776334796,0.011280302889645488,-0.4303172165527941,0.3585675861686467,-0.11021126527339209,0.6560945454984904,-0.34097733441740274
167,1207,0.33259265602793897,0.564723050818618,0.2450179184394924,-0.014067433774471394,0.06564543023705505,0.01495233364403252,-0.1642083264887334,-0.6109947627410292,-0.1477120900526644,-0.5600431496277452,-0.38008689228445314
954,1642,0.2733671206791739,0.5650462948703358,0.2451581652110471,0.040235654450952674,-0.13395539391785827,-0.15367535687983025,0.1681817406788467,0.2685273839160799,-0.3764076568186283,0.5531444381922482,-0.08132676780223846
181,1603,0.28411583838904697,0.5654323987098426,0.24532568512885522,0.20548801403492678,0.04584034532308584,0.1220695767551658,0.28256286121904844,0.37411553040146817,-0.17704967688769102,0.5668057613074778,-0.11885821167379607
1607,1911,0.2618961528883727,0.5654807215449352,0.24534665108809897,-0.08632748201489454,-0.24003031384199855,0.04007029253989425,-0.22883764933794737,0.6446603750810027,-0.02928227372467518,-0.07577775605022907,0.08654915541410452
799,1583,0.26760578817082675,0.5655835130659684,0.24539124952352726,-0.05476647987961745,0.18036364018917134,-0.03822413180023429,0.02517322264611721,-0.20869958773255337,0.5529889436438677,0.14436717797070742,0.4063046956434847
764,862,0.3538975164150819,0.5656866854344821,0.2454360131982826,-0.5205763708800082,-0.05851730052381743,-0.09077055379748344,-0.5396503843367098,-0.6382027612999083,0.13068179972469807,-0.0500059649348259,-0.0343607338145375
328,2042,0.4739520159743633,0.5657163075374874,0.2454488654202835,-0.525636819191277,-0.033626863732934,-0.1914704786613584,-0.5246606916189195,-0.7984427772462369,-0.05049163568764925,-0.23301835916936398,-0.7164716748520732
566,1318,0.43138906055262377,0.565830032575544,0.24549820761033345,-0.10941533464938413,0.09910956490784895,0.28211843874305526,-0.26266020908951726,0.11621088068932306,0.8294587759301066,0.25527785532176495,-0.7427805457264185
1315,1531,0.2724620103834924,0.5658516091459396,0.24550756909532637,0.10419530980289005,-0.06523790210485453,0.07330063637346024,0.024976056069135777,0.47933355346322043,0.20657570846378792,0.5336686111986637,-0.12465383391827334
222,1874,0.26108311971394327,0.5662076204773987,0.24566203269522466,0.43624978791922353,-0.14739417377859365,0.122198392637074,0.250248434022069,0.05916659999638807,-0.45978743117302656,-0.19801821559667587,-0.04003917146474112
807,1023,0.2653710048133688,0.5664748798787452,0.24577798925500452,0.14516376145184048,-0.07453019171953217,-0.04986264463514075,0.08829920366406419,-0.48942055925726885,-0.23007373325526703,-0.4672780968248844,-0.12509450595825916
789,1222,0.4365101846118309,0.5665407914297171,0.24580658647800938,-0.15261451061815057,-0.18296964652836334,-0.04542538058012702,-0.13500224333256472,-0.3849665569141505,0.18715206906199458,-0.9435662338510157,0.611333455890417
207,1143,0.4779353815411804,0.5665684329448366,0.24581857937698398,-0.08828043192625054,-0.1805619951337574,0.01138777751475617,-0.06526676937937737,-0.9397057872265576,-0.202112028375268,-0.911235480569303,-0.1683626752346754
1468,1514,0.3198087866960319,0.5667015159576745,0.2458763204639432,-0.23314678575843584,0.1614258922636509,0.23915186058729887,-0.45327364373952145,-0.21881845407187928,-0.3546631727367642,0.0038782944902777117,-0.5490650292485952
286,1657,0.3246538886773275,0.5672124347498674,0.2460979941830755,0.11123736016452279,0.22713459655642493,-0.1461650943383575,0.3227065848186614,-0.42103480920195563,0.683101705275476,0.09443973563611507,-0.03027235623449076
1326,1762,0.31125774214166874,0.5672347893285479,0.24610769322462864,0.2969160387292502,-0.10461426340043511,0.0611895183101297,0.3764113308861854,-0.009560422971844562,-0.1169479181990028,-0.38163822144269943,-0.60918156709522
26,953,0.34747396704535105,0.5673862474271447,0.2461734067597769,-0.08884913753718138,0.2372249579057102,0.04468228388577708,-0.10052325576543797,-0.12620784807950258,0.9107390511780977,0.04899577051401138,0.2045955890789628
1324,2023,0.3100221669869275,0.5674251896666238,0.24619030273461395,0.2857990115880966,0.17686939053237455,0.18829983845353082,0.3777630580589175,-0.45490969344973553,0.10468770563602436,-0.36958103720098734,0.35112939309328817
689,1571,0.39733385335822025,0.5674777393209185,0.2462131025953445,0.54906409047544,-0.0434979414567353,0.0020172717049715128,0.6578870918601752,0.4294026037678122,0.4319804599508643,0.10287404712289572,0.3810955304652454
340,694,0.36346804239969105,0.5674792540781365,0.24621375980715826,-0.38735496345907505,0.032199823297560326,0.14107831567525853,-0.5779420109465717,-0.08549055550247431,0.24102274421602493,0.22354378458112478,0.6606806833297013
161,1715,0.2610074974024014,0.5676987510362571,0.2463089935464302,0.44043260067701345,-0.059567690826952624,0.22955612652003782,0.26370712276548147,0.14768958557397127,-0.27751454990357166,-0.20023259334266186,-0.2937907958403231
181,1285,0.41546143636180943,0.5677997896643133,0.24635283144943845,-0.07605496700853087,0.12196518294513226,-0.16694663278758534,0.16452594287693512,0.6441865433007478,-0.23751360084861517,0.7192894238978623,0.5625829044729471
964,1029,0.3538098467911224,0.5678749905402869,0.24638545905702267,-0.4594499040395021,0.19943330436944956,-0.13016441930085398,-0.6406238209456205,-0.4944024821743367,-0.03592587076127518,-0.02244452014565468,0.27751307934522634
1075,1437,0.26547888557257515,0.5683068299905931,0.2465728224080683,-0.09447958599776013,-0.08303903043270094,-0.2606181586161257,0.15601957123726623,-0.11621129792183649,-0.656913798302412,0.062334309332072735,-0.08258411008864638
166,1098,0.29260919195483975,0.5684255568504761,0.24662433475209114,0.22277244925499018,-0.026759072206914758,0.035922510549425635,0.5201625572517515,0.06105184182524703,-0.12552925944328325,0.5728984633460641,-0.1227208916097879
1231,1547,0.3426357268700185,0.5686422710037626,0.24671836110829823,-0.21342529542744149,-0.0381862428039314,0.37822906672954554,-0.6907933941110967,0.15611922927200794,-0.1333551574498416,-0.4793185954913497,0.0054329307749867994
868,1464,0.30821010062859644,0.5686615284614219,0.24672671639357174,0.15840283129364283,-0.19584957975894202,-0.1285549476742744,0.4236227124929429,0.0011323662474749252,0.07365767471492268,0.22933697886765003,-0.6652025645598769
156,1052,0.3599864185197641,0.5687865166932149,0.2467809453759711,-0.004173603840171958,0.11458561476320017,-0.09780504647642341,0.3457665825262666,0.180374956689775,-0.2980894921347499,0.8302131965756416,-0.2894956152886154
1573,2015,0.39759628397558244,0.568874735596306,0.2468192211502131,0.7250025691464547,0.1440890347585082,0.2557603754103185,0.7276870161294936,0.2546619726344942,-0.17739771492779277,-0.15147981513291597,0.06372988317161803
253,1329,0.2657050909559165,0.5691384370857234,0.24693363402911506,-0.3249494396150113,0.08707577642053344,-0.05219683144241576,-0.3688462181016802,0.49762147758156056,-0.20319178327918042,-0.02246532496064901,-0.1530635990202427
474,562,0.3234067385982995,0.5691730516505433,0.2469486523440352,0.1890331180766227,-0.057186019606888294,-0.12590449489653072,0.3941692095249893,0.2455152990296483,-0.33698064461350435,-0.025786885991692543,-0.6723180795088411
551,1324,0.3117758767904026,0.5692688572174409,0.2469902197646357,-0.2593737868592144,-0.11919332854449766,0.034562338143587557,-0.33123233262449514,0.48324832413345575,-0.050893278792500385,0.34057336021214724,-0.4828385571017863
1011,1097,0.264465388173957,0.5694426040011715,0.2470656037519256,-0.27145703323185455,0.15787856467068195,-0.09536787122488033,-0.23087392188608663,-0.4151652194559573,-0.23826753534376632,-0.3598402189090849,-0.1997613841667771
1123,1921,0.359892491023316,0.5696641939936359,0.2471617456016729,-0.5902356272563338,-0.02843859139829852,-0.14698628336191177,-0.4530645599588754,-0.1010029623284936,-0.2586190318688749,0.2139564985409379,0.5807398241013288
562,1868,0.371464685319079,0.5697072761722803,0.24718043778312007,0.05205053091049183,-0.1332433819770814,0.26876216381788237,-0.02339599747210752,-0.7863952238112689,0.027874816209077724,-0.6205151360481977,0.08006923273205768
978,1614,0.3002066035868043,0.569839695501214,0.24723789091574758,-0.419649612158537,-0.0036680083721872814,-0.2577406959608198,-0.2178434263914824,-0.06833332870155584,0.6131193479523063,0.1018835734575988,-0.2000542962923646
91,1765,0.3316979837946747,0.5709595464810512,0.24772376369116267,-0.419510722160339,-0.10823402833193563,0.0725204311311245,-0.3890559142455461,-0.23437327146530162,0.10908439103513948,-0.18122482020407915,0.6604454414919019
495,975,0.2539478007807824,0.5709848589481279,0.24773474607975954,-0.03902669902890919,-0.00892910081893214,0.24023435264825832,-0.29975238256156433,-0.24287134502083085,-0.25837991386652015,-0.34617027174681425,-0.34809267427772284
145,2029,0.2923911713197249,0.5709874801718143,0.24773588335717453,0.3759882599115374,0.118498536758125,-0.20918278768658655,0.6119370181113482,0.016754535958171113,-0.03274532407522199,-0.006812623701989651,0.33001207001507304
334,1350,0.291747739484476,0.5717187089556973,0.24805314356865402,0.10905196238309112,-0.10780712217092514,0.10013667680323168,-0.03276282735168912,0.08700008224695932,-0.6101903710514308,-0.46295248810201883,-0.2282371036708356
249,1283,0.38779601079978465,0.5717750897179887,0.24807760564257972,0.4164291275665168,-0.002380618825554603,-0.1757760010659697,0.622161434032023,0.15342636220157124,0.38562628719955694,0.3439403660595417,0.566694602370262
1494,1993,0.4371730351542793,0.571937450867625,0.24814804971399076,0.04343980830162708,0.1116673490032552,0.03704618848860275,-0.027323156595230207,-0.8669524230062962,-0.10971720516681682,-0.8332435432821512,-0.2335537225008012
245,1497,0.3953097576800369,0.5722166144019549,0.24826917115216576,-0.2190127307549119,-0.1637460254132748,-0.1083554718643428,-0.1311239190399648,-0.6553804334253073,0.3497548745945096,-0.7194874025881289,-0.2773636626079681
674,1628,0.3255875644211514,0.5722286501300093,0.24827439312607053,0.18935983162373315,-0.07598157692700613,0.10622853785753272,0.22865759208798409,0.7988067958503962,0.29279029928147804,0.1299766767770052,-0.046330997720360714
843,1385,0.2538609817030501,0.572272682028444,0.24829349736501338,-0.4693276640027763,-0.019555826671421514,-0.10912640392780326,-0.40669071208685625,-0.0405802838504315,-0.3068706775084138,-0.1204076604917646,-0.08539328724145878
1405,1633,0.2893138459659243,0.5723573529485078,0.248330233766257,-0.3648846019059421,-0.12171515356749302,0.3671038746833798,-0.5247649122029544,-0.01934570074081418,0.008029881864786148,-0.1301836986094712,-0.306813725270331
914,1264,0.2799922388069356,0.5724378583369985,0.2483651628570433,0.4264312051236627,0.08188222907483556,0.035554601810873,0.48241152800619597,-0.15603118389844892,0.03849812224507332,-0.38764932844787836,-0.16891450062394145
1183,1687,0.39034106311308014,0.5729164473664456,0.24857280957451508,-0.20258754864335068,0.09252212475985311,0.015481976792216634,-0.46412136964499956,-0.4210158754140138,-0.553880007006228,-0.6852957662194967,0.0033244406804443516
11,749,0.3008272635193759,0.5731768168442924,0.24868577678453904,-0.19228037726134067,-0.018824379891156873,-0.15803526714444138,-0.2099603172391652,-0.7373714493587613,-0.10693653486669064,0.021410495974123492,-0.2489603832364082
586,1868,0.30659284680476523,0.5733386851998012,0.24875600704602827,0.14049021620303404,-0.09333452675491549,-0.1569598130881787,0.4789651613682509,-0.5851447423920035,0.093896724283695,-0.1652687769383192,-0.30162197072058916
130,166,0.2973677436293538,0.5736826395362692,0.24890523944487838,-0.25967729650437843,0.01995475869625829,-0.0619196807965634,-0.2647054465487598,-0.2408125111833218,0.4910185588523746,-0.35411076433956623,0.37576956301927567
755,1881,0.33738097625735636,0.5742982893428108,0.24917235309265287,-0.3774708388373256,0.0404868265613918,0.18698321469128126,-0.4846284072846174,0.46797398664057255,0.11039431020617485,0.4538380829617382,0.2439282489940524
689,1725,0.28946611061664973,0.5745252660040249,0.24927083207094922,0.3057513954117893,0.15218957513570763,0.05301553104072804,0.24562581814825551,0.3445401256904007,-0.1976073971018194,0.11704130098223686,0.5648730071261526
284,708,0.3720209026183436,0.5749653732499858,0.24946178259287172,0.14652318041771634,-0.01817789580672924,-0.24437272176146496,0.5131574459373953,0.05694703198969364,-0.6849210318177938,0.21350644621998072,-0.4943718835711479
156,1540,0.3214642709159127,0.5750701324374269,0.2495072347450497,0.12247349228709942,0.19523242954164732,-0.20772506017237902,0.2459849063307048,0.4018697766587136,-0.44300570525228977,0.5076648555696011,0.23337418306618934
1865,1905,0.31009047001258055,0.5753659389629682,0.2496355771228646,-0.15792554337531284,-0.1760874213650823,-0.09820980951189996,-0.0350443245843052,-0.47891930211335415,-0.3415992138907314,-0.17993686441332102,0.5692075826227667
286,566,0.273275182762083,0.5761627987437318,0.2499813128325861,0.1886981651186942,-0.07306116912513994,-0.02377675008028779,0.13757746666669834,-0.018637134693563095,-0.19561937730759382,-0.22618394903838634,0.6687475731596352
186,964,0.3123590421018463,0.5766527119342387,0.25019387279446487,0.4399871854111554,0.05235469620674882,0.16942274197936025,0.534217651002109,-0.2959268195554615,-0.34692889358848344,-0.2151911286637187,0.1260297829285264
1524,1976,0.2946913728012959,0.5767357227359329,0.25022988891565845,0.20492561534047146,0.10751797724515177,0.155425655655563,0.5165276490151884,-0.1596206109970807,0.13292075973004114,-0.08884846791625023,0.546983321197331
1285,1835,0.31776862615160284,0.5768355782798844,0.25027321351076426,0.3461898369714616,-0.11704354640096398,0.15040700044482955,0.33106105122715224,0.1801061136648059,0.488661663606763,-0.004499056376516819,-0.5203808629885317
557,1184,0.32303599816096595,0.5768922362290113,0.2502977958484925,0.5017162458971144,-0.158748032525182,0.023442259989678853,0.6209344957023857,-0.06293750274926424,0.020507234148681164,-0.19125741999596357,-0.3617010582238437
964,1067,0.3807473658010953,0.5770281460248272,0.25035676339943286,-0.10368351265788106,0.07848065067082644,0.16883196309208875,-0.3142161332070827,-0.4145962893962859,0.3713713698089125,-0.6104437736794353,0.5771954441443087
307,1401,0.3714091196115803,0.5786188963072872,0.25104694652973075,-0.35214432701468473,0.04806714225560438,0.049804171547293524,-0.43835535831749467,-0.422653173096478,-0.030442996881901996,-0.5894949724897743,0.5055087702348829
1665,1859,0.3857909733227849,0.5788616665435788,0.25115227790919015,0.5433345884084696,-0.023329859599471148,-0.151904717087745,0.7294851867482066,0.25131109170615673,0.015764891169965378,0.18616813793778422,-0.4915613802149892
488,512,0.32369261697847185,0.5792395895193945,0.2513162483735276,0.18120511900633596,-0.06585300993174292,0.12579792179167276,0.38855324499309063,-0.2532648602500557,0.6631410755217074,-0.029633035883307457,0.35981569532304986
740,1304,0.4186062554433515,0.5797355531311443,0.25153143344804607,0.1274693338200449,-0.20676234271377325,-0.23016536701470602,0.4449125099927187,0.42884095013141627,-0.5985000599175692,0.6293723378330469,-0.3920597145333886
1150,1890,0.28744443336469383,0.5797542671674132,0.25153955295761016,0.4009869042783978,-0.12467727344483115,-0.38272839784622137,0.5325774122029543,0.03497546911239635,-0.008205477148294449,-0.13005494512617588,-0.190617076121271
817,1001,0.3322318507542505,0.5799596342504764,0.2516286561297495,0.1452090274542569,0.0499940887093544,0.049742913804947886,0.03755633905529976,0.7137080691754818,-0.22323445789515972,0.5298083238303661,-0.1250776695087552
132,1272,0.3766360119233793,0.5802900584427984,0.25177201816834066,0.12527689058333596,0.0254625175148252,0.08638638909906121,-0.04914498887956156,-0.29345425590872737,-0.49022070690989505,-0.8115755114704369,-0.3514689942821861
1070,1338,0.36568190726468075,0.5805995806838359,0.2519063114207585,0.1885172929614779,-0.2171306163072586,0.16351143084466468,-0.006240971386432426,-0.4598944876343011,-0.4837143691256644,-0.6904777996242046,0.19515256583690652
29,1659,0.3476051855507338,0.581017223213465,0.25208751511540706,0.31505404226481903,-0.01211310643702776,0.002735163085162834,0.17462267447263016,0.5206653140485287,0.07499638851732027,0.35149743501096964,0.6606521848589182
1001,1941,0.5373512471930513,0.5811627083552681,0.2521506371476258,0.12521192897111189,-0.02531663142144669,0.1011869693174956,0.07267402671277512,-0.7924754954874516,0.5058422796428204,-0.6865144539624453,0.9606954297050834
706,1806,0.2710544570839459,0.5812390940679653,0.25218377882352594,-0.2961444221436975,0.07017665635794457,0.05821490567177501,-0.3830746756866573,-0.4974948773160577,0.2969150282442571,-0.020480849780142307,0.09446445479989041
1475,1771,0.34149267310018294,0.5813511714698534,0.2522324061492123,0.07353939861059205,0.0730655798688528,-0.11752672959119081,0.36047761887311947,0.016801311634480953,-0.19685914646834135,0.22740310244262218,-0.8292687861248853
1520,1706,0.43269750134121443,0.5816290692226707,0.2523529783993367,-0.5858265003189449,0.10762207396328494,-0.2361973645165562,-0.7635765429586172,-0.05097963288426399,0.325625378638506,0.5774267455562949,-0.2493010899052024
146,889,0.2908223255152038,0.5820610231128174,0.2525403914027056,-0.3215771205723288,0.07916230894625204,-0.21093446668237414,-0.2599018448963759,-0.014036730863153934,-0.30523689463734627,0.41022710781544447,0.43959901574999094
740,1064,0.36915914722721427,0.5822391845535985,0.25261769078919794,0.043049207888543856,0.05719377659261227,-0.2526575271040199,0.20524328667670505,0.29226750787347544,-0.6316909566521643,0.6707815937697887,-0.2115209335461259
210,1548,0.25909122131042533,0.5824361415890557,0.25270314507122127,0.02530894614756085,0.0577550530433657,-0.1632414758205414,0.042016906663775444,-0.35864584986120474,-0.5347233805805445,-0.050957097671926035,-0.29577716905623697
1074,1392,0.4108584791613031,0.5825669845904322,0.2527599142783454,0.4396235467866064,0.18514479324221622,0.09050065930932749,0.7913119820877911,0.29216183722019196,0.2148663187399507,0.43272710125893354,0.4120026957243682
994,1358,0.2870860476906138,0.5833963244724593,0.253119742217507,-0.3393713021650908,0.006343170069158077,-0.20646427385508992,-0.35706860199570656,0.37546352855861187,0.23602139297872793,0.3405541181564331,-0.2476944169029593
386,1557,0.2975766278581054,0.5838044817419922,0.25329683051668644,-0.06895425263792232,0.07127840444445588,-0.12551422417163838,0.18716153223067522,-0.7240054281428455,0.18806603550910928,0.03608724754303694,-0.29485802166163916
222,1238,0.25539025308406704,0.5839986498130769,0.2533810747431894,0.13834879826754343,-0.10910489410161983,-0.15065344609320197,0.033586760982871056,-0.09043711144477129,-0.4542035851627587,-0.4120473759248852,-0.2875097282230854
926,1993,0.33018115882564175,0.5840087849904421,0.2533854721200229,0.19792172964662325,0.033116496168076937,0.21284677460789653,0.06967109534889449,-0.23499845247715723,0.1853836001828313,-0.5382199883460999,-0.6343951048329474
40,538,0.4092641840530645,0.5840291240656148,0.2533942966896143,-0.482360342517495,0.0866437712684276,-0.12483934871852398,-0.554367101751268,-0.7121611637994648,0.27841646410524845,-0.4304495733231306,0.08315589744597685
787,1397,0.4048395208617603,0.5840903451747295,0.2534208588579162,-0.18641074188053608,-0.0980429453775285,-0.0027580605819821358,-0.26067962590605015,-0.6515304110944269,-0.057907466776669025,-0.851504777558148,0.2143173012882471
908,1264,0.2691080358586153,0.5841798300567762,0.253459683905874,0.37983967363834387,0.11783286649733793,-0.13450542464852333,0.6109375711530449,-0.016449658200144712,0.09573409706354152,0.008629371412098408,-0.14263175614178183
740,1776,0.41822846600172514,0.5842880175596618,0.25350662351055236,0.19247908890247353,-0.13785736635327317,0.14500562939792888,0.08736462146043789,0.6811292199417947,7.726438343530484e-05,0.6471025943756104,-0.6572134718298911
429,1345,0.33312662929422643,0.5843669798175994,0.2535408830791092,-0.480356365442276,-0.22104753646999623,-0.03003443963825723,-0.5269870841875673,-0.0639481581747533,-0.12540915608406045,-0.5433429321274161,-0.12052691914141189
1040,1792,0.2618723276121888,0.5844184797494544,0.25356322749392385,0.04544409643858657,0.23547066934406757,0.07730071712285325,-0.07663589995354411,-0.5042363815009594,-0.27644511125981797,-0.2967374539002776,0.24602341186255228
1794,1916,0.3900006644464366,0.5844661392495336,0.2535839056502101,0.1956476923078302,0.08703630790114414,-0.03002056386321783,0.1015304652974009,-0.49726177472621214,-0.5653148880228398,-0.5896377470344305,-0.49519518390297884
329,749,0.31090823158313824,0.58469946706638,0.2536851402215896,0.22378517128527187,-0.20076148211956021,-0.0031748386099930137,0.23850669432431465,-0.03927217889577139,-0.4078012919053434,0.5789463650435209,0.35072473250329494
749,789,0.29120140331001443,0.5849724137134208,0.2538035643220509,-0.13865915499627557,-0.10805124416947359,0.03393265232443743,-0.1410615276545289,0.36606440786272276,0.5585682298988102,0.05871949717402458,-0.4206961477175354
334,1022,0.3269144935650309,0.5849739006576083,0.2538042094665499,-0.04309591278433833,-0.17137119174003568,-0.42657747771590915,0.25527076702564977,0.5133955786004663,0.11092197522521015,0.017345277592539787,-0.5481316205114126
735,1171,0.42455059185233757,0.5854988201668764,0.2540319577146915,-0.44776418432593335,-0.12989353388547897,-0.018996295519173242,-0.6132231904193761,-0.7860183315351607,0.19334312714636323,0.07661360222846268,0.4325517062097787
182,286,0.279804629390574,0.5858672056219301,0.25419179010908344,-0.1962631847709415,0.0970228509977461,0.3224836122244598,-0.4900704016909005,0.4410514468327165,-0.047087102197110764,-0.07279876712709665,0.17940028011798848
1817,1925,0.2955404773151417,0.5858730906934022,0.25419434348097053,0.14244565926492192,0.0807591769844295,0.16014814749360107,-0.014870094135403578,0.3080056421458721,0.1303071919828651,-0.1858032587915659,-0.7068958478048445
361,1569,0.3010648543488425,0.5860387744564901,0.25426622914367225,-0.15120870806276854,0.17360258009284765,0.025440135039388967,-0.23547515273094174,-0.04456649627536524,0.2793716276064515,-0.16065322887152433,-0.7142678461968899
188,1316,0.3196685373470152,0.5860561854704912,0.2542737833074385,0.1309039033949378,-0.1609517354518175,0.07872419804334607,-0.04766122438013559,0.37711094971746195,-0.4751272853463887,-0.18727868143469095,0.6024628579616548
541,2013,0.36022064206005233,0.5862748904023733,0.2543686734081428,0.018370770849287843,-0.05364824831485754,-0.27753443270921696,0.23478030972182762,-0.030240115709602722,-0.047935111448168755,-0.0328524149954319,-0.9478486124426128
1377,1850,0.2735151057877761,0.5863099206553878,0.25438387207882496,0.2736487863585345,-0.1233811536803841,0.057624702341855016,0.19590816460549831,0.2418786324560641,-0.017219897359609576,0.029277551919221878,-0.6379795838147403
296,1154,0.38301206890803063,0.5864535846731516,0.25444620397502804,-0.3579951403662565,-0.0531811835244298,-0.06106771714985382,-0.6476952750235796,0.5950451288372276,0.018566895276308115,0.4543263642117381,-0.24191503692418348
286,1101,0.38676145168804965,0.5864896355120786,0.2544618454500822,0.3945318656042216,0.1426430325955153,-0.25105321407318154,0.5275649763643744,-0.588149222545326,0.038227571174502484,-0.5154805090278387,0.2573313144966961
747,964,0.3084544950511539,0.5865440561791522,0.2544854570921909,0.09744101949036132,-0.10166325792670244,-0.1508055860176683,0.5246160235255957,-0.35376904997974645,-0.4676446374505759,-0.04797636345028877,-0.31179024651646614
181,1571,0.5113741160623609,0.5865710472206086,0.25449716776839687,0.25865795183926815,-0.05957003403455002,-0.20565307326614887,0.599410460330546,0.5325748743489382,0.6879797726869583,0.8342907950282096,0.40865142364054924
168,648,0.25699935306215926,0.5870200508903578,0.2546919782057859,0.023401699028909262,-0.010527451522648335,0.27539070695638657,-0.18451771698892114,0.28886181022971846,-0.24135873466730096,0.33739296067506075,0.40288317110389493
400,682,0.5464392634218082,0.5873486765148332,0.2548345598948778,-0.5944403382018213,-0.10371100064367056,-0.060954586602747385,-0.6431778194382786,0.877307298593223,0.03543508704751719,0.5592406364157796,-0.7235915018245578
46,1462,0.39198632294441477,0.5875462718068232,0.2549202910989904,0.13023120537400268,0.1940251719206566,0.05530976504087462,0.07735385932028316,-0.37713003996759664,0.4624930266290903,-0.06270613614469767,0.8975068628787995
1077,2042,0.34304020350826936,0.5879137121870296,0.2550797134512005,-0.08893841318786133,-0.2464564172551033,-0.14688436686992634,-0.003207569941878541,-0.25887571275234234,0.3011423936113715,-0.17223155591636893,-0.8147450229153037
302,1036,0.4174806088226486,0.5881190470811429,0.2551688026574331,0.4075215319171541,0.052009040489792824,0.09284036140888952,0.6342574683949351,-0.6584749650210142,0.3606913266703487,-0.19000308215618134,0.463520417921245
842,1846,0.48915851305687846,0.5884122595287018,0.25529601953561304,-0.12472310196608316,-0.02543387748301007,-0.08645415958017122,-0.052318328991532326,0.784672897309065,0.5058768577873705,0.5635427739471197,-0.8358174050226809
40,394,0.3229925988699332,0.5888460484567811,0.2554842287118562,-0.3934861365705729,0.06645247060805604,-0.09065688773989633,-0.44576319679617893,-0.6693304823711514,-0.1309258919209243,-0.044264741241931915,-0.03631433378905036
211,789,0.3987355343342086,0.5888928442382054,0.25550453212419205,-0.2248520432040093,-0.06700903922319396,-0.04896760080009732,-0.18834272027015703,0.17052334547042824,0.7441405821591616,0.5474371695891023,-0.5445088427513837
889,1571,0.3567105001370816,0.5894801100029425,0.25575933071092954,0.46156649477779893,0.02746607456356287,0.3560857614502306,0.2254555206745862,0.5430358638986945,0.523677165620029,0.23533688485622406,-0.04477274790406224
394,876,0.35425481698694605,0.5898527624683841,0.2559210144446668,0.18263669963926082,0.04671927914023377,0.18171691522002176,-0.04393306188285362,0.7969112349674106,-0.4858541581779716,0.01777795050293207,0.24908625334501266
212,538,0.28841859525055535,0.58994796739812,0.25596232126519636,-0.36376559920608986,-0.00843891128897667,-0.1060083489865069,-0.3214629758149388,0.026284173130988964,0.5681774644181133,-0.2595732770860195,-0.16617663018405437
166,938,0.26782723555465443,0.5900360440497564,0.2560005353204147,0.18081213347613834,0.04736111871898141,0.053706837818025877,0.1583864139392972,0.2536694835871459,-0.3109279256314041,0.12767909467220306,-0.5775970118120313
329,1001,0.40934128838764583,0.5900466760128745,0.25600514823902737,-0.03373772278428089,-0.15365115460008397,0.01955570187419653,-0.12959755025804043,0.7835907181724907,-0.5575199071317911,0.521310169249773,-0.31929658353328705
1425,1437,0.3213123705354037,0.5904580610676071,0.2561836369861072,0.31464657466858614,0.10816911887377506,-0.21076257247477792,0.6026677703484895,0.46828054264187813,-0.2802757155150174,0.08267732243984938,-0.054074985906481736
300,574,0.3163363830656918,0.5909894482858484,0.2564141913966454,-0.5555519182235,-0.012146716006099734,-0.21033710520714477,-0.44694606121629465,-0.16670071333646763,-0.2632139157503844,0.03799152933061123,-0.38632583711296326
782,1794,0.3078847484564555,0.5912386470953932,0.2565223119585806,0.30557112675160114,-0.2149956896901134,0.05303115118294954,0.24760178290307527,0.3445439347997307,0.3191159972921014,0.12198523804545403,0.5649799993261695
42,770,0.2582041055523318,0.5913629577700277,0.2565762469674218,0.07349384576082207,0.06561404559761252,-0.07070521172136113,0.07752624899148922,-0.018507462926209195,0.07068756502121687,0.22740274854004383,-0.6749722352251413
835,1651,0.3025517947784599,0.5914554241363348,0.2566163656000248,-0.03999644890427578,-0.19571973383426688,-0.08509721886366595,0.06026842258870585,-0.10713731870055199,-0.5543426992371678,-0.09788150992244482,-0.5942776584997773
524,1228,0.4153138758485321,0.5915965640970327,0.2566776023767576,-0.009656986221670993,0.10169645491987467,0.049276393838226795,-0.2259118277579546,-0.2566592236980793,-0.8536587711423637,-0.6578680807724595,0.29763654712587595
241,1571,0.40605417965288393,0.592604972390294,0.2571151232121367,0.5348078059032559,-0.07556816097348923,-0.06606172677129529,0.52561607118696,-0.13900675904005777,0.8139264620840551,0.05570768378674986,0.24853796791285282
521,1835,0.5375395613139952,0.5929313004274938,0.25725670804081907,0.40110046882182343,-0.05590086244046677,-0.2177045820280907,0.7749148262664675,0.7795686293393375,0.33327848929911863,0.815123274922371,-0.34127367567271005
1506,2020,0.43234767538502467,0.5931209629165336,0.2573389974182462,0.29488358646631213,0.11161629203707002,-0.06294601503759617,0.33320238906890143,-0.5412674006074666,-0.22188206110149622,-0.2854150291532278,-0.9259221097454428
375,885,0.2835977162367614,0.5931393780374251,0.2573469872365865,-0.42807085812091794,0.0017362469807266079,-0.25293908640742285,-0.40373706538230164,0.2714660726487635,-0.13564017042517662,0.3637630557641387,-0.09368136711418631
1115,2045,0.44575144782485293,0.5936372853398064,0.25756301562541967,-0.2965615028515457,-0.01989295799285193,0.21623632032424242,-0.6225608801469207,-0.6954384511336684,-0.13297427166253328,-0.7520322417840362,0.000941548496484812
207,365,0.4780297743895712,0.5941735507886704,0.25779568656708074,-0.39337886683642875,-0.05842563044279803,-0.05745428428053789,-0.6637501083314419,-0.6810647351667284,-0.8725950215011835,-0.010540790855884552,-0.026299810968339443
260,1220,0.3161550661367788,0.5943510255090305,0.25787268800432545,0.026185401715338452,0.06939817965030648,0.27710741013288476,-0.2962656002491714,0.030234302394092083,0.08304577134549618,0.029740091413259506,-0.7879552114754915
468,782,0.28192888376987724,0.5944082321309329,0.2578975083961957,-0.5471882577985525,-0.07412140350788843,-0.17000498902052658,-0.5000175619497894,-0.0769776925444603,0.14067772962152958,0.15916502941399813,-0.03152202721685149
1123,1225,0.38073934376024876,0.5944168517620669,0.2579012482188842,-0.3693042220547795,0.001961241476237774,0.22026028390973829,-0.5337941329926253,0.5430949563160538,0.44370216038078086,0.14958749245852232,0.41911717038601637
390,1382,0.3151032023125042,0.5944976460022823,0.25793630263455003,-0.013842879794538021,0.010351713746786229,0.183217820711434,-0.029774129390716608,-0.5868261009454726,0.3998540770262478,-0.49977610632777214,-0.07444367557764042
1651,1970,0.3837374724974396,0.5945653539366751,0.25796567925929154,-0.08615587744861841,-0.13438470382243367,0.2546797832474113,-0.1491817664355039,0.017033398151397594,0.4105923930183053,-0.3683302430436015,0.8722918601706624
749,1753,0.3758868076509321,0.5945791527700762,0.25797166619648476,-0.3425299022346735,-0.14877534564584521,-0.017416262067854626,-0.2564976820722222,0.8646594658493996,0.41797955520451063,0.04797389078885317,-0.011292395181953963
1075,1155,0.2643965100463388,0.5945922795344283,0.25797736154126083,0.08012771513313072,0.04356886632740534,0.11818310897797363,-0.023840920999646076,-0.36823905166238546,-0.2828360088169575,-0.430140083655715,-0.368473993614316
130,1224,0.3095876407664381,0.5946243268106557,0.25799126597973115,0.39895848557353036,-0.07687563914805629,-0.043950552120804565,0.43859967775642883,-0.14311211835593007,0.15715648327022802,-0.332923443056643,-0.5013578915968536
559,1951,0.394997241286985,0.5946757236714634,0.2580135656748316,0.04919687751680636,-0.12980435229837903,0.32509590126574045,-0.1479663085192443,-0.5814586076885462,0.23262507002800703,-0.7192891892045736,0.4378883596509696
1338,1554,0.3066083140907922,0.5952061306236148,0.25824369477466835,0.17015803605318103,-0.05755072925239768,0.008205211721360628,0.10852401703596104,-0.01677470188587904,-0.05605098884552706,-0.27330500073730934,-0.7936245379969478
1802,1926,0.2931057704515677,0.5955603858696537,0.25839739645703264,-0.19054424948990323,-0.08518321905285142,0.09848310612142086,-0.3890305468812587,0.0667861346155404,-0.5986851416528225,-0.3357196934521198,0.0841959724202751
511,1899,0.37022769893922175,0.5958743619210212,0.25853362209619224,-0.3122735787183045,0.19256177544593803,0.056259075179696194,-0.798331663943827,-0.11125063057988882,-0.1803119890391826,-0.49516240414232016,0.17714433465153
145,1849,0.2578759366706251,0.596055970512467,0.2586124171072729,0.08221465814858697,-0.04468736797571171,0.06595635227859041,-0.014465599320829026,-0.05214940942823876,-0.05480935424566277,-0.5842466857284307,0.4142661811783911
521,745,0.34219369706049685,0.5960628576406026,0.25861540524419663,-0.0185371218249204,0.1264739995822309,-0.23193009477108706,0.25238293316215266,0.4009571159258486,-0.08424195740371943,0.7283037276938559,-0.3235035752877594
551,1335,0.2516450771550982,0.5960964977558336,0.2586300007720364,-0.016317580826580802,0.1010857550427317,0.28208839613944314,-0.26858799532055866,0.360351617448032,0.29920011293143034,0.25637982971966267,-0.24351463653147215
842,1236,0.49344765295119747,0.5961835374660254,0.25866776492666377,0.26917215809226036,0.012655907310545889,0.04974466655403342,0.49461782258003933,0.6680131061002613,0.7474028142169117,0.7853164793923497,0.08133323583751914
492,774,0.2922851818985591,0.5967639996245071,0.2589196116143418,-0.36850761622190475,-0.08891780022531748,0.20004787575453525,-0.5882593961432576,0.26401828322559573,-0.21141334995627403,-0.040290942415595055,0.19403065182268614
434,1010,0.30030946796851804,0.5971691390127859,0.2590953905372138,0.014118918217718934,0.03407710790634122,-0.06888389959931396,0.11870591435581446,-0.4433063324540853,0.596538874320686,0.04683075938373804,-0.38303691800683737
1548,1800,0.33272300032946833,0.597312085977518,0.2591574113236774,0.2731177378445865,-0.07787249516695738,0.04020096734166145,0.6296994341537356,0.19812230393290525,-0.08856330718845118,-0.008808190003037439,0.5997235607355835
1653,1771,0.3460795397484457,0.5979140859470554,0.25941860267972866,0.2874640459194781,0.19568892475217547,0.033391755074262564,0.3692939095199109,-0.5220730528235434,-0.6244595367461443,0.021978802047669888,-0.19170966465026174
155,1900,0.35394359718800245,0.5984471718137038,0.25964989408744854,-0.170035888440907,-0.21574624534696352,-0.10951377823948882,-0.1295966114848851,0.12024853006005276,0.4520324850454926,0.29814879689365625,0.76829394325614
22,76,0.3149597671600301,0.5986457479587962,0.2597360508569513,0.29607656225562134,0.013240550644695537,0.09383461624383936,0.3349440600723028,-0.7503867577761412,0.056565262377262115,-0.039856161922216415,-0.12999888136982923
1760,1807,0.25267857051046916,0.599056852965186,0.25991441809869864,-0.07329084631055593,0.25241743773221964,0.07943373173475266,-0.1785089038312436,0.031459019519388676,-0.06492462847381841,0.2081482745707035,-0.5958018470555544
787,993,0.35674015583310137,0.5994016404572924,0.2600640119810405,-0.4952910281717777,0.20938788820058096,0.05789576563984161,-0.49747271277010424,-0.520593558438122,0.01376368012279272,-0.23146325163543224,0.3915845649316907
1363,1861,0.32005477814440814,0.5995321813951677,0.2601206501310558,-0.24917300045490243,0.058524612337350915,-0.1860419316217305,-0.16587465442717098,-0.7791139595210552,0.2639480130746961,0.09001271426677704,0.08398076053708814
562,1794,0.25263851509992535,0.5995965953677971,0.2601485975956921,-0.05415076389908824,-0.1177759319543843,-0.0691994754597548,-0.037395456805825344,0.14570367708802223,0.5681250663474202,0.15244717802852392,0.34696325007826095
745,1835,0.3178288954096268,0.5996315598791989,0.26016376774288286,0.41963759064674383,-0.18237486202269768,0.014225512742996355,0.5225318931043148,0.37861151341348886,0.41752044670283806,0.08681954722851515,-0.017770100384950638
11,427,0.3402289405268059,0.5998686623567571,0.26026664003652117,-0.036347077228128855,0.06114615686237815,0.16220038011670068,-0.32823338918387873,-0.013301956467330484,-0.1675530020147562,-0.27923029009252787,-0.8250571293756367
1652,1876,0.3461517796562775,0.5999523042713198,0.26030292998036314,-0.03648753836750945,0.12898753210902225,-0.03984283935278643,-0.1072972472757101,0.5664837835356592,0.5473585762083529,0.47423937171697617,-0.28651508130133146
328,1420,0.34534117016790156,0.6001985986323802,0.26040979038137374,-0.28464965801686054,0.11445573437958934,-0.23945632949471507,-0.13920554611831895,-0.8512292066588998,-0.1403886443004011,0.10437209717929363,-0.16747376322746282
294,626,0.32411515978768873,0.6003318629758952,0.2604676101427646,0.342696380801499,0.25121866166591644,0.15836307220160983,0.12289674114435922,-0.06747109070420276,0.07990372367203236,-0.4869137732312083,-0.6096302336081865
1584,1876,0.31961852711538546,0.6005417259823222,0.26055866397334165,-0.2501452602446077,0.1442470382899047,-0.2106882110238072,-0.1879447065293789,0.20666475128382444,0.673362985253334,0.37782140634953976,0.12360576167702686
1418,1514,0.47739833181981584,0.6009090301160446,0.260718027211921,-0.02288030646741368,0.07427664380520627,0.14101573452353489,0.05912857409566663,-0.8347043162211775,-0.8615482794120909,-0.3615363948047161,-0.47344047762453556
885,1299,0.2857111421892561,0.6010016874071853,0.26075822868159826,0.1822568010538813,-0.12146232556551717,-0.002635928802192322,0.2627543443813919,-0.33292690292000765,-0.051985238678753376,-0.21088083926588297,-0.6148299816995859
332,1876,0.3360588794991398,0.6011235628181721,0.26081110709600985,0.12771074101328866,0.027883245609701013,0.02980500087142024,0.45034812204539765,0.22116122860461468,0.6386031284928322,0.37076474260538816,0.29749377630650997
152,1261,0.3925824637187351,0.6012412599098317,0.2608621726517066,-0.3604003340005876,0.12892950791865587,0.22955691069364553,-0.7658953405916691,0.18549973890185328,-0.08533885423094045,-0.18763894215226173,0.6084927394986153
277,1725,0.299078523562032,0.6012678751696274,0.2608737202865064,0.05071621667593729,-0.052957616746425545,0.058143852278590535,-0.016783983446657658,0.4458926860243084,0.1488039866089821,0.5690945889800787,0.40213565807789564
40,1542,0.3899722628978496,0.6015020297661949,0.26097531357504106,-0.5831499723717566,-0.07935479283332791,0.0391120882704854,-0.6959963720291854,-0.6035263836383818,-0.10084980446845293,-0.09953504800796509,0.0017729345709084354
629,1193,0.26553450240750814,0.6015357776139578,0.260989955845086,-0.1573959877714518,-0.19566230196505804,-0.12168896943330793,-0.03347669541835763,0.008633282966911682,-0.09067956916987896,-0.08902287669479847,-0.6847335668280723
872,2020,0.27366223273107465,0.6017005077394597,0.2610614277504673,-0.06489460356533547,0.009192975237966028,0.04691992513835461,-0.18035384826362133,-0.2570985732600091,0.014447069726884476,-0.24915591347962618,-0.6570511907339095
586,1940,0.3476114270825961,0.6017111366276608,0.2610660393349574,0.29220005031675134,-0.025272154249250778,-0.07389361131936317,0.6367604304105043,0.38857374805957084,0.3940964285284281,0.36356314085423946,-0.17676611989736546
608,1261,0.4735535028151738,0.6017728287317337,0.26109280585511657,-0.49829709623008966,0.08024847693741333,0.00781916733831177,-0.660819074138999,-0.4379322724416853,-0.10644860472530127,-0.3165549589321017,0.893989672884345
1036,2030,0.33698470443083445,0.6022090841993314,0.2612820851955361,-0.41739191766828254,-0.02821728866547324,-0.11080183833837554,-0.4220575066283344,-0.11771812941879045,0.2429672097787262,-0.15927258785814047,-0.6669252831488848
1029,1365,0.37195502573049705,0.6023045939226712,0.26132352425769145,0.03129466436803352,0.17355995066463945,-0.008292539976537339,0.08785734884440888,0.1988351661711929,0.8908943990245461,0.2810670379549265,-0.39457230456173437
740,1052,0.43988927488947016,0.6024503298961635,0.2613867551189341,-0.11329845618456585,-0.16010928712785244,-0.19041319284588076,0.0670481761917473,0.25025712326169014,-0.44548530038446177,0.8218580931425095,-0.7295614583417775
1391,1791,0.2966253523088991,0.6026399355038738,0.26146901981710485,0.05762355029583004,0.08196724578738226,0.16893276013433933,-0.1398549498990178,-0.04222211055457592,0.5301635786890985,-0.5981904361397028,-0.0711904838681221
374,1026,0.3540926284445002,0.6027108077414394,0.26149976934662783,0.17137678340077367,0.2110560107976195,-0.025197943672538137,0.14955230057239532,-0.4392349682748316,-0.44804418738931406,-0.6747135082259773,-0.2392236990854144
541,789,0.27325538841962443,0.602732951219795,0.26150937679751163,-0.0807822505012149,-0.06052324548363647,-0.18612283375114236,-0.029598960652947648,0.16561858355998982,0.06268664915114636,0.12342002708464861,-0.7106685452163218
425,695,0.5023519344015014,0.6034345576399868,0.2618137846738857,0.6161882868036627,0.1313330680131911,-0.12200639396905943,0.9018011279404166,0.3717962242662908,-0.5443440973758698,0.048761469312012196,-0.597387566231191
1420,2042,0.2865703415129407,0.6042493448714026,0.26216729861514093,-0.2409871611744165,-0.14808259811252333,0.04798585083335666,-0.3854551455006005,0.05278642941266287,0.08989700861275185,-0.3373904563486576,-0.5489979116246104
127,1341,0.37776440626811586,0.6042676484065637,0.26217524001947845,-0.5753373624756934,0.08122953493148083,-0.23477489594370154,-0.6493493579328062,0.08741747867315997,0.2804001085460185,0.48873263970017433,0.046225373633206
276,1831,0.2729365742939469,0.6043502774031256,0.262211090485846,0.17409594357013683,0.036564661189913916,0.15525399800390033,0.2845329986885188,-0.5393896922469139,-0.08349083457142117,-0.08018866274505852,0.3935779519379139
1562,1670,0.3015395641726657,0.6044463658843721,0.2622527806552607,-0.10731205157935664,0.05182854272425186,-0.22264797613024734,0.012794913724064716,-0.19281822070479396,-0.13617420010268666,-0.06079421378672123,-0.7772083049640061
1441,1657,0.3609940012507751,0.6046596331692269,0.26234531150933266,0.0995871415361761,-0.0210829665884375,-0.24780523404479027,0.49753318354487425,-0.19329760409891583,0.5658109132200478,0.3489897409453988,-0.49388740211725235
242,1330,0.29569059916053775,0.6046656800786,0.26234793509826787,-0.012875224463641421,0.19818277657032024,0.22287733107805263,-0.04728221334517002,-0.028290930204093456,-0.07137287594378006,-0.0290391482412814,-0.7754828240722419
167,696,0.453864381374057,0.6047556738463404,0.26238698093783885,0.04832274001091741,-0.1387589434161779,0.08783174492418756,0.011693447828292736,-0.8825535811483861,-0.3912020176649096,-0.7844797875732183,-0.26674772799015056
70,126,0.26047323043418613,0.6049372207199887,0.26246574917125165,-0.16568333189934503,-0.05059631261974573,-0.1675409786403177,-0.16077913623303175,0.5132677974179386,0.028488530777394716,0.08568336721509695,0.4327152632176875
346,1420,0.37621829026316056,0.605020927012507,0.2625020670469314,0.27574082277715223,0.034999827854335086,-0.1709068994969133,0.6071391366422176,0.03992569912225019,-0.05016548652201869,0.7598716681823134,-0.2751743756234646
579,641,0.3247490431332669,0.6053278242839378,0.2626352213966817,-0.5465018842369325,-0.10064497496932703,-0.3149513667449355,-0.33526525273919094,-0.08021462336182583,0.08226496260613203,0.07733816746622318,-0.5514721684157848
178,1506,0.32042656114331486,0.6053950374515108,0.262664383355604,-0.030613815411925205,-0.0035320697352287933,0.16068542283028361,-0.43230892810970545,0.6962504358962179,0.32469466142356396,0.07298308704048395,0.11048587877303365
13,1044,0.31200900892577904,0.605402048819509,0.26266742539681315,0.18672129977494467,-0.14333533402532322,0.1132538737729192,0.08152574859559547,0.5741436397656798,-0.5863559059798717,-0.06482700724154711,0.16204170882701874
446,558,0.26055071466397134,0.605445897912372,0.2626864503214079,0.09864027798175767,-0.08246936276555072,0.0908252391964196,0.10817770380526781,-0.08381751365959644,0.5318710282444954,-0.4576262440532446,0.08530365675687784
1156,1520,0.39893213720761644,0.6056416954877912,0.2627714015453666,0.17030039057135588,-0.24033616017550263,0.07016765139996992,0.18253095354884877,-0.4406194733455776,0.15525450743734814,-0.5806428864598274,0.7699184473603964
296,872,0.3028566913277882,0.605720495611408,0.2628055907682668,0.014066020958125675,-0.15903049707412753,0.19789695367217047,-0.11866030003875488,0.5683502759784458,-0.38002481963485474,0.20314158592373133,0.38254147116094817
446,1022,0.34507736978009745,0.6062386344200911,0.2630303970554942,0.014262392185628414,-0.21989053487777688,-0.18129920586943626,0.13236219342798,0.5566144678741696,0.6063047414645553,0.20313970651477575,-0.3674123948439956
816,922,0.47281527282878394,0.6066717967511606,0.26321833436839687,-0.6001410530880095,-0.0020232098177077606,-0.22032345924526447,-0.5358231943100693,-0.550426342524588,-0.5648274989798665,0.12969364132732153,-0.6736410437151792
224,271,0.28089791676070003,0.606805396288657,0.26327629956130766,-0.07511607650667448,0.24759972840547567,0.07455793768167474,-0.196002807468176,0.03189487662166368,0.05997904483228933,-0.04182877764105797,-0.7168965507298708
186,425,0.3272120168739097,0.6068662569640082,0.26330270534723715,-0.10704247746616602,0.09280199278146051,-0.06145673245191541,-0.1583439027890563,-0.39500118978321563,0.2052376288920641,-0.031192699447274208,0.7800642279908062
528,816,0.3590844171398985,0.6069408086570749,0.26333505129207657,-0.04375084862113002,-0.1291072256863114,-0.03826689440757037,0.11511367745697504,0.44132679980248213,0.6723509393632414,0.5455360636115074,0.23194804601371294
187,1037,0.3958014946950102,0.6070724410108524,0.2633921629776632,-0.2843390069901942,0.17179002612829214,-0.05520895682275301,-0.4271477041766048,0.8074988964945077,-0.05264086276292812,0.48894241731613874,-0.2520251888781786
1418,1468,0.3707237162677677,0.6070726798528387,0.26339226660468223,0.21026647929102216,-0.08714924845844463,-0.09813612606376398,0.5124022178351881,-0.6158858621492982,-0.5068851066753267,-0.3654146892949938,0.07562455162405973
528,1548,0.3659139504310301,0.6076047764720438,0.26362312880493655,-0.39774190727621356,-0.041029107756912264,-0.3045851485803723,-0.3896837355569005,0.13793162535876025,0.3634104831144215,0.583355875685811,-0.41861703712493203
620,1878,0.33183751019102603,0.6076117566358694,0.2636261573075068,-0.34592740237712855,0.10150045342743386,-0.30050736200064415,-0.08254291396588098,-0.3812887165695429,0.3404406905174253,0.09596797451376915,0.6191543806344273
803,1349,0.29680707031172254,0.6077121604015647,0.26366971976106435,-0.31824697367846916,0.19887207169085735,0.0012702671810986832,-0.3312400700524448,-0.27059468254446994,-0.20192005578428496,-0.22650524508208036,0.5374986920505763
381,1035,0.25115584252798967,0.6077256684330364,0.2636755805272375,0.2588371289893986,0.08270966727286544,-0.07730050198733818,0.28276865370571613,0.032712407410144806,0.15608994197100406,0.3985719680786133,-0.40071092452853907
1512,1960,0.36647036031304864,0.6078226632583558,0.26371766393460805,-0.01704855170100958,-0.09653097391128518,0.05338096246123325,-0.11862965021282412,-0.6895060148090124,-0.36217173468321573,-0.2028947928920388,-0.6325500691309571
53,1501,0.312333501861933,0.6081579293797134,0.2638631267540542,0.05704353936016615,-0.1688061580061911,0.002027275040745735,-0.11782109178602684,-0.24744018912315363,-0.27611195202916866,-0.6156353736296296,0.46723758056759845
118,812,0.2614768328356215,0.6082439388226895,0.26390044390385636,0.33628498110920213,-0.10674072988331307,0.20522132236510524,0.1738014575093984,0.04322819039225578,-0.3627272136509418,-0.3919041892513633,0.2512539783492682
1527,1725,0.3759130852366371,0.6083850527822222,0.26396166939939325,-0.411733993329108,0.21502553764730709,0.07840444985777151,-0.4702565660700201,0.25384984724223625,0.278235612437129,0.3684442574158311,0.6401795456185936
625,1197,0.290232269922196,0.6084634562435998,0.2639956865213743,0.40400442574173223,0.1801916835829614,-0.11363183706998858,0.4318686872720716,-0.014736521057784557,-0.0728565324097874,0.3351237792521715,0.40116530377417803
544,1696,0.31381617382284765,0.6086447350985832,0.2640743384688036,0.007696566171944145,0.11800358537584521,0.16002271231263854,-0.09563673194497813,0.21125688496977102,0.2961335079744458,0.6387768909335136,0.44580999203026295
199,1133,0.2937112414979641,0.6089313055100511,0.26419867354880866,-0.3842685176059605,0.1085590980947021,0.10595602449029684,-0.6885356632992626,0.08377276360988617,-0.04183574020862568,-0.06191178597509861,-0.18103525228798387
626,1420,0.28907638337749636,0.6093661410591852,0.2643873368253614,0.05718189291656023,0.07705179974436738,-0.05337967444211267,0.18661030009388918,0.02715550735592842,-0.1064272392541169,0.5480769956484437,0.556047775782645
277,1977,0.3274811642010677,0.6094619598170743,0.2644289099691731,-0.14406289439648334,-0.00634847860783308,0.08296833373606205,-0.39686005935072916,0.6244868170470002,0.24774252716451883,0.4020606279373169,-0.24446336831897497
995,1368,0.3631996865801777,0.6096041757845516,0.2644906135958794,0.22502992488443838,-0.26029200199991454,0.12538748420774942,0.16300591267645348,-0.1922987736761569,-0.6345892082899809,-0.5207128673791885,0.4287243690341713
82,548,0.3006902845558759,0.6096909212863416,0.26452825010151126,0.20974239893257635,0.179801627062261,-0.04795580636709934,0.35677058715373283,0.0841738237068057,0.09760257415473472,0.35004762187600136,0.6150340111926198
468,1406,0.34266697505574556,0.6099234017354587,0.26462911702316066,-0.6137497397139673,-0.20229294523596797,0.09619408007711183,-0.684507098980248,0.0456829816102981,0.008327558636665344,0.06308821029961109,0.19445923157036304
1441,1835,0.39307338064259867,0.6099602540069652,0.26464510621793713,0.5767059419304132,-0.006826786324381551,-0.026778743602335314,0.7912110053002834,0.3490501269698143,0.20083192456513643,0.23871209286153316,-0.23985879123210918
11,397,0.37740267508551584,0.6099828087909552,0.2646548921231097,-0.19448399543762213,0.03856313973665232,-0.0033986521884799004,-0.4300430687144398,-0.6104568745940923,-0.13953792024403822,-0.5945749189704657,-0.4117702515795827
1318,1571,0.45510372879739125,0.6100401775583699,0.26467978286549226,0.49759641196578736,0.15085071045905357,-0.3725937334820631,0.8452906152233481,-0.2679786067456008,0.1211150279268622,0.0745686087757349,0.6642386093735695
245,2021,0.34752303829114806,0.6100628188934221,0.2646896063228084,-0.07896264921873819,0.036609726957977026,-0.28013694006949685,0.23531633242964747,-0.11621099058538681,0.8265281366184354,0.25931004993617535,0.24669168330728997
286,522,0.3793342518167928,0.6101284558784082,0.264718084419126,0.2999460501596327,-0.032294126227498055,-0.35567935742437856,0.7225242024287584,-0.4231753144413231,0.12973630893975496,0.10089847818017006,0.45332865044474613
491,2045,0.31328333317785556,0.6105952876025376,0.2649206299627192,-0.25151598453521706,0.10796208772808336,-0.07764633838087326,-0.5049099409952762,-0.03463512007147085,-0.3597984965890646,-0.032837473787367344,0.5635242853313684
409,454,0.27559279275086634,0.610749473787212,0.26498752713995727,0.029330564662813807,-0.20185048785060627,0.11360813491046456,-0.10402165446430445,0.18192667700350307,-0.2231367072090505,-0.24529437068849802,-0.631841159425676
1124,1212,0.39495916511133916,0.6107574959280381,0.26499100772790884,-0.151589622721076,-0.06658070534467708,-0.0731843477115035,-0.025805782526731547,0.9480808041989802,0.2856156397610903,0.4672933407127857,0.12534382473677397
1410,1506,0.38864019897296875,0.6111677486471737,0.2651690051854786,0.009345320984721295,0.12884267885237943,0.2027835659682751,-0.3168495213612912,0.8933230573311448,-0.1037215208634733,0.17849408462643623,0.4576927926391363
1630,1658,0.3287872591709001,0.6113539203250113,0.2652497799952018,0.23592698015272606,0.15972515288740385,-0.061187244020402876,0.2665364472195507,-0.2587330034002664,0.5090928887948394,-0.6057587098330259,0.12564761191606522
64,1341,0.46267336319210933,0.6114283041838883,0.26528205312136705,-0.5631795236840847,0.21673584077507263,0.0815734313800931,-0.9784848894923925,-0.46040434762835497,0.3982420004904269,-0.06421806942671537,-0.09801943227648724
1725,1745,0.3781769347201612,0.6114625775650194,0.2652969234059968,-0.26720957737416007,0.10713181458413623,-0.11782780755311256,-0.0891329366713765,-0.3966364013031126,0.6707558212801813,-0.25341284926980734,-0.6066170260310173
38,803,0.38799271355614273,0.6114692598730112,0.2652998226770503,0.4905805317685005,0.024881777353584933,-0.13037374708801508,0.7202618857845665,0.13931662030518055,0.15241795871406794,0.15199586190283293,-0.6012493744492532
1171,1475,0.2861476930213656,0.6115884110101745,0.26535151910340504,0.031205916777252762,0.2053591478616002,0.02489615697413683,-0.06833134405314911,0.19370582513511203,-0.6097169378772377,-0.2189334835857153,0.38652331940829765
612,1052,0.25360191912980706,0.6116247655743035,0.2653672923565346,-0.11874109320342541,0.16259145364165284,0.045809842646121646,0.006270459853112698,-0.19350719265639765,-0.2539979787543415,0.20131337549537417,-0.5738911889493468
893,1641,0.4076202315452395,0.6116348258712658,0.2653716572448051,-0.18943470157682918,-0.011712043546140256,0.006392968818545244,-0.3562929695472121,-0.4925309671089052,0.05127744935452927,-0.556148293428123,0.782118112780154
4,118,0.374600813616704,0.6117055467593709,0.2654023411079281,-0.5054519111290576,-0.05458156671375047,-0.18120043538510805,-0.31162293069064606,-0.026582240127026924,0.18148113694041962,0.6029534498229623,-0.5805239398032426
1091,1227,0.3389555016047998,0.6118820330860272,0.2654789137081215,0.11701888404786603,-0.007128776051104166,0.28267973940819474,-0.13647377956658602,0.37469985708594333,-0.6878209384158253,0.3907956602051854,-0.2015703748911618
52,474,0.32062846550290863,0.6120436326820884,0.26554902736222186,-0.4214167492464185,-0.07785776071250405,0.18796639423817368,-0.6937793707475066,0.0770020904019475,0.11363269109278912,0.30326811596751213,0.1062664315104485
1304,1628,0.33655663869080876,0.6121466692112053,0.2655937320999705,-0.226688410155475,-0.10683134850114562,0.2219211310148239,-0.5091741438955067,0.3858469557017087,0.5545222833752632,0.020136228762567016,0.27942225243896246
998,1933,0.3813549474005034,0.612368975692055,0.2656901848144726,0.3155709244310859,0.08681214414536925,-0.06498813908547152,0.4014190286397934,0.5789959523826838,0.11180543620139372,0.6621603723615408,0.32369366474449635
1514,2030,0.30409891584369797,0.6125136240893555,0.2657529438060895,-0.23205486033111788,-0.07956415228545666,-0.25521670375019334,0.07409209478646506,-0.11173239164054416,0.7440610388293865,-0.2041378179565072,-0.034941128455102444
1154,1956,0.2552720570375481,0.6127392761702588,0.26585084808514153,0.28833395615220103,-0.19328549411147877,-0.023824285715818516,0.5652395775541665,-0.10712151695042843,-0.17555080633610487,-0.11994467489421368,0.15515033248811938
407,1867,0.29117060321830557,0.6128153307234281,0.2658838460799611,-0.0958722541108726,-0.1956928251311183,0.10582006722688636,-0.1897269338369371,-0.006878470070660114,-0.04625333659350894,-0.3992645759135484,0.6495862593874335
952,1358,0.4233201848540174,0.6129663672684365,0.265949376714513,-0.7953623058274386,0.04986485093832016,-0.11229393444955316,-0.7544854972511529,0.12584739550948135,0.2927754232659936,0.31607547029852867,0.12326848227530707
210,872,0.3848649921232651,0.6129677699856356,0.26594998531522057,0.27404126338660717,0.23554577585309722,-0.057969741523266144,0.5152232209220527,-0.2121906122192741,-0.7731855930760503,-0.19640399143099785,0.3227340504527092
328,626,0.46798756499545324,0.6133232249267381,0.266104207512529,-0.34183155093342077,0.03740393463522196,-0.1860766550526024,-0.32581584621220816,-0.8783847140148282,-0.0339614050462842,-0.44370489846915007,-0.7235215390101077
365,1495,0.42607751950500133,0.6133468767026695,0.2661144693725641,0.26820162590593116,-0.06096806842833749,0.29262789804488354,0.4272633921355008,-0.27974769286811363,0.5185854788869619,-0.5550480037927628,0.6732266731560231
409,607,0.5213057920096982,0.6134670712900427,0.26616661852348544,0.8537612119689582,-0.06780236214399338,0.20496201608330034,0.8136030733585359,0.17517739534378074,-0.2558593619614839,-0.6099105859175324,-0.5181418899446727
831,2003,0.2834743661525576,0.6134709709070061,0.2661683104608513,-0.3790227472782135,0.16153423767536873,-0.03056673519313291,-0.5020236717537045,0.061049941927194595,-0.12458512187004095,0.42710085306316614,0.1359573397785426
401,509,0.2871405791460023,0.6134817546650293,0.2661729892391303,0.29138423223048426,-0.04176244698464858,0.1453556334599846,0.1057209055870772,-0.38833556044846784,-0.3581795869395137,-0.24657658394426107,0.4480474516749381
1514,1684,0.3221756476357896,0.6137226245456673,0.26627749610613904,0.31495665665715944,0.052629348821937816,-0.2631651200354097,0.5927966209128499,0.20607496332377184,0.4099164651706816,0.28529763501137495,-0.12590784672647704
492,586,0.31088538607278193,0.613725622410369,0.2662787967978107,-0.17266156617552053,-0.012335564009845146,0.2759592356160285,-0.6283825868740678,0.42980564478784783,-0.14815460611134756,-0.2559918975457549,0.0009472034871578217
13,1840,0.44345594753689344,0.6141984974782358,0.2664839643833072,0.42062021605670435,-0.07535156700760132,-0.12010770943015847,0.6537851737812161,0.0883736703544854,-0.7569068940356374,0.10354039631783962,-0.5977681102231147
231,1565,0.3820857288444672,0.6142752726230378,0.26651727502316863,-0.4265279620885847,-0.09357896726578485,-0.22003621514886573,-0.18943245615810156,0.6557137444615364,-0.017406041733920352,0.6486297240480781,0.20481287222355604
45,1665,0.3156394333439809,0.6144002456517412,0.26657149740936237,-0.47410283703356926,-0.0024386821314691665,-0.035328282043338044,-0.3653472103178501,0.37544823996722687,-0.2730110818520187,0.4020015001296997,0.2458012579008937
164,1216,0.30217753977498235,0.6145097233639852,0.2666189968006669,0.24581262655556196,-0.01280028931796584,0.2546862205490471,0.14295158162713079,0.18868836015462867,0.31261777970939886,0.09808671660721302,0.6645660437643528
1036,1514,0.3457878903293142,0.614564414732889,0.2666427258929113,-0.18533705733716466,0.05134686361998342,0.1444148654118178,-0.49614960141479947,-0.005985737778246292,-0.5010938290506601,0.04486523009836674,-0.6319841546937823
468,954,0.4437238580990266,0.614603331080224,0.26665961063385374,-0.33865847717970615,-0.10636945534497555,-0.1058248961344363,-0.1921848943457006,-0.675555014051497,0.26348741445690405,-0.6230444759130477,0.6978569459170105
53,1115,0.2582191436917401,0.6153677737268717,0.2669912814338618,0.3145162928849463,-0.14583775401115393,0.014307019300758839,0.32805144693702454,0.14451388455927378,-0.3843991849571467,-0.02130840625613928,0.3691942216828466
737,1107,0.3798673483193356,0.6153822810393582,0.26699757576079325,0.5040912898257374,-0.028873646631836836,-0.2616533851251005,0.7746556848287585,-0.20454804971814156,-0.1761012924835087,-0.2787030730396509,-0.28349780570715666
349,1075,0.415813381206427,0.6160939073322055,0.2673063309864344,0.08659555763006205,-0.1940793925896288,-0.16735163889825372,0.4105256199836732,0.5109000466763972,0.6465520840138197,0.3873920328915119,0.5589111242443323
1599,2045,0.3831510892969013,0.616164251803174,0.2673368515324356,-0.5513919442892072,-0.023333674296736773,0.0805450528860093,-0.7236235393211248,-0.24923780374228954,-0.015487135387956985,-0.1839185245335102,0.4935145704075695
188,1392,0.3399849029758964,0.6161854897296075,0.26734606608905614,0.3269174806773665,-0.0686818892136214,0.06306284014135566,0.3674743799492718,0.5023780474439262,-0.26571073755621905,0.006862900219857693,0.5925186015665532
212,1094,0.3678982197197912,0.6163454256547194,0.2674154579217391,-0.4494540151208637,0.04349194746464502,0.0018880227580663211,-0.5954088661819699,0.5705158608034253,-0.20059523079544306,0.14908336196094749,0.369356757029891
228,816,0.2848436778143179,0.6164759426905265,0.2674720857012994,0.16805794835090643,-0.06671585701406002,-0.042912940494716126,0.06605867389589559,0.3502489160746336,0.4039439000189306,0.15603791549801826,0.5477178189903498
756,2030,0.42309313353154193,0.6166368511620338,0.267541899495319,-0.5541201699525116,0.12407946866005715,-0.05323208216577813,-0.6126997023820878,-0.36794502567499887,0.6725271940231323,-0.35304089542478323,0.13808945473283551
589,1772,0.3800120154166783,0.6175484185162848,0.2679374036903969,0.09750312846153941,-0.21583539620041814,0.03826563246548176,0.13121912349015485,-0.6164684928953648,0.06504379864782106,-0.6075755981728435,0.5719146383926275
1234,2020,0.3569047968685642,0.6176774808919736,0.26799340033263475,0.21046533808112128,-0.14843348413705826,0.16279468499124058,0.057400096207857354,0.15806617680937052,-0.24728920217603434,-0.3258543983101845,-0.8547545140609144
735,1207,0.33890843109076085,0.6178018948379213,0.2680473801480801,-0.17984620295465012,-0.16571737173944695,-0.07987753115594393,-0.3798821810632945,-0.5256096608936786,-0.325504002161324,-0.5682686725631356,0.05679741688072659
1261,1315,0.2971859345699641,0.6179117049920412,0.26809502377684113,0.1463113846257329,0.16592558193951823,-0.18199559766799212,0.3477793764322995,-0.28051324002444716,-0.19612009916454543,-0.29508128855377447,-0.5471022641286255
70,2030,0.2676716341353475,0.6179606509398786,0.2681162600876979,-0.08184880297631025,0.08033569902181648,-0.1918561477214098,0.01434305403381586,-0.4449123200029137,0.023071028292179108,-0.545147841796279,-0.16538397688418638
1753,1941,0.43492210015010074,0.6182517681866944,0.26824256791546097,0.21021893713623263,0.17056904174387477,0.14133377186953977,-0.03893253579735778,-0.834272064268589,-0.06185589078813791,-0.7921245405450463,0.30196650885045534
959,1687,0.42409262492143857,0.6186223066154144,0.2684033344263643,-0.17534762900322673,0.03541505709290538,0.2948243292048573,-0.6017917916178703,-0.49496734142303467,-0.24838260747492313,-0.6331183006986976,-0.5002352464944124
1077,1592,0.36350040803225403,0.6186233172318487,0.26840377290525186,0.4927272070199251,-0.2231227541342375,-0.06628897786140431,0.7575258230790495,-0.007564680650830158,0.2853823881596327,0.017575914971530465,-0.3231836371123791
1479,1775,0.29866356698300445,0.6187065096204646,0.26843986781205464,0.04911053925752662,-0.08892983105033647,0.007236205972730669,-0.11046201735734942,-0.014607948251068592,0.07195452135056246,-0.22741406969726086,0.7961889384314417
1228,1760,0.3258072481617142,0.618931110384918,0.26853731595359326,0.46675889752805233,-0.12871125899255298,-0.07732730638235821,0.7306515695527197,0.19560737442225185,-0.02187048830091931,0.045922525227069855,-0.1846395870670677
259,1425,0.3764093257756751,0.6190851090847548,0.2686041317862774,-0.4792725387960669,0.05025168228894478,0.002010093070566432,-0.4019284639507532,-0.5706241009756923,0.05141892936080672,0.13223339151591063,0.6276563350111246
626,862,0.3992915774112608,0.6194934003238818,0.26878127821120723,-0.407400845550001,0.028827312402427197,-0.2529252823442223,-0.33861637581139803,-0.09616725053638231,0.20751447416841984,0.4944068593904376,0.7957907132804396
211,329,0.326424859487894,0.6196171174529973,0.2688349556968478,-0.3099780594930056,0.24180368706583985,-0.07972541451454174,-0.2857878869399428,-0.15626888349652313,0.5933736441656947,-0.09022869262844324,-0.47453742753714323
460,1154,0.2981169979551118,0.6197513770652046,0.26889320727815974,-0.10856463946402112,-0.0317605026066301,0.10355401597917069,-0.1931701274588704,0.5702851796522737,0.0013454537838697433,0.5634045237675309,-0.08663232158869505
749,1001,0.41175301189017827,0.6197706995148091,0.2689015907616645,-0.25752289406955275,0.04711032751947625,0.022730540484189543,-0.3681042445823551,0.8228628970682621,-0.1497186152264477,-0.0576361957937479,-0.670021316036582
903,1227,0.2665021206977627,0.6198732491204839,0.2689460842366214,-0.16453792341053491,0.031533018685877184,0.23909173347055884,-0.5305228866636753,0.2988360309973359,0.1332604568451643,-0.30718833208084106,-0.008637056685983913
1553,1907,0.2603753155822232,0.6199003016486458,0.26895782159023074,0.4254669202491639,-0.04142911639064514,0.096750115044415,0.20985362492501722,0.41405001934617763,-0.28147781547158945,-0.23569941520690918,-0.0018562590703368187
40,574,0.44201116803473006,0.6200577149428755,0.2690261189222255,-0.7503307908773418,-0.05831099674105589,-0.18792065139859848,-0.8209117148071527,-0.47467214986681927,-0.2365431459620596,-0.06660358607769012,-0.04101159702986479
620,1067,0.3886850043733579,0.6201825543224863,0.2690802833217257,0.09263261593878253,0.16773703694343567,-0.13759272359311592,0.19569069426506758,-0.3507649218663573,0.4184423768892884,-0.38249371759593487,0.818677985109389
924,1514,0.4125053353330059,0.6202493791160888,0.26910927677578234,-0.27356230281293403,0.18604010529816184,0.12197734694927953,-0.47691096179187287,-0.8078302051872014,-0.49100761022418743,-0.3282115953043103,0.09008027240633987
182,889,0.33584223703733196,0.6203007110270952,0.26913154829093666,-0.08095043711364303,0.24645588267594581,-0.1478541940450664,0.004681950435042492,-0.2723892778158188,0.18419015873223532,-0.2044731369242072,0.8143786648288369
1037,1529,0.3923364145248115,0.6203013775813694,0.26913183749064357,-0.28472899552434683,-0.02987342607229953,-0.20904426556080585,-0.2595627987757323,-0.8616824923083186,0.3349865712225438,0.05351307336241007,0.4252189481630921
286,339,0.4475297189859709,0.6204133522674927,0.26918042025076305,0.507945264689624,0.1861067572608589,-0.006363842636347039,0.6091353446245193,-0.7165595814585686,0.5643701935186982,0.09170281514525414,0.3132914872840048
71,649,0.4376529578894388,0.6205024989994233,0.26921909858461474,-0.6430629435926676,0.009413335472345283,-0.11380618624389183,-0.5790332462638615,-0.01857666671276098,0.6813385589048266,0.5104305408895016,0.21298901923000815
616,1786,0.3809139977037106,0.6205405359656377,0.2692356017860904,-0.48073523677885505,0.04343278426677011,-0.002017720602452533,-0.6540035102516412,0.5701391799375415,0.08927598875015974,0.14761997666209936,-0.3810850400477648
574,706,0.35081303817662596,0.6205519614969748,0.269240559012294,0.3824940845370285,0.09436555672436908,-0.01999066770076785,0.4243077775463462,0.7067452045157551,0.27707349602133036,0.10243922285735607,0.2493244903162124
1219,2015,0.2743865538350333,0.6209595704828136,0.2694174094261432,0.40757632814347766,0.12726930063217878,0.14829272031784035,0.5294345412403345,0.019346654415130504,0.007671412080526019,-0.13019228540360928,0.3167223865166307
1077,1653,0.3452912411447007,0.6211487423806463,0.2694994859494355,-0.01523141097277414,0.21987527608871493,-0.05208396539092047,-0.1333392495289446,0.30664687417447567,0.6007279520854354,0.17231903877109292,-0.6325653111562132
425,1029,0.3025540911396175,0.6214046549961348,0.2696105194485259,0.08757975883781932,0.15898600779473787,0.10071505513042167,0.051937732845544926,-0.39532811194658257,-0.5880923932418227,-0.20644294936209917,-0.3765213657170535
1596,2016,0.35825937158405596,0.6214251179574226,0.2696193977689213,0.40958550944924366,-0.02839675825089194,0.08237790036946546,0.4684047242626549,0.07839261740446113,-0.43234626669436693,-0.4136774186044931,0.5175371924415232
1358,1472,0.4808528519885549,0.6218514100031657,0.26980435425253546,0.87113846745342,0.1616463400423528,0.3146207910031076,0.7637161603197454,-0.288159916177392,-0.04683408886194218,-0.4585206778720021,0.29499924834817653
1358,1430,0.28652113052352507,0.6218896846732924,0.2698209605872509,0.13602329231798638,0.0646425560116769,0.0733039146289226,-0.15775839611887954,-0.5691888593137263,-0.20755167119204987,-0.47020646557211876,-0.12515957932919253
1001,2015,0.5503943584020801,0.6220612007330384,0.2698953767242883,0.7731076711788779,0.10579931177198892,0.1958098253235223,0.8592898426577449,-0.2468649186193944,0.11952880956232537,-0.1251322142779827,0.9731262074783444
175,1899,0.3784032099574849,0.6221377977530113,0.26992861008064806,-0.28106901794672,0.02290578372776489,0.033315830864012574,-0.5815635314211248,-0.04229833651334025,0.6787984417751431,-0.21409584674984217,-0.4671914549544453
1107,1437,0.25489098341541794,0.622154343657115,0.2699357888968418,-0.1339624347165228,0.16299097705632432,0.19303491991013244,-0.1522243674844503,0.21898313425481308,-0.2957312585785984,0.2717827847227454,0.4533564867451787
1107,2030,0.36304574107447624,0.6221945344082603,0.26995322656681453,-0.4465697454288602,-0.16962872631847847,0.03431520052254178,-0.5592545904219152,-0.2990955198183657,0.45542417280375974,-0.39833794347941875,-0.23818812798708677
1067,1878,0.26842795110999806,0.6223405888306086,0.27001659559432417,-0.43856001831591107,-0.06623658351600181,-0.16291463840752823,-0.27823360823094856,-0.03052379470318556,-0.07800168637186311,0.478461692109704,-0.19952360447496179
490,1412,0.36194870733654777,0.6223640132301842,0.2700267588019644,0.3926446307450536,0.12270930409431491,-0.0179691305384041,0.7029546489939094,-0.16799003817141062,-0.45935037173330795,-0.017893359996378422,-0.3805467607453464
34,582,0.427718589902716,0.6236256224365618,0.2705741366027867,-0.24298722203820922,-0.0015483787283300243,0.12004615645855687,-0.3832587040960789,-0.8195450687780975,-0.13239114359021176,-0.5578628489747643,0.49275708291679626
284,1520,0.28308871610288877,0.6237128527547641,0.27061198345702747,0.3007756173610687,-0.02872167620807875,-0.026155935600400075,0.480298989452422,-0.0678877793252467,-0.3754148185253145,-0.39292202796787024,0.13608399592339993
566,1940,0.33902021421808554,0.623731976381692,0.27062028067679933,0.418306740000844,-0.2004999592900275,0.16684055700898193,0.3723209602758291,0.2852195501327515,0.49444838892668497,0.07104539778083563,-0.45493006519973267
85,491,0.3835820674066021,0.6237905039701407,0.27064567420000013,0.32567578088492166,-0.035473399795592137,-0.11427084449678661,0.5192549023777246,-0.4115658225491642,-0.05438634939491749,-0.41417929623275995,-0.6657223692163825
612,1040,0.3482789940987123,0.6238175465420969,0.27065740723388343,0.2033521244302392,0.0553686087951063,-0.17909647244960114,0.6089222282171249,0.33825658075511456,0.030179460532963276,0.11979641392827031,-0.6272375714033843
1207,1341,0.32630861222169644,0.6238599249197772,0.2706757940553015,-0.42538401763886224,0.0881617078557611,-0.19802792556583915,-0.3898524381220341,-0.10904208011925232,0.17368555348366488,0.582444996573031,0.30099074821919236
416,2004,0.28361423469492597,0.623918722467236,0.2707013047063487,-0.3600786617025734,-0.057325552217662445,0.14780780766159296,-0.5161984115839003,-0.26135327108204365,-0.03207262139767397,-0.11982789263129234,-0.37222648225724697
453,793,0.39490557554306277,0.6240053271203643,0.2707388801015905,-0.1588367065414783,0.09536967612802977,0.22103621810674678,-0.16670299973338848,0.8784815017133951,0.5335248420014977,0.233758176676929,-0.16003294475376606
1067,1747,0.35510740138511404,0.6241261712143202,0.27079131105569065,-0.08084509801119555,0.08023239206522687,0.2236908683553341,-0.33529998175799836,0.6238822089508176,-0.051167672500014416,0.628920323215425,-0.2144419942051172
277,1123,0.26599882253413953,0.6241867096968986,0.2708175770509698,0.27994772139936713,-0.15399873908609138,0.07900877110660087,0.2787552308291197,0.22412350028753303,0.15646258275955893,0.38267040252685547,-0.3985740402713418
1557,1571,0.3544662972196361,0.624303962161582,0.27086844969515705,0.28826937917619905,0.05344526376575248,-0.08640212099999217,0.5203122161328794,0.37724771257489903,0.6493421243503691,0.2557954313233495,0.10785524174571037
384,1900,0.4216658504630735,0.6244401968982751,0.27092755822907527,-0.4157527210190892,0.09418088290840354,-0.506304210051894,-0.32823568023741245,-0.05871972069144249,0.04390925914049143,0.02039241138845682,0.9331783633679152
752,1348,0.3173326014316215,0.6244804240298379,0.27094501168351814,-0.1684498880058527,-0.19763775542378448,-0.02960761729627856,-0.21425686683505762,0.45898286625742923,0.5072080641984941,0.013228042982518673,-0.4725260874256492
492,860,0.26532253658018456,0.6250037291162729,0.2711720594776559,0.08175150677561788,-0.04637274146079984,0.16924777906388064,-0.25138233508914704,0.5143716065213082,-0.1429499275982381,0.013843623921275139,-0.42106089927256096
181,1193,0.27051823819728904,0.6251977835135765,0.27125625438420775,-0.16420884896069787,-0.052744015119969734,-0.17978997062891752,-0.11038680654019106,0.13744338322430827,-0.13651037868112337,0.6031618397682904,-0.3314435211941602
872,1506,0.2797210866725386,0.6253599139121373,0.27132659833902517,-0.35977819003164757,-0.10242331679910399,0.10986594017595078,-0.5135562373325228,0.28416882734745746,0.2363291308283807,0.03625911567360163,0.26887091901153326
132,1868,0.44925754713093324,0.6254103439841152,0.27134847857083944,-0.22911926079541478,-0.09978937823325362,0.19902242906391604,-0.4239344820380211,-0.6133668711408973,-0.4707406898960472,-0.7733675856143236,-0.37008334603160614
1299,1684,0.26368427226444424,0.6255168295205598,0.27139467973873177,0.11332465801388047,-0.1003262549638746,-0.32503928430378404,0.4140573097392918,0.1171596236526965,0.3377423053607346,0.34906008280813694,-0.08120438549667586
1529,2045,0.4016168454998214,0.6258458911138067,0.2715374505827745,0.22375592309981573,-0.07865446619689456,0.1646422008052469,0.08997065294533946,-0.052330223843455315,-0.7518153069540858,-0.7938595255836844,0.0271304147318005
876,948,0.33575892012932285,0.6262425760228546,0.2717095613378612,0.1379158105701208,-0.06818469613790501,0.04400554951280378,0.028852056711912488,-0.7430637814104556,0.30026416294276703,-0.4663313962519169,-0.12516486924141657
623,1293,0.29926648813369117,0.6262524732556319,0.2717138554770325,-0.45049526914954185,-0.097560649737716,-0.03970162663608856,-0.6425677929073571,0.15598065406084072,-0.03846720978617668,0.14356973860412842,-0.20767241343855858
1641,1847,0.3721630033661372,0.6266729702591843,0.2718962976500075,0.5874124001711605,-0.033848747611046115,0.07076164707541466,0.7951366091147065,0.07155625708401203,0.16826384607702483,-0.1226907018572092,-0.275876561179757
1571,1700,0.31702272765055683,0.6266995106459319,0.27190781279943527,0.0695781148970126,-0.20654272194951767,0.0923714255914091,0.01849380787461996,-0.4183361623436212,-0.48540637362748384,-0.2135484954342246,-0.5398373045027258
1022,1642,0.3869300820041547,0.6272462543608903,0.27214502997476536,0.30905345175415244,-0.14994207676500115,0.2692320970818399,0.08647377695888261,-0.4040310205891729,-0.7503959760069846,-0.4187578745186329,0.3131540585309267
476,1040,0.34262127494182054,0.6273433966082802,0.27218717734454867,0.2956677116453648,0.06947558652609587,0.06001349072903395,0.36786954384297144,0.5015235533937811,0.3280392028391361,0.0068478817120194435,-0.5905559621751311
298,1926,0.382436521651525,0.6273864416586712,0.27220585341706,-0.16843689512461413,0.0014579715207215793,0.21565379016101358,-0.36535805836319935,-0.6254520248621702,0.26422178093343973,-0.6599951982498169,-0.25514371786266576
900,1548,0.30446759286511277,0.6278231205856708,0.2723953164849563,-0.20718178525567077,0.05390841234475385,-0.21727768518030638,-0.19884532410651434,0.16981581505388,0.07899211347103141,0.7575598554685712,-0.0071103256195783615
896,1488,0.3075963358131311,0.6278794733165269,0.2724197663968073,-0.036932486109435586,-0.08727058395743381,0.16285195387899898,-0.15615038666874187,0.012491182424128056,0.4565859343856573,0.4832755271345377,-0.5048348251730204
752,1464,0.28248971420325586,0.6279068365380807,0.2724316385517993,-0.03409417159855335,-0.042735579423606396,-0.04104910138994464,0.23351898789405834,0.033487663604319096,0.21696603950113047,-0.08940946590155363,-0.7231935299932957
247,765,0.3531964747656635,0.6280543262548107,0.2724956303143669,-0.3980363858863708,0.1517644822597506,0.22715640999376818,-0.6445973403751852,-0.20296980999410152,0.0002035470679400131,-0.38965172600001097,-0.39545613806694746
998,1462,0.3022633825187301,0.6282756169018721,0.27259164228631405,0.095773248933256,-0.09949692711234126,-0.07148996554315071,0.1563935736194254,-0.050466553308069706,0.4489316549152136,0.4827869962900877,0.49506920017302036
482,872,0.4041684054299665,0.6285828330828367,0.27272493500220685,0.36036683060228836,-0.008798921480775102,0.028853007592260616,0.2902022562921047,0.5882469788193703,-0.8024640483781695,-0.24483087100088596,0.20469506084918976
1001,1947,0.4412562592014446,0.628812970276742,0.2728247852493757,0.5065937424078588,0.1220415793359278,0.05425986833870411,0.6508576693013312,-0.6680824868381023,0.24351715855300415,-0.5906973537057638,0.07076231297105529
320,1944,0.2766520819228618,0.628825732394563,0.2728303223839744,-0.11923835519701272,0.14363774377852656,0.07147059310227633,-0.4117203764617444,0.4207600848749279,0.17499110754579328,0.12238748092204332,0.42447622120380424
1236,1425,0.5007698832281647,0.6289161430935399,0.2728695491186294,-0.5318667478859423,0.2457410106435416,0.18354299385100625,-0.8300261516124009,-0.8246093019843103,-0.49698427692055713,-0.10549796465784311,-0.046452016569674
76,1144,0.385659491247363,0.6290849250468884,0.2729427790015244,0.343020336702466,0.10190033446997415,-0.07591888774186373,0.49361855629831575,0.582388736307621,0.6835473012179136,0.07727028150111437,0.003479904495179653
1557,1700,0.28696640091354353,0.6293385638327955,0.2730528259480204,0.35784749407321165,-0.1530974581837652,0.005969304591416924,0.5388060240074993,-0.04108844976872217,0.16393575072288524,0.04224693588912487,-0.4319820627570155
40,212,0.31589807275829085,0.6293509382763444,0.2730581948813334,-0.11859474331140513,0.09508268255740426,-0.018830999732017073,-0.23290412593632917,-0.7384453369304538,-0.2897610003128649,-0.17087629623711106,0.24933252763003122
740,1060,0.40037226723621033,0.6295863605721319,0.27316033818995966,-0.01011512242257584,-0.08607038017362367,-0.10306743998080481,-0.20966794900596142,0.7595724640414118,-0.34946235083043586,0.6579915368929505,-0.29709008987993
1725,1977,0.29001308930470715,0.6296220198243941,0.2731758097662478,-0.19477911107242063,0.046609138138592465,0.024824481457471514,-0.3800760759040715,0.17859413102269167,0.09893854055553675,-0.16703396104276183,-0.6465990263968706
35,1029,0.27646093569976204,0.6298766846341257,0.27328630187647734,-0.33884179499000294,-0.022933413274585757,-0.19491001870483182,-0.37161773443222057,-0.03624025918543328,-0.42197139188647276,0.367350434884429,-0.0754736931994558
274,1462,0.34125078136584097,0.6302715313591931,0.27345761509370553,-0.22366995830088854,0.08813924156129294,-0.06685964763164522,-0.14172356389462953,-0.20767653733491898,0.21348574571311474,-0.09426670335233212,0.8669903632253411
374,1412,0.3799782111638072,0.6303318867453621,0.27348380164845004,0.5041054077446461,0.18808760680258285,-0.05313273053616285,0.7195174144580959,0.13728555478155616,-0.5585296340286733,-0.08062685560435057,-0.0879576914012431
1022,1150,0.3474136637536803,0.6309366651073167,0.2737461984731388,-0.011148311197757832,0.03916426002979245,0.4667529501020906,-0.24133569840341818,-0.5888783009722829,-0.5545086124911904,-0.17773406486958265,-0.044314983300864585
393,721,0.38012017386940405,0.6309883752151715,0.27376863407758334,-0.10980645380914156,-0.14155701082199795,-0.0068633062765001696,-0.3332773409783841,0.6059419587254524,0.36847804486751556,0.4667462706565858,0.540296426974237
764,1878,0.34799144540103594,0.6313360834053353,0.273919495171096,-0.3812590716406702,0.048397540114820115,-0.18606387637555583,-0.5143955033272505,-0.5941598806530237,-0.03999631479382526,-0.32935735303908587,-0.2424028301611543
1821,1835,0.31254284263077586,0.6315962840614255,0.27403238913396755,0.2272335356101391,-0.06758631858974701,-0.20841151196509586,0.48063406720757484,0.3981829797849059,0.27421909105032705,0.27459235768765217,0.37639077380299557
446,684,0.35425469897954276,0.6317560204062701,0.2741016943742197,0.5384706575423477,-0.012390379793942308,0.10218208562582698,0.4241498922929168,0.09832156449556373,0.23690788634121418,-0.030177196487784386,-0.6758842458948495
175,1227,0.30495037376464906,0.6318360995646951,0.27413643853541386,-0.24636330641806112,0.08334548957645868,0.2462592879310252,-0.605843674391508,0.31365086883306526,0.1876187352463604,-0.034612299874424934,-0.33741759136319144
324,1010,0.33652080768669407,0.6318977437338413,0.2741631842579167,-0.28130734991282186,-0.029562893323600514,-0.3191457744687799,-0.1745863454416392,-0.32477222848683596,0.49837136175483465,0.10593364015221596,-0.5731970639899373
1318,1657,0.2922251804113477,0.6319419370540486,0.2741823585333609,0.03195452969521273,0.20108620077371592,-0.40450678300112497,0.4477893272414803,-0.5186085551977155,0.04926230665296312,0.06534582935273647,0.04376061633229256
4,1012,0.4581329601039194,0.6320652278079927,0.27423585102645187,-0.0650035310536623,-0.11022722069174007,-0.017912926152348435,-0.16753267124295215,0.9140055859461427,-0.4581952868029475,0.7398505639284849,-0.20394831709563732
304,1344,0.30058307349132807,0.6320690748061215,0.27423752013394165,0.0723104458302256,0.1335191810503601,-0.3093136493116613,0.542638490907848,0.23732765018939977,0.2314606066793205,0.41810723673552275,0.15780287515372043
366,1734,0.2557710419298145,0.6321307309140378,0.274264271036351,0.08208865206688631,-0.0759143605828283,-0.05902886204421509,-0.016907007433474175,0.32413232885301113,-0.2735597863793374,0.5524779018014672,-0.14815620612353086
756,1846,0.365088034412392,0.6321948590708566,0.274292094493308,-0.41818794608116155,0.06469925772398732,-0.003491610288620439,-0.5252472497522831,0.6231221789494157,0.4571057986468075,0.11812676955014464,0.013010431081056706
822,1928,0.41462502895708647,0.6327857980808385,0.27454848680090116,0.545816873200238,0.10609193611890078,0.4638362377882003,0.33165462873876084,0.09923169761896133,0.43521828856319184,-0.7345616342499852,0.04645673092454672
497,1115,0.4430679241908445,0.6330520454499523,0.27466400426751725,0.5961009385064243,0.05132722016423932,0.06008706428110572,0.6672299187630415,0.7201711367815734,-0.008829910308122635,0.42113140504807234,-0.26003914605826145
691,1767,0.3641009666839941,0.6332188743814772,0.274736386787548,0.33659876137971867,-0.07461646012961876,-0.1222121259197593,0.7629263866692781,0.0022983113303780556,0.21259909588843573,0.2804280584678054,-0.4699507849290967
1107,1514,0.30342301834279767,0.6332641562196829,0.27475603334124227,-0.2145148850977423,-0.09006457403302182,0.2895319042727351,-0.6333466852083802,-0.18736312817782153,-0.28863686602562666,-0.19420012552291155,-0.20324699953198433
1726,1882,0.26844852842081124,0.6333468301374152,0.27479190329767955,0.24346634652465526,0.20237664878368333,0.2050999989733101,0.1301237009465695,0.4041437776759267,-0.05995251052081585,0.49931549746543175,-0.03231222275644524
91,1811,0.2849296455065431,0.6334374702295082,0.2748312295597466,-0.14946920983493323,0.17847872059792286,0.05276187416166071,-0.2645249068737031,-0.036966697312891594,0.2791582280769944,0.09035169612616302,0.6595960892736912
970,1020,0.36007493829427795,0.6334559054905551,0.27483922811635064,0.21160829719156032,-0.05738489236682609,-0.14594155456870828,0.5198546834290029,-0.6248980863019826,-0.4481998113915324,-0.2909517986699939,-0.1468983478844166
300,1806,0.26272363856090586,0.6337933001623776,0.2749856144557478,-0.4692022558301691,0.15239549707621391,-0.1721128672361376,-0.4057129593566058,0.04254961386322975,0.3107746085152031,0.119949902407825,-0.04253689199686045
1144,1752,0.39726196551558524,0.6339184635056118,0.27503991941422207,-0.0337985195219517,-0.28384169470518805,0.019629134796559713,-0.13182556070387366,-0.717201785184443,-0.5672283116728066,-0.5411903150379658,-0.18453051149845145
64,296,0.3367322241418269,0.6341733741120108,0.27515051816891695,-0.18965615611523412,-0.033285737968981155,-0.08012559171766015,-0.30260085407644516,-0.5830506766214965,0.4506589192897081,-0.42909844499081373,-0.2118417154997586
1012,1272,0.3642529908363197,0.6342538368974985,0.275185428775423,0.19557764567434777,-0.18223452474921953,-0.1357889454811814,0.31100139580666997,-0.6197757637128232,0.15931312460452307,-0.6799052441492676,-0.05520486645400535
954,1150,0.34850771047325607,0.6342663713315545,0.27519086712425045,-0.2799661085009576,0.05515094287693534,0.04384549614042044,-0.1596277346834541,0.08368010353296984,-0.18052029330283414,0.7941682478412985,-0.43879580963402975
1657,1835,0.3292011883339301,0.6343798358239506,0.27524009627064955,0.4771188003942372,0.014256180264055951,0.22102649044245495,0.29367782175540924,0.5423477310687301,-0.3649789886549114,-0.11027764808386564,0.25402861088514317
626,1592,0.3538576181282451,0.6346484660185094,0.27535664758019035,0.3978603519499302,-0.047697135247290134,0.07520156539976602,0.5618885476142167,0.33125296887010347,-0.032290236093103886,0.4004940101876855,0.4986112499609592
1494,1838,0.4195147861679605,0.6347187136730783,0.27538712612019817,-0.08283640723675478,0.049715268425643666,0.272396923042834,-0.35119195468723774,-0.6266058990731835,0.012062856927513854,-0.8710963642224668,-0.22244674526154995
1318,1700,0.4727530877561359,0.6348437423804484,0.2754413726638457,0.5671745268627999,-0.0556920114904641,-0.280222307890654,0.8637844230979681,-0.686314769089222,-0.3642913457006216,-0.1389798866584897,0.12440130487084367
386,1527,0.4606183537149394,0.6356219327594578,0.27577900822970075,0.38773642480373394,0.10538564715534421,-0.23932253569364553,0.7654690407216549,-0.6854700408875942,-0.07041530963033438,-0.06239432469010353,-0.6434048488736152
1231,1341,0.3918682614798828,0.636401168581208,0.27611709738462714,-0.49221777729690097,0.11024865694344049,0.21341211535036536,-0.8873155219480394,0.06055403780192126,0.11496878322213877,0.13168448302894833,-0.3270378969609736
1571,1629,0.40109259706241307,0.6365679153942488,0.276189444275689,-0.19351341389119642,0.0692136920988558,0.030005664564669243,-0.16415270697325463,-0.4855411229655145,-0.5575193157419563,-0.652060141786933,-0.49513366445899026
296,1547,0.3069017701357984,0.6366640827867124,0.276231168682527,-0.0947308856993912,0.10158667899668189,0.3265159744769334,-0.4793619075790047,0.21821152046322823,-0.30074085947126156,-0.24612270295619965,0.44629311095923174
602,1574,0.39664128023920797,0.6368776800593073,0.27632384270927285,-0.1252119196578857,-0.025311866775154956,0.08641932066529961,-0.08353829570114607,-0.7075168155133726,-0.5058726556599139,-0.6864992212504148,0.007772483862936441
1101,1285,0.348963648920588,0.6370109218751489,0.27638165269652104,-0.1523655420169232,0.21579129062592955,0.17550760973244944,-0.24224162101745605,0.5293560307472945,-0.2087665181607009,0.504141652956605,0.486805803142488
1022,1350,0.4216656109730049,0.6372903375222277,0.2765028835195368,0.15214787516742945,0.06356406956911054,0.5267141545191408,-0.2880335943773389,-0.426395496353507,-0.721112346276641,-0.4802977656945586,0.31989451684057707
1052,1060,0.2699157068855451,0.6373063099561277,0.2765098135226612,0.10318333376199001,0.07403890695422877,0.08734575286507595,-0.2767161251977087,0.5093153407797216,0.0960229495540259,-0.16386655624955893,0.4324713684618475
553,1185,0.28708387450245665,0.6373338793717349,0.2765217751396252,-0.1319153094664215,-0.16595387086272212,-0.1443080799654124,-0.12445255834609265,0.6119271917268634,-0.24231459572911274,-0.04677493683993816,0.3777862684801221
1523,2015,0.38988542248662544,0.6374445684255627,0.2765698000989812,0.4628065172582867,-0.11323399282991894,-0.07744459528475978,0.8004757789894938,0.3205176079645752,0.03304754756391037,-0.08072591572999954,0.4816366294398905
1123,1193,0.27298589878221996,0.6376278643156401,0.2766493271828857,-0.4087856104597451,-0.08782037533819681,-0.04600007552653551,-0.5930752074345946,-0.08849982731044315,-0.2025608904659748,-0.05887202266603708,-0.12316272314637922
1887,1911,0.4988724451414125,0.6376353116155624,0.2766525583630586,-0.21036557387560603,0.025745756924152263,0.22831161133945022,-0.7110048457980156,0.717452039010823,-0.7654374754056333,0.5319850714877248,-0.06913072802126397
1706,1732,0.36992532521826205,0.63787495397843,0.2767565326436101,0.4306826014071708,0.16306781116873015,0.09416653495281943,0.4487135410308837,0.8021245589479803,-0.11477876361459483,0.08132550865411758,0.09631389565765852
831,1941,0.33592480135086156,0.6379253539196252,0.2767783998025002,-0.6031482079997661,-0.10903116688132283,0.1040068184956906,-0.6864600451663138,0.04513750970363606,0.03809730708599102,-0.06118175573647022,0.19445154257118707
236,526,0.3924557038130857,0.6382240946878035,0.27690801526810926,-0.4458821108564728,-0.12471674755215623,0.0561316302046182,-0.7142259459942579,-0.32382613141089694,0.2999306200072168,-0.29814043268561363,-0.4699231768026949
98,499,0.33198478139065296,0.6382938874798433,0.2769382964556806,0.10566842649132013,0.06679636612534501,0.01398996170610145,0.3284704675897957,0.4707332253456117,0.522817637771368,0.4605571087449789,-0.2257301937788725
1460,2010,0.4570342659474322,0.6384452351875824,0.27700396209524863,-0.4172106711193917,-0.08699019718915257,-0.10553376469761144,-0.19267240073531863,-0.5744825238361955,0.7126832762733101,-0.3808569759130478,0.6768684033304455
222,1886,0.3408744379319355,0.6385551405463695,0.2770516470307162,0.012372814118862374,-0.03928522765636455,0.33394068852066994,-0.2586677735671404,0.5283006662502885,-0.6795162716880442,-0.09179674368351698,0.013063066639006138
1123,1977,0.3261146642471372,0.6386057272999662,0.27707359524240854,-0.4240106157958505,0.1476502604782583,0.003959562629461177,-0.6756152901798488,0.40036331675946707,0.0912799444049599,0.019390225410461398,0.15411067195236683
182,1402,0.3544841191974619,0.6386067277293043,0.277074029301393,0.04955086484551441,0.055372181348502525,0.07658263761550166,0.1169946761801838,0.5025003561750054,0.1405392549932003,0.02444132510572672,0.841036643832922
1497,1717,0.32436104050409825,0.6388137750687817,0.27716386149093025,0.23384474962949708,-0.06695598643273093,-0.1957134027034042,0.28242355398833774,0.3471707468852401,-0.19495533499866735,0.697852250188589,0.1375301154330374
674,1040,0.552883236432153,0.6389508111524974,0.27722331770744996,0.497373669408262,-0.029720017686486244,-0.3008467340841887,0.9626191705465317,0.7661397866904736,0.17546021472662698,0.22080924175679684,-0.7166013764217497
703,1365,0.4347030970291802,0.6389589321087059,0.2772268411686989,-0.6357363183051346,-0.13731556665152284,-0.2429732214659453,-0.56816350389272,-0.023596126586198918,0.7110286829993129,0.24898787029087543,-0.3725033570080999
589,995,0.2533011479587796,0.6390579635949076,0.2772698082276385,0.1589385671541093,-0.08078075945377328,0.2911470578983428,-0.15644658263772715,-0.12011874001473188,0.5943070389330387,-0.06257076095789671,0.026798550970852375
812,1940,0.3810771025882021,0.6391831637882578,0.2773241291743724,0.09705472737550758,-0.18832897208631016,0.01797948312014333,0.0642959736287595,0.9313897471874951,0.20204363577067863,0.41593590285629034,0.17635827697813533
1001,1523,0.3153024999776447,0.6392344782614999,0.27734639312375675,0.31030115392059116,0.21903330460190787,0.2732544206082821,0.05881406366825104,-0.5673825265839696,0.086481261998415,-0.04440629854798317,0.49148957803845394
434,1544,0.37786004014351,0.639359934273498,0.27740082506321967,0.3535492848604918,0.03254949115216721,0.044403545558452384,0.7622906286269426,-0.5736043117940426,0.2304514665156604,-0.10884861927479506,0.1978196883574128
280,604,0.3241448359922327,0.6396667385636247,0.27753393907091983,-0.22639998327940727,0.10871619638055552,-0.09448544681072268,-0.502545153722167,-0.3638440277427434,-0.5542480871081352,-0.022829468362033367,0.2755160601809622
1435,1951,0.3125630153840853,0.6397237167955941,0.27755866037063176,0.255736499093473,0.07467192597687239,0.30307160411030093,-0.058710631914436706,-0.009193507954478375,-0.2755591394379735,-0.7334957616403699,0.03543059993535283
98,856,0.4448690298623522,0.6397257339050441,0.27755953553936796,0.4054371109232306,-0.10377944540232453,-0.06404446158558141,0.6343790711835027,0.6233876990154387,-0.02665389236062765,0.3158203987404704,0.7159012006595731
620,764,0.40572329330401236,0.6397479731553349,0.27756918454308055,0.03533166926354164,0.05310291331261374,-0.11444348562508833,0.43185258936136955,0.21287116408348083,0.3804370053112506,0.425325327552855,0.8615572107955816
421,555,0.40996075584233693,0.6400135893745048,0.2776844281709623,0.381622727960348,0.06958996038883913,0.0038054296746846683,0.2845393707975743,-0.275620523840189,-0.8359041325747967,-0.4085922986268997,-0.4140491615980863
68,312,0.3427756410585273,0.6400326287316376,0.27769268882837006,0.12095683533698318,0.11585853062570095,0.4809160083532335,-0.12832755781710137,-0.4932337561622261,0.021059422753751167,-0.6476091500371695,0.0322265075519681
1553,2021,0.2654498389436127,0.6403631993440212,0.27783611439462963,0.16766358260065295,-0.09316591080278117,-0.2910750666633253,0.2561374241486192,0.3687549727037549,0.4600380696356296,0.024061701260507107,0.1685012662783265
116,1536,0.3802041695480849,0.6405335132485976,0.27791000894935014,0.29623976256698403,0.05158417392522108,0.18052361812442536,0.4210903495550156,0.28845192678272724,-0.030422638170421012,0.12422118708491325,-0.8698022458702327
48,1312,0.37083239210640084,0.640809413723286,0.27802971463500725,0.1070095282047988,0.15388613659888462,-0.3145582294091584,0.5514209466055033,0.004291332326829322,0.15519774425774802,0.7967265341430904,-0.055780431255698204
64,127,0.32929332477448087,0.6411967333088894,0.2781977620318645,0.012157838791608602,0.1355063058435918,0.31634832732379464,-0.32913553155958636,-0.5478218263015149,0.11784189194440842,-0.5529507091268897,-0.14424480590969324
1154,1884,0.29368894515820887,0.6412038388495106,0.2782008449320045,0.217032451182604,-0.020249661058187818,0.14735256973654048,0.13203330524265777,-0.3493178449571132,-0.050882698036730234,-0.32430511619895697,0.6112127704545856
419,995,0.33869545193240913,0.6413059828916222,0.27824516244400066,-0.015095959417521898,0.03231388330459606,-0.07181740179657951,-0.13430029060691584,0.31058546341955673,0.6434449246153234,0.04649303946644068,-0.6169312661513688
269,1151,0.31301185439982687,0.641406676680467,0.278288850730687,0.5021688034757973,-0.005512638948857687,0.142121526412666,0.483090689405799,0.22913392074406147,-0.32271290011703974,-0.3293499471619725,0.11364405788481233
978,1518,0.32331079416050806,0.6414297081377679,0.27829884345139905,-0.388987587764859,-0.0695431809872391,-0.09165505785495015,-0.16817848477512604,0.2875989507883787,0.11999271903187048,0.7349804034456612,-0.07809676416218285
1022,1782,0.40359753966719547,0.6416175027410917,0.27838032240419525,0.19782936479896307,-0.2305675158277155,0.23408283200114977,0.09896340314298865,-0.586229526437819,-0.885706154629588,-0.10602384246885775,0.08282465022057295
981,1345,0.25802712337259087,0.6418285607418662,0.278471894710204,-0.31605582125484977,0.05694898962974551,0.06483449600636959,-0.2953878184780479,-0.11918761674314737,0.055800121277570836,-0.5362161761149764,-0.18216722365468774
407,1133,0.3124981346952109,0.6419561083547877,0.27852723413822034,-0.2904715882614255,-0.00250275619328022,0.08203740790486319,-0.628021792508662,-0.114121599122882,0.12975832726806397,-0.2808452434837818,0.432416632771492
497,835,0.37143771415742094,0.6420073042690898,0.27854944664811654,0.47328610625118006,-0.07535858731716888,-0.12299955729395173,0.6111774304881693,0.17498987819999479,0.41499724239110947,0.4350307462736964,-0.3054283671081066
188,822,0.33996135159494206,0.6422785929607254,0.27866715140697906,-0.3251575268805027,-0.09551751893013694,-0.183060159906745,-0.30269986856728787,0.025808090344071388,-0.7525350162759423,0.11250422615557909,0.32398813124746095
444,1018,0.26810765057706576,0.6423532220095952,0.2786995309143902,-0.28595310449600214,-0.016995218582451677,0.33402872178703547,-0.5479907905682923,0.11587695404887202,0.010114468634128543,-0.10424689296633005,0.23817935213446617
750,1822,0.27738125307709577,0.6423697174432402,0.2787066878328294,-0.0638714889064429,0.09572574123740207,-0.4094899985939264,0.3297996707260609,-0.09356645122170437,-0.05749340727925312,0.4159760335460305,-0.3751450078561902
241,339,0.39619421149382483,0.6424488814049117,0.2787410349151312,0.46587382815778244,-0.06636050995439291,0.0418264754116533,0.4145435430109501,-0.6851614797487855,0.6233422290533782,0.043747983872890486,-0.028376181609928608
1085,2001,0.28778665248582064,0.6425202045155679,0.27877198006618226,-0.27136364113539424,-0.14061718899756703,-0.056153262965381256,-0.406248638406396,0.2268731510266661,0.5032363208010794,0.3096398888155818,-0.019277242943644524
1140,1840,0.31049672796597,0.6425568853794963,0.2787878948918889,0.21100237499922508,0.14226048719137874,-0.21704466640949283,0.5063574519008397,-0.12809958122670662,-0.5550963953137398,0.022831327281892314,-0.27917138021439336
1267,1651,0.4553946846644997,0.6426802825815295,0.2788414335699004,0.007060525938868745,-0.07173692062497156,-0.2327869283035396,0.35054049734026177,-0.8275694753974675,-0.14981061778962612,0.20902814622968435,-0.8519406644627452
187,1977,0.3659103016740841,0.6427903410039661,0.27888918491550785,-0.5529955383390187,0.047026065178215865,-0.20793875772506032,-0.5524864764884114,0.5024182954803109,-0.09548113774508227,0.33965046238154173,-0.19422722049057495
1237,1835,0.372952271830235,0.6428755631754246,0.278926160489686,0.3084974121302367,-0.251474003307521,-0.08136718999594425,0.3391019804403185,0.7902685096487402,0.28971809055656217,0.3513373862951994,0.028770258650183456
197,1699,0.48077407047480175,0.6432851331195711,0.2791038617098233,0.306768553331494,-0.14393184799701,0.0026130350306630135,0.35443341452628385,-0.5206669829785824,0.05149794649332762,-0.7110021328553557,0.9107284341007473
1060,1172,0.2957492808681713,0.6433713889553098,0.27914128576272024,-0.048816683702171015,-0.05040572397410814,0.13376238476485025,-0.10190485231578328,-0.6316932393237948,0.2171641997992994,-0.4457040186971426,0.14728070609271524
1075,1529,0.3354498950472057,0.6434174664518106,0.2791612775308324,-0.34142787102609845,0.15965109597891577,0.12589024566113965,-0.5854529384523629,-0.5512854047119617,0.12937257438898087,0.07894918881356716,-0.26955938339233393
1460,1678,0.446316571689208,0.6435662315583422,0.27922582265022494,-0.5934563884511586,-0.08470427151769433,0.06102417502552243,-0.6029236996546385,-0.37363874632865185,-0.026164897717535607,-0.31020135153084993,0.7940190350636842
1202,1996,0.30289843211510364,0.6436716778432111,0.2792715729152235,0.06785582471638907,0.02531637530773878,-0.3588758744299415,0.5927507309243084,-0.2665722565725447,0.3400923805311322,0.21450543683022263,0.12590810004621744
1078,1850,0.3738981108984512,0.6439208078972903,0.2793796636460388,0.06921028159558729,-0.04833718203008153,-0.05371410958468892,0.09222409594804065,0.2692797351628541,0.32524080388247956,0.6510269790887833,-0.7055154563859106
629,1529,0.2530537271158548,0.64404618909107,0.2794340631239188,-0.1886934572830795,0.1346988687291738,-0.12804379593580978,-0.2502408046275375,-0.0591054642572999,0.5809881119057537,0.19204439967870712,-0.040039191953837816
1074,1956,0.291199513534933,0.6442142319044682,0.2795069723141632,0.23555762227624666,0.1314122518524523,-0.1576324319466949,0.5256058396771551,0.2455790638923645,0.04503136966377497,0.4356779716908932,-0.22882089484483015
311,1295,0.3537634917508087,0.6445582469015978,0.27965623103201875,0.10468487162143006,0.01020968332886707,0.2407427690923214,-0.12491490319371235,0.4021810479462148,0.8643085062503816,-0.03297723829746248,-0.08184499572962528
597,1377,0.3534917624391083,0.6447682518680863,0.2797473464551919,-0.28324994165450335,0.00480644591152668,-0.2807161118835212,-0.03311869036406284,0.12531927786767483,0.19268343411386013,0.6259593069553375,0.6283649522811177
1595,1615,0.3870562603471052,0.6448175486293651,0.27976873497442595,0.14050578512251383,-0.1155932117253538,0.20911316853016615,-0.10329635441303253,0.7059849193319677,0.22955572791397572,0.47357683163136244,-0.5793209085240959
334,339,0.2794360448438615,0.6449670097384217,0.27983358207031767,0.4816147191449994,0.1421572957187891,0.2567812260240318,0.3843635646626353,-0.15756397694349278,-0.04126939550042155,-0.04765132162719965,-0.36061395518481737
51,683,0.310245099123605,0.6450123560975588,0.279853256617883,0.12038040254265076,0.15353684872388845,0.1038425760343672,0.04001974035054462,-0.20787168852984905,0.6589264394715428,-0.4192720605060458,0.25764812156558037
1279,1747,0.3273596621200445,0.6451280746708746,0.27990346374847125,-0.408165266737342,-0.1218925062566995,-0.0788072803989052,-0.7072112681344151,0.28921967465430504,-0.04082239232957352,0.04921842366456983,-0.28594197425991297
1678,1854,0.2755738026386538,0.6452646217424831,0.2799627077959845,-0.07712162379175436,0.10910149756819065,-0.09668260253965827,-0.04330496769398451,-0.22466447483748186,0.7245564013719559,0.04110905062407255,0.03616046253591779
1150,1518,0.26454617047570517,0.6452903163812587,0.27997385599845065,0.08709713164716981,-0.22697029076516662,0.03237746469676528,0.1108153648674488,0.29964750818908215,-0.1785830408334731,0.029142798855900764,0.6040842719376086
822,1046,0.34501066213027815,0.6454308658761182,0.2800348365881721,-0.02695548441261053,-0.0757247442379595,0.09175044205039751,0.1142865139991045,-0.06612376309931278,0.7882521012797952,-0.17339325603097677,-0.518207990564406
60,396,0.3740447654701975,0.6454756409934541,0.28005426328951116,-0.043971664272248745,0.04757855180650916,-0.026377616450190558,0.06655947584658864,0.21294995862990607,0.8496782034635544,0.5840168735012412,0.03970241080969572
1318,1835,0.36740720107684477,0.6455128373229381,0.28007040176165343,0.5090733300894499,0.21534238103777187,-0.18348029255867,0.7414671489968895,0.02373917587101454,-0.31571668200194825,-0.04493181873112917,0.2977892272174357
284,1800,0.32844569323838946,0.6455738688372717,0.2800968816699546,0.19461713638156636,-0.10473927669227068,-0.3044181941077112,0.39473966415971545,0.5584739232435822,-0.41925982572138304,0.2359715923666954,-0.14940577372908598
1514,1586,0.4074651447419359,0.6456887740292435,0.28014673589657774,0.11525696795433749,-0.0923356702551249,-0.24388372525572755,0.5434276051819322,0.06035300530493248,0.690567245706916,0.4593403497710824,0.5100006982684135
353,1907,0.256069665914983,0.645775683236758,0.28018444342965537,0.4951179698109627,-0.06543230917304757,0.20672876946628127,0.2565037840977309,-0.10133338253945107,-0.21503916103392828,-0.19248089753091335,0.27029619459062826
737,1514,0.344398045088446,0.6458441151057086,0.2802141341498427,0.28957640472799506,-0.11893822066485865,0.027878519147634617,0.14130899962037824,-0.3919111778959631,-0.46473815850913536,-0.47290319856256247,-0.486744805239141
155,583,0.37652093051075075,0.645951809345218,0.28026085974100506,0.1565624335780741,0.16629243828356283,0.2043775990605352,-0.11555506382137526,0.861880188807845,0.47038277890533214,0.23390086647123098,-0.0897157099097966
1462,1634,0.3522010274754577,0.6462790262442399,0.28040283022257184,0.16811892390251137,-0.0660909619182346,-0.042901565320789814,0.0672411723062395,0.6615309249609709,-0.40394793823361386,0.1296648569405079,-0.5794484671205282
212,674,0.2759052844134058,0.6464732048545361,0.28048707902175096,-0.21171228028833877,-0.08631397690623988,0.045762357302009615,-0.6048154374584558,0.08551183622330427,-0.03510287590324879,-0.08347651734948161,0.4163038479164243
1026,1418,0.4642391555298255,0.6465566140502468,0.28052326799523475,-0.03595776483416557,0.11465469561517239,-0.07476247288286653,-0.039469541981816514,0.7026072125881909,0.6218182751908897,0.7483745608478783,0.5120338564738631
210,1316,0.3583844265586234,0.6466959249070968,0.2805837111737307,0.19836640544235712,0.10957229044288397,-0.07696424890309614,0.40199836157262314,-0.37130160070955753,-0.5897262832149862,-0.262256340123713,0.5041957218199968
1152,1512,0.3553068917188094,0.6467119290165819,0.28059065492002694,-0.1741208070889113,0.0057739028707147755,-0.07623459864407789,-0.3018913334235549,0.7061585867777466,0.4155024271458386,0.4290935238823294,-0.1649816501885652
1145,1333,0.2896049763257894,0.6467429627337337,0.280604119602878,0.21141007635742426,0.04819610528647891,0.2346440982073541,-0.02356692776083924,0.6618815883994101,0.06075610872358084,0.16124978568404913,-0.3171087596565485
311,1495,0.3391042806415735,0.6468964529490446,0.28067071481800476,-0.04899519402533764,-0.04186004772782298,0.19880897272378173,0.029819428920745628,-0.5283854156732559,0.5873635541647673,-0.4993088059127331,0.04324731975793836
826,1020,0.27326716027932013,0.6472300884050077,0.280815470136243,0.27632146887481196,-0.1019383808597919,0.12080416455864873,0.13495075702667256,-0.5724300760775805,0.04713626764714718,-0.3512576799839735,0.15674568247050052
56,1493,0.39936706107207826,0.647267478105742,0.280831692506893,-0.5424964167177678,0.07945109717547894,-0.21280026435852073,-0.41033791657537233,-0.3139308877289296,0.0015944093465803943,-0.27506115660071373,-0.766461097635329
908,1242,0.2960250052767048,0.6474655110472722,0.2809176135951961,-0.2606629747897386,-0.1737475600093603,-0.14854068122804176,-0.10890318825840939,0.09492347482591867,-0.16336165647953726,0.24447556864470243,-0.6881300676614047
334,1527,0.483797422584958,0.6476018743785235,0.28097677792278325,0.7189699951559301,0.11361162364482863,0.12148683331906823,0.5534313851967455,0.04987841844558716,-0.7585086319595574,-0.3899686252698302,-0.5401018746197223
1304,1776,0.310268632483015,0.647651689596373,0.2809983913861728,0.06500975508242862,0.06890497636050008,0.3751709964126349,-0.3575478885322808,0.25228826981037844,0.5985773243010044,0.01773025654256341,-0.2651537572965025
1615,1687,0.3719758063375138,0.6481116787544718,0.2811979681271235,-0.11440210230648522,0.06476507335901277,-0.049862542189657744,0.2251393012702464,-0.8390257619321346,-0.3080728780478238,-0.4711686559021473,0.12489451747387637
495,1703,0.30905343140659847,0.6481292154531961,0.28120557682206077,-0.10051880590617679,-0.07981538679450742,-0.009739502333104388,-0.2664809525012969,-0.033457173965871556,-0.22059857193380594,-0.09810364712029696,-0.785571936517954
900,1258,0.37614747125423215,0.6481358932091181,0.2812084741180955,-0.39955353271216176,-0.060199922882020585,-0.31229415349662326,-0.11583861615508795,0.37616615369915946,-0.23496789298951593,0.7749678380787373,0.245756069198251
837,1193,0.3599138056601676,0.6481624367004005,0.28121999061449615,-0.104210416786373,0.05600657500326617,-0.14601362589746725,0.1904790783300998,-0.8235282879322768,-0.11605178192257881,-0.13721324130892754,-0.5041928635910156
201,1371,0.41125199625448466,0.6482559948065056,0.28126058292320005,0.4538537710905074,-0.1500644199550154,-0.21090907789766783,0.733508992008865,-0.06575625482946623,-0.10812082607299078,-0.2397701796144247,0.6844715056940915
4,386,0.4765320297206617,0.6482572878850297,0.2812611439546789,-0.3215529918670655,-0.02391470223665204,-0.0033991364762187004,-0.570689802058041,0.8578061368316412,-0.360485185869038,0.5939035508781672,0.4104792242869735
1285,1861,0.43336427501267677,0.648456196752778,0.2813474450834609,0.015238565392792225,0.2159232497215274,0.05698203667998292,-0.11866004671901498,-0.5604939367622137,0.6046029580757022,0.07826100196689367,-0.8674281304702163
182,1642,0.26416707277879975,0.6485383019529105,0.28138306828885395,0.09602489974349715,-0.18034095596522093,-0.09800683706998825,0.07644592225551591,-0.008579599671065807,-0.08092151395976543,-0.33485722728073597,0.6183281606063247
978,1350,0.26097431854143466,0.6485424978176278,0.28138488876003465,-0.3127885330468415,0.1818269193172456,-0.06407131813466521,-0.32569174561649555,0.15043424721807253,0.131972026079893,0.40327390376478445,-0.31797153595834976
890,1406,0.32458620604331045,0.6487718507452632,0.28148439873547443,-0.26613603997975577,-0.24667914491146836,0.0690486738458278,-0.2115529216825961,0.449159570969641,0.21977415680885315,0.4302563462406397,-0.4759020563215019
1299,1389,0.3144954750847268,0.6488779271218915,0.2815304223800899,-0.056366482749581115,0.08483904227614425,0.03246179129928339,-0.07027957867830992,0.4861552892252801,0.40923154074698703,0.34053955040872097,0.5050809793174267
261,539,0.428740943288423,0.6489046385491858,0.28154201173934257,0.41700053121894576,-0.12742720544338215,-0.12797250598669063,0.6575098745524882,0.6359589956700802,-0.5179732143878937,0.048761709593236446,0.3957388522103429
782,1500,0.30657780009829894,0.6489545633096823,0.2815636727302968,0.534833160229027,0.21423239540308725,0.0658318893983959,0.48282297607511293,0.1310723153874277,0.3110272847115993,0.053786011412739754,0.25634903740137793
247,789,0.28826755585867864,0.6490166063291548,0.2815905915030702,-0.46419819537550155,-0.03228380996733876,-0.1127784326672554,-0.42181336786598,-0.07084235455840837,0.22528677526861413,0.16122212167829275,-0.41934761963784684
1397,1889,0.3054132943941136,0.6490923797650697,0.28162346752878575,-0.32018672581762075,0.18687809165567146,0.2287713279947638,-0.578654132783413,0.30984725058078755,-0.19565760437399138,0.25885227229446184,-0.14250137191265821
756,1514,0.3123602211424844,0.6492316306206581,0.28168388467437194,-0.32206530962139374,0.2036436209455138,0.2019846215844152,-0.6867917971685529,-0.2562126340344547,-0.07153384480625413,-0.14890307746827602,0.17303058318793796
1406,1460,0.37027158374801106,0.649390383601632,0.2817527632598802,0.6534549882635475,-0.05678823776543118,-0.03237478714436287,0.7784991906955838,-0.08727948553860193,-0.04688993468880642,0.06619563233107328,-0.2127737933769822
695,1029,0.46855751108715177,0.6494257142080271,0.2817680922456965,-0.5286085279658433,0.02765293978154676,0.2227214490994811,-0.8498633950948716,-0.7671243362128733,-0.04374829586595297,-0.25520441867411137,0.22086620051413758
127,1171,0.3762921681555807,0.649558921177357,0.28182588711399437,-0.4178713262081144,0.0288916649296877,0.024134265258908272,-0.4928379291668537,-0.06394911184906982,0.6255616843700409,0.5511699179187417,0.12098891474306572
1646,1867,0.3885475234497439,0.6499298842182726,0.2819868378525402,0.5724510643631224,0.226149158552289,0.13715292047709188,0.6031420631334186,-0.011027217842638493,0.385375346057117,-0.22766017820686096,0.49583623837679613
223,415,0.2564908867987079,0.6500766640136304,0.2820505215996007,-0.021762074902654006,0.06263158563524446,-0.36709192302077986,0.4556747050955893,0.10320483520627025,-0.22091134916990995,0.24233687296509743,-0.24764522537589068
296,1048,0.275753289642713,0.6501670959495768,0.28208975754839705,0.08577221259474768,-0.14773084223270416,0.05577178951352829,-0.013446787372231261,0.11546480283141125,-0.4456051187589764,0.10523585882037878,0.594033502973616
1219,1941,0.3758053668753515,0.6502903235479846,0.2821432226400245,-0.2403194140642883,-0.00384664256125683,0.05366986431181364,-0.25718127470463525,-0.5262639224529266,0.39398488216102107,-0.6915745250880718,0.30429160874336963
1316,1548,0.32738620186972417,0.650387566860623,0.2821854138592607,-0.17305745929479627,-0.05181723739951827,-0.08627722691744527,-0.3599814549088477,0.012655750848352798,0.05500290263444174,0.211299242451787,-0.7999728908762338
694,730,0.26200379254381917,0.6505249279692321,0.28224501109521055,0.019404944963753668,0.036877283826470375,-0.14560084696859116,0.11350199393928057,0.11117592919617891,-0.3269877107813955,-0.252451634965837,-0.5747488364577293
890,1527,0.34275031688283547,0.6505776216926727,0.2822678734636114,0.502203333191574,0.15021384321153125,-0.007813445292413124,0.6606378648430111,-0.06303718034178041,-0.020508275367319473,0.308712069876492,-0.3589554224163292
704,1936,0.27434541964007797,0.6505800454617158,0.28226892507084583,-0.031836548820137915,0.0035784048959610626,-0.39804756734520175,0.4005921045318245,0.1943908212706446,0.17528047971427463,0.4435903420671821,0.1299906680360437
413,915,0.26876230730427914,0.650757744026173,0.2823460236279348,0.1285749794915318,0.10643087327480344,0.3952174494042996,-0.13214179128408438,-0.24266810715198506,0.10170487873256212,-0.5537375174462795,-0.02216191217303276
1220,2028,0.28704005378798275,0.6510037255753264,0.2824527483083967,-0.21602667123079322,-0.05975454952567805,-0.11660411488264799,-0.1375848427414894,-0.014691871590912398,-0.1946432339027524,-0.21177989058196545,0.7024379977956414
951,1547,0.2587463399033268,0.651034492642833,0.28246609729924455,-0.14448135532438744,-0.22790685389190918,0.06080996897071586,-0.3131302529945969,-0.11242320202291012,0.046598835848271625,-0.32280812691897154,0.49195226281881343
400,1420,0.30985127900219706,0.6511608411710715,0.2825209164771443,-0.38358075264841335,0.04103721398860205,-0.19545311946421884,-0.36032585520297283,0.14380677323788393,0.12080908473581087,0.574595483019948,-0.2928693192079663
1495,1915,0.25974291825674445,0.6511726839205121,0.28252605472289555,-0.018870032392442337,-0.07826026156544674,-0.21695256792008855,0.07569998223334579,0.2518273862078788,-0.15390430018305762,0.5808052206411958,-0.23667096905410284
491,521,0.34617018390942067,0.6511828519373744,0.2825304663478906,-0.4107311880215999,-0.030178102664649153,0.1450212076306341,-0.5470575103536248,-0.007285504601896031,-0.2252709185704589,-0.22353997174650442,0.6066187340766191
747,1029,0.3892498550349652,0.6512363552073649,0.282553679956444,-0.36200888454914076,0.09777004644274712,-0.2809700053185223,-0.11600779742002476,-0.8481715321540831,-0.5035705082118511,-0.07042088359594345,-0.0342771671712398
345,1129,0.2967899925184373,0.6514380377518342,0.28264118450785164,0.07059889659285523,0.148808464407921,-0.07334795873612199,0.12276079319417482,0.012930277734994888,0.5417923154309392,0.10532803367823362,-0.593545279465616
660,948,0.3756124702239217,0.6514902174170895,0.2826638238404363,0.030506055802106746,0.1052583344280722,0.10186983179301046,-0.11120290122926219,-0.5664817811921237,-0.6411237083375454,-0.5247764810919762,-0.29426648654043674
1363,1441,0.3929032721675483,0.6515034107999667,0.28266954808917216,-0.49492767080664635,-0.2676153974607589,-0.06583822425454855,-0.5073645617812872,-0.3875640360638499,-0.05282520595937956,-0.23145943693816662,0.6708868192508819
1592,2036,0.25161289410722615,0.6515498373684095,0.2826896913100725,-0.20517425611615184,-0.15701939910650264,-0.15869236644357448,-0.21404105797410022,-0.37495858035981655,0.2624677522107958,0.1558256596326828,0.367367778904736
220,665,0.30453926370618983,0.6515529236160396,0.2826910303486844,-0.47708997223526217,0.09335287846624857,0.01792430691421046,-0.33105394057929505,-0.13220406882464888,0.07299048453569412,-0.0898633915930987,-0.6040072478353978
995,1207,0.33888435978588477,0.6516133597632475,0.2827172519434395,0.2124078916385769,-0.012833178974688164,0.046930776908993874,0.34197216294705857,-0.22322135139256705,-0.5764967063441873,-0.6016647703945637,-0.10067220777273178
470,514,0.3927471860889281,0.652079733684451,0.2829195988588383,0.19906380772590682,-0.0823301244527106,0.08209752570837722,0.06675961147993797,0.7173742149025201,-0.5953539423644543,-0.09731738641858101,-0.5457642022520305
1392,1706,0.4187576474528573,0.6521194251582585,0.28293681990600117,-0.5756213180720811,-0.0383199043571949,0.01164999231696151,-0.8234348427504301,-0.5918303783982991,0.12649343349039543,-0.043117403984069824,-0.15411639399826524
953,1933,0.29887376846356156,0.6522041966800417,0.282973599955585,0.2824681866914033,-0.14834810327738573,0.07986953388899562,0.28762953262776125,0.40099080651998514,-0.5976727176457642,-0.07531762588769197,0.004456453956663581
231,791,0.29365529396043455,0.6523250753230975,0.2830260458995967,-0.06109728477895243,-0.14148017112165692,-0.026095448061824067,-0.17488741502165783,0.6016041738912463,0.11237759795039903,0.24010231159627438,0.45016211457550526
60,1982,0.4449288016918588,0.6524733857329407,0.2830903937385064,-0.5587796131148939,0.20566382724791743,-0.07510456070303932,-0.6404552264139054,0.06583732645958656,0.23272974509745825,0.16529980674386024,0.8529452132061125
181,1657,0.40694712008099015,0.6525490862832771,0.28312323814115875,-0.20698393043130647,-0.009334543719887678,-0.23756612278521075,0.20190917234867817,0.2819449258968235,0.6161270514130592,0.8250680156052111,-0.21182656940072775
826,1236,0.30529569600042855,0.6528964054090538,0.2832739304302528,0.3245264645665884,0.1903407229110602,0.06470287870615676,0.29939775820821524,0.2884329315274955,0.43405837565660477,0.1042212350293994,0.47729330975562345
774,1634,0.29615027954731626,0.6529331321946702,0.2832898651801265,0.24925459548830986,0.20893376227468263,-0.04163441807031612,0.4721057089045644,0.27151243947446363,0.2541983136907221,0.2943724365904927,-0.3824272351339459
339,1725,0.31176271235467706,0.6532961433331277,0.2834473658052316,-0.17437871731817733,0.18647986557334661,-0.056889942847192065,-0.3011887455359099,0.4612922426313162,-0.4390036240220069,0.026126953773200512,0.46069162618368864
774,1282,0.25993866200604554,0.6535189712001976,0.2835440447349843,0.23189650569111142,0.2447755737230184,0.05440035369247198,0.19510382786393166,0.14447597321122885,0.2799818217754363,-0.055036285892128944,-0.5324817094951866
146,522,0.3084385434119397,0.6537381380521607,0.28363913525020423,-0.13694381806999456,-0.10256484895944573,-0.0962760178372265,-0.032129994593560585,0.27622867934405826,-0.4067778466269374,0.6427999557927251,0.2579492814838886
1371,1611,0.25769467951845304,0.6537755021676588,0.2836553465201186,-0.015101839788258298,0.265019552782178,0.04574640560895171,-0.049311232753098067,0.488847929984331,0.21225209347903706,0.3280470734462142,-0.2542174076661468
1225,1921,0.3757500129410159,0.6537881166100007,0.2836608195823575,-0.2209314052015543,-0.030399832874536292,-0.36724656727165006,0.08072957303374995,-0.6440979186445474,-0.7023211922496557,0.06436900608241558,0.16162265371531254
706,1094,0.33298071787143485,0.6539445626551005,0.28372869725135447,-0.20021205209195547,0.10252007003873609,0.19096834212541558,-0.43170905485749245,-0.40000253077596426,-0.5308865811675787,-0.057628571055829525,0.4103763913735746
152,524,0.35380432311681304,0.6539509559237181,0.2837314711161125,-0.3109505493193865,-0.05839097406715166,0.0741256829351187,-0.5140618532896042,0.2545666676014659,0.6293446132913231,0.3754921406507492,0.1723161581903696
997,1497,0.29846144086239895,0.6539741524625282,0.28374153546118575,-0.14143268577754453,0.07123636268079303,0.09559226315468528,-0.21464140620082617,-0.1665328610688449,0.1300034699961543,-0.7664708448573946,-0.015348074957728275
11,737,0.33842020691860214,0.6539859908949084,0.2837466718338824,-0.6160347387194631,-0.16120355483144505,0.0496584391221403,-0.5914358152076602,-0.2671997705474496,0.18114783987402905,0.10230243764817716,-0.20928969420492646
872,900,0.3565777692326371,0.6540295650213128,0.2837655774580356,-0.04155053198337558,-0.23169913515448537,0.11200595088303111,-0.27436099015176296,-0.31627105269581063,0.1594700990244744,-0.6121129617094994,-0.6114008938893678
1001,1299,0.33940344592726446,0.6541112043324516,0.2838009985269101,0.3249769359827044,-0.15547211933881067,0.2747158491984011,0.3066770574077964,-0.6556870564818381,0.045238991267979034,-0.3981375088915229,0.17824373859912157
737,1036,0.37314755608095834,0.6541494896828748,0.28381760949551466,0.4749134620651597,-0.17028508428484207,-0.11653634626418319,0.6374586010351777,-0.3859254401177168,0.03635567054152483,-0.5177684286609292,0.14523934945464131
582,1886,0.3975528818997187,0.6541661971498776,0.28382485840944066,-0.12509743217378844,0.11986099928617511,0.23369923327118164,-0.22842939384281657,0.8358103102073072,-0.2699834443628789,0.5510492697358131,-0.22901915293186909
449,953,0.337206462301297,0.6543449882574247,0.2839024309911569,0.17994056828320037,-0.21982909459620698,-0.09260793775320059,0.35685105063021194,-0.17925762105733156,0.789860051125288,-0.00812249630689621,0.19226303417235618
581,609,0.3502584512214407,0.6544150550407043,0.283932831056049,-0.26401078887283747,-0.08233263995498419,-0.06387188378721464,-0.23334857542067766,-0.23563268873840582,0.48310711141675705,-0.6460416745394469,-0.37436778098344814
146,182,0.35079785872443064,0.6545143156813914,0.28397589753886543,-0.24062668345868576,-0.16729357372969378,-0.06308027263730775,-0.2645837953314184,0.25835254695266485,-0.4894270533695816,0.6147002447396517,-0.374779649078846
1193,1767,0.40749091156379225,0.6546163690638053,0.28402017571609317,0.6395787941291932,0.2068709414452315,0.11979236174374841,0.6969712097197769,0.5618687849491837,0.12622906360775232,0.20483971666544676,0.05315476562827848
1641,1821,0.33668017719914756,0.6547430021377663,0.2840751183506156,0.1964213512837889,-0.2481281487271188,0.05477129481732845,0.20029677357524633,0.4406175548210739,-0.09083190001547348,0.16978437453508372,-0.7296161446720362
186,538,0.37312190047689325,0.654996307940171,0.28418502082465824,-0.032730404287576564,-0.2203691964969039,-0.011567725799978112,0.13609970919787884,-0.780722244642675,0.43472098745405674,-0.45903243497014046,0.19039033353328716
472,568,0.34479382372299944,0.65532514082031,0.2843276924363258,0.05047237686812889,-0.28006802685558785,-0.10515744984149941,0.318978815339506,0.4300093604251742,0.717102256603539,0.23201345652341843,-0.06555281952023517
490,1468,0.35733775473973084,0.655410554135082,0.2843647509423707,0.2342247208580378,0.1731831552460793,-0.1629329426214099,0.6059222109615803,-0.6577892107889056,-0.23393175657838572,-0.22902014106512064,0.05584563966840517
573,1005,0.35038647138137075,0.6554299205110053,0.2843731534843062,0.08456098753958985,-0.13052411749958998,0.2298878077417614,0.0075830575078726925,0.6413062922656535,0.011933724395930767,0.3470463110134004,0.6109133372083306
