theta_id_a,theta_id_b,theta_rms_distance,x_distance,noise_floor_q95,severity_ratio_x_to_noise,delta_mue_prior_width,delta_mui_prior_width,delta_b_prior_width,delta_tauA_prior_width,delta_g_LK_prior_width,delta_g_h_prior_width,delta_c_th2ctx_prior_width,delta_c_ctx2th_prior_width
0,7,0.30730622156543486,1.8571884271658086,2.3048234774636587,0.8057833692363938,-0.11342116259038447,0.4461480891332034,0.2635021274909377,-0.15122998878359784,-0.18587078899145126,-0.3073336863890288,-0.3722721952944994,0.42859307024627924
0,15,0.37002622592349155,2.0630445549916225,2.3048234774636587,0.8950987245504365,0.07993000280112035,0.13269079010933688,0.5514172203838827,-0.3373229978606105,0.7476039333268999,0.16059366893023264,-0.1820950312539935,-0.18881548661738656
0,55,0.27807450282757984,2.1514128020212864,2.3048234774636587,0.9334392950512665,-0.05287118069827566,0.41382076498121034,0.47807087283581534,-0.011178603395819553,0.03401514608412981,-0.21485377848148346,-0.24591122940182686,0.32877380680292845
0,56,0.2734218700010478,0.6710002658286387,2.3048234774636587,0.2911287013472461,-0.1330975210294128,-0.2816141732037065,0.06925991084426686,-0.3572739968076346,0.291690720245242,-0.12456495035439719,0.06430424097925425,0.5136906430125237
0,67,0.28049491654825726,2.2464246376703936,2.3048234774636587,0.9746623373267918,-0.38247392233461136,0.4555845120921732,-0.0744886593893167,0.03311175759881757,0.3281689360737799,0.1519593633711338,0.24141192622482777,-0.2826030272990465
0,79,0.2514058784718828,2.2079260877531794,2.3048234774636587,0.957958867280756,0.05990293994545951,0.40481874253600847,0.3764167893677951,0.11818017251789592,-0.08511533960700035,-0.10353975556790818,0.1816232101991773,-0.3627182161435485
0,80,0.2591181369413738,1.8394894303738512,2.3048234774636587,0.7981042575972525,0.11313669383525847,0.004404028877616262,0.5007975297048692,-0.21976589038968064,0.36122345551848395,0.2321528233587743,0.1076649846509099,0.17103825509548187
0,84,0.3228116268680718,1.7462787624250347,2.3048234774636587,0.7576626928265786,-0.14368652179837216,-0.2348801642656324,0.018855127505958302,0.19182876497507106,0.6280303178355097,0.40784101746976387,0.396652833558619,0.05099633801728487
0,96,0.3568853400571663,2.238280818952117,2.3048234774636587,0.971128956658855,0.04868046194314968,-0.15224803425371614,0.277867206372321,-0.29823376052081574,0.5826237881556152,0.26226222794502996,0.2742727091535926,0.5863248948007822
0,104,0.33240317252721957,1.7826984497169365,2.3048234774636587,0.7734642011190834,-0.01967162545770383,-0.21375256590545133,0.5682258512824776,-0.11213319469243299,-0.10084663890302181,0.6066534062847496,-0.0824250690639019,-0.34265296906232845
1,47,0.4626183458422552,2.2354699454275035,2.3048234774636587,0.9699093953553115,0.8831599745899437,0.16723458096385016,-0.46562083624303324,0.42339688446372736,-0.0335354832932353,0.41104664094746124,0.4947528801858424,-0.3053765846416354
1,53,0.25520135645717507,1.8295536085587267,2.3048234774636587,0.7937933756957638,0.17518939450383186,-0.028184821829199846,0.22484383173286948,-0.4933342095464469,0.04638306237757206,0.12785680126398807,0.12359319813549507,-0.40227941889315844
2,4,0.33470690576278084,1.8522244196027875,2.3048234774636587,0.8036296218403096,0.13307119160890557,0.1424973104149102,0.14559267275035398,0.7217364190146328,-0.17156841605901707,-0.48451820015907304,-0.15107420086860657,-0.1705830292776227
2,8,0.3459331813977693,1.5534985782943227,2.3048234774636587,0.6740206325925963,0.32546376902610047,0.09173156321048692,0.4719701772555709,0.19843602925539028,0.14756930246949196,-0.7136534806340933,-0.21617868635803464,-0.05543341487646103
2,10,0.3116423223926422,2.282160531975139,2.3048234774636587,0.9901671665053242,-0.193519069813192,0.44041864946484555,0.09651123266667144,0.31596036907285474,-0.3087107641622423,-0.2805980630218983,-0.371804510243237,-0.35231761820614327
2,12,0.39712963197402057,2.2246231222164807,2.3048234774636587,0.9652032548126269,0.08063390199095005,0.3290702607482672,-0.08031622227281343,0.5317296199500563,-0.1050368128344416,-0.7645861990749836,-0.4740958260372281,-0.193203958682716
2,15,0.41817322564472703,2.1607595454339337,2.3048234774636587,0.9374945919119758,0.47012875135987975,0.5359643464908004,0.17699678242206568,0.04516115412116051,0.33670448884367943,-0.3985384171828628,-0.5909070735797286,-0.4857268845662477
2,19,0.39802203500303257,2.1651271409478077,2.3048234774636587,0.9393895723981518,0.12115146685391648,0.9521369328722354,0.05187884531915171,0.1313945222645999,-0.44006631802767515,-0.22479014284908772,-0.056315255351364606,0.28073758259415627
2,20,0.407530262697867,1.2528094138700039,2.3048234774636587,0.5435598110310197,0.2342974981293081,0.42590343207120873,0.3469971688464286,-0.027922632172703632,-0.6303625879809261,0.08459076751023525,-0.6804562909528613,-0.32192888390272867
2,23,0.4426485303369298,2.1338994556621067,2.3048234774636587,0.9258407320678436,0.37769870553165635,0.6875155316665766,-0.4065612368285658,0.481579823419452,-0.20491767302155506,-0.3149692714214326,-0.2516103768721223,-0.5919898739084601
2,32,0.36955171795097874,0.687350025184323,2.3048234774636587,0.29822241568830116,0.41885218303650595,0.02271859161555767,0.07234506960958254,0.46162861213088063,-0.6142381737008691,-0.029806807637214675,-0.5600213976576924,0.08036642335355279
2,39,0.38713572875680735,1.6960138207666726,2.3048234774636587,0.7358541065509493,0.3132487470284104,0.47106349933892466,0.30849581956863426,0.620853938162327,-0.42492558900266886,-0.3450784655287863,-0.1845604730769992,-0.2542326236143707
2,48,0.39118224876826135,1.2865726451974173,2.3048234774636587,0.558208755584712,0.4585551060736177,0.3100941814482211,0.4026483371853829,0.2121412204578519,-0.18573210574686527,-0.5891196532174945,-0.027362743392586708,-0.5729926228523254
2,52,0.4161787578087941,2.137160995862849,2.3048234774636587,0.9272558253418548,0.19752159714698786,0.04742518998682488,-0.13196409307420232,0.8930225158110263,-0.4582743691280484,-0.3901157947257163,-0.2852188479155302,0.29311240185052156
2,58,0.35557052116086413,1.6804486244264334,2.3048234774636587,0.7291007926887667,-0.13297713454812754,0.21816809847950935,-0.18055752012878634,0.42380231339484464,-0.5379215013235806,-0.37552721146494156,-0.188877216540277,-0.5175892934203148
2,65,0.32744389321640804,1.8735085688514814,2.3048234774636587,0.812864233278803,-0.3835706925019623,0.4808778697624802,-0.07442961353808664,0.03239423502236605,-0.6098423227667807,-0.08338644728064538,-0.2644550781697035,0.15491747297346586
2,72,0.43805943046848994,1.3879362782010596,2.3048234774636587,0.602187669369115,0.3444991502910849,0.31897532567381837,-0.23049993347376607,0.5974201979115608,-0.558774041943252,-0.4777717040851713,-0.6033286461606622,-0.014240624383091871
2,75,0.46382746437019406,2.043799057311304,2.3048234774636587,0.8867486283853726,0.20499848201870896,0.5493379021063446,0.5151553712785246,0.1035504909232261,-0.2740139104425908,-0.8771179858595133,-0.4537988035008311,0.22545537538826466
2,76,0.4096654908677157,1.0354169055882114,2.3048234774636587,0.44923913510618835,0.08404423110187043,0.0699179936200377,0.2514281896874308,0.014576629735529534,-0.33521821722388245,-0.5600155172869564,-0.8298475490882993,-0.3906281562522055
2,79,0.5336389315156608,1.9554046641572702,2.3048234774636587,0.8483967137947995,0.4501016885042189,0.808092298917472,0.001996351405978092,0.5006643244996669,-0.4960147840902208,-0.6626718416810036,-0.2271888321265578,-0.6596296140924096
2,80,0.29109979466984676,1.8336927467798445,2.3048234774636587,0.795589234798029,0.5033354423940178,0.4076775852590798,0.12637709174305223,0.16271826159209035,-0.04967598896473652,-0.32697926275432115,-0.3011470576748252,-0.12587314285337925
2,84,0.2906981887857771,1.2527534375720935,2.3048234774636587,0.5435355244431496,0.24651222676038725,0.16839339211583115,-0.3555653104558587,0.5743129169568421,0.21713087335228917,-0.15129106864333158,-0.01215920876711607,-0.24591505993157625
2,98,0.389490952455588,1.4561431822216762,2.3048234774636587,0.6317807834134386,-0.04909960180521045,0.15221845172345638,-0.22195113357156515,0.43589855916798126,-0.3641751045361161,-0.7310124645009638,-0.28944035712629557,-0.4449675027281048
2,106,0.2672726425610815,2.164470119890435,2.3048234774636587,0.939104508893811,-0.23817949648946535,0.34265882708132245,0.3182869087904693,0.12200564984232198,0.06953398697078228,-0.5105235772207379,-0.08170026913285255,0.09485047310590738
2,111,0.5166090205967084,1.6149947048280782,2.3048234774636587,0.7007021234464766,0.4839493026956914,0.680834722705185,0.4614503169432283,0.3589893635362388,-0.574048546142876,-0.14506478048861027,-0.8627235908061266,-0.025669396854937132
2,112,0.5597597245266633,2.164099763900615,2.3048234774636587,0.938943821538167,0.46198050957173087,0.03786490112543106,-0.42686412669718243,0.8336614817380907,0.02841886412352318,-0.8523374907672404,-0.6637802813202143,-0.4966812971979382
2,119,0.4572656684959567,1.862570384957097,2.3048234774636587,0.8081184538291675,0.33294052723795153,0.5897025009617205,-0.19034333806484927,0.924588952213526,-0.03634789306670427,-0.5371886203065513,-0.041737452149391174,-0.17721902672201395
2,123,0.4123695238610689,2.1593920436309526,2.3048234774636587,0.9369012702036748,0.1405479274690148,0.6404992425814267,-0.2702151164412494,-0.004534640349447616,-0.4789289170876144,-0.7826856104657053,-0.10749803576618432,-0.061917055398225784
2,124,0.42305844322787145,0.9623771732859371,2.3048234774636587,0.4175491887756126,0.027400886639952438,0.1042556036263701,0.028557672165334336,0.09237403701990854,-0.544625044800341,-0.5919555518776178,-0.7308378731831908,-0.47927780728787195
3,6,0.37275283965707945,1.7390440632995352,2.3048234774636587,0.7545237543368245,-0.2945038806647068,-0.3377636177465322,0.1432225974276661,-0.2765344930812714,0.5907906824722885,0.6325806928798555,0.21842735819518566,0.12982344161719084
3,14,0.47767821914634123,2.1002280195379757,2.3048234774636587,0.9112316149474362,-0.4681570203974843,-0.40315224882215306,-0.8325589448213575,0.03345217928290384,-0.22549844160676014,0.4766743844375013,0.4559678668156266,0.5132844829931855
3,17,0.3250792905256123,0.4874120432008429,2.3048234774636587,0.21147478232789227,-0.5243210429325701,-0.02237368933856515,0.048658107407391085,-0.6168718617409465,0.3925985135138034,-0.1231799004599452,0.12372936401516199,0.049848586320876964
3,21,0.39958395322267476,1.4468088192164323,2.3048234774636587,0.6277308580735962,-0.2657024757936597,0.23840346187353134,-0.4088716628029946,-0.0316476840525865,0.6204606117680668,-0.06504452694207452,0.3659304203465581,0.6772147538140416
3,22,0.37242315864385406,1.816325865543119,2.3048234774636587,0.7880542190336821,-0.37967888917773995,-0.5625159339979291,-0.1563494391739372,-0.5260056424885986,0.32685064896941163,0.0688733160495757,-0.25161044765263796,0.41593515966087585
3,26,0.28939854777461116,1.5369562520899795,2.3048234774636587,0.6668433687517458,-0.18924322351813294,-0.503906714729965,0.018234594725072245,-0.31541984248906363,-0.13135561347007751,-0.16316875256598007,-0.31927838176488876,0.3669304829090834
3,37,0.2622670605985049,1.1811581158281332,2.3048234774636587,0.512472268430699,-0.20905691105872382,0.27022319287061647,-0.19375269953161514,-0.1113056913018225,0.3442699257284402,0.029975952580571064,0.24428250920027494,0.45224260445684195
3,41,0.38440551909503284,1.9306007936762393,2.3048234774636587,0.8376349913793691,-0.39166481979191303,0.19598889164626562,-0.024662073701620102,-0.7281725062057376,-0.21119574643671513,0.2512758411467074,0.1848600134253502,0.5635317340493202
3,46,0.4030584379962962,2.0452220687616407,2.3048234774636587,0.8873660342146045,-0.512869410216808,-0.28138593677431367,-0.22563748341053738,-0.8248670836910604,-0.14746488817036163,-0.05662193056195963,-0.437740845605731,-0.09771793242543958
3,54,0.41321241191247426,2.2382791596650606,2.3048234774636587,0.9711282367394892,-0.3511489387601616,-0.18501422833651315,-0.6343961795791985,-0.3863123999908564,0.37393937818706025,0.6021127719432114,0.3916633874177933,0.030881972052156703
3,60,0.26943304260937506,2.203480729147054,2.3048234774636587,0.9560301475112849,-0.01937088463455444,-0.24149509798735413,-0.18052310496568694,-0.17673985380679344,0.4599852208048104,-0.18374529108405135,0.43648439925163984,-0.14955022092908632
3,62,0.3879301186664867,2.2590026967251426,2.3048234774636587,0.9801196138504544,-0.41152103710919596,-0.6196033274754884,-0.05500221624970436,-0.0753349047154186,0.06522063072770834,0.5071121361106633,0.029611176811158657,0.6161708412691951
3,69,0.33862900008073615,1.0779810450863494,2.3048234774636587,0.4677065535069145,-0.1599508868530397,0.11777702160179582,0.0921732932329178,-0.18297599814832202,0.013071880675852299,0.7833232274278998,0.4696893095970154,0.039379593916237354
3,71,0.3730823660387066,1.8662518994682014,2.3048234774636587,0.8097157624938448,0.22902892436832173,0.021155057474970707,-0.28322699293494236,-0.0661843167617916,0.5474845468997954,0.10809750948101271,0.12924807891249657,0.8049189215525985
3,73,0.4480813532779566,2.1101546885152187,2.3048234774636587,0.9155385256823819,-0.34257357753813256,0.3170107789337633,-0.23806636501103653,-0.6604084530845283,0.6914625884965061,0.49780673254281266,0.4118079422041774,-0.005472538992762566
3,85,0.33758915032959264,1.7814968167757108,2.3048234774636587,0.7729428453827439,-0.2622768357396127,-0.036374766379595136,-0.11316800024360443,-0.43356580194085836,-0.09507199749350548,0.2294158600270747,0.002977442927658558,0.7610215013846755
3,86,0.28211582150794273,1.4282839628579536,2.3048234774636587,0.6196934285092008,-0.39969086460769143,-0.3060120353475215,-0.3578090611845255,0.060357400216162344,-0.020517180673778057,-0.1679621944203974,0.10343609284609556,0.46077860426157713
3,89,0.3405035557991648,0.41540811897391494,2.3048234774636587,0.18023424485030434,-0.31989951711148,0.030046949163079095,-0.0327631291002036,-0.4097156487405298,0.22836840897798516,-0.07758883200585842,-0.05431261099874973,0.7708699628710747
3,92,0.28533352382205845,2.0696203284520047,2.3048234774636587,0.8979517731785329,0.02539371605962515,-0.3705046931281688,0.042780547402799046,-0.11559814121574152,-0.10656468477100145,0.5539920078590512,0.1640886440873146,0.3911800412461161
3,94,0.35080644499680963,1.6673624721808922,2.3048234774636587,0.7234230683972986,-0.4567200364544992,-0.49056414980441354,-0.3317647995427252,-0.24881182610988603,0.4131999015808104,0.2381241200491786,0.3170527555048466,0.18798937741667032
3,102,0.34699608412824057,1.1387946972065137,2.3048234774636587,0.49409193733990403,-0.33914857171475876,-0.20893046353012323,-0.13542683236300943,-0.07867352757602925,-0.23357094638049614,-0.13737195916473888,0.5071430476382375,0.6703924993053079
3,110,0.4437372981136054,2.0989867929492285,2.3048234774636587,0.9106930806080894,-0.5172714041545993,-0.5244017960503696,-0.5542070502415299,-0.39072763361036766,0.7077203122898935,0.20756501890718926,0.1680381167680025,-0.02556842286139749
3,125,0.35652710828482526,0.7797075468739,2.3048234774636587,0.3382938235825021,-0.04314806871116195,-0.10034959204494964,0.0346288541331887,-0.16939263325184584,0.6743686189875006,0.40886748768389214,0.2842987263575196,0.5218202667310834
4,8,0.2719851848394527,1.8094988209881662,2.3048234774636587,0.7850921507357378,0.1923925774171949,-0.050765747204423284,0.3263775045052169,-0.5233003897592425,0.31913771852850903,-0.2291352804750203,-0.06510448548942807,0.11514961440116167
4,10,0.25115291404019424,1.2637035340350062,2.3048234774636587,0.5482864724311329,-0.32659026142209757,0.29792133904993534,-0.04908144008368254,-0.40577604994177807,-0.13714234810322523,0.20392013713717472,-0.22073030937463045,-0.18173458892852057
4,20,0.4374137533966199,2.047727518624349,2.3048234774636587,0.888453080527351,0.10122630652040254,0.2834061216562985,0.2014044960960746,-0.7496590511873364,-0.4587941719219091,0.5691089676693083,-0.5293820900842547,-0.15134585462510597
4,22,0.3179440155393733,2.2426793877264,2.3048234774636587,0.9730373755973516,-0.4772009300068023,-0.10262720100581635,0.07588358502835002,-0.36699370108544815,0.1386362202465532,-0.12188197392970312,-0.6237295707687736,0.08305189013481146
4,26,0.3312752483697017,2.0967763854492776,2.3048234774636587,0.9097340451237826,-0.2867652643471953,-0.04401798173785221,0.25046761892735947,-0.15640790108591315,-0.31957004219293594,-0.3539240425452589,-0.6913975048810244,0.034047213383019026
4,29,0.29228685609604627,1.613144716703687,2.3048234774636587,0.6998994640920921,-0.18922039493918408,0.5117182536050677,-0.017287897877395375,-0.05955999810248594,-0.3842845857143403,-0.03623119555413723,-0.31354000419378275,-0.3669495601207018
4,30,0.34630201670705196,1.7714046099904255,2.3048234774636587,0.7685641123110072,-0.5420274939388036,0.21083107404410817,-0.2704729363322261,-0.5578777613118291,-0.044838144443929306,-0.1543103093281386,-0.44916259311139584,-0.09594152681529522
4,31,0.3571154559368995,1.673639385884589,2.3048234774636587,0.7261464499339204,0.2976598665118219,0.6104058763012288,0.3573127249255775,0.07291208393871801,0.032939509488642105,0.5149825625121595,0.027644138783216463,0.3987606503069401
4,33,0.39235512316969656,1.7905049402315938,2.3048234774636587,0.7768512242863621,-0.5612915670499204,0.4674438172951342,-0.43373936414718667,-0.37914695590734504,0.41711356397718174,-0.34452533442527045,0.11424619425088167,-0.2457082038745284
4,41,0.40124253958911327,1.825509041054673,2.3048234774636587,0.7920385482464597,-0.4891868606209754,0.6558776246383784,0.20757095050066712,-0.5691605648025871,-0.39941017515957355,0.060520551167428605,-0.1872591096907854,0.23064846452325577
4,42,0.3586096532875329,2.2165954386136635,2.3048234774636587,0.9617202620015457,-0.35122338868677627,-0.07445291802287124,-0.5270894449204209,-0.04742056038230644,-0.09023714531213067,-0.3213812317699192,-0.5677509345114231,0.43135160487145185
4,46,0.48257307743619443,1.199189815063985,2.3048234774636587,0.5202957305796072,-0.6103914510458703,0.17850279621779908,0.006595540791749843,-0.66585514228791,-0.33567931689322006,-0.24737722054123845,-0.8098599687218666,-0.430601201951504
4,51,0.4031759541206275,2.0376724561410136,2.3048234774636587,0.8840904633544295,-0.04087884537875669,0.4294528430327772,-0.4828237118199467,0.019964816048741396,-0.4715920435264709,-0.22266529500484455,-0.7614140920341016,-0.17046505864709627
4,54,0.3133603835873949,1.9695691124382761,2.3048234774636587,0.8545422813055025,-0.448670979589224,0.2748745046555996,-0.4021631553769112,-0.22730045858770595,0.18572494946420182,0.4113574819639326,0.019544264301657677,-0.3020012974739077
4,58,0.2597071653014625,1.4307352163774563,2.3048234774636587,0.6207569605078423,-0.2660483261570331,0.07567078806459915,-0.3261501928791403,-0.29793410561978817,-0.36635308526456356,0.10899098869413149,-0.03780301567167044,-0.3470062641426921
4,60,0.2538067524195437,1.1328518600006119,2.3048234774636587,0.4915135024775337,-0.11689292546361679,0.2183936350047586,0.05170991923660029,-0.017727912403642937,0.271770792081952,-0.3745005810633302,0.06436527613550425,-0.4824334904551507
4,65,0.41485226183972784,1.388668486817679,2.3048234774636587,0.6025053547032757,-0.5166418841108679,0.33838055934757,-0.22002228628844062,-0.6893421839922668,-0.43827390670776367,0.4011317528784276,-0.11338087730109692,0.32550050225108856
4,71,0.2910381995755159,2.05004883257142,2.3048234774636587,0.8894602352920298,0.13150688353925938,0.48104379046708345,-0.05099396873265516,0.09282762464135891,0.359270118176937,-0.08265778049826611,-0.24287104420363903,0.4720356520265341
4,75,0.3712380479638125,1.4164596623347283,2.3048234774636587,0.6145631872396017,0.07192729040980339,0.4068405916914344,0.36956269852817064,-0.6181859280914067,-0.10244549438357375,-0.3925997857004403,-0.30272460263222456,0.39603840466588736
4,76,0.36410536640768787,1.138900434714339,2.3048234774636587,0.49413781395859485,-0.049026960507035144,-0.0725793167948725,0.10583551693707682,-0.7071597892791033,-0.16364980116486538,-0.07549731712788343,-0.6787733482196927,-0.22004512697458278
4,82,0.29070195480623867,1.7382504199135158,2.3048234774636587,0.7541794141329956,-0.23880641907453537,-0.08144115284085296,0.35532641317695385,-0.42581389006227266,-0.46719906851649284,-0.15147393569350243,0.004832942970097065,-0.2521563721820712
4,85,0.316166368062101,1.5514684011913378,2.3048234774636587,0.6731397941584013,-0.35979887656867504,0.4235139666125176,0.11906502395868279,-0.2745538605377079,-0.2832864262163639,0.038660570047795884,-0.36914168018847704,0.4281382318586111
4,91,0.40997968566790294,2.142585968218324,2.3048234774636587,0.929609572780008,0.033200035803020056,0.6273361565545199,0.07388940174132563,0.13220459315925848,-0.35414381232112657,0.18044593464583175,-0.8359638080000877,-0.2650699606165292
4,106,0.2961136470588891,0.699725353531341,2.3048234774636587,0.30359173289112507,-0.3712506880983709,0.20016151666641224,0.1726942360401153,-0.5997307691723108,0.24110240302979935,-0.026005377061664947,0.06937393173575401,0.2654335023835301
4,109,0.4304772392664878,2.288941685996146,2.3048234774636587,0.9931093241531062,-0.2268207864835855,0.6424109702929852,-0.05954264942556614,-0.7607873957604169,0.05530242435634125,-0.33589055389165867,-0.5586824174970388,-0.08942063339054596
4,111,0.42557869282061256,2.1166779344125826,2.3048234774636587,0.9183687840345497,0.35087811108678585,0.5383374122902749,0.3158576441928743,-0.36274705547839403,-0.40248013008385897,0.3394534196704628,-0.71164938993752,0.14491363242268557
4,113,0.384399567200351,1.6525244870578197,2.3048234774636587,0.7169852716340511,-0.5732780164107681,0.5587428947910664,0.06534822378307559,-0.5187579728662968,-0.22153328079730272,0.4315995862707497,-0.020274534821510315,0.17921058181673294
4,114,0.326997317991309,2.1926545910030883,2.3048234774636587,0.951332981654627,-0.22047079447656848,0.28934812732040893,-0.19687810912728315,-0.03611876443028453,-0.2641046587377788,0.31522944755852234,-0.6097658108919859,0.37694493401795626
4,115,0.3274188504396304,1.7271530650512348,2.3048234774636587,0.7493645747447345,-0.06089058052748425,0.6884432239457963,0.19092873949557532,-0.41710864286869764,0.3763487096875905,-0.017056955955922493,-0.11733425781130791,-0.11761407647281885
4,118,0.3836956294780572,1.2726517817462966,2.3048234774636587,0.5521688728833956,-0.4598940433934334,0.03443165868520748,0.2977147791534662,-0.6703544110059739,-0.03676471579819929,0.11598168686032301,-0.39871985651552677,-0.5032897498458624
4,120,0.35235177744207385,1.564613896373222,2.3048234774636587,0.6788432657302677,0.15087806619703775,0.20489598996937275,0.34628932457417255,-0.20110560581088063,-0.1162905227392913,0.09919536858797084,-0.8064008234068752,0.3073473395779729
4,124,0.35435773859564695,1.5793297131295498,2.3048234774636587,0.6852280569735961,-0.10567030496895313,-0.03824170678854011,-0.11703500058501964,-0.6293623819947243,-0.37305662874132395,-0.10743735171854485,-0.5797636723145843,-0.30869477801024925
4,127,0.307437793944947,1.9734278551224969,2.3048234774636587,0.8562164844373046,0.2486742287874223,0.7626775139942765,0.14128557965159394,-0.11203991621732698,-0.05606990121305,-0.20811011362820842,-0.18290792871266603,-0.01430361159145821
6,17,0.3359457917871953,1.6901871714175125,2.3048234774636587,0.7333260824284373,-0.2298171622678633,0.31538992840796704,-0.09456449002027502,-0.3403373686596751,-0.19819216895848507,-0.7557605933398007,-0.09469799418002367,-0.07997485529631387
6,21,0.43395438988806545,2.1039211379602323,2.3048234774636587,0.9128339582324503,0.028801404871047098,0.5761670796200635,-0.5520942602306607,0.24488680902868495,0.02966992929577826,-0.69762521982193,0.14750306215137243,0.5473913121968508
6,22,0.3354052487928463,1.9099357165463715,2.3048234774636587,0.8286689784365434,-0.08517500851303317,-0.2247523162513969,-0.2995720366016033,-0.24947114940732718,-0.26394003350287687,-0.5637073768302798,-0.4700378058478236,0.286111718043685
6,26,0.44100411992451455,2.1361974289686487,2.3048234774636587,0.9268377599656463,0.10526065714657384,-0.16614309698343277,-0.12498800270259386,-0.0388853494077922,-0.722146295942366,-0.7957494454458356,-0.5377057399600744,0.23710704129189258
6,37,0.3616506629563209,2.260596581528135,2.3048234774636587,0.9808111569636591,0.08544696960598297,0.6079868106171487,-0.33697529695928125,0.16522880177944896,-0.24652075674384832,-0.6026047402992845,0.025855151005089283,0.3224191628396511
6,62,0.30353182895862213,1.831963784508601,2.3048234774636587,0.7948390852580972,-0.11701715644448918,-0.2818397097289562,-0.19822481367737046,0.20119958836585286,-0.5255700517445802,-0.12546855676919222,-0.188816181384027,0.48634739965200424
6,86,0.4350175088453148,1.6875876249159325,2.3048234774636587,0.7321982101523181,-0.10518698394298465,0.03175158239901066,-0.5010316586121916,0.3368918932974338,-0.6113078631460666,-0.8005428873002529,-0.1149912653490901,0.3309551626443863
6,89,0.40398888277618156,1.7812427952574361,2.3048234774636587,0.7728326323791197,-0.02539563644677323,0.3678105669096113,-0.1759857265278697,-0.1331811556592583,-0.36242227349430334,-0.7101695248857139,-0.2727399691939354,0.6410465212538838
6,102,0.4721435736925468,2.1429330582566313,2.3048234774636587,0.9297601656743016,-0.04464469105005198,0.12883315421640895,-0.27864942979067553,0.1978609655052422,-0.8243616288527846,-0.7699526520445944,0.2887156894430518,0.540569057688117
6,110,0.3171955104040196,1.9314714166814377,2.3048234774636587,0.8380127309389108,-0.22276752348989248,-0.18663817830383744,-0.697429647669196,-0.11419314052909624,0.116929629817605,-0.42501567397266626,-0.05038924142718315,-0.15539186447858833
7,10,0.39790843658103336,2.1937556559876557,2.3048234774636587,0.9518107036994314,-0.47029665578156693,-0.40900299604982143,0.20742954313755074,0.08470620587468158,0.28805946931242943,0.5858677094802259,0.40927972737699747,-0.4839992905035614
7,12,0.32642641950842755,1.8573581161944854,2.3048234774636587,0.8058569926745166,-0.19614368397742488,-0.5203513847663999,0.03060208819806587,0.3004754567518831,0.4917334206402301,0.1018795734271406,0.3069884115830064,-0.3248856309801341
7,15,0.4691558385929517,1.3712159337305245,2.3048234774636587,0.5949331682613187,0.19335116539150482,-0.31345729902386654,0.287915092892945,-0.18609300907701265,0.9334747223183512,0.46792735531926144,0.19017716404050589,-0.6174085568636658
7,19,0.36315565772282205,1.2423061339589456,2.3048234774636587,0.5390027245496651,-0.15562611911445845,0.10271528735756846,0.162797155790031,-0.09985964093357325,0.15670391544699658,0.6416756296530366,0.7247689822688699,0.14905591029673815
7,23,0.42547124373852796,1.5271663452432254,2.3048234774636587,0.6625957953724918,0.10092111956328143,-0.1619061138480904,-0.2956429263576865,0.25032566022127883,0.39185256045311667,0.5514965010806916,0.5294738607481122,-0.7236715462058783
7,25,0.35396403631624307,1.2882413121525351,2.3048234774636587,0.5589327446326516,-0.5723508130759001,0.04213361814618102,-0.25048651359975316,-0.15640036109834898,0.3211170360445975,0.4119088714942334,0.5586138758808374,-0.030405904166400433
7,33,0.5200079038011696,2.232716566483316,2.3048234774636587,0.9687147793809822,-0.7049979614093898,-0.2394805178046226,-0.1772283809259534,0.11133529990911462,0.8423153813928365,0.037422237917780765,0.7442562310025096,-0.5479729054495692
7,43,0.42194724892208896,1.8560941855958382,2.3048234774636587,0.8053086076849476,-0.023093650117516462,-0.1791544035077095,0.33966347761452215,0.06991268694400798,0.5064852926880119,0.7671279646456242,0.5390658304095268,-0.36854108702391386
7,51,0.2939173252884354,2.0545103721239375,2.3048234774636587,0.8913959755325045,-0.18458523973822605,-0.2774714920669796,-0.22631272859871343,0.510447071865201,-0.046390226110816224,0.15928227733820666,-0.13140405528247368,-0.4727297602221371
7,56,0.3656362996732378,2.1533005225476347,2.3048234774636587,0.9342583254650082,-0.019676358439028346,-0.72776226233691,-0.19424221664667085,-0.20604400802403677,0.47756150923669327,0.18276873603463162,0.43657643627375364,0.0850975727662444
7,61,0.34849533296150903,2.2884952524218383,2.3048234774636587,0.9929156288099821,-0.2887632725760339,-0.0738078206777574,-0.3022308452054855,0.10369659774005402,0.11919447872787703,0.8007014309987425,0.21756876725703478,-0.27928016893565655
7,65,0.4320866174012108,2.013319039698336,2.3048234774636587,0.8735241806517396,-0.6603482784703372,-0.3685437757521868,0.036488696932792664,-0.1988599281758071,-0.013072089292109013,0.7830793252214788,0.516629159450531,0.02323580067604772
7,67,0.4441696072098016,1.2485455977127682,2.3048234774636587,0.5417098575751794,-0.2690527597442269,0.009436422958969778,-0.3379907868802544,0.1843417463824154,0.5140397250652311,0.4592930497601626,0.6136841215193272,-0.7111960975453258
7,68,0.28722242000261927,1.2909685374120274,2.3048234774636587,0.5601160132370193,-0.11684327479451895,-0.4640245409682396,-0.04325013142079115,0.09332341607660055,0.5778371021151542,0.15003302320837952,0.23514866642653942,-0.09339308924973014
7,72,0.28278834717899387,1.6063268221598568,2.3048234774636587,0.6969413657342375,0.06772156432270995,-0.5304463198408487,-0.11958162300288677,0.36616603471338766,0.037996191531419754,0.388694068416953,0.17775559145957232,-0.14592229668051002
7,79,0.3711027846676011,1.5034880281744238,2.3048234774636587,0.6523224198622517,0.173324102535844,-0.04132934659719495,0.11291466187685739,0.26941016130149376,0.10075544938445091,0.20379393082112063,0.5538954054936767,-0.7913112863898277
7,80,0.3864104910708916,1.7946106975485014,2.3048234774636587,0.7786326003253748,0.22655785642564294,-0.44174406025558716,0.23729540221393153,-0.0685359016060828,0.5470942445099352,0.5394865097478031,0.4799371799454093,-0.25755481515079737
7,84,0.5645785815486635,1.850155151839464,2.3048234774636587,0.8027318230355177,-0.030265359207987674,-0.6810282533988359,-0.2446469999849794,0.3430587537586689,0.8139011068269609,0.7151747038587927,0.7689250288531184,-0.37759673222899437
7,98,0.40205439938063664,2.1405747229691734,2.3048234774636587,0.9287369483604737,-0.3258771877735854,-0.6972031937912107,-0.11103282310068585,0.2046443959698081,0.2325951289385556,0.1354533080011604,0.4916438804939389,-0.5766491750255229
7,109,0.2839067552440636,1.7780584552785819,2.3048234774636587,0.7714510341743156,-0.37052718084305486,-0.06451336480677161,0.19696833379566714,-0.2703051399439572,0.4805042417719959,0.04605701845139254,0.07132761925458908,-0.3916853349655868
7,111,0.3477829436431427,1.9040481312275883,2.3048234774636587,0.8261145158599724,0.2071717167273165,-0.16858692280948195,0.5723686274141075,0.12773520033806562,0.022721687331795692,0.721400992013514,-0.0816393531858921,-0.15735106915235528
7,117,0.43956745936741826,2.1484922463680403,2.3048234774636587,0.9321721456657266,-0.46172116789966816,0.0890883430838581,-0.20396463759243444,0.29498510062694555,-0.030173095874488354,0.8796173445880412,0.3989027012139559,-0.5121083911508322
7,119,0.4503026382769931,1.5808009223089403,2.3048234774636587,0.6858663744819762,0.056162941269576605,-0.2597191445529465,-0.07942502759396997,0.6933347890153528,0.5604223404079675,0.32927715219557285,0.7393467854708433,-0.30890069901943207
7,123,0.28619998529552115,1.3713698019511957,2.3048234774636587,0.5949999274826542,-0.13622965849936014,-0.20892240293324027,-0.1592968059703701,-0.23578880354762077,0.1178413163870573,0.08378016203641891,0.6735862018540502,-0.19359872769564393
7,127,0.31268614427686237,1.689910961840798,2.3048234774636587,0.7332062426318475,0.10496783442795295,0.055753178894519806,0.3977965628728272,0.37844233959913265,0.36913191620260466,0.1738374587148428,0.4471021080389619,-0.316568313166499
8,10,0.36293859360554487,2.2386073282437873,2.3048234774636587,0.9712706201289051,-0.5189828388392925,0.3486870862543586,-0.37545894458889945,0.11752433981746446,-0.45628006663173426,0.433055417612195,-0.15562582388520238,-0.29688420332968224
8,15,0.3141290877266347,2.194398227749267,2.3048234774636587,0.9520894980487143,0.14466498233377928,0.4442327832803135,-0.2949733948335052,-0.15327487513422977,0.18913518637418747,0.3151150634512305,-0.374728387221694,-0.43029346968978666
8,20,0.46311230526954134,1.805890446722477,2.3048234774636587,0.7835265756272874,-0.09116627089679236,0.3341718688607218,-0.12497300840914231,-0.2263586614280939,-0.7779318904504181,0.7982442481443286,-0.4642776045948267,-0.26649546902626764
8,32,0.42236256012409434,1.8589106137600484,2.3048234774636587,0.8065305789950062,0.09338841401040551,-0.06901297159492925,-0.39962510764598835,0.26319258287549036,-0.761807476170361,0.6838466729968786,-0.3438427112996578,0.13579983823001382
8,39,0.3265963600614911,1.5549192228446087,2.3048234774636587,0.6746370114884973,-0.01221502199769009,0.37933193612843774,-0.16347435768693663,0.42241790890693676,-0.5724948914721608,0.36857501510530705,0.03161821328103545,-0.19879920873790968
8,48,0.25012656390963267,1.8649665919110168,2.3048234774636587,0.8091581026254201,0.13309133704751724,0.21836261823773417,-0.069321840070188,0.013705191202461608,-0.33330140821635723,0.1245338274165988,0.18881594296544793,-0.5175592079758644
8,65,0.49972171427577283,2.250454965683444,2.3048234774636587,0.976410986649596,-0.7090344615280628,0.3891463065519933,-0.5463997907936575,-0.16604179423302423,-0.7574116252362727,0.6302670333534479,-0.048276391811668845,0.2103508878499269
8,72,0.4199401395872689,2.201460416890103,2.3048234774636587,0.955153589164537,0.019035381264984413,0.22724376246333144,-0.702470110729337,0.39898416865617053,-0.7063433444127439,0.23588177654892206,-0.38714995980262756,0.04119279049336916
8,75,0.2680015288165423,1.5863073626576667,2.3048234774636587,0.6882554686588482,-0.12046528700739151,0.45760633889585767,0.043185194022953705,-0.09488553833216418,-0.4215832129120828,-0.16346450522542,-0.2376201171427965,0.2808887902647257
8,76,0.3329481327597965,1.3955461760174348,2.3048234774636587,0.6054893963303266,-0.24141953792423004,-0.021813569590449222,-0.22054198756814009,-0.18385939951986074,-0.4827875196933744,0.15363796334713686,-0.6136688627302647,-0.33519474137574445
8,84,0.39325664315277215,2.262358483368574,2.3048234774636587,0.9815755980836262,-0.07895154226571321,0.07666182890534423,-0.8275354877114296,0.3758768877014518,0.06956157088279721,0.5623624119907618,0.20401947759091857,-0.19048164505511522
8,98,0.37100528493668633,2.21616322664134,2.3048234774636587,0.9615327370233642,-0.3745633708313109,0.06048688851296946,-0.693921310827136,0.23746252991259098,-0.5117444070056081,-0.017358983866870514,-0.07326167076826093,-0.3895340878516438
8,111,0.45565610348218066,2.0331099658454197,2.3048234774636587,0.8821109233418405,0.15848553366959095,0.589103159494698,-0.010519860312342602,0.1605533342808485,-0.721617848612368,0.568588700145483,-0.646544904448092,0.029764018021523897
8,124,0.3929573254709236,1.611753257678649,2.3048234774636587,0.699295747999019,-0.29806288238614803,0.012524040415883175,-0.44341250509023655,-0.10606199223548174,-0.692194347269833,0.12169792875647545,-0.5146591868251562,-0.4238443924114109
9,107,0.29041274690121555,2.2125981328517557,2.3048234774636587,0.9599859401322168,0.561669509857893,0.24913324974477274,0.09069379512220599,-0.0803001495078205,0.20303151942789566,-0.4531286815181375,0.11934152338653803,0.14735405147075675
9,108,0.3957497552502742,2.1752678781935484,2.3048234774636587,0.9437893615121103,0.46414847858250163,-0.22857716772705328,-0.14568200521171049,0.016181304119527395,0.2666438389569521,-0.1437195669859648,0.490797015838325,0.7944435635581615
9,114,0.32234743935366844,1.7142171952441336,2.3048234774636587,0.7437520539015607,0.24744929373264346,-0.24696095753461111,0.104808520525694,-0.1398831680417061,0.08827776648104191,-0.28628220316022635,-0.06785476859658957,0.7642874103039505
10,15,0.35805765786907434,2.134916136706577,2.3048234774636587,0.9262818422241794,0.6636478211730718,0.09554569702595489,0.08048554975539424,-0.27079921495169423,0.6454152530059217,-0.11794035416096449,-0.21910256333649158,-0.13340926636010442
10,19,0.3386722074377385,1.9451071818819268,2.3048234774636587,0.8439289172906285,0.3146705366671085,0.5117182834073899,-0.04463238734751973,-0.18456584680825483,-0.13135555386543285,0.05580792017281061,0.3154892548918724,0.6330552008002995
10,25,0.3043765996702358,2.055184282708189,2.3048234774636587,0.8916883669415825,-0.1020541572943332,0.4511366141960025,-0.4579160567373039,-0.24110656697303057,0.03305756673216809,-0.17395883798599254,0.14933414850383994,0.45359338633716095
10,27,0.2529080407773538,2.279396380315304,2.3048234774636587,0.9889678765437013,0.37884091120213254,0.07130056526511891,-0.08239659853279618,0.1264203656464814,0.4273558063432573,0.2758154105395079,0.05301446933299303,-0.2807252071797849
10,31,0.41922333176259596,1.3687367701817916,2.3048234774636587,0.5938575268627587,0.6242501279339194,0.31248453725129344,0.40639416500926,0.478688133880496,0.17008185759186734,0.3110624253749847,0.24837444815784693,0.5804952392354606
10,33,0.3458300401627234,0.9916452250084616,2.3048234774636587,0.4302477975882634,-0.23470130562782288,0.16952247824519884,-0.38465792406350413,0.026629094034433032,0.554255912080407,-0.5484454715624452,0.3349765036255121,-0.06397361494600784
10,38,0.33045328390761747,2.241865977065678,2.3048234774636587,0.9726844589125487,-0.08225578628480457,-0.3059835359454154,-0.1521655004471542,-0.07217146456241608,0.4929960537701844,-0.2327043078839779,-0.2890744134783745,0.6033900594338774
10,41,0.25190853104349176,1.5604850353283446,2.3048234774636587,0.6770518656142722,-0.1625965991988778,0.35795628558844306,0.25665239058434963,-0.16338451486080907,-0.2622678270563483,-0.1433995859697461,0.03347119968384504,0.41238305345177634
10,42,0.3985315717414648,1.8905591705692457,2.3048234774636587,0.8202620239922713,-0.0246331272646787,-0.3723742570728066,-0.4780080048367383,0.3583554895594716,0.04690520279109456,-0.5253013689070939,-0.34702062513679266,0.6130861937999724
10,46,0.3196950781023555,1.3005668636326477,2.3048234774636587,0.5642804650115139,-0.28380118962377276,-0.11941854283213627,0.05567698087543238,-0.2600790923461319,-0.19853696878999483,-0.45129735767841317,-0.5891296593472362,-0.2488666130229834
10,51,0.3630800321366808,1.1703978012419045,2.3048234774636587,0.507803661619183,0.2857114160433409,0.13153150398284186,-0.4337422717362642,0.4257408659905194,-0.33444969542324565,-0.42658543214201927,-0.5406837826594711,0.0112695302814243
10,52,0.3793083757443641,1.3759260628278949,2.3048234774636587,0.5969767647204078,0.39104066696017986,-0.39299345947802067,-0.22847532574087376,0.5770621467381716,-0.14956360496580612,-0.10951773170381796,0.08658566232770681,0.6454300200566648
10,55,0.33587818549577897,1.710651591009654,2.3048234774636587,0.7422050355423051,0.5308466376736758,0.37667567189782836,0.007139202207326889,0.0553451795130967,-0.06817353423684835,-0.4933878015726806,-0.28291876148432493,0.3841800270602106
10,60,0.3325127233083731,1.2322615645565922,2.3048234774636587,0.5346446600381881,0.20969733595848078,-0.07952770404517673,0.10079135932028283,0.3880481375381351,0.4089131401851772,-0.5784207182005049,0.2850955855101347,-0.30069890152663015
10,65,0.2611922348426146,0.8650022083053569,2.3048234774636587,0.375300849181408,-0.1900516226887703,0.04045922029763466,-0.17094084620475808,-0.2835661340504887,-0.30113155860453844,0.19721161574125293,0.10734943207353354,0.5072350911796091
10,67,0.2922945852110759,1.9477739283819664,2.3048234774636587,0.8450859458119512,0.20124389603734005,0.4184394190087912,-0.5454203300178051,0.09963554050773382,0.22598025575280173,-0.12657465972006332,0.2044043941423297,-0.22719680704176437
10,68,0.2845366847088516,1.874158923698428,2.3048234774636587,0.8131464044963846,0.353453380987048,-0.05502154491841815,-0.2506796745583419,0.008617210201918968,0.2897776328027247,-0.4358346862718464,-0.17413106095045805,0.3906062012538313
10,71,0.39504020177702,1.5147035796882236,2.3048234774636587,0.6571885415515977,0.45809714496135695,0.1831224514171481,-0.0019125286489726223,0.4986036745831369,0.4964124662801622,-0.2865779176354408,-0.02214073482900858,0.6537702409550546
10,72,0.3081551133312373,2.298177086097635,2.3048234774636587,0.9971163121900608,0.5380182201042769,-0.12144332379102718,-0.3270111661404375,0.28145982883870607,-0.2500632777810097,-0.19717364106327295,-0.23152413591742516,0.3380769938230514
10,73,0.3095160788581819,1.8153234811048122,2.3048234774636587,0.7876193117845552,-0.11350535694509734,0.4789781728759407,0.04324809927493323,-0.09562046173959982,0.6403905078768729,0.10313130542635912,0.26041912846267223,-0.1566212195903064
10,75,0.3688910916682877,1.8422805152986799,2.3048234774636587,0.7993152331674511,0.39851755183190096,0.10891925264149904,0.4186441386118532,-0.21240987814962864,0.03469685371965148,-0.596519922837615,-0.08199429325759411,0.5777729935944079
10,76,0.2782066285787862,1.6175079444452163,2.3048234774636587,0.70179254952106,0.2775633009150624,-0.37050065584480785,0.15491695702075936,-0.3013837393373252,-0.02650745306164015,-0.27941745426505815,-0.45804303884506226,-0.038310538046062215
10,85,0.25124898636207993,1.519644556146201,2.3048234774636587,0.6593322963798047,-0.03320861514657747,0.12559262756258227,0.16814646404236533,0.13122218940407016,-0.14614407811313868,-0.16525956708937883,-0.1484113708138466,0.6098728207871317
10,90,0.35993028979049463,2.0588234180404004,2.3048234774636587,0.8932672884372174,0.011985227465629467,-0.06984133459627628,-0.5011546844616532,-0.33492160215973865,0.6112263239920138,-0.32497601583600044,-0.10766510386019945,0.42101038992404927
10,91,0.34921445701747694,1.4785760128760603,2.3048234774636587,0.6415137763622394,0.35979029722511763,0.32941481750458457,0.12297084182500817,0.5379806431010365,-0.21700146421790134,-0.023474202491342966,-0.6152334986254573,-0.08333537168800864
10,92,0.2556988567889449,1.495279872823528,2.3048234774636587,0.6487611252853982,0.25446193665266037,-0.2085372991859914,0.3240950116887688,0.449189850129187,-0.15763676539063465,0.15931658074259764,0.01269983034580946,0.24003136064857228
10,100,0.2808324885283801,1.9216872823259503,2.3048234774636587,0.8337676620860656,0.37166935112327326,-0.42666393518447887,0.270365685224533,0.33776736818254,0.2429332230240105,0.03478275518864399,-0.05184092000126839,-0.24628561083227407
10,106,0.2688886913419069,1.433005296297579,2.3048234774636587,0.621741886226588,-0.044660426676273346,-0.0977598223835231,0.22177567612379784,-0.19395471923053276,0.3782447511330246,-0.22992551419883966,0.29010424111038446,0.44716809131205065
10,107,0.289868657830336,2.002426043028641,2.3048234774636587,0.868798006705576,0.42033968307077857,0.48752099554985745,-0.16191139444708863,0.42924030404537916,-0.012208557687699795,-0.05553716793656355,-0.20183920953422785,-0.058253835886716954
10,108,0.3503417321707867,1.6079033533968925,2.3048234774636587,0.6976253796088143,0.32281865179538727,0.009810578078031429,-0.3982871947810051,0.525721757672727,0.05140376184135664,0.2538719465956092,0.16961628291755915,0.5888356762006878
10,109,0.29705504815854894,1.5336160724938308,2.3048234774636587,0.6653941559904177,0.09976947493851207,0.3444896312430498,-0.010461209341883604,-0.3550113458186388,0.19244477245956648,-0.5398106910288334,-0.3379521081224084,0.09231395553797461
10,111,0.36882742017991127,2.2212763610468342,2.3048234774636587,0.963751186486193,0.6774683725088835,0.24041607324033948,0.36493908427655686,0.04302899446338404,-0.26533778198063374,0.13553328253328806,-0.4909190805628896,0.32664822135120614
10,112,0.4582982803173471,2.282805254665867,2.3048234774636587,0.9904468940840442,0.6554995793849229,-0.4025537483394145,-0.5233753593638539,0.517701112665236,0.3371296282857655,-0.5717394277453421,-0.29197577107697725,-0.14436367899179492
10,114,0.28762080658502787,1.5534570425660468,2.3048234774636587,0.6740026113737558,0.1061194669455291,-0.008573211729526409,-0.14779666904360061,0.3696572855114935,-0.12696231063455354,0.11130931042134762,-0.38903550151735544,0.5586795229464768
10,115,0.27571341613025097,1.2898966988751113,2.3048234774636587,0.5596509717501564,0.2656996808946133,0.3905218848958609,0.24001017957925785,-0.011332592926919571,0.5134910577908157,-0.2209770930930972,0.10339605156332254,0.06412051245570172
10,117,0.2850634851466712,1.5009091799810672,2.3048234774636587,0.6512035280171398,0.008575487881898769,0.49809133913367953,-0.4113941807299852,0.21027889475226397,-0.3182325651869178,0.29374963510781527,-0.010377026163041592,-0.02810910064727079
10,119,0.35912805860651664,1.1666737158789438,2.3048234774636587,0.506187882623796,0.5264595970511435,0.14928385149687495,-0.2868545707315207,0.6086285831406713,0.27236287109553803,-0.2565905572846531,0.33006705809384584,0.17509859148412932
10,120,0.3585475755156084,1.0759466564262852,2.3048234774636587,0.46682388779305123,0.4774683276191353,-0.09302534908056259,0.3953707646578551,0.2046704441308974,0.02085182536393393,-0.10472476854920387,-0.5856705140322448,0.48908192850649346
10,124,0.25348634918954,1.793133001342168,2.3048234774636587,0.7779914682730583,0.22091995645314444,-0.33616304583847545,-0.0679535605013371,-0.2235863320529462,-0.23591428063809872,-0.31135748885571957,-0.3590333629399538,-0.12696018908172868
10,127,0.33076679627509487,1.3585946888858815,2.3048234774636587,0.5894571546021156,0.5752644902095199,0.46475617494434124,0.19036701973527648,0.29373613372445107,0.08107244689017523,-0.41203025076538313,0.037822380661964417,0.16743097733706236
11,28,0.3526099526398222,2.0570367126307834,2.3048234774636587,0.8924920857255619,-0.16846967209130553,-0.7994904974475503,0.03206438571214687,-0.41164574306458224,0.2216152725741268,0.2596666384488346,-0.09280986990779638,-0.17739514354616406
11,40,0.30143077938539947,2.163175535716448,2.3048234774636587,0.9385428241545478,0.14892686810344435,-0.327683086507022,0.2744747195392845,0.08268825244158504,0.23773264978080993,0.33478798437863605,0.03347101341933012,-0.5877370722591878
11,81,0.3797000236480304,2.229344578792553,2.3048234774636587,0.9672517659555576,-0.6791220204904678,0.03206969238817714,0.03403723426163208,0.08915520086884501,-0.27187118679285055,0.046369487419724575,0.0550322774797678,-0.7764933183789252
11,93,0.3531664626946654,1.8599401557187727,2.3048234774636587,0.8069772691510165,-0.23870212584733969,0.09067894890904463,0.08217072393745173,-0.5586869651451706,0.0296880565583707,-0.20619232580065727,-0.0024370746687054634,-0.7551988335326316
11,105,0.25495511775295404,2.2261451631955973,2.3048234774636587,0.9658636268515267,-0.5621058158576488,-0.24904075451195218,-0.1583286216482519,-0.04961317684501415,0.07803151570260528,-0.07812203560024489,-0.134569494985044,-0.29017634689807903
12,15,0.3401858206702397,2.0263702293548724,2.3048234774636587,0.8791867356300926,0.3894948493689297,0.20689408574253326,0.2573130046948791,-0.48656846582889574,0.44174130167812103,0.36604778189212084,-0.1168112475425005,-0.2925229258835317
12,19,0.4138815076151152,2.016112069441916,2.3048234774636587,0.8747360000257135,0.040517564862966426,0.6230666721239683,0.13219506759196514,-0.40033509768545633,-0.33502950519323355,0.5397960562258959,0.4177805706858635,0.47394154127687227
12,25,0.3572340440143729,1.6239655393264247,2.3048234774636587,0.7045943236891687,-0.37620712909847526,0.5624850029125809,-0.281088601797819,-0.45687581785023207,-0.1706163845956326,0.3100292980670928,0.25162546429783106,0.2944797268137337
12,27,0.3365512093675701,2.1132353939623973,2.3048234774636587,0.9168751596924488,0.10468793939799048,0.18264895398169728,0.09443085640668869,-0.0893488852307201,0.22368185501545665,0.7598035465925932,0.15530578512698412,-0.43983886670321215
12,29,0.2660620003923435,1.843035214923564,2.3048234774636587,0.7996426767362379,-0.13678310532122856,0.3251453032717107,0.20862099714577204,0.1304468009620906,-0.4508161889389158,0.24383680336177338,0.00948162097483879,-0.3443286307156085
12,31,0.45349185530133446,1.8465872770127965,2.3048234774636587,0.8011838195282842,0.35009715612977743,0.4238329259678718,0.5832216199487449,0.2629188830032946,-0.03359209373593336,0.7950505614280701,0.350665763951838,0.4213815797120334
12,33,0.3132136171272892,1.0565660942664308,2.3048234774636587,0.4584151908367092,-0.5088542774319649,0.2808708669617772,-0.20783046912401926,-0.18914015684276847,0.3505819607526063,-0.06445733550935984,0.4372678194195032,-0.2230872744694351
12,38,0.28007775646807526,2.0224529967691733,2.3048234774636587,0.8774871553264375,-0.3564087580889466,-0.194635147228837,0.024661954492330662,-0.2879407154396176,0.2893221024423837,0.25128382816910744,-0.1867830976843834,0.4442763999104501
12,39,0.2736924551608066,1.9871735427437338,2.3048234774636587,0.862180363127209,0.23261484503746033,0.1419932385906575,0.3888120418414477,0.08912431821227079,-0.31988877616822725,0.41950773354619736,0.2895353529602289,-0.06102866493165471
12,41,0.3805158616020335,2.065053434094072,2.3048234774636587,0.8959703223634977,-0.43674957100301987,0.46930467430502143,0.43347984552383456,-0.3791537657380106,-0.465941778384149,0.3405885500833392,0.13576251547783613,0.2532693939283491
12,42,0.2647439603894071,1.6900922604482047,2.3048234774636587,0.7332849031493143,-0.29878609906882075,-0.2610258683562282,-0.3011805498972534,0.1425862386822701,-0.15676874853670614,-0.041313232854008564,-0.24472930934280157,0.45397253427654516
12,43,0.314956067255366,1.6037252920805172,2.3048234774636587,0.6958126328378673,0.17305003385990841,0.3411969812586903,0.3090613894164563,-0.2305627698078751,0.014751872047781833,0.6652483912184834,0.23207741882652047,-0.04365545604377974
12,46,0.38048812709098384,1.5947412398183392,2.3048234774636587,0.6919146977682087,-0.5579541614279149,-0.008070154115557893,0.23250443581491725,-0.4758483432233334,-0.4022109201177955,0.03269077837467216,-0.48683834355324507,-0.40798027254641067
12,51,0.2907179718641858,0.9445414955023286,2.3048234774636587,0.4098107749847067,0.011558444239198828,0.24287989269942023,-0.2569148167967793,0.20997161511331794,-0.5381236467510464,0.057402703911066055,-0.43839246686548006,-0.14784412924200296
12,52,0.3089032430668,1.673818636666508,2.3048234774636587,0.7262242219558005,0.11688769515603781,-0.2816450707614423,-0.051647870801388884,0.36129289586097,-0.3532375562936068,0.37447040434926737,0.1888769781216979,0.48631636053323757
12,54,0.3325912865263451,1.5567874050065151,2.3048234774636587,0.6754475647391793,-0.39623368997126845,0.08830155432224263,-0.1762542603537438,-0.03729365952312941,0.11919334623962635,0.6914254808798432,0.3425658894702792,-0.2793803680688144
12,55,0.2551737860026577,1.4116731533258307,2.3048234774636587,0.6124864516215816,0.2566936658695337,0.48802406061440673,0.18396665714681176,-0.1604240713641048,-0.27184748556464905,-0.009399665519595257,-0.18062744569033384,0.22506636753678333
12,58,0.2749902579610743,1.402284924199162,2.3048234774636587,0.6084131552418519,-0.2136110365390776,-0.11090216226875782,-0.10024129785597291,-0.1079273065552116,-0.432884688489139,0.3890589876100421,0.2852186094969511,-0.3243853347375988
12,60,0.2560410478811561,1.6105718993823472,2.3048234774636587,0.6987831888777443,-0.06445563584566127,0.031820684671401644,0.2776188142597677,0.1722788866609336,0.20523918885737652,-0.09443258214741956,0.3873869013041258,-0.4598125610500574
12,65,0.41411070584351944,1.2820286010247157,2.3048234774636587,0.5562372188413852,-0.46420459449291235,0.15180760901421303,0.005886608734726795,-0.4993353849276902,-0.5048055099323392,0.6811997517943382,0.20964074786752462,0.34812143165618187
12,67,0.31758435889913966,1.750782701469187,2.3048234774636587,0.7596168290492401,-0.072909075766802,0.5297878077253696,-0.3685928750783203,-0.11613371036946768,0.022306304425001033,0.357413476333022,0.3066957099363208,-0.38631046656519163
12,71,0.27543487407523004,1.7178101820034426,2.3048234774636587,0.7453109527909728,0.1839441731572149,0.2944708401337265,0.17491492629051225,0.2828344237059355,0.29273851495236153,0.1974102184176445,0.08015058096498251,0.4946565814316274
12,73,0.4199463063067856,2.178188709934093,2.3048234774636587,0.9450566306843937,-0.3876583287492394,0.5903265615925191,0.2200755542144181,-0.3113897126168013,0.4367165565490722,0.5871194414794445,0.3627104442566633,-0.31573487911373366
12,75,0.31992429525148386,2.1482807735979814,2.3048234774636587,0.9320803934026459,0.12436458002775891,0.22026764135807742,0.595471593551338,-0.42817912902683014,-0.16897709760814922,-0.11253178678452969,0.02029702253639698,0.41865933407098066
12,76,0.2968672563349436,1.7549132741988736,2.3048234774636587,0.7614089718185562,0.0034103291109203737,-0.2591522671282295,0.33174441196024423,-0.5171529902145267,-0.23018140438944085,0.20457068178802718,-0.35575172305107117,-0.19742419756948948
12,77,0.2852052493832358,2.241501692912341,2.3048234774636587,0.9725264059610326,-0.14878469426184898,0.3276039147749541,-0.29217130597680785,0.35215008817613125,0.1918041324242949,0.4032511357218026,0.1518166083842516,0.2990864776074888
12,79,0.3192716783177218,2.2796140651200587,2.3048234774636587,0.989062324039088,0.36946778651326884,0.47902203816920486,0.08231257367879152,-0.03106529545038933,-0.3909779712557792,0.10191435739398003,0.2469069939106703,-0.4664256554096936
12,84,0.3215188381097048,1.986882390923366,2.3048234774636587,0.8620540402989253,0.1658783247694372,-0.16067686863243602,-0.2752490881830453,0.042583297006785814,0.32216768618673075,0.6132951304316521,0.46193661727011204,-0.05271110124886025
12,85,0.2970771861073083,2.0173034528535894,2.3048234774636587,0.8752529087709265,-0.3073615869507195,0.23694101627916064,0.3449739189818502,-0.08454706147313135,-0.34981802944093937,0.3187285689637065,-0.0461200550198555,0.4507591612637044
12,90,0.30391320614902667,1.8620543749827319,2.3048234774636587,0.8078945711850473,-0.2621677443385126,0.04150705412030209,-0.3243272295221684,-0.5506908530369401,0.4075523726642131,0.15901212021708488,-0.005373788066208363,0.261896730400622
12,91,0.3718597281566097,2.0682687197840175,2.3048234774636587,0.8973653470677253,0.08563732542097557,0.44076320622116294,0.29979829676449304,0.322211392223835,-0.42067541554570204,0.46051393356174236,-0.5129421828314662,-0.2424490312114359
12,92,0.3315491942428651,2.139852550157653,2.3048234774636587,0.9284236172882325,-0.019691035151481684,-0.09718891046941303,0.5009224666282537,0.23342059925198552,-0.36131071671843534,0.6433047167956829,0.11499114613980055,0.08091770112514501
12,100,0.308495729745587,2.0950659114345345,2.3048234774636587,0.9089919171337356,0.09751637931913121,-0.3153155464679005,0.4471931401640179,0.1219981173053385,0.039259271696209797,0.5187708912417293,0.0504503957927227,-0.40539927035570134
12,106,0.30833367247986526,1.7577655310046807,2.3048234774636587,0.762646488198312,-0.3188133984804154,0.013588566333055274,0.3986031310632827,-0.40972397010773426,0.1745707998052239,0.25406262185424566,0.39239555690437555,0.2880544317886234
12,108,0.35149347122494334,1.5741338508567029,2.3048234774636587,0.6829737141470623,0.048665679991245214,0.1211589667946098,-0.22145973984152023,0.30995250679552555,-0.15227018948644405,0.7378600826486945,0.27190759871155024,0.4297220166772605
12,109,0.28611767318141523,1.3125409915721147,2.3048234774636587,0.5694757123076946,-0.17438349686562998,0.4558380199596282,0.16636624559760127,-0.5707805966958404,-0.011229178868234213,-0.05582255497574806,-0.2356607923284173,-0.06679970398545265
12,112,0.27273464445418366,1.9701048147722084,2.3048234774636587,0.8547747079269641,0.38134660758078087,-0.2912053596228361,-0.346547904424369,0.30193186178803444,0.1334556769579648,-0.08775129169225682,-0.18968445528298616,-0.3034773385152222
12,113,0.4068994750891676,1.907924170176818,2.3048234774636587,0.827796223369085,-0.5208407267928126,0.3721699444577095,0.291257118806243,-0.3287511738017202,-0.2880648840218782,0.7116675851866603,0.3027470903471112,0.20183151122182624
12,114,0.3100195163727012,2.070372931642167,2.3048234774636587,0.8982783071615129,-0.16803350485861296,0.10277517698705196,0.02903078589588426,0.15388803463429201,-0.33063626196235424,0.595297446474433,-0.28674418572336435,0.39956586342304956
12,115,0.29448398299603384,1.6724560032393732,2.3048234774636587,0.7256330125029038,-0.008453290909528732,0.5018702736124393,0.41683763451874273,-0.22710184380412107,0.30981710646301497,0.2630110429599881,0.20568736735731363,-0.09499314706772555
12,117,0.42097549304298437,1.6119077519747165,2.3048234774636587,0.699362778857381,-0.2655774839222433,0.6094397278502579,-0.2345667257905003,-0.005490356124937534,-0.5219065165147185,0.7777377711609006,0.0919142896309495,-0.18722276017069805
12,118,0.3705370729727554,1.7387593496910276,2.3048234774636587,0.7544002248729452,-0.4074567537754779,-0.1521412916481495,0.5236236741766336,-0.48034761194139736,-0.10329631902277475,0.3960496857762336,-0.07569823134690523,-0.4806688204407691
12,119,0.26020408504372927,1.2452996478515013,2.3048234774636587,0.5403015285239503,0.2523066252470015,0.2606322402134533,-0.11002711579203583,0.39285933226346975,0.06868891976773733,0.22739757876843225,0.43235837388783693,0.015984931960702053
12,120,0.3333552896705533,1.6208030772445126,2.3048234774636587,0.7032222177067218,0.20331535581499327,0.01832303963601578,0.57219821959734,-0.01109880674630409,-0.18282212596386677,0.37926336750388145,-0.4833791982382537,0.3299682689830662
12,124,0.2804140057097199,1.8225428137841135,2.3048234774636587,0.7907515831927092,-0.053233015350997615,-0.22481465712189708,0.10887389443814777,-0.4393555829301477,-0.4395882319658994,0.17263064719736576,-0.2567420471459627,-0.28607384860515594
12,127,0.27463278293375987,1.6343930467346128,2.3048234774636587,0.7091185345496305,0.3011115184053778,0.5761045636609197,0.36719447467476135,0.07796688284724956,-0.12260150443762546,0.0719578852877022,0.1401136964559555,0.008317317813635094
14,17,0.5493900961940356,2.154418411012101,2.3048234774636587,0.9347433467585679,-0.05616402253508579,0.3807785594835879,0.8812170522287486,-0.6503240410238504,0.6180969551205635,-0.5998542848974465,-0.33223850280046463,-0.4634358966723085
14,21,0.45831436428757194,1.7548851219468893,2.3048234774636587,0.7613967573247958,0.20245454460382462,0.6415557106956844,0.4236872820183629,-0.06509986333549034,0.8459590533748269,-0.5417189113795758,-0.09003744646906853,0.16393027082085615
14,22,0.47236277171574537,1.3795509475283319,2.3048234774636587,0.5985495032558665,0.08847813121974435,-0.15936368517577604,0.6762095056474202,-0.5594578217715025,0.5523490905761718,-0.4078010683879256,-0.7075783144682646,-0.09734932333230961
14,26,0.49676378369629,1.9859582947205603,2.3048234774636587,0.8616531001784166,0.27891379687935136,-0.1007544659078119,0.8507935395464297,-0.3488720217719675,0.09414282813668262,-0.6398431370034814,-0.7752462485805154,-0.14635400008410204
14,29,0.4053295803948685,1.7475944755398372,2.3048234774636587,0.7582335448365773,0.3764586662873626,0.454981769435108,0.5830380227416749,-0.25202411878854025,0.029428284615278244,-0.32215029001235973,-0.3973887478932738,-0.5473507735878229
14,30,0.41630177711273525,1.8508449941472591,2.3048234774636587,0.8030311267846074,0.02365156728774309,0.15409458987414848,0.3298529842868442,-0.7503418819978834,0.36887472588568926,-0.4402294037863611,-0.5330113368108869,-0.2763427402824163
14,37,0.43622068601439257,1.933230698552454,2.3048234774636587,0.8387760353256538,0.2591001093387605,0.6733754416927695,0.6388062452897423,-0.14475787058472633,0.5697683673352003,-0.44669843185693026,-0.21168535761535168,-0.06104187853634352
14,38,0.46628990057887654,1.9250999158088042,2.3048234774636587,0.8352483106113094,0.15683301351964452,-0.06479868106543973,0.3990789800882335,-0.6704116351902485,0.7695665759965777,-0.3147032652050257,-0.593653466552496,0.24125425703823572
14,41,0.46430378036385495,2.267001822790172,2.3048234774636587,0.9835902163253268,0.07649220060557127,0.5991411404684187,0.8078968711197374,-0.7616246854886415,0.01430269517004501,-0.2253985432907939,-0.27110785339027643,0.0502472510561347
14,42,0.3686323722252252,1.6409594622522023,2.3048234774636587,0.7119675230217609,0.21445567253977038,-0.13118940219283093,0.07323647569864944,-0.23988468106836078,0.3234757250174879,-0.6073003262281417,-0.6515996782109141,0.2509503914043308
14,45,0.3201467485630611,2.021549881989993,2.3048234774636587,0.8770953184729817,0.31982313003391016,0.3599106026813388,0.36798098869621687,-0.32879730593413126,0.26129221823066484,-0.4172007003799082,-0.02884576190263033,-0.31851098313927634
14,46,0.5683776538782832,1.6218408522977619,2.3048234774636587,0.7036724799777359,-0.044712389819323684,0.12176631204783939,0.60692146141082,-0.8583192629739643,0.0780335534363985,-0.533296314999461,-0.8937087124213576,-0.6110024154186251
14,54,0.3332892152814078,1.812959243310459,2.3048234774636587,0.786593533534086,0.11700808163732268,0.2181380204856399,0.19816276524215903,-0.4197645792737603,0.5994378197938204,0.12543838750571012,-0.06430447939783335,-0.48240251094102876
14,60,0.5053024968745125,1.7750279406005356,2.3048234774636587,0.7701361765690897,0.44878613576292986,0.16165715083479892,0.6520358398556705,-0.21019203308969728,0.6854836624115705,-0.6604196755215527,-0.019483467563986778,-0.6628347039222717
14,62,0.3435653986910515,2.1150917535903426,2.3048234774636587,0.9176805834683244,0.05663598328828834,-0.21645107865333535,0.7775567285716531,-0.10878708399832243,0.2907190723344685,0.030437751673161983,-0.42635669000446796,0.10288635827600959
14,64,0.6023678109837709,2.071345034030379,2.3048234774636587,0.8987000758556092,0.8340446706861256,-0.07070656307041634,0.7503111930564043,-0.000775177963078133,0.8352225236594677,-0.5612586243078111,-0.7052862299606204,-0.359363111667335
14,69,0.4533283339763701,2.25247850667463,2.3048234774636587,0.9772889458560046,0.3082061335444446,0.5209292704239489,0.9247322380542753,-0.21642817743122586,0.23857032228261243,0.30664884299039846,0.01372144278138876,-0.4739048890769481
14,71,0.48771739195179165,1.9167434987690835,2.3048234774636587,0.8316226893342663,0.697185944765806,0.42430730629712377,0.549331951886415,-0.09963649604469543,0.7729829885065556,-0.3685768749564886,-0.32671978790313005,0.291634438559413
14,73,0.5569552322597106,1.99279926699418,2.3048234774636587,0.8646212113333532,0.12558344285935175,0.7201630277559163,0.5944925798103209,-0.6938606323674322,0.9169610301032662,0.021132348105311338,-0.04415992461144924,-0.5187570219859481
14,85,0.3964314706891039,1.736620518123674,2.3048234774636587,0.7534722442322294,0.2058801846578716,0.3667774824425579,0.7193909445777531,-0.46701798122376226,0.13042644411325466,-0.24725852441042662,-0.45299042388796806,0.24773701839149004
14,86,0.3211005165022232,1.7478760600285532,2.3048234774636587,0.758355716660784,0.06846615578979287,0.09714021347463153,0.474749883636832,0.026905220933258502,0.20498126093298208,-0.6446365788578987,-0.35253177396953106,-0.052505878731608335
14,89,0.4854961611202459,2.0068055850182023,2.3048234774636587,0.8706981704414908,0.1482575032860043,0.43319919798523215,0.7997958157211539,-0.4431678280234336,0.4538668505847453,-0.5542632164433597,-0.5102804778143764,0.2575854798778892
14,91,0.5245963243132746,1.9295935017867492,2.3048234774636587,0.8371979549211157,0.5988790970295668,0.5705996723845602,0.6742153223603959,-0.060259527526795864,0.05956905800849199,-0.10547315981239075,-0.9198125516995788,-0.4454711740836503
14,92,0.37969060526295795,1.924455699666634,2.3048234774636587,0.834968802810183,0.49355073645710945,0.032647555693984254,0.8753394922241565,-0.14905032049864536,0.11893375683575869,0.07731762342154985,-0.291879222728312,-0.12210444174706936
14,94,0.34062360198127606,0.895414925390712,2.3048234774636587,0.38849609705298155,0.01143698394298509,-0.08741190098226048,0.5007941452786323,-0.28226400539278984,0.6386983431875706,-0.23855026438832272,-0.13891511131078005,-0.32529510557651514
14,102,0.34593181109489635,1.785469409079663,2.3048234774636587,0.7746664447571844,0.12900844868272554,0.19422178529202982,0.697132112458348,-0.11212570685893308,-0.008072504773736,-0.6140463436022402,0.051175180822610855,0.15710801631212243
14,110,0.44596875656095636,1.1929020198488893,2.3048234774636587,0.5175676278521848,-0.049114383757114966,-0.12124954722821657,0.27835189457982756,-0.42417981289327156,0.9332187538966537,-0.26910936553031206,-0.2879297500476241,-0.538852905854583
14,113,0.3984385128800201,2.0547764059932283,2.3048234774636587,0.8915114003673745,-0.00759895518422149,0.5020064106211068,0.6656741444021459,-0.7112220935523511,0.19217958953231584,0.14568049181252718,-0.10412327852100134,-0.0011906316503881298
14,118,0.5515767527339289,2.1683807899961995,2.3048234774636587,0.9408012419165361,0.10578501783311323,-0.02230482548475221,0.8980406997725364,-0.8628185316920283,0.3769481545314193,-0.1699374075978995,-0.4825686002150178,-0.6836909633129835
14,125,0.48854175998223054,1.7537508429876936,2.3048234774636587,0.7609046246429282,0.42500895168632236,0.3028026567772034,0.8671877989545462,-0.20284481253474967,0.8998670605942607,-0.06780689675360918,-0.17166914045810697,0.008535783737897984
15,19,0.477610327503048,1.8685150940653728,2.3048234774636587,0.8106977008588869,-0.34897728450596327,0.416172586381435,-0.12511793710291397,0.0862333681434394,-0.7767708068713546,0.1737482743337751,0.534591818228364,0.766464467160404
15,20,0.4039573838322043,2.1825331626245497,2.3048234774636587,0.9469415701311393,-0.23583125323057164,-0.1100609144195917,0.1700003864243629,-0.07308378629386414,-0.9670670768246056,0.48312918469309807,-0.0895492173731327,0.16379800066351902
15,23,0.35165052457861196,1.8359357895089325,2.3048234774636587,0.7965624298175263,-0.0924300458282234,0.15155118517577615,-0.5835580192506316,0.4364186692982915,-0.5416221618652345,0.08356914576143021,0.3392966967076063,-0.10626298934221245
15,32,0.4759356733722434,2.0904927834905083,2.3048234774636587,0.9070077617358313,-0.05127656832337377,-0.5132457548752427,-0.10465171281248314,0.4164674580097201,-0.9509426625445485,0.3687316095456481,0.03088567592203617,0.5660933079198005
15,39,0.38392432988033065,2.2592030628184907,2.3048234774636587,0.9802065472296512,-0.15688000433146937,-0.06490084715187577,0.1314990371465686,0.5756927840411665,-0.7616300778463483,0.05345995165407652,0.4063466005027294,0.23149426095187697
15,43,0.27124751941809544,2.1388512903682773,2.3048234774636587,0.9279891979935811,-0.21644481550902128,0.13430289551615704,0.05174838472157717,0.25600569602102063,-0.4269894296303392,0.29920060932636267,0.34888866636902094,0.24886746983975194
15,48,0.30911384866724756,2.3009877576376363,2.3048234774636587,0.998335785857994,-0.01157364528626205,-0.22587016504257934,0.22565155476331722,0.16698006633669138,-0.5224365945905447,-0.19058123603463173,0.5635443301871419,-0.08726573828607775
15,55,0.37592569024770583,1.3761978351157687,2.3048234774636587,0.5970946792984791,-0.132801183499396,0.28112997487187347,-0.07334634754806735,0.32614439446479093,-0.7135887872427701,-0.3754474474117161,-0.06381619814783335,0.517589293420315
15,56,0.40207319009977577,2.00439002844218,2.3048234774636587,0.8696501263723283,-0.21302752383053317,-0.4143049633130434,-0.48215730953961583,-0.019950998947024123,-0.4559132130816579,-0.2851586192846298,0.24639927223324776,0.7025061296299102
15,65,0.5370618232609469,2.1155452727075628,2.3048234774636587,0.9178773530351283,-0.853699443861842,-0.05508647672832023,-0.2514263959601523,-0.01276691909879446,-0.9465468116104602,0.3151519699022174,0.3264519954100251,0.6406443575397136
15,67,0.38910351097701235,2.04604486409869,2.3048234774636587,0.8877230226543243,-0.4624039251357317,0.32289372198283633,-0.6259058797731993,0.37043475545942806,-0.41943499725312,-0.008634305559098832,0.4235069574788213,-0.09378754068165995
15,68,0.3183521240558506,1.7432999420638775,2.3048234774636587,0.7563702639745282,-0.31019444018602377,-0.15056724194437304,-0.33116522431373613,0.2794164251536132,-0.355637620203197,-0.3178943321108819,0.044971502386033535,0.5240154676139357
15,72,0.4422278765798436,1.8892221244203242,2.3048234774636587,0.819681916161023,-0.12562960106879487,-0.21698902081698207,-0.40749671589583175,0.5522590437904003,-0.8954785307869314,-0.07923328690230846,-0.01242157258093357,0.4714862601831558
15,76,0.33845738340978526,1.9997605350571477,2.3048234774636587,0.8676415155479857,-0.3860845202580093,-0.46604635287076274,0.07443140726536512,-0.030584524385630973,-0.6719227060675619,-0.16147710010409366,-0.23894047550857067,0.0950987283140422
15,79,0.39342787883778,1.900937102078821,2.3048234774636587,0.8247647252234284,-0.02002706285566084,0.2721279524266716,-0.1750004310160876,0.4555031703785064,-0.8327192729339002,-0.2641334244981408,0.3637182414531708,-0.17390272952616193
15,84,0.3899718949164775,2.0616084374729438,2.3048234774636587,0.8944756323558624,-0.2236165245994925,-0.3675709543749693,-0.5325620928779244,0.5291517628356815,-0.11957361549139024,0.24724734853953123,0.5787478648126125,0.23981182463467143
15,90,0.3805039683743047,2.0718190843560724,2.3048234774636587,0.8989057533533996,-0.6516625937074423,-0.16538703162223117,-0.5816402342170475,-0.06412238720804442,-0.03418892901390788,-0.20703566167503595,0.11143745947629213,0.5544196562841537
15,98,0.42175360975827075,2.1033973617880695,2.3048234774636587,0.9126067060470728,-0.5192283531650902,-0.38374589476734405,-0.39894791599363083,0.39073740504682075,-0.7008795933797956,-0.33247404731810104,0.30146671645343304,0.04075938183814287
15,109,0.32471677895637585,1.9702394143244684,2.3048234774636587,0.8548331069989867,-0.5638783462345597,0.24894393421709493,-0.09094675909727784,-0.08421213086694457,-0.45297048054635525,-0.4218703368678689,-0.1188495447859168,0.22572322189807903
15,111,0.41530673576023036,1.9886282808667495,2.3048234774636587,0.862811534293782,0.013820551335811677,0.1448703762143846,0.2844535345211626,0.3138282094150783,-0.9107530349865555,0.25347363669425255,-0.271816517226398,0.46005748771131055
15,112,0.4388841454030732,1.9714248097885758,2.3048234774636587,0.8553474177371834,-0.008148241788148852,-0.4980994453653694,-0.6038609091192482,0.7885003276169302,-0.30828562472015625,-0.45379907358437765,-0.07287320774048567,-0.010954412631690502
15,119,0.4308707381845258,1.9028682727673163,2.3048234774636587,0.8256026074766152,-0.13718822412192822,0.05373815447092006,-0.36734012048691495,0.8794277980923655,-0.3730523819103837,-0.1386502031236886,0.5491696214303374,0.30850785784423373
15,120,0.40428446289968445,2.2791250016248026,2.3048234774636587,0.9888501327367873,-0.18617949355393643,-0.18857104610651748,0.31488521490246085,0.47546965908259164,-0.6245634276419878,0.013215585611760616,-0.3665679506957532,0.6224911948665979
15,123,0.43990697973657866,1.793859642915833,2.3048234774636587,0.7783067382192257,-0.32958082389086496,0.10453489609062627,-0.4472118988633151,-0.04969579447060812,-0.8156334059312939,-0.3841471932828425,0.4834090378135443,0.4238098291680219
15,124,0.39376671087913784,2.1171506228346484,2.3048234774636587,0.9185738706395273,-0.4427278647199273,-0.43170874286443034,-0.14843911025673134,0.04721288289874803,-0.8813295336440204,-0.19341713469475508,-0.13993079960346222,0.006449077278375737
15,127,0.3599286451372247,1.8117429999164734,2.3048234774636587,0.7860658387210654,-0.08838333096355187,0.36921047791838635,0.10988146997988224,0.5645353486761453,-0.5643428061157465,-0.29408989660441864,0.256924943998456,0.3008402436971668
17,21,0.38637087621886507,1.5014465713958352,2.3048234774636587,0.651436687484675,0.2586185671389104,0.2607771512120965,-0.45752977021038566,0.5852241776883601,0.22786209825426332,0.05813537351787068,0.2422010563313961,0.6273661674931647
17,22,0.2913473730213312,1.8171491671244537,2.3048234774636587,0.7884114271189802,0.14464215375483014,-0.540142244659364,-0.2050075465813283,0.09086621925234795,-0.0657478645443918,0.1920532165095209,-0.37533981166779995,0.3660865733399989
17,26,0.35511863107319375,1.3908594564842771,2.3048234774636587,0.6034559566422186,0.33507781941443715,-0.4815330253913998,-0.03042351268231884,0.3014520192518829,-0.523954126983881,-0.03998885210603487,-0.44300774578005075,0.31708189658820646
17,29,0.33074889310899,2.0121811756302344,2.3048234774636587,0.8730304924889682,0.43262268882244836,0.07420320995152008,-0.2981790294870737,0.39829992223531013,-0.5886686705052853,0.2777039948850868,-0.06515024509280914,-0.08391487691551436
17,37,0.29614416563169266,1.240341569560324,2.3048234774636587,0.5381503536770881,0.3152641318738463,0.2925968822091816,-0.24241080693900624,0.5055661704391241,-0.04832858778536325,0.15315585304051627,0.12055314518511295,0.402394018135965
17,38,0.3784751631217314,2.278020012106201,2.3048234774636587,0.9883707079437799,0.2129970360547303,-0.44557724054902764,-0.4821380721405151,-0.02008759416639805,0.15146962087601418,0.28515101969242085,-0.2614149637520313,0.7046901537105442
17,41,0.32700067202861605,2.0350204082005123,2.3048234774636587,0.8829398121369143,0.13265622314065706,0.21836258098483077,-0.07332018110901119,-0.11130064446479104,-0.6037942599505186,0.3744557416066526,0.0611306494101882,0.5136831477284431
17,46,0.31993000848858666,2.1059943684240925,2.3048234774636587,0.9137334763448489,0.011451632715762106,-0.2590122474357485,-0.2742955908179285,-0.20799522195011388,-0.540063401684165,0.06655796989798557,-0.561470209620893,-0.14756651874631654
17,60,0.2947485788485283,2.243066676387423,2.3048234774636587,0.9732054095768776,0.5049501582980156,-0.21912140864878898,-0.22918121237307804,0.44013200793415314,0.06738670729100699,-0.06056539062410615,0.31275503523647785,-0.19939880724996328
17,69,0.42251527988811494,1.229314305857906,2.3048234774636587,0.5333659249300532,0.3643701560795304,0.14015071094036097,0.043515185825526714,0.43389586359262455,-0.37952663283795113,0.906503127887845,0.3459599455818534,-0.01046899240463961
17,71,0.4514526564469313,1.9889090602851676,2.3048234774636587,0.8629333568199596,0.7533499673008919,0.04352874681353586,-0.3318851003423335,0.550687544979155,0.154886033385992,0.2312774099409579,0.005518714897334576,0.7550703352317215
17,73,0.3149035852749174,2.271162612754817,2.3048234774636587,0.985395469528155,0.18174746539443754,0.33938446827232843,-0.28672447241842763,-0.04353659134358179,0.2988640749827027,0.6209866330027578,0.2880785781890154,-0.05532112531363953
17,85,0.35551832522122057,1.8625627324495915,2.3048234774636587,0.8081151336150252,0.2620442071929574,-0.014001077041029986,-0.16182610765099553,0.18330605980008818,-0.4876705110073089,0.3525957604870199,-0.12075192108750343,0.7111729150637985
17,86,0.3643116372362438,1.385662532727021,2.3048234774636587,0.6012011532665713,0.12463017832487866,-0.2836383460089564,-0.40646716859191656,0.6772292619571089,-0.4131156941875815,-0.04478229396045219,-0.02029327116906643,0.41093001794070017
17,89,0.29040920288596006,0.4918353276090945,2.3048234774636587,0.21339392470538973,0.20442152582109008,0.052420638501644246,-0.08142123650759468,0.2071562130004168,-0.16423010453581827,0.04559106845408678,-0.17804197501391172,0.7210213765501977
17,91,0.46878453106666523,2.046071763553283,2.3048234774636587,0.8877346935934899,0.6550431195646524,0.18982111290097228,-0.2070017298683527,0.5900645134970546,-0.5585278971120715,0.4943811250850558,-0.5875740488991141,0.017964722588658222
17,92,0.4330925314239763,2.18387335819799,2.3048234774636587,0.9475230444117273,0.5497147589921952,-0.34813100378960365,-0.005877560004592039,0.501273720525205,-0.4991631982848049,0.6771719083189964,0.040359280072152615,0.34133145492523914
17,94,0.29397784899486384,1.6421341799389424,2.3048234774636587,0.7124772009637925,0.06760100647807088,-0.4681904604658484,-0.38042290695011627,0.36806003563106054,0.020601388067006954,0.3613040205091238,0.19332339148968458,0.13814079109579336
17,97,0.33665950744908446,2.3028088521979395,2.3048234774636587,0.9991259090835294,0.08741439599543843,0.2712867297232151,0.11088459752500057,0.6893675038591026,-0.43931905366480356,0.17005145736038685,-0.24313204176723957,0.23858825862407695
17,102,0.40574120351029774,1.3096260853728414,2.3048234774636587,0.5682110140660397,0.18517247121781133,-0.18655677419155808,-0.18408493977040052,0.5381983341649174,-0.6261694598942995,-0.014192058704793675,0.3834136836230755,0.6205439129844309
17,110,0.33223005360648344,2.1084166531629487,2.3048234774636587,0.9147844395802295,0.007049638777970824,-0.5020281067118044,-0.602865157648921,0.22614422813057888,0.31512179877609003,0.33074491936713446,0.04430875275284052,-0.07541700918227445
17,125,0.3621206213408363,0.7857618020370228,2.3048234774636587,0.3409205996555163,0.48117297422140815,-0.07797590270638449,-0.014029253274202388,0.4474792284891007,0.28177010547369713,0.5320473881438373,0.16056936234235766,0.4719716804102065
18,27,0.3059382802628984,2.056935036579039,2.3048234774636587,0.892447971261813,0.28667026478797225,0.2248126277700066,0.3439296204596757,-0.30807176977396,-0.08174224663525817,0.4256849484518171,0.21384366136044264,-0.4114011563360692
18,30,0.297666146177915,1.6858332255172424,2.3048234774636587,0.7314370241370572,-0.3076078789308663,0.06642179749906052,0.20493472274392832,-0.5865938467904924,-0.4167938493192196,-0.20836090855300415,-0.06760309170931578,-0.04488288704305898
18,33,0.32091643044785845,2.1434583580734246,2.3048234774636587,0.9299880789274985,-0.32687195204198316,0.32303454075008653,0.04166829492896773,-0.4078630413860084,0.045157859101891476,-0.398575933650136,0.49580569565296173,-0.19464956410229217
18,34,0.35471042335256153,1.6569510483176597,2.3048234774636587,0.7189058357480158,0.06444809585809741,0.09267178177833535,0.777618993073702,0.10994767583906656,-0.2787255076691509,-0.03251287993043672,-0.3705411683768034,-0.40123399160802375
18,38,0.2811962335614987,1.8241176606872918,2.3048234774636587,0.7914348662807967,-0.17442643269896485,-0.1524714734405277,0.27416071854531765,-0.5066635999828575,-0.016101999208331108,-0.08283476997166872,-0.12824522145092487,0.472714110277593
18,42,0.294102397554125,1.7680452420006865,2.3048234774636587,0.7671065742294202,-0.11680377367883898,-0.2188621945679189,-0.051681785844266415,-0.07613664586096983,-0.46219285018742096,-0.3754318309947847,-0.18619143310934305,0.4824102446436881
18,44,0.36781542262270006,1.9274106389404357,2.3048234774636587,0.8362508703102302,0.20282377209514418,-0.08057916723191716,0.8574588438495996,-0.29579787142574765,-0.1023910585790872,0.140523468144238,-0.08711918536573648,0.41727978643029917
18,51,0.3649539936254641,1.9930601710982339,2.3048234774636587,0.8647344105030965,0.1935407696291806,0.28504356648772955,-0.007416052743792312,-0.008751269429921993,-0.8435477484017612,-0.2767158942297101,-0.37985459063202154,-0.11940641887486003
18,54,0.2549609289083596,1.7987954377703892,2.3048234774636587,0.7804482448911325,-0.21425136458128669,0.13046522811055195,0.07324450369924318,-0.2560165440663693,-0.18623075541108847,0.3573068827390671,0.40110376570373774,-0.25094265770167146
18,64,0.33173928302871536,1.9579794063618632,2.3048234774636587,0.849513824163454,0.5027852244675163,-0.1583793554455043,0.6253929315134884,0.16297285724431282,0.04955394845455881,-0.3293901290744542,-0.23987798485904932,-0.12790325842797767
18,71,0.3047897840676998,2.162999231546376,2.3048234774636587,0.9384663305871246,0.36592649854719667,0.3366345139220358,0.42441369034349924,0.06411153916269552,-0.01268558669835329,-0.13670837972313166,0.13868845719844103,0.5230942917987703
18,108,0.31236549425664406,2.009243196042806,2.3048234774636587,0.8717557833339481,0.23064800538122698,0.16332264058291912,0.028039024211466756,0.09122962225228559,-0.45769429113715887,0.40374148450791836,0.33044547494500875,0.45815972704440344
18,116,0.29490038805227126,1.9664655748911406,2.3048234774636587,0.8531957410704338,0.3179208487272267,0.0019084326922894634,0.3985770838335157,-0.34711524564772833,0.063709975220263,-0.2540550557896496,-0.35760444682091486,0.34469703305512656
19,20,0.40107490300327,1.7314279146051716,2.3048234774636587,0.7512193152902626,0.11314603127539163,-0.5262335008010267,0.29511832352727685,-0.15931715443730354,-0.190296269953251,0.30938091035932297,-0.6241410356014967,-0.6026664664968849
19,23,0.40802245404134246,1.6051012128983217,2.3048234774636587,0.6964096073269153,0.2565472386777399,-0.26462140120565886,-0.45844008214771753,0.3501853011548521,0.2351486450061201,-0.09017912857234489,-0.19529512152075768,-0.8727274565026164
19,31,0.34317465033517586,2.2189069429818966,2.3048234774636587,0.9627231606577051,0.309579591266811,-0.1992337461560965,0.45102655235677974,0.6632539806887509,0.3014374114573002,0.2552545052021741,-0.0671148067340255,-0.052559961564838935
19,32,0.4219212612410628,2.2437357588987124,2.3048234774636587,0.9734957062168725,0.29770071618258953,-0.9294183412566778,0.020466224290430823,0.3302340898662807,-0.17417185567319393,0.19498333521187303,-0.5037061423063278,-0.2003711592406035
19,33,0.4874092512121535,1.9737556474552451,2.3048234774636587,0.8563587045838595,-0.5493718422949314,-0.34219580516219106,-0.3400255367159844,0.21119494084268786,0.6856114659458399,-0.6042533917352557,0.01948724873363971,-0.6970288157463074
19,39,0.3337465888280103,1.650903714887803,2.3048234774636587,0.716282062826147,0.1920972801744939,-0.4810734335333108,0.2566169742494826,0.4894594158977271,0.015140729025006294,-0.12028832267969858,-0.12824521772563457,-0.534970206208527
19,43,0.27331239670502816,1.8262952353386195,2.3048234774636587,0.7923796564882117,0.132532468996942,-0.28186969086527797,0.17686632182449114,0.16977232787758123,0.3497813772410154,0.12545233499258757,-0.18570315185934302,-0.517596997320652
19,45,0.34457999270723694,2.1041751665261335,2.3048234774636587,0.9129441742938472,-0.2339362064376474,-0.39299253560602676,-0.1386311044916511,0.45400871150195593,0.11607724986970436,-0.391009663231671,-0.03975596372038127,-0.5894303815439342
19,48,0.4447941618617286,2.1199030157618095,2.3048234774636587,0.919768058807981,0.33740363921970123,-0.6420427514240143,0.3507694918662312,0.08074669819325198,0.2543342122808099,-0.36432951036840683,0.028952511958777898,-0.8537302054464817
19,51,0.5077969169261868,1.9697221980371726,2.3048234774636587,0.8546087009686104,-0.028959120623767598,-0.38018677942454804,-0.38910988438874444,0.6103067127987742,-0.2030941415578128,-0.4823933523148299,-0.8561730375513436,-0.6217856705188752
19,55,0.3261221255451468,1.2156201655790413,2.3048234774636587,0.5274244112250929,0.21617610100656726,-0.13504261150956154,0.05177158955484662,0.23991102632135153,0.0631820196285845,-0.5491957217454912,-0.5984080163761973,-0.24887517374008897
19,58,0.42279078033359824,1.9904921465964136,2.3048234774636587,0.863620214762325,-0.254128601402044,-0.7339688343927261,-0.23243636544793805,0.29240779113024473,-0.09785518329590548,-0.15073706861585384,-0.1325619611889124,-0.798326876014471
19,61,0.31104503523043187,2.276616179192655,2.3048234774636587,0.9877616231582107,-0.13313715346157545,-0.17652310803532587,-0.4650280009955165,0.20355623867362727,-0.03750943671911955,0.1590258013457059,-0.5072002150118351,-0.4283360792323947
19,65,0.276259893283091,1.5084956736539155,2.3048234774636587,0.6544951005592577,-0.5047221593558788,-0.47125906310975524,-0.12630845885723835,-0.09900028724223386,-0.1697760047391056,0.14140369556844232,-0.20813982281833887,-0.12582010962069043
19,67,0.39787736662699597,1.523456065302507,2.3048234774636587,0.6609860061730164,-0.11342664062976843,-0.09327886439859867,-0.5007879426702855,0.28420138731598865,0.3573358096182346,-0.18238257989287393,-0.11108486074954271,-0.8602520078420639
19,68,0.37417384070753895,1.9997983685767506,2.3048234774636587,0.8676579304795295,0.0387828443199395,-0.566739828325808,-0.20604728721082216,0.1931830570101738,0.4211331866681576,-0.491642606444657,-0.48962031584233046,-0.24244899954646829
19,72,0.38923362199976996,1.6444184870150151,2.3048234774636587,0.713468299457195,0.2233476834371684,-0.6331616071984171,-0.2823787787929178,0.4660256756469609,-0.11870772391557682,-0.25298156123608356,-0.5470133908092976,-0.29497820697724814
19,75,0.353346876496523,1.8348396621763,2.3048234774636587,0.7960868500851301,0.08384701516479248,-0.40279903076589085,0.4632765259593729,-0.02784403134137381,0.16605240758508433,-0.6523278430104256,-0.3974835481494665,-0.05528220720589163
19,76,0.5007003726322997,2.071956181989172,2.3048234774636587,0.898965236274517,-0.03710723575204605,-0.8822189392521977,0.1995493443682791,-0.11681789252907038,0.1048481008037927,-0.33522537443786876,-0.7735322937369347,-0.6713657388463617
19,79,0.4147536033308576,0.8546103700413763,2.3048234774636587,0.37079211418907954,0.3289502216503024,-0.1440446339547634,-0.04988249391317362,0.369269802235067,-0.055948466062545665,-0.4378816988319159,-0.1708735767751932,-0.9403671966865659
19,80,0.3234876072702541,1.9603110779585966,2.3048234774636587,0.850525472829624,0.3821839755401014,-0.5444593476131556,0.07449824642390052,0.03132373932749044,0.39039032906293863,-0.10218911990523344,-0.24483180232346058,-0.4066107254475355
19,84,0.4621660587426587,1.9345269230787514,2.3048234774636587,0.8393384317690135,0.12536075990647078,-0.7837435407564043,-0.4074441557750104,0.44291839469224215,0.6571971913799644,0.07349907420575613,0.044156046584248536,-0.5266526425257325
19,98,0.45819977464211636,1.9537019505882105,2.3048234774636587,0.8476579528503243,-0.17025106865912693,-0.7999184811487791,-0.27382997889071686,0.30450403690338135,0.07589121349155903,-0.5062223216518762,-0.23312510177493095,-0.7257050853222611
19,106,0.34427064074550834,2.226734946677832,2.3048234774636587,0.9661195178071689,-0.3593309633433818,-0.609478105790913,0.26640806347131757,-0.009388872422277927,0.5096003049984574,-0.2857334343716503,-0.02538501378148795,-0.1858871094882489
19,109,0.4005249861962006,1.9256706543199555,2.3048234774636587,0.8354959384738039,-0.2149010617285964,-0.16722865216434007,0.03417117800563613,-0.17044549901038397,0.32380032632499933,-0.5956186112016439,-0.6534413630142808,-0.5407412452623249
19,111,0.3862095241696915,1.0797222803020172,2.3048234774636587,0.46846202794245956,0.36279783584177494,-0.2713022101670504,0.4095714716240766,0.22759484127163887,-0.13398222811520089,0.07972536236047745,-0.806408335454762,-0.3064069794490934
19,115,0.35164349231809333,1.9418870256112835,2.3048234774636587,0.8425317793743717,-0.04897085577249516,-0.121196398511529,0.2846425669267776,0.17323325388133526,0.6448466116562486,-0.2767850132659078,-0.21209320332854986,-0.5689346883445978
19,117,0.3569248518995366,1.773428704075013,2.3048234774636587,0.7694423114895468,-0.3060950487852097,-0.013626944273710358,-0.36676179338246545,0.3948447415605188,-0.18687701132148493,0.23794171493500466,-0.325866281054914,-0.6611643014475703
19,119,0.4084361114500087,1.1669987397005819,2.3048234774636587,0.5063289015889428,0.21178906038403505,-0.36243443191051494,-0.24222218338400098,0.7931944299489261,0.4037184249609709,-0.3123984774574637,0.014577803201973431,-0.4579566093161702
19,123,0.28559259936297154,1.7348951870358387,2.3048234774636587,0.7527236701636704,0.01939646061509831,-0.31163769029080873,-0.3220939617604011,-0.13592916261404753,-0.03886259905993927,-0.5578954676166177,-0.05118278041481971,-0.34265463799238205
19,124,0.48837812129996055,1.951091088770669,2.3048234774636587,0.8465251711674447,-0.09375058021396404,-0.8478813292458653,-0.023321173153817376,-0.03902048524469137,-0.10455872677266587,-0.3671654090285302,-0.6745226178318262,-0.7600153898820282
19,127,0.33764166922513866,1.4215659227188573,2.3048234774636587,0.6167786542521766,0.2605939535424114,-0.04696210846304865,0.2349994070827962,0.4783019805327059,0.21242800075560808,-0.46783817093819374,-0.277666874229908,-0.4656242234632372
20,23,0.4350202835327777,2.155870966784129,2.3048234774636587,0.9353735710626115,0.14340120740234824,0.26161209959536785,-0.7535584056749944,0.5095024555921557,0.4254449149593711,-0.39956003893166786,0.428845914080739,-0.27006099000573147
20,32,0.29610081125517324,1.3083368387474372,2.3048234774636587,0.5676516451434257,0.18455468490719787,-0.40318484045565106,-0.2746520992368461,0.48955124430358427,0.016124414280057064,-0.11439757514744991,0.12043489329516888,0.4022953072562815
20,39,0.33689419327579334,1.3295130246100324,2.3048234774636587,0.5768394142153975,0.07895124889910227,0.04516006726771593,-0.038501349277794306,0.6487765703350307,0.2054369989782573,-0.42966923303902155,0.4958958178758621,0.06769626028835796
20,48,0.3977400443029846,0.5502571039748243,2.3048234774636587,0.2387415389313694,0.2242576079443096,-0.11580925062298764,0.05565116833895431,0.24006385263055552,0.4446304822340609,-0.6737104207277298,0.6530935475602746,-0.25106373894959677
20,58,0.38088726879978124,2.16099855844124,2.3048234774636587,0.9375982931323268,-0.36727463267743565,-0.20773533359169938,-0.527554688975215,0.4517249455675483,0.09244108665734552,-0.4601179789751768,0.4915790744125843,-0.19566040951758612
20,65,0.3526859137832737,2.0698676457641287,2.3048234774636587,0.8980590774100901,-0.6178681906312704,0.05497443769127147,-0.42142678238451525,0.06031686719506968,0.020520265214145406,-0.16797721479088062,0.4160012127831578,0.47684635687619453
20,72,0.38244800143663865,1.7422366867619439,2.3048234774636587,0.755908946519057,0.11020165216177677,-0.10692810639739037,-0.5774971023201947,0.6253428300842645,0.07158854603767417,-0.5623624715954065,0.07712764479219913,0.3076882595196368
20,75,0.42786214399450967,1.5030836683041073,2.3048234774636587,0.6521469791509477,-0.029299016110599152,0.12343447003513586,0.168158202432096,0.13147312309592973,0.3563486775383353,-0.9617087533697486,0.22665748745203018,0.5473842592909933
20,76,0.2936635178440145,1.4362551702012383,2.3048234774636587,0.62315191781271,-0.1502532670274377,-0.35598543845117103,-0.09556897915899779,0.042499261908233166,0.2951443707570437,-0.6446062847971917,-0.14939125813543797,-0.06869927234947681
20,79,0.4311341765086582,1.6284385528743786,2.3048234774636587,0.706535042183097,0.2158041903749108,0.3821888668462633,-0.3450008174404505,0.5285869566723705,0.13434780389070533,-0.7472626091912389,0.4532674588263035,-0.33770073018968094
20,80,0.3253134891685398,1.9742552563697737,2.3048234774636587,0.8565754712557603,0.2690379442647097,-0.01822584681212891,-0.22062007710337636,0.19064089376479398,0.5806865990161896,-0.4115700302645564,0.3793092332780361,0.19605574104934942
20,84,0.5182936924845946,1.8480919487616174,2.3048234774636587,0.801836655532227,0.012214728631079141,-0.2575100399553776,-0.7025624793022873,0.6022355491295457,0.8474934613332153,-0.2358818361535668,0.6682970821857452,0.07601382397115242
20,88,0.35871365305174374,1.560891119966918,2.3048234774636587,0.6772280546554479,0.07177957706153387,-0.4567438233643769,-0.3760619377717377,0.37574863992631435,0.3891653669998052,-0.006990223191678455,0.6105187432840466,0.0937835155054928
20,96,0.46668728710357044,2.0149454873818495,2.3048234774636587,0.8742298519100451,0.20458171237260098,-0.1748779099434613,-0.44355040043592464,0.11217302363365889,0.8020869316533209,-0.38146062567830075,0.5459169577807188,0.6113423807546498
20,98,0.4469544193369675,2.0637429580200273,2.3048234774636587,0.8954017425625461,-0.28339709993451856,-0.27368498034775235,-0.5689483024179938,0.4638211913406849,0.26618748344481,-0.8156032320111991,0.39101593382656574,-0.12303861882537614
20,106,0.4513448028548035,2.0647134362142143,2.3048234774636587,0.8958228065631849,-0.47247699461877346,-0.08324460498988628,-0.028710260055959308,0.14992828201502562,0.6998965749517084,-0.5951143447309732,0.5987560218200088,0.41677935700863605
20,119,0.5478297504259799,1.9372231316901818,2.3048234774636587,0.8405082430963423,0.09864302910864342,0.16379906889051177,-0.5373405069112779,0.9525115843862296,0.5940146949142219,-0.6217793878167867,0.6387188388034701,0.14470985718071472
20,124,0.30710368183253517,1.4710795972400066,2.3048234774636587,0.6382612862217348,-0.20689661148935568,-0.32164782844483863,-0.3184394966810943,0.12029666919261217,0.08573754318058513,-0.6765463193878531,-0.050381582230329514,-0.15734892338514328
21,22,0.4353711512725086,1.9704972691291478,2.3048234774636587,0.8549449831609578,-0.11397641338408027,-0.8009193958714604,0.25252222362905735,-0.49435795843601216,-0.29360996279865514,0.13391784299165022,-0.617540867999196,-0.26127959415316576
21,29,0.4243729238842476,2.0121228460818372,2.3048234774636587,0.8730051848899406,0.17400412168353796,-0.18657394126057641,0.15935074072331196,-0.18692425545304994,-0.8165307687595487,0.2195686213672161,-0.30735130142420525,-0.711281044408679
21,38,0.38487104484258344,2.2761379056811064,2.3048234774636587,0.9875541133353435,-0.0456215310841801,-0.7063543917611241,-0.024608301930129417,-0.6053117718547582,-0.07639247737824914,0.22701564617455017,-0.5036160200834274,0.07732398621737956
21,41,0.4312555128287818,2.2023984364021407,2.3048234774636587,0.9555605702289047,-0.12596234399825335,-0.04241457022726572,0.3842095891013745,-0.6965248221531511,-0.8316563582047819,0.31632036808878194,-0.1810704069212079,-0.11368301976472145
21,46,0.5947933441944809,2.2882851914679194,2.3048234774636587,0.992824489095391,-0.2471669344231483,-0.519789398647845,0.18323417939245717,-0.793219399638474,-0.7679254999384284,0.008422596380114888,-0.8036712659522891,-0.7749326862394812
21,54,0.40117200756838184,2.2952343273532576,2.3048234774636587,0.9958395294892807,-0.08544646296650193,-0.4234176902100445,-0.2255245167762039,-0.35466471593827,-0.2465212335810065,0.667157298885286,0.02573296707123518,-0.6463327817618849
21,69,0.4751222157094284,1.882849118518627,2.3048234774636587,0.8169168428423884,0.10575158894061998,-0.12062644027173552,0.5010449560359124,-0.15132831409573552,-0.6073887310922145,0.8483677543699744,0.10375888925045729,-0.6378351598978043
21,73,0.39156933274661015,1.7295732656671974,2.3048234774636587,0.7504146337360746,-0.07687110174447287,0.07860731706023195,0.17080529779195802,-0.6287607690319419,0.07100197672843936,0.5628512594848871,0.045877521857619286,-0.6826872928068042
21,85,0.36433945511636234,2.006069048671684,2.3048234774636587,0.8703786074234463,0.0034256400540469967,-0.2747782282531265,0.2957036625593901,-0.4019181178882719,-0.7155326092615722,0.2944603869691492,-0.36295297741889954,0.08380674757063387
21,86,0.32836829594462,1.65499221022194,2.3048234774636587,0.7180559493619768,-0.13398838881403174,-0.5444154972210529,0.051062601618469095,0.09200508426874884,-0.6409777924418448,-0.10291766747832287,-0.26249432750046253,-0.21643614955246449
21,89,0.28939849891195346,1.2997331520054107,2.3048234774636587,0.5639187402914262,-0.05419704131782033,-0.20835651271045225,0.37610853370279096,-0.37806796468794324,-0.3920922027900816,-0.0125443050637839,-0.4202430313453078,0.09365520905703306
21,91,0.5115651644551024,1.7719117028732154,2.3048234774636587,0.7687841260724723,0.3964245524257421,-0.07095603831112421,0.25052804034203296,0.004840335808694474,-0.7863899953663349,0.4362457515671851,-0.8297751052305102,-0.6094014449045064
21,94,0.35312638421869347,1.6703955266766595,2.3048234774636587,0.724739027960113,-0.19101756066083952,-0.7289676116779449,0.07710686326026939,-0.21716414205729953,-0.20726071018725636,0.3031686469912531,-0.04887766484171152,-0.4892253763973713
21,102,0.36004759826051547,1.9167949185177122,2.3048234774636587,0.8316449989597675,-0.07344609592109907,-0.4473339254036546,0.27344483043998513,-0.047025843523442745,-0.8540315581485629,-0.07232743222266436,0.14121262729167938,-0.006822254508733722
21,110,0.4198534490310723,1.7593032602530347,2.3048234774636587,0.7633136669490449,-0.2515689283609396,-0.762805257923901,-0.14533538743853536,-0.3590799495577812,0.08725970052182674,0.2726095458492638,-0.19789230357855558,-0.7027831766754391
21,125,0.28245803363774596,1.2910527083380565,2.3048234774636587,0.5601525327044978,0.22255440708249774,-0.338753053918481,0.44350051693618325,-0.13774494919925934,0.05390800721943381,0.47391201462596666,-0.08163169398903844,-0.15539448708295817
22,29,0.3779964667035153,1.8670785816120548,2.3048234774636587,0.810074437312952,0.2879805350676182,0.614345454610884,-0.0931714829057454,0.3074337029829622,-0.5229208059608935,0.0856507783755659,0.3101895665749908,-0.45000145025551325
22,37,0.3783163123509078,1.9104949725094011,2.3048234774636587,0.8289116243348076,0.17062197811901614,0.8327391268685456,-0.03740326035767794,0.41469995118677616,0.017419276759028546,-0.03889736346900463,0.4958929568529129,0.03630744479596609
22,41,0.38222082181061456,2.2390710946936476,2.3048234774636587,0.9714718357336554,-0.01198593061417308,0.7585048256441947,0.1316873654723171,-0.202166863717139,-0.5380463954061268,0.18240252509713173,0.43647046107798815,0.1475965743884443
22,42,0.2955919629715359,1.6096529770224546,2.3048234774636587,0.6983844935464628,0.12597754132002603,0.02817428298294511,-0.6029730299487708,0.3195731407031417,-0.22887336555868387,-0.19949925784021605,0.055978636257350445,0.3482997147366404
22,46,0.3020970651321453,1.3891609248681347,2.3048234774636587,0.6027190101329738,-0.13319052103906803,0.2811299972236154,-0.06928804423660018,-0.29886144120246183,-0.47431553713977326,-0.12549524661153533,-0.18613039795309305,-0.5136530920863154
22,54,0.3936993195597792,1.7922494548032677,2.3048234774636587,0.7776081215449728,0.02852995041757833,0.37750170566141594,-0.47804674040526124,0.13969324249774218,0.04708872921764862,0.5332394558936357,0.6432738350704312,-0.38505318760871915
22,60,0.39214735773642534,1.723912770633483,2.3048234774636587,0.7479586994360894,0.3603080045431855,0.32102083601057496,-0.024173665791749732,0.3492657886818052,0.13313457183539879,-0.25261860713362705,0.6880948469042778,-0.5654853805899622
22,62,0.273251652892375,1.8446893746511506,2.3048234774636587,0.8003603714941058,-0.03184214793145601,-0.05708739347755931,0.10134722292423284,0.45067073777318,-0.2616300182417033,0.4382388200610876,0.2812216244637966,0.2002356816083192
22,64,0.3628997771740507,1.4578288312506213,2.3048234774636587,0.6325121405197104,0.7455665394663813,0.0886571221053597,0.07410168740898401,0.5586826438084244,0.2828734330832959,-0.15345755591988552,0.0022920845076441765,-0.26201378833502537
22,69,0.49516096007578564,2.0830624459354303,2.3048234774636587,0.9037839410711552,0.21972800232470024,0.6802929555997249,0.24852273240685502,0.3430296443402766,-0.31377876829355933,0.714449911378324,0.7212997572496533,-0.3765555657446385
22,71,0.4008288338461355,1.6887807505286592,2.3048234774636587,0.7327158747910173,0.6087078135460617,0.5836709914728998,-0.12687755376100518,0.459821325726807,0.2206338979303838,0.039224193431437016,0.3808585265651345,0.3889837618917226
22,73,0.46560712584373193,2.2084559518808478,2.3048234774636587,0.9581887608638652,0.0371053116396074,0.8795267129316924,-0.08171692583709933,-0.13440281059592973,0.3646119395270945,0.42893341649323696,0.6634183898568153,-0.4214076986536384
22,85,0.2934087883189462,1.685064792340803,2.3048234774636587,0.7311036219550885,0.11740205343812726,0.526141167618334,0.04318143893033277,0.09243984054774024,-0.4219226464629171,0.160542543977499,0.2545878905802965,0.34508634172379965
22,86,0.30729195703525775,1.665347354703194,2.3048234774636587,0.7225487639234847,-0.02001197542995148,0.25650389865040757,-0.20145962201058826,0.5863630427047609,-0.3473678296431897,-0.2368355104699731,0.3550465404987335,0.04484344460070128
22,89,0.2691552400087163,1.6403403008609332,2.3048234774636587,0.7116988857932168,0.05977937206625994,0.5925628831610081,0.12358631007373361,0.11628999374806887,-0.09848223999142647,-0.14646214805543412,0.19729783665388823,0.3549348032101988
22,91,0.43917893310257416,1.9382420871684254,2.3048234774636587,0.8409503400674149,0.5104009658098223,0.7299633575603363,-0.001994183287024387,0.49919829424470663,-0.49278003256767977,0.3023279085755349,-0.21223423723131418,-0.34812185075134067
22,92,0.35455019888138073,1.6010139305484834,2.3048234774636587,0.694636247071866,0.4050726052373651,0.1920112408697603,0.19912998657673625,0.4104075012728571,-0.4334153337404131,0.4851186918094755,0.41569909173995256,-0.024755118414759747
22,94,0.25742923893362646,0.7509379780711244,2.3048234774636587,0.3258114929033496,-0.07704114727675926,0.07195178419351556,-0.17541536036878796,0.2771938163787126,0.08634925261139875,0.1692508039996029,0.5686632031574845,-0.22794578224420553
22,100,0.33533545720548236,1.795855856799594,2.3048234774636587,0.779172840939577,0.522280019707978,-0.02611539512872718,0.14540066011250047,0.2989850193262101,-0.03284534532576794,0.36058486625552183,0.3511583413928747,-0.511072089895606
22,102,0.40685901281422304,1.7177388365705135,2.3048234774636587,0.7452799979548967,0.04053031746298119,0.35358547046780586,0.02092260681092778,0.4473321149125694,-0.5604215953499078,-0.20624527521431457,0.7587534952908754,0.25445733964443207
22,106,0.2957601360124218,2.2050038137723806,2.3048234774636587,0.9566909723597902,0.10595024190843139,0.3027887176722286,0.09681065101176528,-0.23273706808686268,0.10246618278324615,0.09587659686803818,0.6931035025045276,0.18238161224871863
22,110,0.3025521909397041,1.0371918829641984,2.3048234774636587,0.4500092493441517,-0.13759251497685931,0.03811413794755947,-0.3978576110675927,0.13527800887823094,0.3808696633204819,0.13869170285761356,0.41964856442064047,-0.44150358252227334
22,113,0.39988326101691724,2.2759675792668563,2.3048234774636587,0.9874802133530171,-0.09607708640396584,0.6613700957968829,-0.010535361245274433,-0.15176427178084861,-0.3601695010438559,0.5534815602004528,0.6034550359472632,0.09615869168192148
22,118,0.2833045971494007,1.8615795403632955,2.3048234774636587,0.8076885534036079,0.017306886613368877,0.13705885969102383,0.2218311941251162,-0.3033607099205258,-0.1754009360447525,0.23786366079002613,0.22500971425324678,-0.5863416399806738
22,125,0.3579929019107464,1.2689861767715065,2.3048234774636587,0.5505784669322968,0.336530820466578,0.46216634195297945,0.1909782933071259,0.35661300923675276,0.34751797001808893,0.33999417163431644,0.5359091740101576,0.1058851070702076
23,25,0.3821562306840147,2.2848801813315966,2.3048234774636587,0.9913471481321386,-0.6732719326391816,0.20403973199427142,0.04515641275793336,-0.4067260213196278,-0.07073552440851916,-0.13958762958645826,0.02914001513272521,0.6932656420394778
23,32,0.42857892106177226,1.9823813032271298,2.3048234774636587,0.8601011411983012,0.04115347750484963,-0.664796940051019,0.47890630643814835,-0.019951211288571358,-0.409320500679314,0.28516246378421795,-0.30841102078557014,0.672356297262013
23,35,0.2923211130407665,2.114265061361546,2.3048234774636587,0.9173219042736356,-0.32490410283207877,0.04237180389463921,0.24387159757316135,-0.49040642566978937,0.04835101030766986,0.18470339942723524,-0.1283711101859808,0.47260014060884714
23,55,0.367909174743971,1.9561718396359313,2.3048234774636587,0.8487295702960295,-0.04037113767117262,0.12957878969609732,0.5102116717025642,-0.11027427483350055,-0.1719666253775356,-0.4590165931731463,-0.40311289485543966,0.6238522827625275
23,56,0.41220988561679905,2.284220511601876,2.3048234774636587,0.9910609354411578,-0.12059747800230977,-0.5658561484888196,0.10140070971101567,-0.4563696682453156,0.0857089487835766,-0.36872776504606003,-0.09289742447435856,0.8087691189721227
23,61,0.27667054585253825,1.6072558156194565,2.3048234774636587,0.6973444306408055,-0.3896843921393153,0.08809829317033299,-0.006587918847798968,-0.14662906248122481,-0.27265808172523964,0.2492049299180508,-0.3119050934910774,0.4443913772702217
23,65,0.4623228681477376,2.1919887657051,2.3048234774636587,0.9510440982305822,-0.7612693980336187,-0.20663766190409638,0.3321316232904792,-0.44918558839708594,-0.4049246497452257,0.2315828241407872,-0.012844701297581196,0.7469073468819261
23,68,0.3366545206469313,2.2149458867360363,2.3048234774636587,0.9610045664640104,-0.21776439435780037,-0.3021184271201492,0.25239279493689537,-0.15700224414467828,0.18598454166203748,-0.4014634778723121,-0.2943251943215728,0.6302784569561481
23,72,0.31435639944753596,1.7424134945545129,2.3048234774636587,0.755985658594536,-0.03319955524057147,-0.3685402059927582,0.17606130335479975,0.11584037449210882,-0.3538563689216969,-0.16280243266373867,-0.3517182692885399,0.5777492495253682
23,80,0.30078080341955793,1.747000566789525,2.3048234774636587,0.7579758640397096,0.12563673686236151,-0.27983794640749676,0.532938328571618,-0.31886156182736164,0.15524168405681854,-0.012009991332888548,-0.049536680802702904,0.4661167310550809
23,84,0.2915299871935784,1.7124275348622011,2.3048234774636587,0.7429755691080693,-0.1311864787712691,-0.5191221395507455,0.05099592637270711,0.09273309353739007,0.42204854637384426,0.16367820277810102,0.23945116810500622,0.3460748139768839
23,88,0.35397275025069913,2.006748856892204,2.3048234774636587,0.8706735576559335,-0.07162163034081437,-0.7183559229597447,0.37749646790325675,-0.13375381566584127,-0.036279547959565894,0.3925698157399894,0.18167282920330763,0.36384450551122427
23,96,0.4154826338411386,1.906743367833618,2.3048234774636587,0.8272839054606873,0.06118050497025272,-0.43649000953882916,0.3100080052390698,-0.39732943195849674,0.3766420166939498,0.018099413253367114,0.11707104369997978,0.8814033707603812
23,98,0.30132394945128643,2.1971111844259577,2.3048234774636587,0.953266575904445,-0.4267983073368668,-0.5352970799431203,0.18461010325700067,-0.04568126425147073,-0.15925743151456107,-0.41604319307953125,-0.03782998025417328,0.14702237118035533
23,104,0.3424790412999956,2.166718219855791,2.3048234774636587,0.9400798981100948,-0.007171582430600787,-0.49799454119056435,0.6003666501492264,-0.211228866130114,-0.3068284103646872,0.3624905915930867,-0.2396267345175147,-0.04757449310272943
23,111,0.4526463411769616,1.8023241159146346,2.3048234774636587,0.7819792420276805,0.10625059716403507,-0.00668080896139156,0.8680115537717941,-0.12259045988321321,-0.369130873121321,0.16990449093282234,-0.6111132139340043,0.5663204770535231
23,112,0.3666915194296926,2.187280544243891,2.3048234774636587,0.9490013294427574,0.08428180404007454,-0.6496506305411456,-0.020302889868616614,0.3520816583186387,0.23333653714507824,-0.5373682193458078,-0.412169904448092,0.09530857671052195
23,119,0.2618340746973429,1.9426884483068425,2.3048234774636587,0.8428794948082846,-0.04475817829370482,-0.09781303070485609,0.21621789876371655,0.443009128794074,0.16856977995485078,-0.2222193488851188,0.2098729247227311,0.4147708471864462
23,123,0.33707099676312197,1.646970034473686,2.3048234774636587,0.7145753462586614,-0.23715077806264157,-0.047016289085149876,0.13634612038731642,-0.4861144637688996,-0.27401124406605937,-0.46771633904427273,0.14411234110593796,0.5300728185102344
25,30,0.2919461364668341,2.271211655104135,2.3048234774636587,0.9854167476649831,-0.11338307522237279,-0.5382268792018297,0.23652456048876036,0.08900485560297955,0.05924663692712784,-0.18427160847932078,-0.37776643224060535,-0.3678003242239356
25,33,0.3331999333095332,1.6818640033822414,2.3048234774636587,0.7297148869869408,-0.13264714833348967,-0.28161413595080365,0.07325813267379977,0.2677356610074636,0.521198345348239,-0.3744866335764526,0.18564235512167218,-0.5175670012831688
25,43,0.35801640152916947,1.962216647359649,2.3048234774636587,0.8513522473829401,0.5492571629583837,-0.22128802165389053,0.5901499912142754,0.22631304804235697,0.18536825664341444,0.3552190931513907,-0.01954804547131056,-0.3381351828575134
25,45,0.29419168261219947,2.0649406967003996,2.3048234774636587,0.8959214086853897,0.18278848752379429,-0.33241086639463935,0.27465256489813306,0.5105494316667316,-0.04833587072789658,-0.16124290507286787,0.1263991426676512,-0.40996856708079565
25,51,0.4427804704148502,1.4690549059599205,2.3048234774636587,0.637382827936368,0.3877655733376741,-0.3196051102131606,0.024173785001039727,0.66684743296355,-0.36750726215541374,-0.25262659415602673,-0.6900179311633111,-0.44232385605573665
25,55,0.35605674956504735,1.2617988618524618,2.3048234774636587,0.5474600871564392,0.632900794968009,-0.0744609422981741,0.4650552589446308,0.29645174648612727,-0.10123110096901644,-0.31942896358668804,-0.4322529099881649,-0.06941335927695039
25,58,0.3697146523493362,2.2947331317709794,2.3048234774636587,0.9956220744055492,0.16259609255939766,-0.6733871651813387,0.18084730394184612,0.34894851129502047,-0.2622683038935064,0.07902968954294931,0.03359314519912007,-0.6188650615513325
25,61,0.2584508544853568,2.222245120540824,2.3048234774636587,0.9641715047897256,0.28358754049986623,-0.11594143882393843,-0.05174433160573233,0.260096958838403,-0.20192255731672049,0.3887925595045091,-0.34104510862380266,-0.24887426476925614
25,65,0.25363534064606025,1.9537203023941623,2.3048234774636587,0.8476659151980404,-0.08799746539443709,-0.41067739389836777,0.2869752105325458,-0.04245956707745813,-0.3341891253367065,0.37117045372724544,-0.04198471643030641,0.05364170484244815
25,67,0.30058140349686513,1.0120444738438537,2.3048234774636587,0.43909847488952053,0.30329805333167326,-0.032697195187211245,-0.08750427328050125,0.3407421074807644,0.19292268902063364,0.04738417826592922,0.05507024563848975,-0.6807901933789253
25,68,0.3186050379986859,1.2740274336626085,2.3048234774636587,0.552765730703425,0.4555075382813812,-0.5061581591144206,0.207236382178962,0.24972377717494953,0.25672006607055664,-0.26187584828585386,-0.323465209454298,-0.0629871850833297
25,72,0.39793931251186726,2.063347608688286,2.3048234774636587,0.895230211278,0.6400723773986101,-0.5725799379870297,0.13090489059686639,0.5225663958117366,-0.28312084451317776,-0.02321480307728041,-0.3808582844212651,-0.11551639251410958
25,79,0.4397787062328436,2.001492835642132,2.3048234774636587,0.8683931134911353,0.7456749156117441,-0.08346296474337597,0.36340117547661055,0.42581052239984274,-0.2203615866601466,-0.20811494067311276,-0.0047184703871607225,-0.7609053822234273
25,84,0.4424211507060624,2.2712328349761925,2.3048234774636587,0.9854259370333944,0.5420854538679125,-0.7231618715450169,0.00583951361477375,0.4994591148570179,0.4927840707823634,0.3032658323645593,0.210311152972281,-0.34719082806259394
25,98,0.37820287474459113,2.188380343835658,2.3048234774636587,0.9494785024681629,0.24647362530231476,-0.7393368119373916,0.1394536904990673,0.3610447570681571,-0.08852190710604191,-0.276455563493073,-0.06696999538689849,-0.5462432708591225
25,107,0.3893240705843515,2.0301825462050687,2.3048234774636587,0.8808407958596385,0.5223938403651118,0.03638438135385501,0.29600466229021527,0.6703468710184097,-0.04526612441986788,0.118421670049429,-0.3511733580380678,-0.5118472222238779
25,108,0.3822539175357155,1.7456215282704695,2.3048234774636587,0.7573775368651822,0.42487280908972047,-0.44132603611797105,0.059628861956298795,0.7668283246457576,0.018346195109188557,0.42783078458160173,0.020282134413719205,0.13524228986352677
25,109,0.3147457464649098,1.6160870878878013,2.3048234774636587,0.701176078641052,0.20182363223284527,-0.10664698295295263,0.4474548473954203,-0.11390477884560823,0.1593872057273984,-0.36585185304284085,-0.48728625662624836,-0.36127943079918634
25,117,0.3201674761858864,1.4515205961555298,2.3048234774636587,0.6297751694862352,0.11062964517623197,0.04695472493767708,0.04652187600731872,0.45138546172529453,-0.35129013191908587,0.4677084730938078,-0.15971117466688153,-0.48170248698443174
25,119,0.42008559428163017,1.6450755932784777,2.3048234774636587,0.7137533999301326,0.6285137543454767,-0.30185276269912753,0.1710614860057832,0.8497351501137018,0.23930530436336994,-0.08263171929866053,0.1807329095900059,-0.27849479485303164
25,127,0.4059835171242914,1.9550306993010043,2.3048234774636587,0.8482344606505035,0.6773186475038531,0.013619560748338783,0.6482830764725804,0.5348427006974816,0.048014880158007145,-0.2380714127793906,-0.11151176784187553,-0.2861624090000986
26,29,0.3178289080368412,1.8138970518768367,2.3048234774636587,0.7870004230748892,0.09754486940801121,0.5557362353429198,-0.26775551680475485,0.09684790298342721,-0.06471454352140438,0.31769284699112166,0.3778575006872416,-0.4009967735037208
26,30,0.3069124551604757,2.0783744913099738,2.3048234774636587,0.9017499655102088,-0.25526222959160827,0.2548490557819604,-0.5209405552595856,-0.4014698602259159,0.27473189774900664,0.19961373321712028,0.24223491176962852,-0.12998874019831425
26,31,0.5434985396131702,2.181456402986473,2.3048234774636587,0.9464743935127974,0.5844251308590172,0.654423858039081,0.106845105998218,0.22931998502463116,0.35250955168157805,0.8689066050574183,0.7190416436642408,0.364713436923921
26,37,0.3991670174045661,2.118714725278751,2.3048234774636587,0.9192524920000767,-0.019813687540590874,0.7741299076005814,-0.2119872942566874,0.20411415118724116,0.4756255391985177,0.19314470514655113,0.5635608909651637,0.08531212154775852
26,38,0.36550642559901664,2.078678011032949,2.3048234774636587,0.9018816544338695,-0.12208078335970685,0.03595578484237216,-0.4517145594581962,-0.32153961341828097,0.6754237478598951,0.3251398717984557,0.18159278202801943,0.38760825712233776
26,41,0.383076296182431,1.963210440764973,2.3048234774636587,0.8517834272173358,-0.2024215962737801,0.6998956063762306,-0.04289666842669235,-0.41275266371667396,-0.07984013296663761,0.4144445937126875,0.504138395190239,0.19660125114023674
26,42,0.3256428697780621,2.096884882683502,2.3048234774636587,0.9097811191124352,-0.06445812433958098,-0.030434936285019032,-0.7775570638477802,0.10898734070360672,0.22933289688080527,0.032542810775339714,0.12364657036960125,0.39730439148843283
26,46,0.2989152736613404,1.5142718095877306,2.3048234774636587,0.6570012082895432,-0.32362618669867504,0.22252077795565128,-0.24387207813560963,-0.5094472412019968,-0.016109274700284115,0.10654682200402044,-0.11846246384084225,-0.464648415334523
26,54,0.5022703706609403,2.2430188247369998,2.3048234774636587,0.9731846480518014,-0.16190571524202868,0.3188924863934518,-0.6526307743042707,-0.0708925575017928,0.5052949916571378,0.7652815245091915,0.710941769182682,-0.3360485108569267
26,60,0.40995278773778315,1.6096724539555278,2.3048234774636587,0.6983929440561282,0.1698723388835785,0.2624116167426108,-0.19875769969075918,0.13867998868227022,0.5913408342748879,-0.020576538518071286,0.7557627810165286,-0.5164807038381698
26,62,0.3157453305810842,2.2914131374073006,2.3048234774636587,0.9941816194656627,-0.22227781359106302,-0.11569661274552345,-0.0732368109747766,0.24008493777364506,0.19657624419778585,0.6702808886766434,0.3488895585760474,0.24924035836011163
26,64,0.3615907916275634,2.1400800802784734,2.3048234774636587,0.9285223363975461,0.5551308738067743,0.030047902837395557,-0.10048234649002544,0.3480968438088894,0.7410796955227851,0.07858451269567024,0.06996001861989498,-0.21300911158323294
26,69,0.5070531264323359,1.585124252219017,2.3048234774636587,0.6877421493308311,0.029292336665093233,0.6216837363317608,0.07393869850784555,0.13244384434074163,0.1444274941459298,0.9464919799938798,0.7889676913619041,-0.32755088899284607
26,71,0.4374725844291118,2.0580404965449772,2.3048234774636587,0.8929276001690795,0.41827214788645467,0.5250617722049357,-0.30146158766001463,0.24923552572727206,0.6788401603698729,0.2712662620469928,0.44852646067738533,0.43798843864351505
26,82,0.2993127967290065,1.6491295779945212,2.3048234774636587,0.7155123132506896,0.04795884527265992,-0.03742317110300075,0.10485879424959436,-0.2694059889763595,-0.1476290263235569,0.20245010685175646,0.6962304478511214,-0.28620358556509023
26,85,0.289339952989186,1.5840879330150053,2.3048234774636587,0.687292518713066,-0.07303361222147975,0.4675319483503698,-0.13140259496867668,-0.11814595945179474,0.03628361597657204,0.39258461259305477,0.3222558246925473,0.3940910184755921
26,86,0.2659584115161669,1.8006118451666622,2.3048234774636587,0.7812363344841247,-0.2104476410895585,0.19789467938244343,-0.3760436559095977,0.375777242705226,0.11083843279629946,-0.004793441854417324,0.4227144746109843,0.09384812135249371
26,89,0.29235451668977147,1.5197842439410822,2.3048234774636587,0.6593929031014244,-0.13065629359334707,0.533953663893044,-0.05099772382527584,-0.09429580625146611,0.3597240224480627,0.08557992056012165,0.26496577076613903,0.40393947996199125
26,91,0.36480959568050714,2.2258332113071475,2.3048234774636587,0.9657282794414105,0.31996530015021535,0.6713541382923721,-0.17657821718603384,0.28861249424517166,-0.03457377012819063,0.5343699771910906,-0.14456630311906338,-0.29911717399954824
26,92,0.32664242691575057,1.566526737921196,2.3048234774636587,0.6796731954696501,0.2146369395777581,0.13340202160179615,0.0245459526777268,0.19982170127332213,0.024790928699076065,0.7171607604250312,0.48336702585220337,0.024249558337032684
26,94,0.369657271572109,1.3999264720926503,2.3048234774636587,0.607389887243425,-0.26747681293636627,0.013342564925551414,-0.3499993942677974,0.06660801637917763,0.5445555150508878,0.40129287261515867,0.6363311372697353,-0.1789411054924131
26,100,0.3617708812161025,2.018612131167471,2.3048234774636587,0.8758207085728107,0.331844354048371,-0.08472461439669132,-0.02918337378650898,0.0883992193266751,0.4253609171137212,0.5926269348710775,0.4188262755051255,-0.46206741314381367
26,102,0.3491629772028482,1.347197580185874,2.3048234774636587,0.5845122602050187,-0.14990534819662582,0.2949762511998417,-0.15366142708808167,0.2367463149130344,-0.10221533291041862,0.02579679340124119,0.8264214294031262,0.3034620163962245
26,106,0.40674659098685395,1.9016299394958491,2.3048234774636587,0.8250653284686671,-0.08448542375117563,0.24417949840426445,-0.07777338288724417,-0.44332286808639765,0.5606724452227353,0.32791866548359394,0.7607714366167784,0.23138628900051106
26,110,0.45749425340922234,2.1024686741504075,2.3048234774636587,0.9122037738282966,-0.3280281806364663,-0.020495081320404673,-0.5724416449666021,-0.07530779112130404,0.839075925759971,0.3707337714731693,0.4873164985328913,-0.3924989057704809
26,118,0.34958595053563196,1.9097230751563856,2.3048234774636587,0.8285767191411721,-0.17312877904623813,0.07844964042305969,0.04724716022610674,-0.5139465099200607,0.28280532639473666,0.4699057294055819,0.2926776483654976,-0.5373369632288814
26,125,0.4430727977174618,1.3377342009203108,2.3048234774636587,0.5804063582311386,0.146095154806971,0.4035571226850153,0.01639425940811645,0.14602720923721782,0.8057242324575781,0.5720362402498722,0.6035771081224084,0.15488978382200003
27,30,0.38777731012424593,1.9587493746952198,2.3048234774636587,0.8498478924081093,-0.5942781437188385,-0.15839083027094608,-0.13899489771574736,-0.2785220770165324,-0.3350516026839614,-0.6340458570048213,-0.2814467530697584,0.36651826929301023
27,33,0.404566941763266,2.2834391926651376,2.3048234774636587,0.9907219424794937,-0.6135422168299554,0.09822191298007993,-0.30226132553070795,-0.09979127161204837,0.12690010573714966,-0.824260882101953,0.2819620342925191,0.21675159223377705
27,35,0.28702787820770725,2.264162851032426,2.3048234774636587,0.9823584639653282,-0.13252723868936295,0.21816812083125134,-0.17680427338927973,-0.4512073369696735,-0.2752117048949002,-0.12548321951180696,-0.061191446147859097,0.5136530920863152
27,38,0.44170768425932744,2.100323756132072,2.3048234774636587,0.9112731524426207,-0.4610966974869371,-0.3772841012105343,-0.06976890191435803,-0.19859183020889748,0.06564024742692706,-0.5085197184234858,-0.3420888828113675,0.8841152666136622
27,44,0.39102293378187714,1.428719189184762,2.3048234774636587,0.6198822613335209,-0.08384649269282807,-0.30539179500192376,0.5135292233899239,0.012273898348212353,-0.020648811943829032,-0.2851614803075791,-0.3009628467261791,0.8286809427663684
27,51,0.46593863870387126,2.078063410703541,2.3048234774636587,0.9016149961255795,-0.09312949515879165,0.06023093871772295,-0.351345673203468,0.299320500344038,-0.761805501766503,-0.7024008426815271,-0.5936982519924642,0.2919947374612092
27,63,0.3278058341502106,2.225775281410858,2.3048234774636587,0.9657031452405243,0.22426311206072558,0.11880918219685571,-0.05174852628260862,-0.2562059825286268,-0.053996198810637025,-0.4862045496702196,-0.6515986593440175,0.25106388051062833
27,71,0.41288147677679543,2.1672639678393146,2.3048234774636587,0.9403166832647326,0.07925623375922441,0.1118218861520292,0.08048406988382356,0.3721833089366555,0.06905665993690488,-0.5623933281749487,-0.07515520416200161,0.9344954481348395
27,77,0.3714518040517388,2.0856592679200943,2.3048234774636587,0.9049106312537464,-0.25347263365983946,0.14495496079325682,-0.38660216238349654,0.4414989734068514,-0.031877722591161756,-0.35655241087079065,-0.003489176742732525,0.7389253443107009
27,100,0.2552983617155859,1.947715595683346,2.3048234774636587,0.8450606368461278,-0.007171560078859274,-0.4979645004495978,0.3527622837573292,0.2113470025360586,-0.18442258331924685,-0.24103265535086393,-0.10485538933426142,0.034439596347510815
27,101,0.36320506646670014,2.239378417709792,2.3048234774636587,0.9716051748024167,-0.3475913126021622,0.08863062597811228,-0.0348271271213888,-0.16543335746973753,-0.29363370034843694,-0.408562308177352,-0.597287124954164,0.5368345277383924
27,104,0.2806031254069696,2.2371628243680286,2.3048234774636587,0.9706438893228877,0.18520528171211503,-0.3221982242539522,0.17969077918678528,-0.17202977742999814,-0.6303911255672573,0.05230397265404453,-0.172447070479393,-0.006521541625261418
27,108,0.3836830643182445,1.8153499860655193,2.3048234774636587,0.7876308115635909,-0.05602225940674527,-0.06148998718708748,-0.3158905962482089,0.3993013920262456,-0.3759520445019007,-0.02194346394389876,0.11660181358456612,0.8695608833804727
27,109,0.41861476000295444,1.9446552535596389,2.3048234774636587,0.8437328379263271,-0.27907143626362046,0.2731890659779309,0.07193538919091258,-0.4814317114651202,-0.23491103388369086,-0.8156261015683413,-0.3909665774554014,0.3730391627177595
27,120,0.44464774683032454,2.182287161619401,2.3048234774636587,0.9468348370092522,0.09862741641700279,-0.1643259143456815,0.4777673631906513,0.07825007848441601,-0.4065039809793234,-0.3805401790887118,-0.6386849833652378,0.7698071356862783
28,40,0.3195117392642656,1.6057100677623872,2.3048234774636587,0.6966737728346076,0.3173965401947499,0.47180741094052825,0.24241033382713761,0.4943339955061673,0.016117377206683117,0.07512134592980146,0.1262808833271265,-0.4103419287130237
29,30,0.3058665160444981,1.356739804131055,2.3048234774636587,0.5886523707334318,-0.3528070989996195,-0.3008871795609595,-0.2531850384548307,-0.4983177632093431,0.339446441270411,-0.11807911377400138,-0.13562258891761308,0.27100803330540657
29,31,0.44515410442064,1.1423975116732241,2.3048234774636587,0.4956551002033243,0.486880261451006,0.09868762269616108,0.37460062280297285,0.13247208204120395,0.4172240952029824,0.5512137580662967,0.3411841429769992,0.7657102104276419
29,33,0.4109363695602827,1.387780780060482,2.3048234774636587,0.6021202029700184,-0.37207117211073637,-0.044274436309933496,-0.4164514662697913,-0.3195869578048591,0.8013981496915221,-0.3082941388711332,0.4277861984446644,0.12124135624617338
29,37,0.2860390499605671,1.7371022872929875,2.3048234774636587,0.7536812707255918,-0.11735855694860209,0.21839367225766154,0.05576822254806746,0.10726624820381395,0.5403400827199221,-0.12454814184457053,0.1857033902779221,0.48630889505147934
29,38,0.46577543811333855,2.128368761745512,2.3048234774636587,0.92344111492984,-0.21962565276771806,-0.5197804505005477,-0.18395904265344137,-0.4183875164017082,0.7401382913812995,0.007447024807334057,-0.19626471865922218,0.7886050306260586
29,41,0.3169534649183328,0.710195295228595,2.3048234774636587,0.308134354831429,-0.2999664656817913,0.1441593710333107,0.2248588483780625,-0.5096005667001011,-0.015125589445233234,0.09675174672156583,0.12628089450299734,0.5975980246439576
29,42,0.43295048551021104,1.983270915260511,2.3048234774636587,0.8604871195788929,-0.1620029937475922,-0.586171171627939,-0.5098015470430255,0.012139437720179502,0.29404744040220965,-0.28515003621578194,-0.25421093031764036,0.7983011649921536
29,46,0.3453100010807783,0.7766837609504794,2.3048234774636587,0.33698188540025653,-0.42117105610668626,-0.3332154573872686,0.02388343866914522,-0.6062951441854241,0.04860526882112026,-0.21114602498710122,-0.49631996452808386,-0.06365164183080219
29,51,0.25821459746141856,1.7870552992213138,2.3048234774636587,0.7753545192050358,0.1483415495604274,-0.08226541057229048,-0.46553581394255134,0.07952481415122734,-0.08730745781213056,-0.18643409945070732,-0.44787408784031885,0.19648450147360552
29,54,0.3427982814986844,1.4738952773662313,2.3048234774636587,0.6394829329785282,-0.2594505846500399,-0.23684374894946808,-0.38487525749951584,-0.16774046048522,0.5700095351785421,0.44758867751806986,0.3330842684954404,0.0649482626467941
29,60,0.3159835818228178,0.7525641634561122,2.3048234774636587,0.32651705035748374,0.07232746947556729,-0.29332461860030906,0.06899781711399566,0.041832085698843,0.6560553777962923,-0.33826938550919294,0.377905280329287,-0.11548393033444893
29,64,0.4203357125309503,2.2765251780915645,2.3048234774636587,0.9877221402641928,0.45758600439876307,-0.5256883325055244,0.1672731703147294,0.2512489408254621,0.8057942390441895,-0.23910833429545142,-0.30789748206734663,0.18798766192048788
29,65,0.4013616794940873,1.8355904647483667,2.3048234774636587,0.7964126028290639,-0.3274214891716838,-0.17333769425749768,-0.20273438841104524,-0.6297821858897807,-0.05398932099342335,0.43736294843256485,0.20015912689268583,0.6924500623717904
29,69,0.30425402983044253,1.5481567290401261,2.3048234774636587,0.6717029499993614,-0.06825253274291798,0.06594750098884089,0.3416942153126004,0.03559594135731442,0.2091420376673342,0.6287991330027582,0.41111019067466253,0.07344588451087475
29,71,0.417145704491138,1.1101354190098272,2.3048234774636587,0.48165745874450866,0.32072727847844346,-0.03067446313798422,-0.033706070855259784,0.15238762274384485,0.7435547038912773,-0.04642658494412888,0.07066895999014372,0.8389852121472359
29,73,0.41227353439161846,1.1260730796838747,2.3048234774636587,0.4885723747152476,-0.25087522342801083,0.26518125832080836,0.011454557068646065,-0.4418365135788919,0.887532745487988,0.34328263811767107,0.35322882328182453,0.02859375160187483
29,75,0.40767836646860284,1.9842148328651317,2.3048234774636587,0.8608966596646522,0.26114768534898747,-0.10487766191363329,0.386850596405566,-0.5586259299889207,0.28183909133076657,-0.35636859014630307,0.010815401561558191,0.7629879647865891
29,82,0.30862086439495895,2.2878720881847294,2.3048234774636587,0.9926452548558802,-0.04958602413535129,-0.5931594064459207,0.3726143110543492,-0.3662538919597867,-0.08291448280215252,-0.1152427401393652,0.3183729471638798,0.11479318793863058
29,85,0.30674848062416077,0.4796788080288291,2.3048234774636587,0.2081195426543864,-0.17057848162949096,-0.08820428699255006,0.13635292183607817,-0.21499386243522195,0.10099815949797641,0.07489176560193311,-0.05560167599469429,0.7950877919793129
29,89,0.35895012385743197,1.7928120337715263,2.3048234774636587,0.7778522092045093,-0.2282011630013583,-0.02178257144987583,0.216757792979479,-0.19114370923489332,0.42443856596946705,-0.232112926431,-0.11289172992110258,0.8049362534657121
29,92,0.2845331789207633,1.4261993984224977,2.3048234774636587,0.6187889928958714,0.11709207016974688,-0.42233421374112373,0.29230146948248165,0.10297379828989492,0.08950547222048044,0.3994679134339096,0.10550952516496176,0.4252463318407535
29,94,0.3408494054332297,1.762449615168415,2.3048234774636587,0.7646787844715559,-0.3650216823443775,-0.5423936704173684,-0.08224387746304257,-0.03023988660424959,0.6092700585722923,0.08360002562403701,0.2584736365824937,0.22205566801130772
29,102,0.3438564029158925,1.8078928904542826,2.3048234774636587,0.7843953813086706,-0.24745021760463703,-0.26075998414307816,0.11409408971667317,0.1398984119296072,-0.037500789389014244,-0.29189605358988047,0.44856392871588463,0.7044587898999453
29,106,0.4177058136731949,1.3601506184184282,2.3048234774636587,0.5901322299594088,-0.18203029315918684,-0.31155673693865543,0.18998213391751068,-0.5401707710698249,0.6253869887441397,0.010225818492472283,0.38291393592953676,0.6323830625042319
29,109,0.34134829744125444,1.8327825284474655,2.3048234774636587,0.7951943159067217,-0.037600391544401424,0.1306927166879175,-0.042254751548170766,-0.7012273976579309,0.43958701007068157,-0.29965935833752144,-0.2451424133032561,0.27752892673015583
29,110,0.42827126464044263,2.195292562825891,2.3048234774636587,0.9524775256288603,-0.42557305004447754,-0.5762313166633246,-0.3046861281618473,-0.17215569410473125,0.9037904692813754,0.05304092448204767,0.10945899784564966,0.008497867733239906
29,113,0.3530319117944038,1.0725549359038213,2.3048234774636587,0.46535231283053125,-0.38405762147158407,0.047024641185998806,0.08263612166047096,-0.4591979747638108,0.1627513049170376,0.4678307818248869,0.29326546937227244,0.5461601419374347
29,115,0.3351288926889796,1.0582659537957844,2.3048234774636587,0.45915271349125286,0.12832981441169983,0.17672497034072857,0.2082166373729707,-0.3575486447662117,0.7606332954019308,0.019174239598214737,0.19620574638247484,0.24933548364788294
29,117,0.2814886893280821,1.7592063868673844,2.3048234774636587,0.7632716362310322,-0.12879437860101473,0.2842944245785472,-0.44318772293627234,-0.13593715708702814,-0.07109032757580269,0.5339009677991272,0.08243266865611071,0.15710587054491043
29,118,0.3433559186841971,1.70347939564252,2.3048234774636587,0.7390932157273549,-0.27067364845424935,-0.4772865949198602,0.3150026770308616,-0.6107944129034879,0.34751986991614103,0.15221288241446024,-0.08517985232174402,-0.1363401897251606
29,119,0.33629528094405325,2.0724629189108152,2.3048234774636587,0.8991850955941562,0.38908973056823004,-0.06451306305825738,-0.31864811293780787,0.26241253130137915,0.5195051087066531,-0.01643922459334113,0.42287675291299814,0.36031356267631054
29,120,0.37910745320435696,2.0753395837915827,2.3048234774636587,0.9004332019714536,0.34009846113622183,-0.3068222636356949,0.3635772224515679,-0.1415456077083947,0.267994062975049,0.13542656414210807,-0.4928608192130925,0.6742968996986747
29,125,0.40171332163705203,1.596505694520949,2.3048234774636587,0.6926802465053951,0.04855028539895978,-0.15217911265790457,0.2841497762128713,0.049179306253790606,0.8704387759789824,0.25434339325875055,0.2257196074351668,0.5558865573257208
29,127,0.26488749668584094,1.7253679116989133,2.3048234774636587,0.7485900454283784,0.43789462372660637,0.2509592603892089,0.15857347752898932,-0.05247991811484104,0.3282146845012903,-0.17187891807407119,0.13063207548111672,0.3526459485292436
30,31,0.5682014130821538,1.6504835314844801,2.3048234774636587,0.7160997567157523,0.8396873604506254,0.3995748022571206,0.6277856612578036,0.630789845250547,0.07777765393257141,0.6692928718402981,0.4768067318946123,0.4947021771222353
30,33,0.2988022941017862,1.0896034053038355,2.3048234774636587,0.4727491783895263,-0.019264073111116886,0.256612743251026,-0.1632664278149606,0.17873080540448405,0.46195170842111105,-0.19021502509713184,0.5634087873622775,-0.1497666770592332
30,38,0.2561072856928949,1.2245006728889756,2.3048234774636587,0.5312774209660848,0.13318144623190142,-0.2188932709395882,0.06922599580138933,0.07993024680763494,0.4006918501108885,0.12552613858133543,-0.060642129741609097,0.517596997320652
30,39,0.3928753579920629,2.2119186129622213,2.3048234774636587,0.9596911149986747,0.7222050493583083,0.11773511487990629,0.43337608315050635,0.4569952804595233,-0.20851902849972248,0.29375004395842536,0.4156763209030032,0.012291932478547207
30,41,0.31157661673648684,1.6940064095588447,2.3048234774636587,0.7349831456173003,0.05284063331782818,0.44504655059427023,0.47804388683289323,-0.011282803490758053,-0.35457203071564425,0.2148308604955672,0.26190348342061043,0.326589991338551
30,42,0.30949288219135634,1.0959008823442096,2.3048234774636587,0.4754814817966853,0.1908041052520273,-0.2852839920669794,-0.25661650858819474,0.5104572009295226,-0.04539900086820137,-0.16707092244178057,-0.11858834140002728,0.5272931316867471
30,43,0.37409960621881183,2.0745640580328435,2.3048234774636587,0.9000967225116069,0.6626402381807565,0.3169388575479391,0.35362543072551494,0.13730819243937742,0.1261216197162866,0.5394907016307116,0.35821838676929474,0.029665141366422176
30,44,0.3916382928970132,2.239816186917546,2.3048234774636587,0.9717951109133747,0.5104316510260105,-0.14700096473097768,0.6525241211056713,0.2907959753647448,0.3144027907401324,0.34888437669724215,-0.019516093656420708,0.46216267347335815
30,45,0.2686300441123674,1.0742006082810631,2.3048234774636587,0.4660663251587347,0.29617156274616707,0.2058160128071903,0.038128004409372696,0.4215445760637521,-0.10758250765502442,0.02302870340645291,0.5041655749082565,-0.04216824285686005
30,51,0.34781216046082547,1.09090322943459,2.3048234774636587,0.4733131366030138,0.5011486485600469,0.21862176898866903,-0.21235077548772063,0.5778425773605704,-0.4267538990825416,-0.06835498567670595,-0.31225149892270576,-0.07452353183180105
30,52,0.4367365055049985,1.7300776150791466,2.3048234774636587,0.7506334571804212,0.6064778994768858,-0.3059031944721935,-0.007083829492330218,0.7291638581082226,-0.24186780862510204,0.24871271476149537,0.3150179460644722,0.5596369579434395
30,54,0.31119262609596526,0.7552553500909882,2.3048234774636587,0.3276846827862533,0.09335651434957959,0.06404343061149143,-0.13169021904468514,0.3305773027241231,0.23056309390813112,0.5656677912920712,0.4687068574130535,-0.20605977065861247
30,55,0.35413682453251094,2.041162363313995,2.3048234774636587,0.8856046388247444,0.7462838701903818,0.46376593690365553,0.22853069845587043,0.20744689088314772,-0.16047773789614428,-0.13515735510736726,-0.05448647774755955,0.29838696494698524
30,58,0.2669393891828459,1.8394975231486892,2.3048234774636587,0.798107768831374,0.27597916778177045,-0.13516028597950902,-0.055677256546914244,0.2599436556920409,-0.32151494082063425,0.2633012980222701,0.4113595774397254,-0.25106473732739687
30,60,0.3771889662763888,1.232354557585762,2.3048234774636587,0.5346850071754327,0.42513456847518677,0.007562560960650444,0.32218285556882637,0.5401498489081862,0.3166089365258813,-0.22019027173519157,0.5135278692469001,-0.3864919636398555
30,64,0.462953460282902,1.6764145419151562,2.3048234774636587,0.7273505143916554,0.8103931033983826,-0.22480115294456482,0.4204582087695601,0.7495667040348053,0.4663477977737784,-0.12102922052145004,-0.17227489314973354,-0.08302037138491869
30,65,0.3143270173999846,1.626098999163202,2.3048234774636587,0.7055199736826012,0.025385609827935696,0.12754948530346183,0.05045065004378546,-0.13146442268043768,-0.39343576226383437,0.5554420622065662,0.3357817158102989,0.4214420290663838
30,67,0.345397179301738,2.2290068363539035,2.3048234774636587,0.9671052287296259,0.41668112855404604,0.5055296840146184,-0.3240288337692616,0.25173725187778484,0.1336760520935058,0.23165578674525,0.4328366778790951,-0.3129898691549897
30,71,0.4375848257667536,0.8732867576398298,2.3048234774636587,0.37889528902267067,0.6735343774780629,0.2702127164229753,0.21947896759957092,0.6507053859531879,0.4041082626208663,0.0716525288298725,0.2062915489077568,0.5679771788418293
30,73,0.38971808414300524,1.42759587931677,2.3048234774636587,0.6193948878409408,0.10193187557160865,0.5660684378817679,0.26463959552347677,0.0564812496304512,0.548086304217577,0.46136175189167244,0.4888514121994376,-0.24241428170353174
30,76,0.26826168460611804,2.115374531157191,2.3048234774636587,0.9178032729365694,0.4930005334317684,-0.2834103908389807,0.3763084532693029,-0.1492820279672742,-0.11881165672093608,0.07881299220025517,-0.22961075510829687,-0.12410360015928756
30,77,0.38287909207585835,1.8892242554731602,2.3048234774636587,0.8196828407666845,0.34080551005899906,0.3033457910642029,-0.24760726466774918,0.7200210504233838,0.30317388009279966,0.2774934461340306,0.2779575763270259,0.3724070750176907
30,85,0.2927481469543029,1.5083234615249843,2.3048234774636587,0.6544203824167991,0.18222861737012852,0.21268289256840944,0.38953796029090887,0.2833239007741212,-0.2384482817724346,0.1929708793759345,0.0800209129229188,0.5240797586739063
30,89,0.29884184649465106,2.196368233120489,2.3048234774636587,0.9529442296107989,0.1246059359982612,0.2791046081110837,0.4699428314343097,0.3071740539744498,0.08499212469905604,-0.11403381265699863,0.022730858996510506,0.5339282201603055
30,90,0.26482315976403464,1.7543519014636613,2.3048234774636587,0.7611654075106162,0.22742245998233546,0.01724893040955089,-0.27976318821310975,-0.18281989078968763,0.5189221203327179,0.03325443062931288,0.12076717987656593,0.3352173278108239
30,91,0.430858679932538,1.3622680138051206,2.3048234774636587,0.5910509100264058,0.5752275297418237,0.41650508251041174,0.3443623380735517,0.6900823544710876,-0.30930566787719727,0.33475624397397036,-0.3868012148886919,-0.169128433801234
30,92,0.40418455656535,1.7519180241608494,2.3048234774636587,0.7601094145781379,0.46989916916936636,-0.12144703418016423,0.5454865079373123,0.601291561499238,-0.24994096904993057,0.517547027207911,0.24113211408257484,0.15423829853534693
30,94,0.26878890160401425,1.9502176087566891,2.3048234774636587,0.8461461920297708,-0.012214583344758001,-0.24150649085640896,0.17094116099178813,0.46807787660509353,0.26982361730188126,0.2016791393980384,0.3940962255001068,-0.048952365294098854
30,100,0.3969273377433726,1.7756516090792482,2.3048234774636587,0.770406769299861,0.5871065836399793,-0.3395736701786517,0.49175718147307657,0.489869079552591,0.15062901936471457,0.3930132016539573,0.176591363735497,-0.3320786729454994
30,106,0.30106551726029124,1.8325860414409865,2.3048234774636587,0.7951090655574432,0.17077680584043264,-0.010669557377695926,0.4431671723723414,-0.04185300786048174,0.28594054747372866,0.12830493226647366,0.5185365248471498,0.3613750291988253
30,108,0.4440836960059936,1.6682140266302068,2.3048234774636587,0.7237925346308914,0.5382558843120933,0.0969008430838586,-0.17689569853246156,0.677823469042778,-0.04090044181793928,0.6121023930609225,0.39804856665432453,0.5030426140874624
30,110,0.28872265144841797,1.7751222983264432,2.3048234774636587,0.7701771158110013,-0.07276595104485806,-0.27534413710236505,-0.05150108970701661,0.3261620691046119,0.5643440280109644,0.17112003825604905,0.24508158676326275,-0.26251016557216666
30,113,0.3298656290823965,1.6127320221244168,2.3048234774636587,0.6997204071780572,-0.03125052247196458,0.3479118207469583,0.33582116011530166,0.03911978844553232,-0.17669513635337342,0.5859098955988883,0.4288880582898855,0.27515210863202816
30,114,0.3363726865455633,2.065738320072157,2.3048234774636587,0.8962674756964022,0.3215566994622351,0.07851705327630076,0.07359482720494293,0.5217589968815446,-0.21926651429384947,0.46953975688666094,-0.16060321778059006,0.4728864608332515
30,115,0.3533995859799594,1.4950570481366654,2.3048234774636587,0.6486644477354508,0.4811369134113193,0.4776121499016881,0.4614016758278014,0.14076911844313145,0.4211868541315198,0.1372533533722161,0.33182833530008793,-0.021672549657523632
30,116,0.3462550917273484,1.9683751602428283,2.3048234774636587,0.8540242580351209,0.625528727658093,-0.06451336480677106,0.19364236108958738,0.2394786011427641,0.4805038245394826,-0.045694147236645444,-0.2900013551115991,0.38957992009818554
30,117,0.3895799333749197,1.6619999091410502,2.3048234774636587,0.7210963986578256,0.22401272039860476,0.5851816041395067,-0.19000268448144164,0.362380606122315,-0.4105367688462137,0.6519800815731286,0.2180552575737238,-0.11390216276049614
30,118,0.2772523494327419,1.5909616900035168,2.3048234774636587,0.690274854260982,0.08213345054537013,-0.1763994153589007,0.5681877154856922,-0.11247664969414484,0.008073428645730019,0.2702919961884616,0.050442736595869064,-0.40734822303056717
30,119,0.4404441518194175,1.8944298428370663,2.3048234774636587,0.8219414030447963,0.7418968295678495,0.23637411650270213,-0.06546307448297717,0.7607302945107223,0.1800586674362421,0.10163988918066025,0.5584993418306112,0.08930552937090397
30,120,0.4104063583740033,1.7601251967882492,2.3048234774636587,0.7636702827780883,0.6929055601358414,-0.0059350840747354194,0.6167622609063986,0.35677215550094843,-0.071452378295362,0.25350567791610945,-0.3572382302954794,0.4032888663932681
30,125,0.41893599195982023,2.0585200017035405,2.3048234774636587,0.8931356443699703,0.40135738439857926,0.14870806690305494,0.5373348146677019,0.5474970694631337,0.5309923347085714,0.3724225070327519,0.36134219635277987,0.28487852402031427
30,127,0.41512604020204275,1.7904837845701973,2.3048234774636587,0.7768420454222958,0.7907017227262259,0.5518464399501684,0.41175851598382,0.4458378450945021,-0.011231756769120693,-0.05379980430006981,0.2662546643987298,0.08163791522383701
31,33,0.6018243148676291,1.6361034170533053,2.3048234774636587,0.7098606175487913,-0.8589514335617423,-0.14296205900609457,-0.7910520890727641,-0.452059039846063,0.38417405448853964,-0.8595078969374299,0.08660205546766521,-0.6444688541814685
31,39,0.2785431104070055,1.7144987269567111,2.3048234774636587,0.7438742028276413,-0.1174823110923171,-0.2818396873772143,-0.19440957810729717,-0.17379456479102376,-0.2862966824322939,-0.37554282788187265,-0.06113041099160908,-0.4824102446436881
31,41,0.436431899033312,0.7578661851597654,2.3048234774636587,0.32881745286357406,-0.7868467271327972,0.04547174833714962,-0.14974177442491035,-0.6420726487413051,-0.43234968464821566,-0.4544620113447308,-0.21490324847400188,-0.16811218578368428
31,43,0.27531135537144863,2.002403621832273,2.3048234774636587,0.8687882787604266,-0.17704712226986902,-0.08263594470918148,-0.2741602305322886,-0.4934816528111696,0.04834396578371519,-0.1298021702095865,-0.11858834512531753,-0.4650370357558131
31,45,0.42799324539724,1.5913725662199207,2.3048234774636587,0.6904531222369991,-0.5435157977044585,-0.19375878944993027,-0.5896576568484309,-0.20924526918679495,-0.18536016158759583,-0.6462641684338452,0.027358843013644232,-0.5368704199790953
31,46,0.6879501720461818,1.359703816097009,2.3048234774636587,0.5899383746269775,-0.9080513175576923,-0.4319030800834297,-0.35071718413382763,-0.7387672262266279,-0.36861882638186216,-0.7623597830533979,-0.8375041075050831,-0.829361852258444
31,51,0.5702293786565317,1.859292784107909,2.3048234774636587,0.806696392278148,-0.3385387118905786,-0.18095303326845155,-0.8401364367455242,-0.05294726788997661,-0.504531553015113,-0.737647857517004,-0.7890582308173181,-0.5692257089540363
31,54,0.4824075921955283,1.7447011102615186,2.3048234774636587,0.7569781926125959,-0.7463308461010458,-0.3355313716456292,-0.7594758803024887,-0.30021254252642393,0.1527854399755597,-0.10362508054822679,-0.008099874481558786,-0.7007619477808478
31,55,0.4147569216736164,2.005080249889642,2.3048234774636587,0.8699495946197715,-0.09340349026024375,0.06419113464653495,-0.3992549628019331,-0.4233429543673993,-0.2382553918287157,-0.8044502269476653,-0.5312932096421719,-0.19631521217525003
31,58,0.5115017537051534,2.2570869392496706,2.3048234774636587,0.9792884189697166,-0.563708192668855,-0.5347350882366296,-0.6834629178047178,-0.3708461895585061,-0.39929259475320567,-0.4059915738180279,-0.0654471544548869,-0.7457669144496322
31,60,0.5066074044976564,1.2143087589822106,2.3048234774636587,0.5268554276957018,-0.4145527919754387,-0.39201224129647017,-0.3056028056889772,-0.09063999634236095,0.23883128259330988,-0.8894831435754896,0.03672113735228778,-0.8811941407620908
31,65,0.4888368328486378,1.8068260230557052,2.3048234774636587,0.7839324966630528,-0.8143017506226897,-0.2720253169536587,-0.5773350112140181,-0.7622542679309847,-0.4712134161964058,-0.11385080963373177,-0.1410250160843134,-0.07326014805585149
31,69,0.3265634194154718,1.8309101466097553,2.3048234774636587,0.7943819405313326,-0.5551327941939239,-0.032740121707320186,-0.03290640749037246,-0.09687614068388953,-0.20808205753564823,0.07758537493646155,0.06992604769766332,-0.6922643259167671
31,71,0.3069335603419632,1.3800248029802968,2.3048234774636587,0.5987550962032651,-0.16615298297256254,-0.1293620858341453,-0.40830669365823263,0.0199155407026409,0.3263306086882949,-0.5976403430104256,-0.2705151829868555,0.07327500171959403
31,73,0.4797942318855957,1.587179807714786,2.3048234774636587,0.688633998756988,-0.7377554848790169,0.1664936356246473,-0.3631460657343268,-0.5743085956200958,0.47030865028500557,-0.20793111994862556,0.01204468030482532,-0.737116458825767
31,75,0.4360828876319707,1.4697479145388845,2.3048234774636587,0.6376835054440991,-0.22573257610201852,-0.20356528460979437,0.012249973602593146,-0.6910980120301247,-0.13538500387221586,-0.9075823482125998,-0.33036874141544104,-0.002722245641052695
31,76,0.5621024756220623,2.197761381814007,2.3048234774636587,0.9535486788049087,-0.34668682701885706,-0.6829851930961013,-0.25147720798850065,-0.7800718732178212,-0.1965893106535075,-0.5904798796400429,-0.7064174870029092,-0.6188057772815229
31,82,0.5164416849837795,2.285994352005789,2.3048234774636587,0.9918305563779704,-0.5364662855863573,-0.6918470291420817,-0.0019863117486236467,-0.4987259740009906,-0.500138578005135,-0.6664564982056619,-0.022811195813119398,-0.6509170224890113
31,85,0.3758089018536509,1.1090554954063612,2.3048234774636587,0.4811889093679402,-0.657458743080497,-0.18689190968871114,-0.23824770096689468,-0.34746594447642587,-0.316225935705006,-0.4763219924643635,-0.3967858189716935,0.029377581551671042
31,89,0.4296615491580138,2.222915855255929,2.3048234774636587,0.9644625182758617,-0.7150814244523642,-0.12047019414603691,-0.15784282982349385,-0.3236157912760973,0.007214470766484626,-0.7833266844972967,-0.4540758728981018,0.03922604303807022
31,91,0.4475360372886488,1.3497101598923524,2.3048234774636587,0.5856023999623781,-0.26445983070880186,0.01693028025329113,-0.28342332318425184,0.05929250922054047,-0.3870833218097687,-0.33453662786632765,-0.8636079467833042,-0.6638306109234693
31,92,0.2995277189078478,1.5925638850887192,2.3048234774636587,0.6909700029788203,-0.3697881912812591,-0.5210218364372848,-0.0822991533204912,-0.02949828375130903,-0.327718622982502,-0.15174584463238705,-0.23567461781203747,-0.3404638785868883
31,100,0.43356567287394404,2.2387253440321135,2.3048234774636587,0.9713218239583872,-0.2525807768106462,-0.7391484724357723,-0.13602847978472699,-0.14092076569795606,0.07285136543214316,-0.2762796701863407,-0.3002153681591153,-0.8267808500677347
31,106,0.42687694420725686,1.354603963690533,2.3048234774636587,0.5877256878610095,-0.6689105546101928,-0.41024435963481654,-0.18461848888546217,-0.6726428531110288,0.20816289354115725,-0.5409879395738244,0.04172979295253755,-0.13332714792340997
31,109,0.5535693795176067,1.5967376134685323,2.3048234774636587,0.6927808698068544,-0.5244806529954074,0.03200509399175641,-0.4168553743511436,-0.8336994796991348,0.022362914867699146,-0.8508731164038181,-0.5863265562802553,-0.48818128369748603
31,113,0.4060058711386023,1.397912779917242,2.3048234774636587,0.6065162011693729,-0.87093788292259,-0.05166298151016227,-0.2919645011425019,-0.5916700568050147,-0.2544727902859448,-0.08338297624140974,-0.04791867360472678,-0.2195500684902071
31,115,0.3693084273234474,0.5223351743084665,2.3048234774636587,0.22662697573840662,-0.35855044703930616,0.07803734764456749,-0.16638398543000216,-0.4900207268074156,0.3434092001989484,-0.532039518468082,-0.14497839659452438,-0.5163747267797589
31,117,0.4783341825508164,1.90050620518936,2.3048234774636587,0.8245777708238076,-0.6156746400520208,0.18560680188238612,-0.8177883457392452,-0.2684092391282321,-0.4883144227787851,-0.01731279026716942,-0.2587514743208885,-0.6086043398827314
31,118,0.5724042258443174,1.7101445391175074,2.3048234774636587,0.7419850395655613,-0.7575539099052553,-0.5759742176160213,-0.05959794577211127,-0.7432664949446919,-0.06970422528684139,-0.3990008756518364,-0.42636399529874325,-0.9020504001528025
31,119,0.3601019336057965,1.9064920429396246,2.3048234774636587,0.8271748624487383,-0.09779053088277595,-0.16320068575441846,-0.6932487357407807,0.12994044926017523,0.10228101350367069,-0.5676529826596378,0.08169260993599893,-0.40539664775133133
31,120,0.38084221797726503,1.9166816324610114,2.3048234774636587,0.8315958472317465,-0.14678180031478416,-0.40550988633185603,-0.011023400351404943,-0.2740176897495986,-0.1492300322279334,-0.41578719392418856,-0.8340449621900917,-0.09141331072896713
31,125,0.27863056044272494,2.0174015445748585,2.3048234774636587,0.8752954680915116,-0.4383299760520462,-0.2508667353540657,-0.09045084659010155,-0.08329277578741334,0.453214680776,-0.2968703648075461,-0.1154645355418324,-0.209823653101921
31,127,0.32638190154933877,1.1220625819110832,2.3048234774636587,0.48683232919245345,-0.04898563772439961,0.15227163769304783,-0.21602714527398353,-0.184952000156045,-0.0890094107016921,-0.7230926761403679,-0.2105520674958825,-0.4130642618983983
32,39,0.29185784730067615,1.9632642700682863,2.3048234774636587,0.8518067822828493,-0.1056034360080956,0.448344907723367,0.23615074995905175,0.1592253260314464,0.18931258469820023,-0.31527165789157163,0.37546092458069324,-0.33459904696792353
32,48,0.4275740949869835,1.1803436923160555,2.3048234774636587,0.5121189122973373,0.03970292303711172,0.2873755898326634,0.33030326757580036,-0.24948739167302875,0.4285060679540038,-0.5593128455802798,0.5326586542651057,-0.6533590462058783
32,56,0.3719215899037725,2.1630102661027344,2.3048234774636587,0.938471118179956,-0.1617509555071594,0.09894079156219937,-0.3775055967271327,-0.43641845695674425,0.4950294494628906,-0.6538902288302779,0.21551359631121159,0.13641282171010977
32,58,0.35860014792891903,2.06030182600686,2.3048234774636587,0.8939087293028262,-0.5518293175846335,0.19544950686395168,-0.2529025897383689,-0.03782629873603599,0.07631667237728845,-0.34572040382772684,0.37114418111741543,-0.5979557167738676
32,65,0.38003038742797063,2.1954838291495706,2.3048234774636587,0.9525605108663633,-0.8024228755384682,0.45815927814692253,-0.14677468314766917,-0.4292343771085146,0.004395850934088341,-0.05357963964343071,0.29556631948798895,0.07455104961991307
32,75,0.43494037426620136,2.279964362795549,2.3048234774636587,0.9892143086396074,-0.21385370101779702,0.5266193104907869,0.4428103016689421,-0.35807812120765453,0.34022426325827826,-0.8473111782222986,0.1062225941568613,0.14508895203471187
32,76,0.353529674320876,1.355661311604913,2.3048234774636587,0.588184442262255,-0.33480795193463553,0.04719940200448003,0.17908312007784827,-0.4470519823953511,0.27901995647698663,-0.5302087096497418,-0.26982615143060684,-0.4709945796057583
32,79,0.460587626568794,1.888558976618142,2.3048234774636587,0.8193941944293301,0.031249505467712928,0.7853737073019144,-0.07034871820360444,0.03903571236878628,0.11822338961064827,-0.6328650340437889,0.3328325655311346,-0.7399960374459624
32,80,0.3090692309295177,1.5000557153935596,2.3048234774636587,0.6508332330267196,0.08448325935751189,0.38495899364352215,0.05403202213346969,-0.2989103505387903,0.5645621847361326,-0.29717245511710644,0.25887433998286724,-0.20623956620693204
32,84,0.4122003087657907,1.2060031531461453,2.3048234774636587,0.5232518520131054,-0.17233995627611873,0.14567480050027348,-0.42791038006544124,0.11268430482596142,0.8313690470531583,-0.1214842610061169,0.5478621888905764,-0.32628148328512907
32,88,0.25614433798250147,0.6838412445085349,2.3048234774636587,0.29670005152024376,-0.112775107845664,-0.05355898290872585,-0.1014098385348916,-0.11380260437726991,0.37304095271974813,0.10740735195577147,0.4900838499888778,-0.3085117917507887
32,96,0.3770380471094083,1.4875611881600195,2.3048234774636587,0.6454121986803975,0.020027027465403094,0.22830693051218975,-0.16889830119907856,-0.3773782206699254,0.7859625173732638,-0.2670630505308508,0.4254820644855499,0.20904707349836826
32,98,0.39154056665658316,1.8177685989194543,2.3048234774636587,0.788680181668323,-0.4679517848417164,0.1294998601078987,-0.2942962031811477,-0.025730052962899375,0.25006306916475296,-0.7012056568637491,0.27058104053139687,-0.5253339260816576
32,111,0.29938770958745414,1.6249999554138435,2.3048234774636587,0.7050431285965871,0.06509711965918544,0.6581161310896273,0.38910524733364577,-0.10263924859464185,0.040189627557993046,-0.11525797285139558,-0.30270219314843416,-0.10603582020848992
32,112,0.4773654930547259,2.2966593550219323,2.3048234774636587,0.9964578101006197,0.043128326535224915,0.01514630950987339,-0.49920919630676497,0.37203286960721005,0.6426570378243923,-0.8225306831300258,-0.10375888366252184,-0.577047720551491
32,119,0.4385417646326308,2.1447080698666996,2.3048234774636587,0.9305302947654985,-0.08591165579855445,0.5669839093461628,-0.2626884076744318,0.46296034008264536,0.5778902806341648,-0.5073818126693367,0.5182839455083013,-0.25758545007556677
32,123,0.4477609460501776,2.092216640690282,2.3048234774636587,0.907755696324588,-0.27830425556749117,0.617780650965869,-0.34256018605083194,-0.46616325248032825,0.13530925661325466,-0.7528788028284906,0.4525233618915081,-0.14228347875177857
32,124,0.3466601020382011,1.1929161687765675,2.3048234774636587,0.5175737666857295,-0.3914512963965535,0.08153701201081243,-0.0437873974442482,-0.3692545751109721,0.06961312890052807,-0.5621487442404032,-0.1708164755254984,-0.5596442306414248
33,38,0.3955090006906457,2.2488957036264816,2.3048234774636587,0.9757344654009154,0.1524455193430183,-0.4755060141906142,0.23249242361634992,-0.09880055859684911,-0.061259858310222584,0.3157411636784673,-0.6240509171038866,0.6673636743798852
33,39,0.46560685278877917,2.090967489565371,2.3048234774636587,0.9072137237452885,0.7414691224694252,-0.13887762837111972,0.5966425109654669,0.27826447505503926,-0.6704707369208336,0.4839650690555572,-0.1477324664592743,0.1620586095377804
33,41,0.4523113957109131,1.5898121593535988,2.3048234774636587,0.6897761042867832,0.07210470642894506,0.1884338073432442,0.6413103146478538,-0.1900136088952421,-0.8165237391367554,0.40504588559269905,-0.3015053039416671,0.4763566683977842
33,42,0.4524941726614812,1.659364533004557,2.3048234774636587,0.7199529808810363,0.21006817836314418,-0.5418967353180054,-0.09335008077323415,0.3317263955250386,-0.5073507092893125,0.023144102655351273,-0.6819971287623048,0.6770598087459803
33,43,0.426772323694502,1.8426696925057644,2.3048234774636587,0.799484086535568,0.6819043112918733,0.06032611429691309,0.5168918585404756,-0.04142261296510663,-0.33583008870482445,0.7297057267278433,-0.20519040059298274,0.17943181842565536
33,45,0.2707691556098685,0.6987157671784052,2.3048234774636587,0.30315370092780664,0.31543563585728396,-0.0507967304438357,0.2013944322243333,0.24281377065926807,-0.5695342160761355,0.21324372850358475,-0.05924321245402098,0.10759843420237314
33,46,0.4777926620953559,1.4350530172966167,2.3048234774636587,0.6226303364784447,-0.04909988399594989,-0.2889410210773351,0.4403349049389365,-0.28670818638056494,-0.7527928808704019,0.097148113884032,-0.9241061629727483,-0.18489299807697557
33,51,0.501380866781853,0.6068393528847518,2.3048234774636587,0.26329103240155627,0.5204127216711638,-0.03799097426235698,-0.04908434767276004,0.3991117719560864,-0.8887056075036527,0.12186003942042589,-0.8756602862849833,0.07524314522743214
33,52,0.5348268115435508,1.6387442827263448,2.3048234774636587,0.7110064170856588,0.6257419725880027,-0.5625159377232195,0.15618259832263037,0.5504330527037385,-0.7038195170462132,0.4389277398586272,-0.2483908412978053,0.7094036350026727
33,54,0.29808925751375387,1.1188729384388885,2.3048234774636587,0.48544842994664017,0.11262058746069648,-0.19256931263953458,0.03157620877027545,0.15184649731963906,-0.23138861451297993,0.7558828163892031,-0.094701929949224,-0.056293093599379285
33,55,0.46856052290619804,1.7184464222877525,2.3048234774636587,0.7455870000850632,0.7655479433014987,0.20715319365262952,0.391797126270831,0.028716085478663667,-0.6224294463172554,0.05505766998976458,-0.617895265109837,0.44815364200621843
33,58,0.3727772356940157,1.3753513242742648,2.3048234774636587,0.5967274013486573,0.29524324089288734,-0.39177302923053503,0.10758917126804635,0.08121285028755687,-0.7834666492417454,0.45351632311940193,-0.1520492099225521,-0.10129806026816368
33,60,0.29714282797576835,1.4932176584825132,2.3048234774636587,0.6478663867680329,0.44439864158630366,-0.24905018229037557,0.48544928338378696,0.3614190435037021,-0.14534277189522976,-0.029975246638059727,-0.049880918115377426,-0.2367252865806223
33,65,0.4777986859208841,1.0431260536403006,2.3048234774636587,0.4525839240357825,0.04464968293905258,-0.12906325794756418,0.21371707785874605,-0.3101952280849217,-0.8553874706849455,0.7456570873036981,-0.2276270715519786,0.571208706125617
33,67,0.27672484738534653,1.7502865680090012,2.3048234774636587,0.7594015702821211,0.43594520166516293,0.2489169407635924,-0.16076240595430102,0.07300644647330079,-0.32827565632760525,0.42187081184238184,-0.13057210948318243,-0.16322319209575653
33,68,0.3469661049373928,1.8537739233106527,2.3048234774636587,0.8043019092076573,0.5881546866148708,-0.224544023163617,0.13397824950516224,-0.018011883832514064,-0.26447827927768225,0.11261078529059876,-0.5091075645759702,0.4545798161998391
33,71,0.4421563834650394,1.3201390388702008,2.3048234774636587,0.5727722976524635,0.6927984505891798,0.013599973171949276,0.3827453954145315,0.4719745805487039,-0.05784344580024477,0.26186755392700434,-0.3571172384545207,0.7177438559010625
33,73,0.30712653120383493,1.472355927115858,2.3048234774636587,0.6388150509192622,0.12119594868272554,0.30945569463074185,0.42790602333843736,-0.12224955577403285,0.08613459579646592,0.6515767769888043,-0.07455737516283989,-0.09264760464429855
33,75,0.49560932567069005,2.250736479422045,2.3048234774636587,0.9765331277772589,0.6332188574597238,-0.060603225603699795,0.8033020626753573,-0.23903897218406167,-0.5195590583607556,-0.04807445127516985,-0.41697079688310623,0.6417466085404158
33,76,0.49899577055583416,2.127659268630728,2.3048234774636587,0.9231332852319384,0.5122646065428853,-0.5400231340900067,0.5395748810842635,-0.32801283337175824,-0.5807633651420472,0.269028017297387,-0.7930195424705744,0.025663076899945625
33,77,0.3588265637229024,2.099252443781955,2.3048234774636587,0.9108083392538486,0.36006958317011595,0.04673304781317689,-0.08434083685278859,0.5412902450188998,-0.1587778283283114,0.46770847123116244,-0.2854512110352516,0.5221737520769238
33,85,0.45882812454143607,1.6350728632788638,2.3048234774636587,0.7094134883935574,0.2014926904812454,-0.04392985068261657,0.5528043881058695,0.10459309536963712,-0.7003999901935457,0.38318590447306633,-0.4833878744393587,0.6738464357331395
33,90,0.30552515950875786,2.089774329983482,2.3048234774636587,0.906696044368297,0.24668653309345234,-0.23936381284147512,-0.11649676039814916,-0.3615506961941717,0.056970411911606844,0.22346945572644472,-0.4426416074857116,0.4849840048700571
33,91,0.5779121793743193,1.5371878173248725,2.3048234774636587,0.6669438385869229,0.5944916028529406,0.1598923392593857,0.5076287658885124,0.5113515490666035,-0.7712573762983084,0.5249712690711021,-0.9502100022509694,-0.019361756742000802
33,92,0.5323412645668354,1.9826011278543814,2.3048234774636587,0.8601965171042658,0.48916324228048325,-0.37805977743119024,0.7087529357522729,0.42256075609475396,-0.7118926774710417,0.7077620523050427,-0.32227667327970266,0.3040049755945801
33,98,0.31865640849880494,1.5337876311673693,2.3048234774636587,0.6654685906164166,0.37912077363580443,-0.457722675986588,0.06619555782526754,0.09330909606069349,-0.6097202524542809,0.09803107008337963,-0.25261235050857067,-0.028676269575953706
33,106,0.33905909327307715,1.7712251443752085,2.3048234774636587,0.7684862470788227,0.19004087895154953,-0.26728230062872194,0.606433600187302,-0.2205838132649658,-0.1760111609473824,0.3185199573636055,-0.04487226251512766,0.5111417062580585
33,107,0.4463683979946569,2.002561069963115,2.3048234774636587,0.8688565912070766,0.6550409886986015,0.3179985173046586,0.2227465296164155,0.40261121001094613,-0.5664644697681068,0.4929083036258816,-0.53681571315974,0.005719779059290886
33,108,0.4918959665897252,1.537828313302913,2.3048234774636587,0.6672217323103699,0.5575199574232101,-0.1597119001671674,-0.013629270717500974,0.49909266363829397,-0.5028521502390504,0.8023174181580544,-0.16536022070795298,0.6528092911466956
33,109,0.35993009663438313,1.429102649991841,2.3048234774636587,0.6200486345116962,0.33447078056633495,0.17496715299785098,0.3741967147216205,-0.38164043985307183,-0.3618111396208405,0.008634780533611774,-0.6729286117479205,0.15628757048398245
33,113,0.4309800370741608,1.4704967382061276,2.3048234774636587,0.6380083995952412,-0.011986449360847695,0.0912990774959323,0.49908758793026226,-0.13961101695895173,-0.6386468447744845,0.7761249206960201,-0.134520729072392,0.42491878569126135
33,114,0.5163421129820883,1.8879193140544175,2.3048234774636587,0.819116662301608,0.34082077257335197,-0.17809568997472525,0.23686125501990352,0.3430281914770605,-0.6812182227149606,0.6597547819837928,-0.7240120051428676,0.6226531378924847
33,115,0.32974007527386195,1.3660888193522869,2.3048234774636587,0.5927086532698801,0.5004009865224361,0.22099940665066206,0.6246681036427619,-0.0379616869613526,-0.0407648542895913,0.32746837846934795,-0.23158045206218958,0.12809412740170956
33,117,0.47337448652164443,0.7724330288867586,2.3048234774636587,0.3351376087754807,0.24327679350972164,0.3285688608884807,-0.02673625666648105,0.18364980071783094,-0.8724884772673248,0.8421951066702604,-0.3453535297885537,0.03586451429873705
33,118,0.44231812145409904,1.8623474406265563,2.3048234774636587,0.8080217243690937,0.10139752365648702,-0.4330121586099267,0.7314541433006528,-0.2912074550986289,-0.45387827977538103,0.46050702128559345,-0.5129660507664084,-0.257581545971334
33,119,0.3791251480562218,1.1968225908319543,2.3048234774636587,0.5192686565953402,0.7611609026789664,-0.020238626748323885,0.09780335333198342,0.5819994891062382,-0.28189304098486895,0.2918549142777921,-0.004909445531666279,0.23907220643013716
33,120,0.5969851100529208,1.8665811317100962,2.3048234774636587,0.8098586073776782,0.7121696332469583,-0.26254782732576143,0.7800286887213592,0.17804135009646438,-0.5334040867164731,0.4437207030132413,-0.9206470176577569,0.5530555434525013
33,124,0.4733411356378921,2.1502163859679237,2.3048234774636587,0.9329202027801833,0.4556212620809673,-0.5056855240836743,0.316704363562167,-0.25021542608737923,-0.7901701927185057,0.2370879827067256,-0.6940098665654659,-0.06298657413572084
33,127,0.43725961182321255,1.5094361079983964,2.3048234774636587,0.6549031293535131,0.8099657958373427,0.2952336966991424,0.5750249437987807,0.26710703969001803,-0.47318346519023174,0.13641522079706203,-0.2971541229635477,0.2314045922830702
34,77,0.45515217812284137,2.1331151712284915,2.3048234774636587,0.9255004524580236,-0.03125046472996462,0.27709580678492807,-0.8202915349975228,0.023479527793824784,0.16510553844273096,0.10164541751146317,0.5808956529945135,0.7287581795826554
35,63,0.3137327626313797,1.9033616918071876,2.3048234774636587,0.825816688530846,0.3567903507500885,-0.09935893863439563,0.1250557471066711,0.19500135444104671,0.2212155060842632,-0.3607213301584126,-0.5904072131961584,-0.2625892115756868
35,67,0.2783333286127143,2.0124786192174757,2.3048234774636587,0.8731595451431735,-0.045069776475429535,0.12897073291242095,-0.28621945809572924,0.42442251183092594,0.07383615430444462,-0.2769068507477643,0.21258137095719576,-0.46012469194829464
35,70,0.355238706488724,1.9665778454263307,2.3048234774636587,0.8532444521913886,-0.31515968777239356,-0.709050682373345,-0.11687338910996892,0.20050699729472388,-0.26494227536022674,-0.14529514871537696,-0.5063953073695302,-0.07664246764034022
35,101,0.25818256429130987,1.692897887832319,2.3048234774636587,0.7345021882956813,-0.21506407391279925,-0.12953749485313906,0.14197714626789093,0.285773979499936,-0.018421995453536733,-0.28307908866554504,-0.5360956788063049,0.023181435652077198
35,104,0.36032949222775573,1.3796862614867003,2.3048234774636587,0.598608212289201,0.317732520401478,-0.5403663450852035,0.356495052576065,0.2791775595396754,-0.3551794206723571,0.17778719216585148,-0.11125562433153391,-0.5201746337115766
35,107,0.3238861660539699,1.7776640643246437,2.3048234774636587,0.7712799187037408,0.17402601055800898,0.19805230945348723,0.09728947747498728,0.7540272753685713,-0.1643526591360569,-0.2058693589642645,-0.19366223271936178,-0.2911817207932472
35,108,0.3545986584607776,1.8709723712498842,2.3048234774636587,0.8117638463613684,0.07650497928261768,-0.2796581080183388,-0.1390863228589292,0.8505087289959191,-0.10074033960700046,0.1035397555679082,0.1777932597324252,0.3559077912941575
37,41,0.32043032469756616,1.8449894421339383,2.3048234774636587,0.8004905625849732,-0.18260790873318922,-0.07423430122435086,0.16909062582999504,-0.6168668149039152,-0.5554656721651553,0.22129988856613636,-0.059422495774924755,0.11128912959247822
37,46,0.4903666913516525,2.0647746994516334,2.3048234774636587,0.8958493870098083,-0.30381249915808417,-0.5516091296449301,-0.03188478387892224,-0.713561392389238,-0.4917348138988018,-0.0865978831425307,-0.682023354806006,-0.5499605368822815
37,60,0.3083131566175369,2.212209803390763,2.3048234774636587,0.9598174545779912,0.18968602642416937,-0.5117182908579706,0.013229594565928204,-0.06543416250497094,0.11571529507637024,-0.21372124366462242,0.1922018900513649,-0.6017928253859283
37,69,0.355497871947563,1.2875019571120692,2.3048234774636587,0.5586119586602354,0.04910602420568411,-0.15244617126882065,0.28592599276453295,-0.07167030684649953,-0.3311980450525879,0.7533472748473287,0.22540680039674044,-0.4128630105406046
37,73,0.33549769548189584,1.745688787582156,2.3048234774636587,0.757406718844776,-0.13351666647940874,0.04678758606314681,-0.044313665479421394,-0.5491027617827059,0.34719266276806593,0.4678307799622416,0.16752543300390244,-0.4577151434496045
37,85,0.2723853625948185,1.6579620654379843,2.3048234774636587,0.7193444884822535,-0.053219924680888875,-0.3065979592502116,0.08058469928801071,-0.3222601106390359,-0.43934192322194565,0.19943990744650364,-0.2413050662726164,0.30877889692783356
37,86,0.27769830045428423,1.5133958425958012,2.3048234774636587,0.6566211501200155,-0.19063395354896762,-0.576235228218138,-0.16405636165291032,0.17166309151798484,-0.36478710640221823,-0.19793814700096846,-0.14084641635417938,0.008535999804735184
37,91,0.3808501049867805,1.7267253700364806,2.3048234774636587,0.7491790095511585,0.3397789876908062,-0.10277576930820935,0.03540907707065355,0.08449834305793047,-0.5101993093267083,0.3412252720445395,-0.7081271940842271,-0.38442929554730676
37,92,0.3552235365452438,2.2445736149101343,2.3048234774636587,0.973859229072143,0.23445062711834896,-0.6407278859987853,0.2365332469344142,-0.0042924499139190275,-0.4508346104994416,0.52401605527848,-0.08019386511296034,-0.06106256321072584
37,94,0.3164830088753951,1.6641929154502102,2.3048234774636587,0.7220478842403888,-0.2476631253957754,-0.76078734267503,-0.13801210001111003,-0.13750613480806353,0.0689299758523702,0.20814816746860754,0.07277024630457163,-0.2642532270401716
37,102,0.30198701707198117,1.4757672025909836,2.3048234774636587,0.6402951102420176,-0.13009166065603495,-0.4791536564007397,0.058325867168605716,0.03263216372579325,-0.5778408721089363,-0.16734791174530994,0.26286053843796253,0.21814989484846595
37,110,0.40807163169226773,2.113929485712384,2.3048234774636587,0.917176307158523,-0.30821449309587545,-0.7946249889209861,-0.3604543507099148,-0.2794219423085452,0.36345038656145334,0.1775890663266182,-0.07624439243227243,-0.47781102731823943
37,113,0.3410896477973692,2.2607771878433667,2.3048234774636587,0.9808895171144462,-0.266699064522982,-0.17136903107166274,0.026867899112403504,-0.5664642229676248,-0.37758877780288447,0.5923789236694574,0.10756207909435034,0.05985124688595539
38,42,0.27095127802119057,1.287259525591214,2.3048234774636587,0.558506774240159,0.057622659020125866,-0.0663907211273912,-0.32584250438958406,0.4305269541218877,-0.44609085097908985,-0.292597061023116,-0.05794621165841818,0.0096961343660951
38,44,0.27255419153317456,1.8693371153277623,2.3048234774636587,0.8110543534487391,0.37725020479410903,0.07189230620861053,0.5832981253042819,0.21086572855710983,-0.0862890593707561,0.22335823811590672,0.04112603608518839,-0.05543432384729387
38,45,0.3914403854877487,2.226004500486807,2.3048234774636587,0.9658025971413707,0.16299011651426565,0.4247092837467785,-0.031097991392016633,0.3416143292561172,-0.5082743577659129,-0.10249743517488252,0.5648077046498656,-0.5597652401775121
38,46,0.43247980428488975,1.7646554752049803,2.3048234774636587,0.7656358469356161,-0.2015454033389682,0.18656499311327912,0.2078424813225866,-0.18790762778371584,-0.6915330225601792,-0.21859304979443528,-0.3000552458688617,-0.8522566724568608
38,51,0.47304753898316226,2.1224303528568162,2.3048234774636587,0.9208646013934408,0.36796720232814545,0.43751503992825724,-0.28157677128910996,0.4979123305529355,-0.8274457491934301,-0.19388112425804138,-0.25160936918109666,-0.5921205291524531
38,54,0.3891317917000632,1.5683325731397375,2.3048234774636587,0.680456698083277,-0.039824931882321835,0.28293670155107964,-0.20091621484607447,0.25064705591648817,-0.17012875620275736,0.4401416527107358,0.5293489871546626,-0.7236567679792645
38,60,0.4590677964961205,1.990573936107861,2.3048234774636587,0.8636557009990139,0.29195312224328535,0.22645583190023866,0.25295685976743704,0.4602196021005512,-0.08408291358500719,-0.345716410316527,0.5741699989885092,-0.9040889609605075
38,64,0.42847563086612406,1.059057372877398,2.3048234774636587,0.45949608863010927,0.6772116571664811,-0.005907882004976606,0.35123221296817075,0.6696364572271704,0.06565594766288992,-0.24655535910278548,-0.11163276340812445,-0.6006173687055707
38,71,0.34573688720082324,1.478455981224288,2.3048234774636587,0.6414616979046281,0.5403529312461615,0.4891059873625635,0.1502529717981816,0.570775139145553,0.0034164125099778175,-0.053873609751462936,0.2669336786493659,0.0503801815211773
38,73,0.4568846587973526,2.1148489640721424,2.3048234774636587,0.9175752437229711,-0.03124957066029277,0.7849617088213561,0.19541359972208744,-0.02344899717718374,0.1473944541066885,0.335835613310337,0.5494935419410467,-0.7600112790241838
38,77,0.35253982631488046,2.1451659045442324,2.3048234774636587,0.9307289367361351,0.20762406382709764,0.5222390620037911,-0.3168332604691385,0.6400908036157489,-0.09751797001808882,0.15196730755269516,0.338599706068635,-0.1451899223029613
38,85,0.3093358534798801,2.1676996638353923,2.3048234774636587,0.9405057198657295,0.0490471711382271,0.43157616350799766,0.32031196448951954,0.20339365396648623,-0.6391401318833231,0.06744474079459906,0.1406630426645279,0.006482761353254318
38,89,0.279410586799035,2.1329063824638226,2.3048234774636587,0.9254098647116255,-0.008575510233640227,0.4979978790506719,0.4007168356329204,0.22724380716681486,-0.31569972541183244,-0.23955995123833407,0.0833729887381196,0.0163312228396535
38,91,0.5211725587514019,1.9959533379126047,2.3048234774636587,0.8659896766189877,0.4420460835099222,0.63539835345,0.2751363422721624,0.6101521076634526,-0.7099975179880857,0.20923010539263492,-0.3261590851470828,-0.686725431121886
38,92,0.42154729428959486,2.262568345349119,2.3048234774636587,0.981666651469101,0.33671772293746494,0.09744623675942399,0.476260512135923,0.5213613146916031,-0.650632819160819,0.3920208886265755,0.30177424382418394,-0.3633586987853051
38,94,0.3027678249042121,1.7588782770375901,2.3048234774636587,0.7631292783311746,-0.14539602957665942,-0.022613219916820748,0.1017151651903988,0.3881476297974586,-0.13086823280900722,0.07615300081670295,0.4547383552417159,-0.5665493626147509
38,100,0.4300441055709363,1.6777079021426407,2.3048234774636587,0.7279116680939371,0.45392513740807783,-0.12068039923906348,0.42253118567168724,0.40993883274495607,-0.2500628307461739,0.2674870630726219,0.2372334934771061,-0.8496756702661514
38,109,0.3543586209222217,1.9736777623625366,2.3048234774636587,0.8563249123678959,0.18202526122331664,0.6504731671884652,0.1417042911052706,-0.2828398812562227,-0.3005512813106179,-0.3071063831448555,-0.04887769464403391,-0.5110761038959027
38,110,0.3262861446782301,1.192916981081095,2.3048234774636587,0.5175741191224933,-0.20594739727675948,-0.056450866162776836,-0.12072708550840594,0.24623182229697693,0.16365217790007588,0.04559389967471361,0.30572371650487185,-0.7801071628928187
38,118,0.4082530960904932,2.101056460853562,2.3048234774636587,0.9115910530231442,-0.05104799568653129,0.04249385558068752,0.498961719684303,-0.19240689650177978,-0.39261842146515846,0.14476585760712618,0.11108486633747816,-0.9249452203512192
38,125,0.3454993432825372,1.9888316548871061,2.3048234774636587,0.8628997727304107,0.26817593816667784,0.36760133784264315,0.46810881886631267,0.46756682265549876,0.13030048459768295,0.2468963684514165,0.42198432609438896,-0.23271847330033774
39,41,0.340303200530396,2.0496946726006215,2.3048234774636587,0.8893065749469918,-0.6693644160404801,0.32731143571436394,0.04466780368238682,-0.46827808395028137,-0.14605300221592177,-0.07891918346285814,-0.1537728374823928,0.3142980588600038
39,46,0.4835649359887728,1.8897611334945066,2.3048234774636587,0.8199157774868264,-0.7905690064653752,-0.15006339270621538,-0.15630760602653046,-0.5649726614356042,-0.08232214394956827,-0.3868169551715252,-0.776373696513474,-0.34695160761475596
39,51,0.3883898880942988,2.2394839182341406,2.3048234774636587,0.9716509486004451,-0.2210564007982615,0.10088665410876274,-0.645726858638227,0.12084729690104715,-0.2182348705828191,-0.3621050296351313,-0.727927819825709,-0.08681546431034826
39,52,0.3110068421993267,2.3020830648624013,2.3048234774636587,0.9988110097679701,-0.11572714988142252,-0.4236383093520998,-0.44045991264283657,0.2721685776486993,-0.03334878012537956,-0.04503732919692999,-0.10065837483853102,0.5473450254648923
39,55,0.29869007708414025,2.0978484236604373,2.3048234774636587,0.9101991732438499,0.024078820832073355,0.34603082202374924,-0.20484538469463595,-0.2495483895763756,0.0480412906035782,-0.4289073990657926,-0.47016279865056276,0.28609503246843804
39,58,0.2793176294993373,1.8331045697466246,2.3048234774636587,0.7953340408367686,-0.4462258815765379,-0.2528954008594153,-0.4890533396974206,-0.1970516247674824,-0.11299591232091177,-0.030448745936155264,-0.004316743463277817,-0.2633566698059441
39,60,0.32174621742667625,1.8419275061013274,2.3048234774636587,0.7991620721116027,-0.2970704808831216,-0.11017255391925584,-0.11119322758168002,0.08315456844866281,0.5251279650256038,-0.5139403156936169,0.09785154834389687,-0.3987838961184027
39,65,0.39607988825098495,1.507182158436744,2.3048234774636587,0.6539252021570526,-0.6968194395303726,0.00981437042355554,-0.3829254331067209,-0.588459703139961,-0.18491673376411188,0.2616920182481409,-0.0798946050927043,0.4091500965878366
39,71,0.33282153891130783,2.2505107748981326,2.3048234774636587,0.9764352007446164,-0.04867067188024543,0.152477601543069,-0.21389711555093546,0.19371010549366466,0.6126272911205888,-0.22209751512855286,-0.2093847719952464,0.5556852463632821
39,72,0.27010618482570325,2.0051527041497983,2.3048234774636587,0.8699810305457176,0.0312504032626745,-0.1520881736651063,-0.5389957530424003,-0.023433740250766222,-0.13384845294058312,-0.13269323855638498,-0.418768173083663,0.23999199923127884
39,75,0.3421597342100967,0.651516495150412,2.3048234774636587,0.28267522503171166,-0.10825026500970142,0.07827440276741993,0.2066595517098903,-0.5173034472391009,0.15091167856007803,-0.5320395203307271,-0.26923833042383194,0.47968799900263537
39,76,0.366320525041562,1.1955794355562135,2.3048234774636587,0.5187292854513474,-0.22920451592653995,-0.40114550571888696,-0.05706762988120348,-0.6062773084267975,0.0897073717787864,-0.21493705175817018,-0.6452870760113001,-0.13639553263783477
39,79,0.25317674894976466,1.926646748850953,2.3048234774636587,0.8359194392496948,0.13685294147580854,0.33702879957854737,-0.30649946816265616,-0.12018961366266012,-0.07108919508755196,-0.31759337615221733,-0.04262835904955861,-0.4053969904780389
39,82,0.2842716002405059,1.9511461928055553,2.3048234774636587,0.8465490793041959,-0.4189839744940402,-0.4100073417648674,0.19242326635867352,-0.3249314092099669,-0.21384189557284106,-0.2909136703237892,0.038319215178489685,-0.1685067778453232
39,84,0.35685915321258865,2.1238084588257733,2.3048234774636587,0.9214625239599332,-0.06673652026802313,-0.3026701072230935,-0.664061130024493,-0.04654102120548498,0.6420564623549581,0.1937873968854547,0.17240126430988312,0.00831756368279446
39,85,0.2996491049735945,2.01325715971863,2.3048234774636587,0.8734973326174712,-0.5399764319881799,0.09494777768850315,-0.04383812285959751,-0.17367137968540214,-0.02992925327271212,-0.10077916458249087,-0.3356554079800844,0.5117878261953591
39,88,0.28867866402184705,2.2635808693368915,2.3048234774636587,0.9821059579919966,-0.007171671837568394,-0.5019038906320928,-0.3375605884939433,-0.2730279304087163,0.1837283680215479,0.4226790098473431,0.11462292540818453,0.02608725521713484
39,91,0.32822285028288445,2.271214831668289,2.3048234774636587,0.9854181258894698,-0.14697751961648475,0.29876996763050545,-0.08901374507695467,0.23308707401156423,-0.10078663937747478,0.041006200015545,-0.8024775357916951,-0.1814203662797812
39,98,0.30589136342015416,1.8381514859515473,2.3048234774636587,0.7975237600297007,-0.3623483488336208,-0.3188450476154683,-0.5304469531401994,-0.18495537899434578,0.060750484466552734,-0.38593399897217756,-0.10487988404929638,-0.1907348791137341
39,106,0.34889252195708464,1.0508209186719935,2.3048234774636587,0.4559225159526614,-0.5514282435178757,-0.12840467225760221,0.009791089221834998,-0.49884828832000505,0.49445957597345114,-0.1654451116919517,0.10286020394414663,0.3490830967202781
39,109,0.4102098170754213,2.1702424772562954,2.3048234774636587,0.9416089772065916,-0.4069983419030903,0.3138447813689707,-0.22244579624384644,-0.6599049149081111,0.30865959729999304,-0.4753302885219454,-0.5251961452886462,-0.005771039053797944
39,111,0.30403541590439714,1.2349643832870352,2.3048234774636587,0.5358173393157427,0.17070055566728104,0.20977122336626036,0.15295449737459402,-0.26186457462608825,-0.14912295714020718,0.20001368504017603,-0.6781631177291274,0.22856322675943358
39,113,0.34649200310295214,1.7710965906291998,2.3048234774636587,0.7684304711171207,-0.7534555718302729,0.23017670586705202,-0.09755492303520472,-0.417875492013991,0.031823892146349064,0.29215985164046293,0.013211737386882305,0.26286017615348095
39,115,0.29950261464109573,1.6994763673406557,2.3048234774636587,0.7373564110041274,-0.24106813594698906,0.3598770350217818,0.028025592677295014,-0.31622616201639187,0.6297058826312423,-0.15649669058620924,-0.08384798560291529,-0.03396448213607084
39,118,0.38659333165656923,1.8401873400916633,2.3048234774636587,0.7984070615753602,-0.6400715988129382,-0.294134530238807,0.1348116323351859,-0.5694719301536681,0.2165924571454525,-0.02345804776996374,-0.36523358430713415,-0.4196401555091144
39,119,0.2668770525972274,1.6180209082587491,2.3048234774636587,0.7020151105191358,0.019691780209541154,0.11863900162279584,-0.4988391576334835,0.30373501405119896,0.3885776959359646,-0.1921101547777651,0.142823020927608,0.07701359689235676
39,120,0.3222014751145649,1.7786583165769487,2.3048234774636587,0.7717112976193179,-0.029299489222467057,-0.12367019895464171,0.18338617775589222,-0.10022312495857488,0.13706665020436049,-0.040244366042315904,-0.7729145511984826,0.3909969339147209
39,124,0.35324460221859566,1.4351702013296912,2.3048234774636587,0.6226811794320245,-0.28584786038845794,-0.36680789571255457,-0.2799381474032999,-0.5284799011424185,-0.11969945579767216,-0.2468770863488316,-0.5462774001061916,-0.22504518367350124
40,49,0.4036767338838876,2.0624183099265463,2.3048234774636587,0.8948270139091663,-0.8107489012181754,0.4960932536050674,0.04536475334316492,-0.18260448891669503,-0.36475393176078796,-0.010641900822520367,0.3114590272307396,0.3669457454234363
40,121,0.3250062633743086,1.943140470299985,2.3048234774636587,0.8430756148138132,-0.6087068039923906,0.29961452167481156,-0.13859488815069188,-0.38172682654112566,-0.2791056297719478,0.038980945013463386,0.36523334961384535,0.08367171324789524
41,45,0.31419980978500756,1.4791336226505214,2.3048234774636587,0.641755708024214,0.2433309294283389,-0.2392305377870799,-0.43991588242352053,0.43282737955451017,0.24698952306061983,-0.1918021570891143,0.2422620914876461,-0.36875823419541104
41,46,0.3898820089735685,1.2293961084645662,2.3048234774636587,0.5334014168483975,-0.12120459042489495,-0.4773748284205793,-0.20097540970891728,-0.09669457748532284,0.0637308582663535,-0.30789777170866706,-0.6226008590310812,-0.6612496664747598
41,51,0.4544106361806201,1.9639376966622952,2.3048234774636587,0.8520989637017707,0.4483080152422187,-0.22642478160560117,-0.6903946623206139,0.5891253808513285,-0.07218186836689733,-0.28318584617227316,-0.5741549823433162,-0.40111352317035204
41,54,0.42240413064289745,1.7157076476787994,2.3048234774636587,0.7443987205331875,0.04051588103175141,-0.3810031199827788,-0.6097341058775784,0.34186010621488117,0.5851351246237754,0.350836930796504,0.20680337399244308,-0.5326497619971635
41,60,0.48346323914957823,1.0447294686938398,2.3048234774636587,0.4532796020645848,0.3722939351573586,-0.4374839896336198,-0.15586103126406683,0.5514326523989441,0.6711809672415255,-0.4350211322307588,0.25162438582628965,-0.7130819549784064
41,69,0.36399377784545783,1.3205144806813123,2.3048234774636587,0.5729351916071558,0.23171393293887332,-0.0782118700444698,0.1168353669345379,0.5451965080574156,0.22426762711256742,0.5320473862811923,0.2848292961716652,-0.5241521401330829
41,71,0.44418015175979625,1.3519299806060616,2.3048234774636587,0.5865655195832142,0.6206937441602347,-0.17483383417129492,-0.25856491923332225,0.661988189443946,0.7586802933365105,-0.1431783316656947,-0.05561193451285362,0.2413871875032783
41,73,0.40589875290327293,1.3338839560507139,2.3048234774636587,0.578735842069166,0.049091242253780476,0.12102188728749767,-0.21340429130941643,0.06776405312120926,0.9026583349332212,0.24653089139610523,0.2269479287788272,-0.5690042730420828
41,75,0.30407760535199946,1.9159246962142267,2.3048234774636587,0.8312674332537625,0.5611141510307788,-0.249037032946944,0.1619917480275035,-0.04902536328881957,0.2969646807759998,-0.4531203368678689,-0.11546549294143915,0.1653899401426316
41,89,0.25877806357164684,1.85870185526545,2.3048234774636587,0.8064400043819655,0.07176530268043302,-0.16594194248318653,-0.008101055398583495,0.31845685746520785,0.4395641554147003,-0.32886467315256585,-0.23917262442409992,0.2073382288217545
41,91,0.4281460338009848,1.1211598161649754,2.3048234774636587,0.4864406437749215,0.5223868964239955,-0.02854146808385849,-0.1336815487593415,0.7013651579618456,0.04526636283844698,0.11992538347840315,-0.6487046983093023,-0.495718425139785
41,92,0.35485383542949167,1.453876119884798,2.3048234774636587,0.6307971669417022,0.4170585358515382,-0.5664935847744345,0.06744262110441915,0.6125743649899961,0.10463106166571368,0.30271616671234375,-0.020771369338035583,-0.17235169280320406
41,94,0.4105234283046373,2.155509948427613,2.3048234774636587,0.9352169350512006,-0.06505521666258618,-0.6865530414506792,-0.3071027258411051,0.4793606800958516,0.6243956480175255,-0.013151721097528823,0.13219274207949638,-0.37554235663264984
41,102,0.32933052072783287,1.8847698480817228,2.3048234774636587,0.8177501949762401,0.05251624807715427,-0.4049193551763889,-0.11076475866138932,0.6494989786297084,-0.02237519994378101,-0.3886478003114463,0.3222830342128873,0.10686076525598773
41,106,0.29760516005830784,1.465223637816442,2.3048234774636587,0.6357205452579155,0.11793617252260447,-0.45571610797196616,-0.03487671446055182,-0.030570204369723686,0.6405125781893729,-0.08652592822909355,0.2566330414265394,0.034785037860274315
41,109,0.31252852642594847,1.9103088274388114,2.3048234774636587,0.8288308610692431,0.2623660741373899,-0.013466654345393209,-0.2671135999262333,-0.19162683095782973,0.4547125995159148,-0.3964111050590873,-0.37142330780625343,-0.3200690979138017
41,115,0.34312741280632536,0.902112756750953,2.3048234774636587,0.39140210327243036,0.42829628009349113,0.03256559930741787,-0.016642211005091806,0.1520519219338895,0.775758884847164,-0.0775775071233511,0.0699248518794775,-0.3482625409960746
41,117,0.35795177396747546,1.8561787266002403,2.3048234774636587,0.8053452877193314,0.17117208708077658,0.1401350535452365,-0.6680465713143349,0.37366340961307304,-0.05596473813056946,0.4371492210775614,-0.043848225846886635,-0.44049215409904713
41,118,0.37473121681096144,1.8190986724106923,2.3048234774636587,0.7892572642537111,0.029292817227541956,-0.6214459659531709,0.09014382865279909,-0.10119384620338678,0.36264545936137427,0.0554611356928944,-0.21146074682474136,-0.7339382143691182
41,119,0.48123043665895243,2.1607168747787755,2.3048234774636587,0.9374760782793374,0.6890561962500213,-0.20867243409156808,-0.5435069613158704,0.7720130980014803,0.5346306981518864,-0.11319097131490696,0.2965958584100008,-0.23728446196764702
41,120,0.3934854577494431,2.2068181097523585,2.3048234774636587,0.95747814586688,0.6400649268180132,-0.45098163466900565,0.1387183740735054,0.3680549589917065,0.28311965242028225,0.03867481742054224,-0.6191417137160898,0.07669887505471715
41,125,0.41013992425529483,1.6741033772587584,2.3048234774636587,0.7263477631271893,0.3485167510807511,-0.2963384836912153,0.0592909278348088,0.5587798729538918,0.8855643654242157,0.15759164653718472,0.09943871293216947,-0.04171146731823672
41,127,0.35694251489771084,1.5794171386904945,2.3048234774636587,0.685265988538334,0.7378610894083977,0.10679988935589821,-0.06628537084907318,0.45712064858526014,0.34334027394652356,-0.268630664795637,0.004351180978119373,-0.24495207611471398
42,44,0.4191950901814318,2.2212555828370992,2.3048234774636587,0.9637421713881006,0.31962754577398317,0.13828302733600173,0.909140629693866,-0.21966122556477785,0.35980179160833375,0.5159552991390227,0.09907224774360657,-0.06513045821338898
42,45,0.3706707859285696,1.7372928537302266,2.3048234774636587,0.7537639523014705,0.10536745749413978,0.4911000048741697,0.29474451299756743,-0.0889126248657705,-0.06218350678682305,0.19009962584823348,0.6227539163082838,-0.5694613745436071
42,46,0.45630767483272655,1.5429303055991443,2.3048234774636587,0.6694353475160973,-0.25916806235909406,0.2529557142406703,0.5336849857121706,-0.6184345819056035,-0.24544217158108939,0.07400401122868072,-0.2421090342104435,-0.8619528068229558
42,51,0.3375648280892759,1.575192086984011,2.3048234774636587,0.6834328539196546,0.3103445433080196,0.5039057610556484,0.0442657331004741,0.06738537643104783,-0.3813548982143402,0.09871593676507462,-0.1936631575226785,-0.6018166635185481
42,52,0.29237082095286776,1.7841976087578122,2.3048234774636587,0.7741146453095102,0.41567379422485856,-0.020619202405214088,0.24953267909586452,0.21870665717869994,-0.19646880775690068,0.41578363720327594,0.4336062874644995,0.032343826256692396
42,54,0.4576123177825182,1.1909515299403004,2.3048234774636587,0.5167213635166898,-0.0974475909024477,0.34932742267847083,0.1249262895435096,-0.1798798982053995,0.2759620947763325,0.7327387137338518,0.5872951988130808,-0.7333529023453595
42,58,0.4001673973393105,2.0872098721401313,2.3048234774636587,0.9055833961032885,0.08517506252974316,0.1501237060874704,0.2009392520412805,-0.2505135452374817,-0.2761159399524329,0.43037222046405066,0.5299479188397527,-0.7783578690141439
42,60,0.48023506524363324,1.8798688082619357,2.3048234774636587,0.8156237675653304,0.23433046322315948,0.29284655302762985,0.578799364157021,0.0296926479786635,0.36200793739408266,-0.053119349293411,0.6321162106469274,-0.9137850953266026
42,64,0.4391072861384602,1.7953824407296455,2.3048234774636587,0.7789674386280431,0.6195889981463553,0.06048283912241459,0.6770747173577548,0.23910950310528264,0.5117467986419798,0.046041701920330524,-0.05368655174970627,-0.6103135030716658
42,65,0.44228943782861113,2.1618559252267944,2.3048234774636587,0.9379702811799744,-0.1654184954240916,0.41283347737044124,0.3070671586319802,-0.6419216236099603,-0.348036761395633,0.7225129846483468,0.4543700572103262,-0.10585110262036332
42,71,0.3798337408740958,1.4957190971989796,2.3048234774636587,0.6489516927539034,0.48273027222603565,0.5554967084899547,0.47609547618776565,0.14024818502366534,0.44950726348906767,0.23872345127165306,0.3248798903077841,0.0406840471550822
42,73,0.6040577697562509,2.040939536675205,2.3048234774636587,0.8855079604279089,-0.08887222968041864,0.8513524299487473,0.5212561041116714,-0.4539759512990714,0.5934853050857783,0.628432674333453,0.6074397535994649,-0.7697074133902788
42,77,0.33789097781107114,2.0881521926822715,2.3048234774636587,0.9059922432672272,0.15000140480697177,0.5886297831311823,0.009009243920445553,0.20956384949386117,0.34857288096100103,0.44456436857581116,0.39654591772705317,-0.1548860566690564
42,85,0.33976164006190285,2.0718682924074536,2.3048234774636587,0.8989271033838303,-0.008575487881898769,0.49796688463538885,0.6461544688791037,-0.22713330015540145,-0.19304928090423323,0.36004180181771506,0.19860925432294607,-0.0032133730128407825
42,89,0.3413134782487696,2.2477177814419838,2.3048234774636587,0.9752233971147687,-0.06619816925376609,0.5643886001780631,0.7265593400225044,-0.20328314695507282,0.1303911255672574,0.05303710978478193,0.14131920039653778,0.006635088473558398
42,90,0.3582612040610772,2.136115889688546,2.3048234774636587,0.9268023822975082,0.03661835473030817,0.3025329224765303,-0.023146679624915012,-0.6932770917192103,0.5643211212009193,0.20032535307109345,0.2393555212765932,-0.19207580387592318
42,91,0.48889523681444297,1.9604012936012079,2.3048234774636587,0.8505646149346456,0.38442342448979633,0.7017890745773911,0.6009788466617465,0.1796251535415649,-0.2639066670089959,0.501827166415751,-0.2682128734886646,-0.6964215654879811
42,92,0.43810167227660884,2.072285589095933,2.3048234774636587,0.8991081570274432,0.27909506391733907,0.16383695788681518,0.8021030165255071,0.09083436056971542,-0.2045419681817292,0.6846179496496916,0.3597204554826021,-0.37305483315140014
42,94,0.36365864325625014,1.810084163350041,2.3048234774636587,0.7853461148104699,-0.2030186885967853,0.043777501210570446,0.42755766957998287,-0.04237932432442909,0.3152226181700826,0.36875006183981895,0.5126845669001341,-0.5762454969808459
42,98,0.3194690816440669,2.170225166473953,2.3048234774636587,0.9416014665306064,0.16905259527266026,0.08417405933141742,0.15954563859850168,-0.2384172994643451,-0.10236954316496838,0.07488696742802836,0.4293847782537341,-0.705736078321934
42,100,0.4871168034908263,1.951275927071378,2.3048234774636587,0.8466053674612245,0.39630247838795196,-0.05428967811167229,0.7483736900612713,-0.020588121376931612,0.19602802023291593,0.5600841240957379,0.2951797051355243,-0.8593718046322465
42,108,0.3833712197795656,1.8877713257069766,2.3048234774636587,0.8190524541967844,0.34745177906006597,0.382184835150838,0.07972081005573317,0.16736626811325542,0.004498559050262085,0.7791733155027031,0.5166369080543518,-0.024250517599284684
42,109,0.44010514915672555,2.1534823241691594,2.3048234774636587,0.9343372042265716,0.12440260220319077,0.7168638883158565,0.4675467954948547,-0.7133668353781104,0.14553956966847192,-0.014509322121739499,0.00906851701438427,-0.5207722382619978
42,110,0.4165047656008914,1.4361783943358708,2.3048234774636587,0.6231186068602148,-0.26357005629688535,0.009939854964614359,0.20511541888117812,-0.18429513182491075,0.6097430288791658,0.3381909606978296,0.36366992816329,-0.7898032972589137
42,113,0.4963505356625151,2.216764691653336,2.3048234774636587,0.9617936962759391,-0.22205462772399187,0.6331958128139377,0.5924376687034965,-0.4713374124839903,-0.13129613548517205,0.7529808180406689,0.5474763996899128,-0.2521410230547189
42,114,0.2955594490314225,2.2858972085951272,2.3048234774636587,0.9917884085034752,0.1307525942102078,0.36380104534328017,0.33021133579313766,0.011301795952021909,-0.1738675134256481,0.6366106793284415,-0.04201487638056278,-0.05440667085349562
42,117,0.5140291456867951,2.2009905722476515,2.3048234774636587,0.9549497363979171,0.03320861514657747,0.8704655962064861,0.0666138241067531,-0.14807659480720764,-0.36513776797801234,0.8190510040149092,0.33664359897375107,-0.6411952944472432
42,118,0.5230063746181045,1.9572821452749252,2.3048234774636587,0.849211301608579,-0.10867065470665715,0.10888457670807872,0.824804224073887,-0.6229338506236675,0.053472429513931385,0.4373629186302422,0.16903107799589634,-0.9346413547173142
42,125,0.4712736388528868,2.220667517056233,2.3048234774636587,0.9634870256961999,0.21055327914655197,0.43399205897003434,0.7939513232558968,0.0370398685336111,0.5763913355767728,0.5394934294745325,0.47993053775280714,-0.24241460766643283
43,45,0.29042807975057494,2.063586452525682,2.3048234774636587,0.8953338391001442,-0.3664686754345894,-0.1111228447407488,-0.31549742631614225,0.2842363836243747,-0.23370412737131102,-0.5164619982242586,0.14594718813896176,-0.07183338422328223
43,51,0.4590313523914197,1.7734403849471954,2.3048234774636587,0.769447379501174,-0.16149158962070959,-0.09831708855927007,-0.5659762062132356,0.440534384921193,-0.5528755187988281,-0.6078456873074174,-0.6704698856920005,-0.10418867319822323
43,54,0.3041980197863515,2.1167737809655285,2.3048234774636587,0.9184103692378779,-0.5692837238311769,-0.2528954269364477,-0.4853156497702001,0.1932691102847457,0.10444147419184452,0.02617708966135973,0.11048847064375875,-0.23572491202503465
43,55,0.3218983716519769,1.3662146297132798,2.3048234774636587,0.5927632389517004,0.08364363200962527,0.14682707935571643,-0.12509473226964452,0.0701386984437703,-0.2865993576124309,-0.6746480567380788,-0.4127048645168543,0.26872182358056307
43,58,0.33443252188001193,2.1202633751169557,2.3048234774636587,0.9199244088966839,-0.386661070398986,-0.4520991435274481,-0.4093026872724292,0.1226354632526635,-0.44763656053692086,-0.2761894036084414,0.05314119067043063,-0.28072987869381905
43,65,0.3588701567018802,1.7673520330869417,2.3048234774636587,0.7668058098018955,-0.6372546283528208,-0.18938937224447727,-0.3031747806817295,-0.2687726151198151,-0.5195573819801209,0.01595136057585475,-0.022436670958995847,0.3917768876999616
43,67,0.3134827437719502,2.107623698601898,2.3048234774636587,0.914440398238754,-0.24595910962671041,0.1885908264666793,-0.6776542644947765,0.11442905943840742,0.0075544323772192,-0.3078349148854615,0.07461829110980031,-0.3426550105214119
43,68,0.3144598925668813,1.8279482110659695,2.3048234774636587,0.7930968375406926,-0.09374962467700249,-0.2848701374605301,-0.3829136090353133,0.023410729132592567,0.0713518094271422,-0.6170949414372446,-0.3039171639829874,0.27514799777418375
43,72,0.3487699794387861,2.0812411225983682,2.3048234774636587,0.9029937185856283,0.09081521444022642,-0.3512919163331391,-0.4592451006174089,0.29625334776937967,-0.4684891011565922,-0.37843389622867113,-0.3613102389499545,0.22261879034340387
43,75,0.3597501650666865,2.2620324726743903,2.3048234774636587,0.9814341509414172,-0.048685453832149506,-0.12092933990061289,0.2864102041348818,-0.19761635921895504,-0.18372896965593105,-0.7777801780030131,-0.2117803962901235,0.4623147901147604
43,76,0.3730364444651872,2.2510127148924397,2.3048234774636587,0.9766529788084096,-0.16963970474898804,-0.6003492483869197,0.022683022543787956,-0.2865902204066516,-0.24493327643722268,-0.46067770943045633,-0.5878291418775916,-0.15376874152570974
43,79,0.3181403866150175,2.0753171533152366,2.3048234774636587,0.9004234699999749,0.19641775265336045,0.13782505691051455,-0.22674881573766476,0.19949747435748577,-0.40572984330356104,-0.5633340338245034,0.014829575084149837,-0.42277019936591387
43,98,0.3709647422525819,2.0157107591265344,2.3048234774636587,0.8745618824330624,-0.3027835376560689,-0.5180487902835011,-0.450696300715208,0.13473170902580012,-0.27389016374945635,-0.6316746566444638,-0.04742194991558793,-0.20810808800160907
43,104,0.2894861900270775,2.173266642772248,2.3048234774636587,0.9429210800836763,0.1168431872501971,-0.48074625153094525,-0.03493975382298231,-0.03081589285284314,-0.4214611425995825,0.14685912802815426,-0.24921870417892936,-0.40270495228469383
43,107,0.2739116357785622,2.1323716380238102,2.3048234774636587,0.9251778536941914,-0.0268633225932719,0.2576724030077455,-0.29414532892406003,0.44403382297605276,-0.23063438106328232,-0.23679742310196172,-0.3316253125667572,-0.17371203936636448
43,108,0.3347273386295854,1.8841191412649378,2.3048234774636587,0.8174678710485522,-0.1243843538686632,-0.2200380144640805,-0.5305211292579766,0.5405152766034006,-0.16702206153422589,0.07261169143021098,0.039830179885029765,0.47337747272104025
43,109,0.3552984158893845,1.6888361868424908,2.3048234774636587,0.7327399270945336,-0.3474335307255384,0.11464103870093789,-0.142695143818855,-0.3402178268879652,-0.025981050916016046,-0.7210709461942315,-0.46773821115493774,-0.023144247941672913
43,111,0.3115732801242552,2.065340022401382,2.3048234774636587,0.8960946652080202,0.23026536684483295,0.01056748069822755,0.23270514979958545,0.05782251339405764,-0.48376360535621626,-0.04572697263211012,-0.6207051835954189,0.2111900178715586
43,113,0.28537529014322965,2.2170911539355505,2.3048234774636587,0.9619353393498693,-0.693890760652721,0.03097296319901921,-0.01780427061021328,-0.0981884039938451,-0.30281675606966,0.046419193968176786,0.07066967152059075,0.24548696726560598
43,117,0.3448642395410376,1.961518525484456,2.3048234774636587,0.8510493513555354,-0.4386275177821517,0.2682427465915676,-0.5436281152069566,0.22507241368293757,-0.5366583885625003,0.1124893799424171,-0.14016312919557097,-0.14356730412691832
43,118,0.36416172117184065,2.145729380270871,2.3048234774636587,0.9309734134746568,-0.5805067876353863,-0.4933382729068398,0.21456228476017736,-0.24978484213352226,-0.11804819107055659,-0.2691987054422499,-0.3077756501734257,-0.43701336439698935
43,119,0.3192480527051892,1.605405957808666,2.3048234774636587,0.6965418278259357,0.07925659138709307,-0.08056474104523698,-0.4190885052084921,0.6234221020713449,0.0539370477199555,-0.43785081245005125,0.20028095506131646,0.05964038800448179
43,120,0.35264443346953533,1.678380863254671,2.3048234774636587,0.7282036475529328,0.030265321955084856,-0.3228739416226745,0.2631368301808837,0.219463963061571,-0.1975739980116486,-0.28598502371460205,-0.7154566170647741,0.37362372502684593
43,124,0.3876291694882087,2.205843851555853,2.3048234774636587,0.957055441826405,-0.22628304921090603,-0.5660116383805873,-0.2001874949783085,-0.2087928131222726,-0.45434010401368125,-0.49261774402111774,-0.48881946597248316,-0.2424183925613762
43,127,0.2627188107505389,1.5558414494559734,2.3048234774636587,0.6750371404443076,0.1280614845454694,0.2349075824022293,0.05813308525830507,0.30852965265512466,-0.1373533764854073,-0.5932905059307814,-0.09196372237056497,0.05197277385741483
44,54,0.4435613148348308,2.12540886267838,2.3048234774636587,0.9221568955108375,-0.41707513667643087,0.2110443953424691,-0.7842143401503564,0.03978132735937834,-0.08383969683200126,0.21678341459482908,0.4882229510694742,-0.6682224441319706
44,77,0.4074041773927704,2.130117897629189,2.3048234774636587,0.9242000172495968,-0.1696261409670114,0.4503467557951806,-0.9001313857734204,0.42922507505863905,-0.011228910647332724,-0.07139093056321155,0.2974736699834466,-0.08975559845566741
44,100,0.31750709725397464,1.4992554822216009,2.3048234774636587,0.6504860336946304,0.0766749326139688,-0.19257270544767402,-0.1607669396325947,0.19907310418784624,-0.16377377137541782,0.04412882495671516,0.1961074573919177,-0.7942413464188576
45,46,0.4194767562060538,1.1790909720229645,2.3048234774636587,0.5115753911533799,-0.36453551985323385,-0.2381442906334994,0.23894047271460322,-0.5295219570398331,-0.18325866479426633,-0.11609561461955276,-0.8648629505187273,-0.2924914322793487
45,51,0.33674050402198324,1.164170510609483,2.3048234774636587,0.5051018101787967,0.2049770858138798,0.012805756181478722,-0.25047877989709333,0.15629800129681834,-0.31917139142751716,-0.09138368908315886,-0.8164170738309623,-0.032355288974941
45,52,0.33943564238483265,1.7112781708221527,2.3048234774636587,0.7424768914213454,0.3103063367307188,-0.5117192072793838,-0.045211833901702914,0.3076192820444704,-0.13428530097007763,0.22568401135504246,-0.18914762884378433,0.6018052008002995
45,54,0.25866582298496804,1.178124549120411,2.3048234774636587,0.5111560866330975,-0.20281504839658748,-0.14177258219569888,-0.16981822345405784,-0.090967273339629,0.33814560156315554,0.5426390878856183,-0.03545871749520302,-0.16389152780175242
45,55,0.31763205075670115,1.9288716011947302,2.3048234774636587,0.8368847419574863,0.45011230744421465,0.2579499240964652,0.19040269404649773,-0.2140976851806044,-0.05289523024111986,-0.15818605851382017,-0.5586520526558161,0.3405552078038453
45,60,0.25209883618925566,1.15920324557646,2.3048234774636587,0.5029466494553867,0.1289630057290197,-0.19825345184653986,0.28405485115945367,0.118605272844434,0.4241914441809057,-0.24321897514164448,0.009362294338643551,-0.34432372078299545
45,65,0.3524707714743063,1.048243177198393,2.3048234774636587,0.45480410428304535,-0.2707859529182314,-0.07826652750372848,0.012322645634412766,-0.5530089987441897,-0.28585325460880995,0.5324133588001133,-0.1683838590979576,0.46361027192324383
45,68,0.27456759065522607,2.1204013647895916,2.3048234774636587,0.9199842788494093,0.2727190507575869,-0.1737472927197813,-0.06741618271917105,-0.26082565449178213,0.3050559367984532,-0.10063294321298599,-0.4498643521219492,0.346981381997466
45,71,0.3458956796832161,1.3591187379847252,2.3048234774636587,0.5896845252029307,0.37736281473189587,0.06439670361578498,0.18135096319019822,0.22916080988943585,0.5116907702758907,0.04862382542341959,-0.2978740260004997,0.6101454216986893
45,73,0.35610041613486704,1.371472265893061,2.3048234774636587,0.5950443837904222,-0.19423968717455842,0.36025242507457755,0.22651159111410407,-0.3650633264333009,0.6556688118726014,0.43833304848521953,-0.015314162708818913,-0.2002460388466717
45,75,0.383996290499961,2.178338889759071,2.3048234774636587,0.9451217896115074,0.3177832216024399,-0.009806495159864093,0.601907630451024,-0.48185274284332974,0.04997515771537997,-0.2613181797787546,-0.35772758442908525,0.5341481743380426
45,76,0.39791208694889985,2.045198344189222,2.3048234774636587,0.8873557407701604,0.19682897068560135,-0.489226403646171,0.3381804488599302,-0.5708266040310264,-0.011229149065911659,0.05578428879380226,-0.7337763300165534,-0.08193535730242751
45,77,0.28256701966530917,2.2440635242828515,2.3048234774636587,0.9736379146711616,0.04463394731283199,0.09752977825701259,-0.2857352690771219,0.29847647435963165,0.4107563877478241,0.2544647427275777,-0.22620799858123064,0.41457531787455076
45,85,0.296261233657401,1.3858992456859567,2.3048234774636587,0.6013038565587108,-0.11394294537603855,0.006866879761219136,0.3514099558815362,-0.13822067528963095,-0.13086577411741018,0.16994217596948158,-0.42414466198533773,0.5662480015307664
45,90,0.38545784715794834,1.8819358961852304,2.3048234774636587,0.8165206205970296,-0.06874910276383162,-0.18856708239763942,-0.31789119262248244,-0.6043644668534398,0.6265046279877423,0.01022572722285997,-0.3833983950316906,0.37738557066768397
45,91,0.3930586988413731,1.4456782913954977,2.3048234774636587,0.6272403529082381,0.27905596699565655,0.2106890697032214,0.306234333664179,0.2685377784073354,-0.20172316022217285,0.31172754056751745,-0.8909667897969484,-0.12696019094437394
45,92,0.31614483392781173,1.8016303712038055,2.3048234774636587,0.7816782451324248,0.1737276064231993,-0.32726304698735453,0.5073585035279397,0.17974698543548592,-0.14235846139490616,0.49451832380145805,-0.2630334608256817,0.19640654139220698
45,106,0.31031860068184053,1.6354236147502073,2.3048234774636587,0.7095656698837118,-0.12539475690573443,-0.21648557018488623,0.4050391679629687,-0.46339758392423386,0.3935230551287531,0.10527622886002075,0.014370949938893318,0.40354327205568535
45,107,0.2724906686135212,2.1817680534485278,2.3048234774636587,0.9466096101422278,0.3396053528413175,0.3687952477484943,0.021352097392082214,0.15979743935167803,0.003069746308028698,0.27966457512229687,-0.477572500705719,-0.10187865514308225
45,108,0.3244902549529472,1.7464414594182929,2.3048234774636587,0.7577332826113707,0.24208432156592619,-0.1089151697233317,-0.21502370294183426,0.25627889297902595,0.06668206583708514,0.5890736896544696,-0.106117008253932,0.5452108569443225
45,109,0.341893524551764,1.6135768675195623,2.3048234774636587,0.70008696253616,0.01903514470905099,0.22576388344168669,0.17280228249728724,-0.6244542105123398,0.20772307645529497,-0.20460894796997298,-0.6136853992938995,0.04868913628160931
45,112,0.4057663007654375,2.296210894934613,2.3048234774636587,0.9962632355088107,0.5747652491554618,-0.5212794961407776,-0.34011186752468303,0.24825824797153487,0.352407932281494,-0.23653768468648173,-0.5677090622484684,-0.18798849824816022
45,113,0.3142922755192358,1.160652002379669,2.3048234774636587,0.5035752254905471,-0.32742208521813165,0.142095807939768,0.29769315570592897,-0.3824247876182198,-0.069112628698349,0.5628811921924354,-0.07527751661837101,0.3173203514888882
45,114,0.34409202796417704,1.6528576812954476,2.3048234774636587,0.7171298355196961,0.025385136716068013,-0.12729895953088954,0.03546682279557023,0.10021442081779242,-0.11168400663882505,0.44651105348020803,-0.6647687926888466,0.5150547036901115
45,115,0.29343766071853183,1.305890133058779,2.3048234774636587,0.5665900863244612,0.18496535066515224,0.2717961370944978,0.4232736714184287,-0.28077545762062067,0.5287693617865442,0.1142246499657632,-0.1723372396081686,0.020495693199336418
45,117,0.3120567108697062,1.196036341355912,2.3048234774636587,0.5189275244072441,-0.07215884234756231,0.3793655913323164,-0.22813068889081434,-0.05916396994143713,-0.3029542611911893,0.6289513781666757,-0.28611031733453274,-0.07173391990363609
45,118,0.3827171242173962,1.7091540466874477,2.3048234774636587,0.7415552919342374,-0.21403811220079694,-0.382215428166091,0.5300597110763196,-0.5340212257578969,0.11565593630075444,0.2472632927820087,-0.45372283831238747,-0.3651799801737071
45,120,0.4381955948547045,1.6532331927407047,2.3048234774636587,0.7172927596867436,0.39673399738967424,-0.21175109688192573,0.5786342564970259,-0.06477242056280369,0.03613012935966242,0.23047697450965654,-0.8614038052037359,0.44545710925012816
45,124,0.34717191821516846,2.2407143105456577,2.3048234774636587,0.9721847822426081,0.14018562622368336,-0.4548887936398386,0.11530993133783374,-0.4930291967466473,-0.22063597664237022,0.023844254203140847,-0.634766654111445,-0.17058500833809398
45,127,0.2719381158115531,1.4987129570808333,2.3048234774636587,0.6502506468435019,0.4945301599800588,0.3460304271429781,0.3736305115744473,0.024293269030749964,0.09635075088590372,-0.07682850770652272,-0.23791091050952673,0.12380615808069706
46,51,0.3850814067564158,1.7093584011166378,2.3048234774636587,0.7416439557435002,0.5695126056671136,0.2509500468149781,-0.48941925261169655,0.6858199583366513,-0.13591272663325082,0.024711925536393897,0.04844587668776501,0.2601361433044077
46,52,0.5795873662492464,1.9650126711106664,2.3048234774636587,0.8525653657750237,0.6748418565839527,-0.2735749166458844,-0.28415230661630614,0.8371412390843035,0.04897336382418871,0.3417796259745952,0.675715321674943,0.8942966330796482
46,54,0.47501289901085253,1.2726336945059455,2.3048234774636587,0.5521610253234727,0.16172047145664636,0.09637170843780052,-0.40875869616866106,0.438554683700204,0.5214042663574219,0.6587347025051711,0.8294042330235243,0.12859990447759628
46,58,0.3718587525960443,1.869093790217813,2.3048234774636587,0.8109487813247442,0.3443431248888372,-0.10283200815319993,-0.33274573367089016,0.3679210366681218,-0.0306737683713435,0.35636820923536994,0.7720569530501962,0.08359493780881189
46,60,0.4768842411414872,0.5438095356823138,2.3048234774636587,0.2359441150264352,0.49349852558225354,0.03989083878695954,0.045114378444850445,0.6481272298842671,0.607450108975172,-0.12712336052209172,0.8742252448573709,-0.05183228850364674
46,64,0.5289310742409454,1.8685769271484656,2.3048234774636587,0.8107245285459951,0.8787570605054493,-0.19247287511825573,0.1433897316455842,0.8575440850108862,0.7571889702230692,-0.027962309308350197,0.18842248246073723,0.25163930375129007
46,65,0.4435819557127885,1.7064692911079695,2.3048234774636587,0.7403904497648784,0.09374956693500247,0.15987776312977092,-0.22661782708019046,-0.02348704170435678,-0.10259458981454361,0.6485089734196661,0.6964790914207697,0.7561017042025926
46,69,0.5443362411925717,1.8159669780146213,2.3048234774636587,0.7878985075303905,0.3529185233637683,0.3991629583761095,0.3178107766434552,0.6418910855427384,0.16053676884621393,0.8399451579898594,0.9074301552027464,0.13709752634167693
46,71,0.598662804342139,1.1176134242995843,2.3048234774636587,0.4849019611382392,0.7418983345851298,0.3025409942492844,-0.057589509524405,0.7586827669292688,0.694949435070157,0.16471944004297234,0.5669889245182276,0.9026368539780381
46,73,0.51909936757503,1.552679834169942,2.3048234774636587,0.6736654018634812,0.17029583267867543,0.598396715708077,-0.012428881600499153,0.1644586306065321,0.8389274766668677,0.5544286631047723,0.8495487878099084,0.09224539343267701
46,75,0.4565798743815386,1.9273507998368447,2.3048234774636587,0.836224907756405,0.6823187414556737,0.2283377954736353,0.3629671577364208,0.04766921419650327,0.2332338225096463,-0.14522256515920184,0.507135366089642,0.8266396066173913
46,76,0.25258201235062006,1.9450431529899952,2.3048234774636587,0.8439011369019968,0.5613644905388352,-0.2510821130126716,0.09923997614532698,-0.041304646991193295,0.17202951572835468,0.17187990341335502,0.1310866205021739,0.2105560749769212
46,82,0.37197804026349246,2.006321086990463,2.3048234774636587,0.8704879599709379,0.37158503197133497,-0.25994394905865204,0.348730872385204,0.24004125222563732,-0.13151975162327278,0.09590328484773603,0.8146929116919637,0.17844482976943277
46,85,0.4038597911731459,0.7510774788384892,2.3048234774636587,0.32587201847883457,0.2505925744771953,0.24501117039471854,0.11246948316693295,0.39130128175020207,0.05239289067685615,0.28603779058903434,0.44071828853338957,0.8587394338101151
46,89,0.4163729508702952,1.8901522408544045,2.3048234774636587,0.8200854682955682,0.19296989310532797,0.31143288593739277,0.19287435431033378,0.4151514349505307,0.3758332971483468,-0.02096690144389879,0.3834282346069813,0.8685878952965143
46,91,0.4284484777000047,1.3574410699707946,2.3048234774636587,0.5889566308412433,0.6435914868488903,0.44883336033672083,0.06729386094957579,0.7980597354471685,-0.018464495427906513,0.4278231551870702,-0.02610383927822113,0.16553124133497477
46,92,0.4806924939118011,1.1285999906012387,2.3048234774636587,0.4896687323938603,0.5382631262764331,-0.08911875635385513,0.26841803081333643,0.7092689424753189,0.04090020339936018,0.6106139384210107,0.6018294896930456,0.4888979736715557
46,94,0.42464297238812543,1.4990655475450225,2.3048234774636587,0.6504036262224594,0.056149373762308774,-0.20917821303009987,-0.10612731613218779,0.5760552575811744,0.5606647897511721,0.29474605061113823,0.7547936011105776,0.2857073098421099
46,98,0.3521419684807438,1.9906790580215863,2.3048234774636587,0.8637013105282265,0.4282206576317543,-0.1687816549092529,-0.374139347113669,0.38001728244125843,0.143072628416121,0.0008829561993476398,0.6714938124641776,0.15621672850102186
46,100,0.45379078996220273,1.8978521599856186,2.3048234774636587,0.8234262530482849,0.655470540747046,-0.3072453923523426,0.21468870434910065,0.597846460528672,0.4414701918140053,0.48608011286705716,0.5372887393459678,0.002581002190709336
46,102,0.5119943282776945,1.8189214091161603,2.3048234774636587,0.7891803545483627,0.17372083850204922,0.07245547324419044,0.09021065104752796,0.7461935561150312,-0.0861060582101345,-0.08075002860277924,0.9448838932439685,0.7681104317307474
46,106,0.4648679679265533,1.1513309050834193,2.3048234774636587,0.4995310557797687,0.23914076294749942,0.021658720448613167,0.16609869524836546,0.06612437311559916,0.5767817199230194,0.2213718434795735,0.8792339004576206,0.6960347043350341
46,109,0.29914864959066273,1.9216442794434276,2.3048234774636587,0.8337490043090413,0.38357066456228484,0.4639081740751861,-0.06613819021731598,-0.09493225347250689,0.3909817412495613,-0.08851333335042022,0.25117755122482777,0.341180568560958
46,110,0.43715290261463025,1.8800941869217374,2.3048234774636587,0.8157215532144291,-0.004401993937791282,-0.24301585927605596,-0.32856956683099253,0.43413945008069277,0.8551852004602551,0.2641869494691489,0.6057789623737335,0.07214950956404209
46,113,0.45282499177375063,1.3454385825511057,2.3048234774636587,0.5837490791406258,0.037113434635102194,0.3802400985732674,0.058752682991325744,0.14709716942161322,0.11414603609591734,0.6789768068119881,0.7895854339003563,0.6098117837682369
46,114,0.44945965698443613,2.2233584485631512,2.3048234774636587,0.9646545474319119,0.38992065656930186,0.11084533110260986,-0.203473649919033,0.6297363778576255,0.07157465815544128,0.5626066680997608,0.20009415782988071,0.8075461359694602
46,115,0.47373886946718485,1.3557854887098026,2.3048234774636587,0.5882383193188295,0.5495008705183861,0.5099404277279972,0.18433319870382547,0.24874649941921234,0.7120280265808105,0.23032026458531596,0.6925257109105587,0.3129871254786851
46,117,0.48209247412321593,2.0227599234175253,2.3048234774636587,0.877620322422032,0.29237667750567153,0.6175098819658158,-0.46707116160541756,0.4703579870983959,-0.11969559639692295,0.7450469927862284,0.5787526331841946,0.22075751237571262
46,118,0.255899410887175,1.3190469176633943,2.3048234774636587,0.5722984560687219,0.1504974076524369,-0.1440711375325916,0.2911192383617164,-0.004499268718063942,0.29891460109502077,0.36335890740156146,0.41114011220633984,-0.07268854789435841
46,119,0.6005238240224282,2.0235654603250457,2.3048234774636587,0.8779698229002235,0.8102607866749163,0.2687023943290112,-0.3425315516069531,0.8687076754868032,0.47089983988553286,0.1947068003937601,0.919196717441082,0.4239652045071127
46,120,0.45061567537141917,1.8383013668331556,2.3048234774636587,0.7975887892534456,0.761269517242908,0.026393193751573674,0.3396937837824227,0.4647495364770293,0.21938879415392876,0.3465725891292093,0.003459145314991363,0.7379485415294769
46,125,0.5643643608185542,1.6149549528040157,2.3048234774636587,0.7006848761282107,0.46972134150564604,0.18103634472936403,0.2602663375437261,0.6554744504392146,0.8218335071578622,0.46548941824585177,0.7220395719632506,0.619538199156523
46,127,0.5062364232236192,1.950210430946477,2.3048234774636587,0.8461430777738279,0.8590656798332926,0.5841747177764776,0.1346900388598441,0.553815226070583,0.27960941568017006,0.039267106913030037,0.6269520400092006,0.41629759036004577
47,53,0.5111606364211014,1.585311372220784,2.3048234774636587,0.6878233355924241,-0.7079705800861118,-0.19541940279305,0.6904646679759027,-0.9167310940101743,0.07991854567080736,-0.2831898396834731,-0.37115968205034733,-0.09690283425152302
48,72,0.41199263157254995,1.8113789681324384,2.3048234774636587,0.7859078952657013,-0.11405595578253282,0.00888114422559727,-0.6331482706591489,0.3852789774537089,-0.3730419361963867,0.11134794913232327,-0.5759659027680755,0.5587519984692335
48,75,0.3633321370725632,1.8729542001371042,2.3048234774636587,0.8126237078243386,-0.25355662405490875,0.2392437206581235,0.11250703409314171,-0.10859072953462579,-0.08828180469572555,-0.2879983326420188,-0.4264360601082444,0.7984479982405901
48,76,0.3464596129947865,1.6546483134827652,2.3048234774636587,0.7179067419530201,-0.3745108749717473,-0.2401761878281834,-0.1512201474979521,-0.19756459072232235,-0.14948611147701718,0.029104135930538066,-0.8024848056957126,0.18236446660011996
48,79,0.28305540081492303,1.8427957292448556,2.3048234774636587,0.7995387704366665,-0.00845341756939879,0.49799811746925093,-0.4006519857794048,0.288523104041815,-0.31028267834335554,-0.07355218846350908,-0.1998260887339711,-0.08663699124008417
48,84,0.39247625702222527,1.8830069086107968,2.3048234774636587,0.8169853036567253,-0.21204287931323046,-0.14170078933238994,-0.7582136476412416,0.36217169649899017,0.4028629790991545,0.43782858457416296,0.015203534625470638,0.3270775629207492
48,88,0.3377493419605566,1.49716673176673,2.3048234774636587,0.6495797818817284,-0.15247803088277573,-0.3409345727413893,-0.43171310611069197,0.13568478729575884,-0.05546511523425568,0.6667201975360513,-0.04257480427622795,0.34484725445508957
48,96,0.3933590456610932,1.8207401117445825,2.3048234774636587,0.7899694399799392,-0.019675895571708624,-0.05906865932047367,-0.4992015687748789,-0.12789082899689663,0.35745644941926,0.29224979504942905,-0.1071765897795558,0.8624061197042465
48,111,0.4342350042152217,1.2820902510033858,2.3048234774636587,0.5562639670844819,0.025394196622073727,0.37074054125696393,0.0588019797578454,0.1468481430783869,-0.38831644039601076,0.4440548727288843,-0.8353608474135399,0.5473232259973884
48,124,0.3561992760121809,1.6285239957201636,2.3048234774636587,0.7065721135018425,-0.4311542194336653,-0.205838577821851,-0.37409066502004856,-0.11976718343794335,-0.35889293905347575,-0.0028358986601233482,-0.7034751297906041,0.09371481556445349
49,81,0.28002359083854533,2.274719156178115,2.3048234774636587,0.9869385566487409,-0.01729998737573679,-0.13634047470986824,-0.28580223862081733,0.189071437343955,-0.14484990481287252,-0.2777765961363911,-0.2898977631703019,-0.5557019915431737
50,66,0.277108620196896,1.9450014889088958,2.3048234774636587,0.8438830599943694,0.04151667561382033,0.11519123241305362,-0.10603420995175866,0.4356023957952858,-0.43931809999048704,-0.29657733626663696,-0.23928670771420002,-0.24517647922039035
51,52,0.4002490808905759,1.5690614620490082,2.3048234774636587,0.6807729430870259,0.10532925091683898,-0.5245249634608625,0.20526694599539042,0.1513212807476521,0.18488609045743953,0.3170677004382013,0.627269444987178,0.6341604897752405
51,54,0.4635573557111041,1.1981345078306487,2.3048234774636587,0.5198378615741692,-0.4077921342104673,-0.1545783383771776,0.08066055644303549,-0.24726527463644735,0.6573169929906727,0.6340227769687772,0.7809583563357593,-0.13153623882681142
51,55,0.30261918600387405,1.5510817524053055,2.3048234774636587,0.6729720378031694,0.24513522163033485,0.2451441679149865,0.44088147394359106,-0.3703956864774227,0.2662761611863973,-0.06680236943066131,0.2577650211751462,0.3729104967787863
51,58,0.3495211491011803,1.4661862703346698,2.3048234774636587,0.6361382052338921,-0.22516948077827642,-0.35378205496817805,0.1566735189408064,-0.3178989216685295,0.10523895826190732,0.33165628369897604,0.7236110763624312,-0.17654120549559582
51,60,0.45993874605332924,1.845384741111368,2.3048234774636587,0.8006620720221578,-0.0760140800848601,-0.21105920802801859,0.5345336310565469,-0.03769272845238433,0.7433628356084229,-0.15183528605848562,0.8257793681696058,-0.31196843180805445
51,65,0.48256960374009994,1.2292979975961722,2.3048234774636587,0.5333588492203977,-0.4757630387321112,-0.0910722836852072,0.2628014255315061,-0.7093070000410081,0.03331813681870721,0.6237970478832722,0.6480332147330047,0.49596556089818483
51,67,0.3912125963975412,1.6553171215416003,2.3048234774636587,0.718196919515586,-0.08446752000600083,0.28690791502594937,-0.11167805828154098,-0.3261053254827856,0.5604299511760473,0.30001077242195595,0.7450881768018008,-0.23846633732318867
51,68,0.33817480433859354,1.5471404546692393,2.3048234774636587,0.671262016287594,0.0677419649437071,-0.18655304890126,0.18306259717792228,-0.41712365578860044,0.6242273282259704,-0.009249254129827134,0.3665527217090131,0.379336670972407
51,71,0.4494152412887218,1.36667409987542,2.3048234774636587,0.59296259051447,0.17238572891801607,0.051590947434306256,0.43182974308729155,0.07286280859261751,0.8308621617034079,0.14000751450657845,0.5185430478304626,0.6425007106736303
51,73,0.5788239250606886,1.7056270679419914,2.3048234774636587,0.7400250321204414,-0.3992167729884382,0.34744666889309883,0.4769903710111974,-0.5213613277301192,0.9748402033001186,0.5297167375683784,0.8011029111221434,-0.1678907498717307
51,76,0.3957756742480503,2.115749637293333,2.3048234774636587,0.9179660212510539,-0.008148115128278455,-0.5020321598276497,0.5886592287570236,-0.7271246053278446,0.3079422423616055,0.14716797787696112,0.08264074381440889,-0.049580068327486515
51,77,0.3960500663831194,2.0604517118843546,2.3048234774636587,0.8939737606941497,-0.1603431385010478,0.08472402207553387,-0.03525648918002855,0.14217847306281334,0.7299277791753412,0.34584843181073655,0.5902090752497317,0.44693060684949176
51,79,0.34492732961546607,2.20151004343293,2.3048234774636587,0.955175120766984,0.35790934227407,0.23614214546978463,0.3392273904755708,-0.24103691056370727,0.14714567549526714,0.04451165348291397,0.6852994607761503,-0.31858152616769064
51,85,0.38188845155003026,2.014803530496368,2.3048234774636587,0.8741682606919454,-0.31892003118991835,-0.005938876420259587,0.6018887357786296,-0.29451867658644926,0.18830561731010698,0.26132586505264044,0.39227241184562456,0.5986032905057074
51,90,0.4948041564221996,1.916104325288649,2.3048234774636587,0.8313453694064348,-0.2737261885777114,-0.20137283857911814,-0.06741241272538911,-0.7606624681502581,0.9456760194152595,0.10160941630601883,0.4330186787992717,0.40974085964262497
51,91,0.2640959207597195,1.7432205562233636,2.3048234774636587,0.7563358206250526,0.07407888118177675,0.19788331352174268,0.5567131135612724,0.11223977711051708,0.11744823120534431,0.4031112296506763,-0.07454971596598614,-0.09460490196943294
51,92,0.4219893219860114,2.2595264002726227,2.3048234774636587,0.9803468345259642,-0.031249479390680512,-0.34006880316883326,0.757837283425033,0.023448984138667583,0.176812930032611,0.5859020128846169,0.5533836130052806,0.22876183036714798
51,98,0.31231624044555767,1.557278660899501,2.3048234774636587,0.6756607072630166,-0.14129194803535933,-0.419731701724231,0.11527990549802758,-0.3058026758953929,0.27898535504937183,-0.023828969337046257,0.6230479357764126,-0.10391941480338585
51,106,0.5479816669542295,2.0215367406538234,2.3048234774636587,0.8770896168058918,-0.33037184271961423,-0.22929132636636496,0.655517947860062,-0.6196955852210522,0.7126944465562702,0.1966599179431796,0.8307880237698556,0.43589856103062635
51,107,0.2692403361084234,1.870944688126955,2.3048234774636587,0.8117518354099007,0.1346282670274377,0.3559894915670156,0.27183087728917554,0.0034994380548596937,0.32224113773554586,0.3710482642054557,0.3388445731252433,-0.06952336616814125
51,108,0.429747039367936,1.352479581877628,2.3048234774636587,0.5868039765743637,0.037107235752046386,-0.12172092590481043,0.03545507695525907,0.09998089168220758,0.3858534572646023,0.6804573787376285,0.7103000655770303,0.5775661459192635
51,109,0.3883897066278724,1.2075932154339797,2.3048234774636587,0.523941736641313,-0.1859419411048288,0.21295812726020796,0.42328106239438057,-0.7807522118091582,0.5268944678828121,-0.11322525888681412,0.20273167453706276,0.08104442525655031
51,113,0.5065856696509572,1.848713173579725,2.3048234774636587,0.802106188025358,-0.5323991710320115,0.12929005175828928,0.5481719356030224,-0.5387227889150381,0.25005876272916816,0.6542648812755942,0.7411395572125913,0.3496756404638292
51,114,0.3146087898904934,2.0708417604622555,2.3048234774636587,0.8984817191905351,-0.1795919490978118,-0.14010471571236827,0.28594560269266356,-0.056083580479025924,0.2074873847886921,0.5378947425633669,0.1516482811421157,0.5474099926650525
51,115,0.48623071045412636,1.591986807408552,2.3048234774636587,0.6907196247239085,-0.02001173514872756,0.25899038091301907,0.673752451315522,-0.437073458917439,0.8479407532140614,0.20560833904892206,0.6440798342227937,0.05285098217427742
51,117,0.3640081164321272,0.91919528383563,2.3048234774636587,0.39881374553124466,-0.2771359281614421,0.3665598351508377,0.02234809100627899,-0.21546197123825547,0.01621713023632787,0.7203350672498345,0.5303067564964296,-0.03937863092869509
51,118,0.4954130108049699,2.0426995944465554,2.3048234774636587,0.8862716014566299,-0.41901519801467674,-0.3950211843475697,0.7805384909734129,-0.6903192270547153,0.4348273277282716,0.33864698186516756,0.3626942355185748,-0.3328246911987661
51,119,0.40240922619606556,1.3091050384383296,2.3048234774636587,0.5679849460223884,0.24074818100780265,0.017752347514033096,0.14688770100474347,0.18288771715015184,0.6068125665187837,0.1699948748573662,0.870750840753317,0.16382906120270502
51,120,0.40057131126585654,1.968858337213066,2.3048234774636587,0.8542338953348804,0.19175691157579444,-0.22455685306340445,0.8291130363941193,-0.22107042185962203,0.3553015207871796,0.3218606635928154,-0.04498673137277365,0.47781239822506916
51,124,0.32662179078688325,2.0434676713992657,2.3048234774636587,0.8866048490828452,-0.06479145959019644,-0.4676945498213173,0.36578871123492707,-0.6493271980434656,0.09853541478514694,0.1152279432862997,0.18165041971951734,-0.13822971936315298
51,127,0.37645444673679795,1.6265123694966315,2.3048234774636587,0.7056993237879223,0.289553074166179,0.3332246709614994,0.6241092914715407,-0.13200473226606838,0.4155221423134209,0.01455518137663614,0.5785061633214356,0.15616144705563806
52,54,0.4341824638913739,1.5898327943896582,2.3048234774636587,0.6897850572657254,-0.5131213851273062,0.3699466250836849,-0.12460638955235492,-0.3985865553840995,0.47243090253323317,0.31695507653057586,0.15368891134858131,-0.765696728602052
52,58,0.35951128512200337,0.9658150189750434,2.3048234774636587,0.4190407761890181,-0.3304987316951154,0.17074290849268448,-0.048593427054584026,-0.4692202024161817,-0.07964713219553221,0.014588583260774723,0.0963416313752532,-0.8107016952708364
52,60,0.46658619790065586,2.1242011704557697,2.3048234774636587,0.9216329108176845,-0.18134333100169908,0.31346575543284394,0.3292666850611566,-0.18901400920003644,0.5584767451509833,-0.46890298649668694,0.19850992318242788,-0.946128921583295
52,65,0.41924417681981535,1.2628236481573296,2.3048234774636587,0.5479047139640398,-0.5810922896489501,0.4334526797756553,0.05753447953611568,-0.8606282807886603,-0.15156795363873232,0.30672934744507085,0.02076376974582672,-0.1381949288770557
52,68,0.3300894508589151,2.2688291768097306,2.3048234774636587,0.9843830553593901,-0.03758728597313188,0.3379719145596025,-0.022204348817468134,-0.5684449365362526,0.43934123776853085,-0.32631695456802845,-0.26071672327816486,-0.25482381880283356
52,70,0.40941982412570016,1.9795916691106175,2.3048234774636587,0.8588907950942333,-0.45988668221980383,-0.02658853679895412,-0.14759893529117107,-0.7013421207666398,0.03676543105393648,0.11455477401614195,-0.6011579465121031,-0.4891446027904748
52,71,0.32680631299275176,2.153929629727501,2.3048234774636587,0.9345312778997684,0.06705647800117709,0.5761159108951688,0.22656279709190114,-0.0784584721550346,0.6459760712459683,-0.17706018593162287,-0.1087263971567154,0.008340220898389799
52,76,0.4663917560977539,1.624410220249839,2.3048234774636587,0.7047872586049062,-0.11347736604511743,0.02249280363321282,0.3833922827616331,-0.8784458860754968,0.12305615190416597,-0.1698997225612402,-0.5446287011727691,-0.683740558102727
52,90,0.48315368048253193,2.1942512967544285,2.3048234774636587,0.952025748700326,-0.3790554394945504,0.3231521248817444,-0.27267935872077953,-0.9119837488979102,0.7607899289578199,-0.2154582841321825,-0.19425076618790627,-0.22441963013261557
52,92,0.27760299425946755,2.1262554386841366,2.3048234774636587,0.9225242017336498,-0.1365787303075195,0.18445616029202927,0.5525703374296426,-0.12787229660898453,-0.00807316042482853,0.2688343124464156,-0.07388583198189735,-0.40539865940809255
52,98,0.3461770862607561,1.1643851507128165,2.3048234774636587,0.5051949366613374,-0.2466211989521983,0.1047932617366315,-0.08998704049736284,-0.45712395664304506,0.0940992645919323,-0.3408966697752476,-0.004221509210765362,-0.7380799045786264
52,106,0.42544074424483075,2.1291688385111924,2.3048234774636587,0.9237882464015139,-0.4357010936364532,0.29523363709449757,0.4502510018646716,-0.7710168659687043,0.5278083560988307,-0.12040778249502171,0.20351857878267765,-0.19826192874461418
52,112,0.41504844945853375,2.151761550408922,2.3048234774636587,0.9335906074580715,0.26445891242474306,-0.009560288861393818,-0.2949000336229801,-0.05936103407293558,0.4866932332515716,-0.4622216960415242,-0.37856143340468407,-0.7897936990484598
52,113,0.4527366387017314,2.2643788286063877,2.3048234774636587,0.9824521707398702,-0.6377284219488504,0.6538150152191518,0.3429049896076319,-0.6900440696626903,0.06517267227172863,0.3371971808373929,0.11387011222541332,-0.2844848493114113
52,114,0.26492956150860414,1.9312276635313335,2.3048234774636587,0.8379069730999753,-0.28492120001465077,0.38442024774849426,0.08067865669727314,-0.20740486122667803,0.022601294331252575,0.22082704212516557,-0.47562116384506226,-0.08675049711018802
52,117,0.46936546133148804,2.1209397784099777,2.3048234774636587,0.9202178818240625,-0.3824651790782811,0.8910847986117002,-0.18291885498911142,-0.36678325198590755,-0.16866896022111166,0.4032673668116332,-0.0969626884907484,-0.6735391207039356
52,118,0.5476085616032237,1.9032653750089719,2.3048234774636587,0.82577489930093,-0.5243444489315157,0.1295037791132928,0.5752715449780225,-0.8416405078023674,0.24994123727083206,0.021579281426966246,-0.26457520946860313,-0.9669851809740067
52,119,0.3156253227307578,1.6842955864973121,2.3048234774636587,0.7307698845339748,0.13541893009096367,0.5422773109748956,-0.05837924499064695,0.031566436402499724,0.42192647606134415,-0.14707282558083512,0.24348139576613903,-0.4703314285725355
52,120,0.37595671563271077,1.8965278572418929,2.3048234774636587,0.822851674232738,0.08642766065895546,0.2999681103974581,0.6238460903987288,-0.37239170260727417,0.17041543032974005,0.004792963154614083,-0.6722561763599516,-0.15634809155017135
52,124,0.43908066647450433,1.568785944753808,2.3048234774636587,0.6806534036524903,-0.17012071050703542,0.05683041363954522,0.16052176523953665,-0.8006484787911178,-0.0863506756722926,-0.2018397571519016,-0.4456190252676606,-0.7723902091383935
54,60,0.3575488895647128,1.4812600059663315,2.3048234774636587,0.6426782877083423,0.3317780541256072,-0.05648086965084098,0.4538730746135115,0.209572546184063,0.08604584261775017,-0.7858580630272628,0.04482101183384657,-0.18043219298124302
54,64,0.5038769913346456,1.9944037771039635,2.3048234774636587,0.8653173644771719,0.717036589048803,-0.28884458355605624,0.5521484278142452,0.4189894013106822,0.23578470386564726,-0.6866970118135213,-0.6409817505627871,0.12303939927369378
54,65,0.3633554827951943,1.6094815391193538,2.3048234774636587,0.6983101113194606,-0.0679709045216439,0.0635060546919704,0.1821408690884706,-0.4620417254045608,-0.6239988561719655,-0.010225729085504981,-0.1329251416027546,0.6275017997249963
54,69,0.32914870523732503,2.2807342408335023,2.3048234774636587,0.9895483377075518,0.1911980519071219,0.30279124993830897,0.7265694728121163,0.20333640184253443,-0.36086749751120795,0.18121045548468834,0.0780259221792221,0.008497621864080651
54,71,0.43975531734358536,0.8755928775866962,2.3048234774636587,0.37989585152535926,0.5801778631284833,0.20616928581148386,0.35116918664425606,0.32012808322906483,0.17354516871273518,-0.49401526246219873,-0.2624153085052967,0.7740369495004418
54,73,0.27334428965213514,1.2771409766819701,2.3048234774636587,0.5541166120398074,0.008575361222029065,0.5020250072702764,0.3963298145681619,-0.2740960530936719,0.31752321030944586,-0.10430603940039879,0.020144554786384106,-0.03635451104491927
54,76,0.4503084695474537,2.2603672100315055,2.3048234774636587,0.9807116389316396,0.39964401908218883,-0.3474538214504721,0.507998672313988,-0.4798593306913973,-0.3493747506290672,-0.48685479909181606,-0.6983176125213504,0.08195617049932491
54,77,0.30473877718117326,1.9809338852593341,2.3048234774636587,0.8594731460472849,0.24744899570941947,0.23930236045271147,-0.11591704562306404,0.3894437476992607,0.07261078618466854,-0.28817434515804063,-0.19074928108602762,0.5784668456763031
54,85,0.4103289524398664,1.5328440258416505,2.3048234774636587,0.6650591860199496,0.08887210302054893,0.14863946195691802,0.521228179335594,-0.04725340195000194,-0.4690113756805657,-0.37269691191613674,-0.3886859444901347,0.7301395293325188
54,89,0.45268640789028103,2.129787276112097,2.3048234774636587,0.9240565695971736,0.031249421648681608,0.21506117749959225,0.6016330504789948,-0.02340324874967331,-0.14557096920907509,-0.6797016039490699,-0.445975998416543,0.739987990818918
54,90,0.3684975435464597,2.15495558791926,2.3048234774636587,0.9349764131571062,0.13406594563275587,-0.046794500201940536,-0.1480729691684246,-0.5133971935138107,0.2883590264245868,-0.5324133606627584,-0.3479396775364876,0.5412770984694364
54,91,0.47306648831808684,1.162868419663749,2.3048234774636587,0.5045368684561591,0.48187101539224403,0.3524616518989203,0.47605255711823685,0.35950505174696445,-0.5398687617853284,-0.23091154731810087,-0.8555080723017454,0.03693133685737848
54,92,0.3746415516563207,1.6337566889597008,2.3048234774636587,0.7088424362795746,0.37654265481978677,-0.18549046479165565,0.6771767269819975,0.2707142587751149,-0.4805040629580617,-0.04812076408416027,-0.22757474333047867,0.3602980691939594
54,98,0.3056869150528248,2.0121312083150382,2.3048234774636587,0.8730088130346912,0.26650018617510796,-0.2651533633470534,0.03461934905499209,-0.058537401258945576,-0.37833163794130087,-0.6578517463058234,-0.15791042055934668,0.02761682402342558
54,100,0.34607941923212004,1.7341193441270244,2.3048234774636587,0.7523870531010621,0.49375006929039966,-0.4036171007901431,0.6234474005177617,0.1592917768284679,-0.07993407454341656,-0.17265458963811392,-0.2921154936775565,-0.12601890228688695
54,106,0.35347550648560366,1.9902719060071832,2.3048234774636587,0.8635246583818108,0.07742029149085305,-0.07471298798918735,0.5748573914170265,-0.37243031058460485,0.055377453565597534,-0.4373628590255976,0.049829667434096336,0.5674347998574378
54,107,0.35969953610178923,2.1274279815025547,2.3048234774636587,0.9230329360596766,0.542420401237905,0.5105678299441933,0.19117032084614005,0.25076471269130707,-0.33507585525512684,-0.26297451276332146,-0.442113783210516,0.06201287265867017
54,108,0.3363974405227376,1.6021833047214755,2.3048234774636587,0.6951436066091261,0.44489936996251367,0.032857412472367176,-0.04520547948777642,0.3472461663186549,-0.2714635357260704,0.04643460176885125,-0.07065829075872898,0.7091023847460749
54,109,0.438922541773903,1.6768450523205427,2.3048234774636587,0.7275373011063848,0.22185019310563847,0.36753646563738557,0.3426205059513451,-0.5334869371727109,-0.13042252510786057,-0.7472480358555913,-0.5782266817986965,0.21258066408336174
54,113,0.3160383614479453,1.5142725313379493,2.3048234774636587,0.657001521437264,-0.12460703682154417,0.2838683901354669,0.4675113791599868,-0.2914575142785908,-0.40725823026150454,0.020242104306817055,-0.03981879912316799,0.48121187929064063
54,114,0.3872279096417469,1.8923920382509514,2.3048234774636587,0.8210572552538526,0.2282001851126555,0.014473622664809338,0.20528504624962807,0.19118169415742142,-0.4498296082019806,-0.09612803440541029,-0.6293100751936436,0.678946231491864
54,115,0.35032281393728887,1.6346107863965729,2.3048234774636587,0.7092130058460612,0.3877803990617397,0.4135687192901967,0.5930918948724866,-0.18980818428099167,0.19062376022338864,-0.4284144379198551,-0.13687852211296558,0.18438722100108884
54,117,0.3128190228575284,1.5833741030165862,2.3048234774636587,0.6869828073597242,0.13065620604902517,0.5211381735280153,-0.0583124654367565,0.03180330339819187,-0.6410998627543448,0.08631229028105737,-0.2506515998393297,0.09215760789811633
54,118,0.3701815559016928,1.5482774946076077,2.3048234774636587,0.6717553468829676,-0.011223063804209454,-0.24044284597039212,0.6998779345303774,-0.44305395241826795,-0.2224896652624011,-0.2953757951036096,-0.41826412081718445,-0.2012884523719547
54,119,0.34512606003703244,2.000286021780191,2.3048234774636587,0.8678695098947032,0.6485403152182699,0.1723306858912107,0.06622714456170797,0.43015299178659916,-0.05050442647188902,-0.464027902111411,0.08979248441755772,0.29536530002951644
54,120,0.520501310726294,1.803263710603215,2.3048234774636587,0.7823869065181578,0.5995490457862618,-0.06997851468622684,0.7484524799510838,0.026194852776825317,-0.3020154722034931,-0.3121621133759618,-0.8259450877085329,0.6093486370518806
54,125,0.34943353548431155,1.9905450816068255,2.3048234774636587,0.863643181818557,0.3080008700489997,0.08466463629156351,0.6690250337123871,0.21691976673901062,0.3004292408004403,-0.1932452842593193,-0.10736466106027362,0.49093829467892675
54,127,0.44704940114579367,1.9893020989339918,2.3048234774636587,0.8631038855622548,0.6973452083766463,0.487803009338677,0.5434487350285051,0.11526054237037897,-0.24179485067725182,-0.619467595592141,-0.2024521930143237,0.2876976858824495
55,58,0.41337652400874353,2.087402712229489,2.3048234774636587,0.9056670641547655,-0.4703047024086113,-0.5989262228831645,-0.2842079550027847,0.052496764808893204,-0.16103720292448997,0.39845865312963735,0.46584605518728495,-0.5494517022743821
55,65,0.4298194379975237,1.6642518600248324,2.3048234774636587,0.7220734586825093,-0.7208982603624461,-0.3362164516001937,-0.17808004841208497,-0.3389113135635854,-0.2329580243676901,0.6905994173139335,0.39026819355785847,0.12305506411939854
55,67,0.3952862372832451,1.3445034897238985,2.3048234774636587,0.5833433678849265,-0.3296027416363357,0.041763747110962854,-0.552559532225132,0.044290360994637124,0.2941537899896501,0.36681314185261726,0.4873231556266546,-0.611376834101975
55,71,0.3044517835018444,2.2986735118069834,2.3048234774636587,0.997331697756115,-0.07274949271231879,-0.19355322048068024,-0.009051730856299511,0.4432584950700402,0.5645860005170106,0.20680988393723976,0.26077802665531635,0.26959021389484406
55,72,0.2589768024531602,1.7625063030006793,2.3048234774636587,0.7647033797747618,0.007171582430601148,-0.49811899568885554,-0.3341503683477644,0.22611464932560937,-0.18188974354416132,0.29621416050940763,0.051394625566899776,-0.0461030332371592
55,76,0.35850468298071436,2.2199555047566193,2.3048234774636587,0.9631781029927583,-0.2532833367586133,-0.7471763277426362,0.14777775481343247,-0.3567289188504219,0.0416660811752082,0.21397034730762243,-0.17512427736073732,-0.4224905651062728
55,79,0.30153691387798065,1.5672725448511537,2.3048234774636587,0.6799967807408217,0.11277412064373518,-0.009002022445201874,-0.10165408346802024,0.12935877591371547,-0.11913048569113016,0.11131402291357528,0.4275344396010041,-0.6914920229464769
55,80,0.29495394952109616,2.006467069807171,2.3048234774636587,0.8705512979307145,0.16600787453353413,-0.4094167361035941,0.022726656869053896,-0.2085872869938611,0.32720830943435414,0.44700660184025776,0.35357621405273676,-0.15773555170744658
55,84,0.4888510949800251,2.0382542145742812,2.3048234774636587,0.8843428724603571,-0.09081534110009648,-0.6487009292468428,-0.45921574532985704,0.20300736837089062,0.5940151717513799,0.6226947959512473,0.6425640629604459,-0.2777774687856436
55,90,0.41852157251293526,2.132413739332111,2.3048234774636587,0.925196120302768,-0.5188614102080462,-0.44651700649410464,-0.5082938866689801,-0.39026678167283535,0.6793998582288622,0.16841178573668014,0.17525365762412548,0.03683036286383867
55,98,0.3647569613588473,1.927322023166891,2.3048234774636587,0.8362124223447304,-0.3864271696656942,-0.6648758696392175,-0.3256015684455635,0.06459301058202982,0.012709193862974533,0.042973400093615055,0.3652829146012664,-0.47682991158217214
55,107,0.27157895122128384,2.273486835762221,2.3048234774636587,0.9864038864547136,-0.11050695460289717,0.1108453236520291,-0.16905059665441552,0.37389512453228246,0.05596497654914856,0.43785063363611704,0.08107955195009708,-0.44243386294692755
55,108,0.4157610628015394,2.098211764789382,2.3048234774636587,0.9103568170428209,-0.20802798587828847,-0.36686509381979693,-0.405426396988332,0.4703765781596303,0.119577296078205,0.7472597481682898,0.4525350444018841,0.20465564914047718
55,109,0.2534406176041643,1.1873144719303328,2.3048234774636587,0.515143343314479,-0.43107716273516367,-0.032186040654778536,-0.017600411549210493,-0.4103565253317355,0.26061830669641484,-0.046422889456152805,-0.05503334663808346,-0.291866071522236
55,111,0.28487421948152014,1.865230357851864,2.3048234774636587,0.8092725434680383,0.14662173483520768,-0.13625959865748888,0.35779988206922997,-0.012316185049712658,-0.19716424774378538,0.6289210841059687,-0.20800031907856464,-0.05753180570900446
55,115,0.31491823604018154,1.7166085082574503,2.3048234774636587,0.7447895793505587,-0.2651469567790624,0.013846212998032542,0.23287097737193097,-0.06667777244001627,0.5816645920276641,0.2724107084795834,0.3863148130476475,-0.3200595146045089
55,117,0.42027665775166406,1.7042805049471836,2.3048234774636587,0.7394407951895118,-0.5222711497917769,0.12141566723585118,-0.41853338293731207,0.15493371523916727,-0.2500590309500694,0.7871374366804959,0.27254173532128334,-0.4122891277074814
55,119,0.3598238786776107,1.2974298752935238,2.3048234774636587,0.5629194113907932,-0.004387040622532201,-0.2273918204009534,-0.2939937729388476,0.5532834036275746,0.3405364053323864,0.2367972442880275,0.6129858195781708,-0.20908143557608128
55,120,0.2868225876559662,2.1377807596665557,2.3048234774636587,0.9275247239407136,-0.05337831005454041,-0.46970102097839095,0.3882315624505282,0.1493252646178007,0.08902535960078228,0.3886630330234767,-0.30275175254791986,0.10490190144628289
55,123,0.2893264124158781,1.6940340029841667,2.3048234774636587,0.7349951176514243,-0.19677964039146895,-0.1765950787812472,-0.37386555131524773,-0.37584018893539906,-0.10204461868852377,-0.00869974587112643,0.5472252359613776,-0.09377946425229311
55,124,0.3563644627090903,2.1954938402952293,2.3048234774636587,0.9525648544292247,-0.3099266812205313,-0.7128387177363038,-0.075092762708664,-0.2789315115660429,-0.16774074640125036,0.18203031271696102,-0.07611460145562887,-0.5111402161419393
56,72,0.3032226566721665,1.7480727480976632,2.3048234774636587,0.7584410542456503,0.0873979227617383,0.19731594249606133,0.07466059364378408,0.5722100427374244,-0.4395653177052735,0.20592533238232136,-0.25882084481418133,-0.2310198694467544
56,80,0.2736201931301977,1.8544762187241088,2.3048234774636587,0.8046066160194038,0.24623421486467129,0.2860182020813228,0.4315376188606024,0.13750810641795397,0.06953273527324194,0.3567177737131715,0.043360743671655655,-0.3426523879170418
56,84,0.35837702319902603,1.668787925224497,2.3048234774636587,0.7240415335672099,-0.010589000768959328,0.04673400893807411,-0.050404783338308556,0.5491027617827057,0.33633959759026766,0.532405967824161,0.3323485925793648,-0.4626943049952388
56,104,0.4703923083303329,1.7651990353632276,2.3048234774636587,0.7658716828525799,0.11342589557170898,0.06786160729825519,0.4989659404382107,0.24514080211520162,-0.3925373591482638,0.7312183566391468,-0.14672931004315615,-0.8563436120748521
56,112,0.41511997038671405,2.2234667551437983,2.3048234774636587,0.964701538701181,0.20487928204238431,-0.08379448205232598,-0.12170359957963228,0.8084513265639544,0.14762758836150164,-0.16864045429974783,-0.3192724799737334,-0.7134605422616007
56,123,0.26408521774386523,1.5516457714811334,2.3048234774636587,0.6732167502860743,-0.1165533000603318,0.5188398594036696,0.03494541067630075,-0.029744795523584,-0.35972019284963597,-0.0989885739982127,0.23700976558029652,-0.2786963004618883
58,60,0.3416240612836149,1.9675663655223938,2.3048234774636587,0.8536733440808234,0.14915540069341632,0.14272284694015946,0.3778601121157406,0.2802061932161452,0.6381238773465155,-0.48349156975746166,0.10216829180717468,-0.13542722631245863
58,65,0.3249563751985062,0.7113856306422847,2.3048234774636587,0.3086508088789205,-0.25059355795383476,0.26270977128297085,0.1061279065906997,-0.3914080783724786,-0.07192082144320011,0.29214076418429613,-0.07557786162942648,0.6725067663937807
58,67,0.29892659209386496,2.144334539704557,2.3048234774636587,0.9303682302231181,0.1407019607722756,0.6406899699941274,-0.26835157722234737,-0.00820640381425608,0.45519099291414006,-0.03164551127702009,0.02147710043936968,-0.06192513182759285
58,68,0.3439405804189072,1.98494661299579,2.3048234774636587,0.8612141590904493,0.2929114457219835,0.16722900606691804,0.026389078237115893,-0.09922473412007093,0.5189883699640631,-0.3409055378288032,-0.35705835465341806,0.5558778764680028
58,70,0.30265767909795005,2.171139698028312,2.3048234774636587,0.9419982568112076,-0.12938795052468843,-0.1973314452916386,-0.09900550823658705,-0.23212191835045815,0.11641256324946869,0.09996619075536722,-0.6974995778873563,0.3215570924803616
58,71,0.4778760213473935,2.221174965493669,2.3048234774636587,0.9637071937231216,0.3975552096962925,0.4053730024024843,0.27515622414648516,0.390761730261147,0.7256232034415006,-0.1916487691923976,-0.2050680285319686,0.8190419161692262
58,72,0.29723764670937763,1.9713209789759178,2.3048234774636587,0.8553023683814852,0.47747628483921245,0.10080722719430901,-0.04994241334497973,0.17361788451671617,-0.020852540619671345,-0.10224449262022972,-0.41445142962038517,0.5033486690372229
58,75,0.46824378824758417,2.1396510248427583,2.3048234774636587,0.9283361809544459,0.3379756165668365,0.33116980362683524,0.695712891407311,-0.32025182247161854,0.2639075908809898,-0.5015907743945718,-0.2649215869605541,0.7430446688085794
58,76,0.34008093417576923,1.2800409165057924,2.3048234774636587,0.5553748167796401,0.21702136564999797,-0.14825010485947165,0.43198570981621714,-0.4092256836593151,0.20270328409969818,-0.18448830582201492,-0.6409703325480223,0.1269611371681093
58,79,0.32269889314857947,2.088343125952609,2.3048234774636587,0.9060750840019751,0.5830788230523465,0.5899242004379627,0.18255387153476443,0.07686201110482227,0.041906717233359814,-0.28714463021606207,-0.038311615586280795,-0.14204032067209482
58,84,0.34007222484052707,1.9692949611224833,2.3048234774636587,0.8544233345321492,0.3794893613085148,-0.0497747063636782,-0.17500779032707237,0.1505106035619974,0.7550523746758698,0.22423614282160997,0.17671800777316093,0.27167423348873854
58,85,0.3624617230905469,2.299591325990809,2.3048234774636587,0.9977299122800469,-0.09375055041164193,0.34784317854791846,0.4452152168378231,0.023380245082080253,0.08306665904819965,-0.0703304186463356,-0.3313386645168066,0.7751444960013032
58,88,0.29042872876246,2.0184550129246928,2.3048234774636587,0.8757525392555876,0.4390542097389695,-0.24900848977267753,0.15149275120347727,-0.07597630564123392,0.2967242803424597,0.45312775578349834,0.11893966887146235,0.2894439250230789
58,90,0.4270929351964965,2.2441470029268897,2.3048234774636587,0.9736741337763791,-0.048556707799434995,0.1524092163890599,-0.2240859316661955,-0.44276354648172855,0.8404370611533521,-0.2300468673929572,-0.29059239756315947,0.5862820651382208
58,92,0.31199377981492304,2.1980203691481006,2.3048234774636587,0.9536610463404818,0.1939200013875959,0.013713251799344794,0.6011637644842266,0.3413479058071971,0.07157397177070368,0.25424572918564087,-0.17022746335715055,0.4053030358627438
58,106,0.37753940581837653,1.7239270596235963,2.3048234774636587,0.747964899038902,-0.10520236194133781,0.1244907286018131,0.4988444289192556,-0.30179666355252266,0.6074554882943629,-0.13499636575579643,0.10717694740742445,0.6124397665262222
58,108,0.36763104366951627,1.9841141306494374,2.3048234774636587,0.860852967721786,0.2622767165303228,0.23206112906336762,-0.12121844198554732,0.4178798133507371,0.280614499002695,0.3488010950386524,-0.013311010785400867,0.7541073514148593
58,109,0.40642106376647147,2.2916022340703917,2.3048234774636587,0.9942636633466541,0.03922753967344761,0.566740182228386,0.2666075434535742,-0.4628532901406287,0.4216555096209048,-0.44488154258579016,-0.5208794018253684,0.25758563075214613
58,111,0.46924215918875695,2.092532598414633,2.3048234774636587,0.9078927817575682,0.616926437243819,0.46266662422567567,0.6420078370720146,-0.06481294985860586,-0.036127044819295406,0.2304624309763313,-0.6738463742658496,0.49191989656537766
58,112,0.41671255692826187,2.0739936889278447,2.3048234774636587,0.8998492549243596,0.5949576441198584,-0.1803031973540783,-0.2463066065683961,0.4098591683432461,0.5663403654471038,-0.4768102793022989,-0.47490306477993727,0.0209079962223766
58,113,0.3413289163464558,2.1050439892799093,2.3048234774636587,0.913321132773432,-0.30722969025373503,0.48307210672646733,0.3914984166622159,-0.2208238672465086,0.14481980446726084,0.3226085975766182,0.017528480850160122,0.526216845959425
58,114,0.3600745895473753,1.969699403818212,2.3048234774636587,0.8545988111791392,0.045577531680464634,0.21367733925580978,0.12927208375185717,0.2618153411895036,0.10224842652678479,0.20623845886439085,-0.5719627952203155,0.7239511981606483
58,115,0.40706157185027614,2.0952119617407945,2.3048234774636587,0.909055284375387,0.20515774562954886,0.6127724358811971,0.5170789323747156,-0.11917453724890947,0.742701794952154,-0.12604794465005398,-0.07953124213963747,0.22939218766987324
58,117,0.30929472479848824,1.8279052072860427,2.3048234774636587,0.7930781793743092,-0.05196644738316569,0.7203418901190157,-0.1343254279345274,0.10243695043027407,-0.08902182802557945,0.3886787835508585,-0.1933043198660016,0.13716257456690073
58,118,0.32220802134115145,1.9467075553363626,2.3048234774636587,0.844623275652596,-0.19384571723640032,-0.04123912937939167,0.6238649720326065,-0.37242030538618576,0.3295883694663643,0.006990698166191522,-0.36091684084385633,-0.1562834857031703
58,119,0.35728361003021214,0.9761422624233889,2.3048234774636587,0.4235214852538659,0.4659176617860791,0.37153440248221115,-0.009785817936062924,0.5007866388186814,0.5015736082568764,-0.16166140884160984,0.14713976439088583,0.34037026669830084
58,120,0.4655139499204551,1.845728185270824,2.3048234774636587,0.800811083069127,0.41692639235407086,0.1292252019047736,0.6724395174533129,0.09682849980890751,0.25006256252527226,-0.00979562010616064,-0.7685978077352048,0.654353603720665
58,124,0.25844397834452526,1.2314779922434276,2.3048234774636587,0.5343046893979954,0.16037802118807998,-0.11391249485313926,0.20911519229412068,-0.3314282763749361,-0.006703543476760387,-0.21642834041267633,-0.5419606566429138,0.03831148613244284
58,127,0.4059780867452416,2.069371425792942,2.3048234774636587,0.897843781108209,0.5147225549444554,0.6870067259296775,0.46743577253073426,0.18589418940246116,0.31028318405151356,-0.3171011023223399,-0.1451049130409956,0.3327026525512339
60,64,0.32607621336718884,2.0720398186814473,2.3048234774636587,0.8990015239525511,0.3852585349231958,-0.23236371390521526,0.09827535320073374,0.20941685512661914,0.1497388612478971,0.09916105121374152,-0.6858027623966336,0.3034715922549368
60,65,0.5578104781913947,1.7230867717177194,2.3048234774636587,0.7476003210510026,-0.3997489586472511,0.11998692434281139,-0.2717322055250409,-0.6716142715886237,-0.7100446987897157,0.7756323339417578,-0.17774615343660116,0.8079339927062392
60,69,0.4175810553226799,1.8262431030220152,2.3048234774636587,0.7923570376989144,-0.14058000221848527,0.35927211958914995,0.27269639819860475,-0.006236144341528582,-0.4469133401289581,0.9670685185119512,0.03320491034537554,0.18892981484532367
60,71,0.3955521516573944,1.377166031118878,2.3048234774636587,0.5975147531186984,0.24839980900287617,0.26265015546232484,-0.10270388796925545,0.11055553704500184,0.08749932609498501,0.29184280056506406,-0.3072363203391433,0.9544691424816848
60,73,0.3861828541292637,1.6717114064693506,2.3048234774636587,0.7253099522870984,-0.3232026929035781,0.5585058769211174,-0.0575432600453496,-0.4836685992777349,0.2314773676916957,0.681552023626864,-0.024676457047462463,0.14407768193632375
60,75,0.4443504820507422,1.8905366233832896,2.3048234774636587,0.8202522413836782,0.18882021587342018,0.18844695668667577,0.31785277929157035,-0.6004580156877637,-0.37421628646552574,-0.018099204637110122,-0.3670898787677288,0.8784718951210381
60,76,0.42831262738549664,2.049437069656744,2.3048234774636587,0.8891948080605486,0.06786596495658165,-0.2909729517996311,0.054125597700476535,-0.6894318768754604,-0.43542059324681737,0.29900326393544674,-0.743138624355197,0.26238836348056793
60,82,0.35634778128100314,2.054448335507778,2.3048234774636587,0.8913690595379539,-0.12191349361091858,-0.2998347878456116,0.30361649394035356,-0.4080859776586297,-0.7389698605984448,0.22302664536982775,-0.05953233316540718,0.2302771182730795
60,85,0.45654048620022214,0.6756865725924172,2.3048234774636587,0.2931619619459864,-0.24290595110505825,0.205120331607759,0.0673551047220825,-0.25682594813406495,-0.5550572182983159,0.41316115111112606,-0.4335069563239813,0.9105717223137618
60,89,0.4173029228186881,2.099195431332409,2.3048234774636587,0.910783603108064,-0.3005286324769256,0.27154204715043323,0.14775997586548334,-0.23297579493373632,-0.23161681182682525,0.10615645907819293,-0.4907970102503896,0.920420183800161
60,91,0.47041307110997566,1.410249709265371,2.3048234774636587,0.6118688580946248,0.15009296126663685,0.4089425215497613,0.022179482504725345,0.1499325055629014,-0.6259146044030786,0.554946515709162,-0.900329084135592,0.2173635298386215
60,92,0.4037440335343686,1.0868759730145767,2.3048234774636587,0.4715658199605935,0.04476460069417959,-0.12900959514081467,0.22330365236848598,0.06114171259105192,-0.5665499055758119,0.7377372989431026,-0.27239575516432524,0.5407302621752024
60,94,0.27150912891308354,1.682637099696414,2.3048234774636587,0.7300503123770983,-0.43734915181994477,-0.2490690518170594,-0.15124169457703823,-0.07207197230309259,-0.04678531922400003,0.42186941113322995,-0.11943164374679327,0.33753959834575664
60,98,0.27655888358311587,2.0534170411678088,2.3048234774636587,0.8909216090715503,-0.06527786795049922,-0.20867249369621244,-0.4192537255585194,-0.2681099474430086,-0.46437748055905104,0.12800631672143936,-0.20273143239319324,0.2080490170046686
60,100,0.29539739167492296,1.9984366805118015,2.3048234774636587,0.8670671311934828,0.16197201516479248,-0.34713623113930214,0.1695743259042502,-0.05028076935559511,-0.16597991716116672,0.6132034733891489,-0.3369365055114031,0.054413290694356076
60,102,0.3992865911106367,1.9213858600921188,2.3048234774636587,0.8336368832056963,-0.3197776870802043,0.0325646344572309,0.04509627260267751,0.0980663262307642,-0.6935561671853065,0.04637333191931248,0.07065864838659763,0.8199427202343942
60,106,0.3708292050693073,1.1189498518070706,2.3048234774636587,0.48548180055785367,-0.2543577626347541,-0.01823211833834637,0.12098431680351501,-0.5820028567686679,-0.030668389052152634,0.3484952040016652,0.005008655600249767,0.7478669928386807
60,109,0.41039404659982304,1.940551976656616,2.3048234774636587,0.8419525380711997,-0.10992786101996871,0.42401733528822655,-0.11125256866216643,-0.7430594833567739,-0.21646836772561073,0.0386100271716715,-0.6230476936325431,0.39301285706460476
60,110,0.3192379432138699,2.169000012248356,2.3048234774636587,0.9410699055509582,-0.4979005195200448,-0.2829066980630155,-0.373683945275843,-0.21398777980357425,0.24773509148508308,0.3913103099912406,-0.26844628248363733,0.12398179806768883
60,113,0.48905843960368034,1.2500977512474623,2.3048234774636587,0.5423832946300648,-0.45638509094715135,0.34034925978630787,0.0136383045464753,-0.5010300604626539,-0.4933040728792547,0.8061001673340799,-0.08463981095701456,0.6616440722718837
60,114,0.504203723252546,2.255906187233921,2.3048234774636587,0.978776122897026,-0.10357786901295168,0.07095449231565032,-0.24858802836388344,-0.01839085202664159,-0.5358754508197308,0.6897300286218525,-0.6741310870274901,0.859378424473107
60,115,0.2974433008824209,1.278327471582423,2.3048234774636587,0.554631399793427,0.05600234493613254,0.47004958894103765,0.13921882025897503,-0.3993807304650547,0.10457791760563848,0.3574436251074077,-0.18169953394681215,0.36481941398233186
60,117,0.5146674841289886,2.0856881836185046,2.3048234774636587,0.9049231769860738,-0.201121848076582,0.5776190431788563,-0.512185540050268,-0.17776924278587114,-0.727145705372095,0.8721703533083202,-0.2954726116731763,0.27258980087935936
60,118,0.3854512536984643,1.3101826848361044,2.3048234774636587,0.5684525073815605,-0.34300111792981663,-0.18396197631955113,0.24600485991686594,-0.6526264986023309,-0.30853550788015127,0.4904822679236532,-0.463085132651031,-0.020856259390711673
60,119,0.29627784135741947,1.9935149008035766,2.3048234774636587,0.8649317053110456,0.31676226109266276,0.22881155554205168,-0.38764593005180353,0.22058044560253617,-0.1365502690896392,0.3218301609158518,0.04497147258371115,0.47579749301075946
60,120,0.49361608199866813,1.7865154070761076,2.3048234774636587,0.7751202747388174,0.26777099166065454,-0.013497645035385863,0.29457940533757226,-0.1833776934072377,-0.3880613148212433,0.473695949651301,-0.8707660995423795,0.7897808300331236
60,125,0.3423960997870429,1.7805401923811042,2.3048234774636587,0.7725277921676234,-0.023777184076607505,0.1411455059424045,0.21515195909887563,0.007347220554947603,0.21438339818269014,0.5926127787679435,-0.1521856728941202,0.6713704876601698
60,127,0.3283020269796282,1.8006720216656202,2.3048234774636587,0.7812624434245908,0.3655671542510391,0.5442838789895179,0.08957566041499365,-0.09431200381368404,-0.327840693295002,0.16639046743512176,-0.24727320484817028,0.4681298788636925
61,65,0.28061853402274445,2.2542631857916904,2.3048234774636587,0.9780632694146246,-0.3715850058943033,-0.2947359550744294,0.33871954213827815,-0.30255652591586113,-0.13226656801998604,-0.017622105777263586,0.2990603921934962,0.3025159696117043
61,67,0.28085176616124446,1.4929843690968336,2.3048234774636587,0.6477651688708878,0.019710512831807026,0.08324424363672718,-0.035759941674768925,0.08064514864236139,0.3948452463373541,-0.34140838123857986,0.3961153542622924,-0.4319159286096692
61,70,0.3210322152834469,1.756145225617387,2.3048234774636587,0.7619434819146913,-0.250379398465157,-0.7547771716490388,0.1335861273109914,-0.14327036589384068,0.05606681667268276,-0.20979667920619252,-0.3228613240644336,-0.048433704301714786
61,104,0.374773877629313,1.9937529058795596,2.3048234774636587,0.8650349692175053,0.38251280970871454,-0.5860928343608973,0.6069545689970253,-0.06459980364888918,-0.03417032863944758,0.11328566167503594,0.07227835897356272,-0.49196587037295114
61,107,0.2589316925293327,1.746937755361569,2.3048234774636587,0.757948611875468,0.23880629986524554,0.15232582017779345,0.3477489938959476,0.4102499121800067,0.1566564328968526,-0.27037088945508003,-0.010128249414265156,-0.2629729574546218
61,108,0.30065814038339117,2.009847705666079,2.3048234774636587,0.8720180635602578,0.14128526858985424,-0.3253845972940326,0.11137319356203113,0.5067313658073546,0.22026875242590904,0.03903822507709265,0.36132724303752184,0.38411655463278294
61,114,0.26326665736533156,2.084630908435499,2.3048234774636587,0.9044644541409868,-0.07541391626000393,-0.3437683871015904,0.3618637192994356,0.3506668936461211,0.041902679949998856,-0.1035244110971689,-0.19732454139739275,0.353960401378572
61,119,0.3938440832004909,2.2521950618447706,2.3048234774636587,0.9771659668805514,0.3449262138456105,-0.18591132387518908,0.22280581761151552,0.5896381912752988,0.4412278616800904,-0.4714242788031696,0.5217780182138085,-0.02962053008377552
62,86,0.2960694656733034,1.7874621187831048,2.3048234774636587,0.7755310271093369,0.011830172501504532,0.3135912921279669,-0.30280684493482113,0.13569230493158094,-0.0857378114014864,-0.6750743305310607,0.0738249160349369,-0.15539223700761792
62,94,0.27036826310615975,1.7856946611448534,2.3048234774636587,0.7747641754803365,-0.04519899934530325,0.12903917767107487,-0.27676258329302084,-0.17347692139446744,0.34797927085310204,-0.2689880160614847,0.2874415786936879,-0.42818146385252476
62,97,0.38353869131701634,2.1729012126493337,2.3048234774636587,0.9427625299272382,-0.025385609827935696,0.8685163678601384,0.21454492118209603,0.1478305468335746,-0.11194117087870847,-0.46024057921022166,-0.14901385456323624,-0.32773399632424116
62,102,0.3383751748572677,1.90357352451712,2.3048234774636587,0.8259085969620138,0.0723724653944372,0.4106728639453652,-0.08042461611330506,-0.0033386228606106516,-0.2987915771082045,-0.6444840952754022,0.4775318708270788,0.05422165803611284
62,110,0.40349258489184864,2.225707522810187,2.3048234774636587,0.9656737466330676,-0.1057503670454033,0.09520153142511878,-0.4992048339918256,-0.31539272889494907,0.6424996815621852,-0.29954711720347404,0.13842693995684385,-0.6417392641305926
62,125,0.33103714520341515,2.146003409014085,2.3048234774636587,0.9310923070671134,0.368372968398034,0.5192537354305388,0.08963107038289306,-0.09405772853642724,0.6091479882597922,-0.09824464842677116,0.25468754954636097,-0.0943505745381116
63,104,0.3832136915762571,2.172033424525177,2.3048234774636587,0.9423860203452066,-0.03905783034861056,-0.44100740645080794,0.2314393054693939,0.08417620509862866,-0.5763949267566203,0.5385085223242642,0.4791515888646245,-0.25758542213588975
64,71,0.33949330535433375,1.833248172188783,2.3048234774636587,0.7953963460169972,-0.1368587259203196,0.4950138693675401,-0.2009792411699892,-0.0988613180816173,-0.0622395351529121,0.19268174935132254,0.37856644205749035,0.650997550226748
64,85,0.4785235943898785,2.2457039075054674,2.3048234774636587,0.9743496321795327,-0.628164486028254,0.43748404551297426,-0.03092024847865124,-0.4662428032606841,-0.704796079546213,0.31400009989738453,0.25229580607265234,0.607100130058825
64,89,0.4310624857257753,2.290540628215904,2.3048234774636587,0.9938030615414105,-0.6857871674001214,0.5039057610556485,0.049484622664749595,-0.44239265006035544,-0.38135567307472235,0.006995407864451408,0.19500575214624405,0.6169485915452242
64,91,0.40907217174972144,2.2848902901856825,2.3048234774636587,0.9913515340880198,-0.23516557365655893,0.6413062354549766,-0.0760958706960084,-0.05948434956371773,-0.7756534656509757,0.4557854644954204,-0.21452632173895836,-0.0861080624163153
64,94,0.4004929000392658,1.7706558325653774,2.3048234774636587,0.7682392382230913,-0.8226076867431406,-0.016705337911844143,-0.24951704777777198,-0.2814888274297117,-0.19652418047189713,0.32270835991948843,0.5663711186498404,0.034068006090819836
64,100,0.2922352780495911,2.125445377913209,2.3048234774636587,0.9221727384745985,-0.2232865197584033,-0.11477251723408688,0.07129897270351646,-0.25969762448221423,-0.3157187784090638,0.5140424221754074,0.34886625688523054,-0.24905830156058073
64,110,0.4309725978933024,1.2953802440921303,2.3048234774636587,0.5620301323542706,-0.8831590544432406,-0.05054298415780023,-0.4719592984765767,-0.4234046349301934,0.09799623023718597,0.2921492587774991,0.4173564799129963,-0.17948979418724798
64,116,0.27717066845883315,1.8121601656759072,2.3048234774636587,0.7862468355581389,-0.18486437574028958,0.16028778813779376,-0.22681584767997273,-0.5100881028920412,0.014156026765704197,0.0753350732848046,-0.11772646196186554,0.47260029148310423
64,125,0.3586575584701802,2.0256238997642124,2.3048234774636587,0.8788629235907076,-0.4090357189998033,0.37350921984761976,0.11687660589814189,-0.20206963457167154,0.06464453693479304,0.49345172755420197,0.5336170895025134,0.36789889540523296
65,67,0.4351083078633119,1.7208310364843633,2.3048234774636587,0.7466216191003272,0.39129551872611035,0.37798019871115657,-0.3744794838130471,0.3832016745582225,0.5271118143573401,-0.3237862754613162,0.09705496206879616,-0.7344318982213736
65,68,0.39354137518388893,1.8919846049203104,2.3048234774636587,0.8208804810519995,0.5435050036758182,-0.09548076521605281,-0.07973882835358381,0.29218334425240766,0.5909091914072632,-0.6330463020130993,-0.2814804930239916,-0.11662888992577786
65,70,0.3309330264775093,2.2208262228457167,2.3048234774636587,0.9635558838066086,0.12120560742914632,-0.46004121657460945,-0.20513341482728675,0.15928616002202045,0.1883333846926688,-0.19217457342892894,-0.6219217162579298,-0.3509496739134191
65,71,0.49864552061958645,1.902318980640582,2.3048234774636587,0.8253642846149708,0.6481487676501272,0.14266323111951346,0.16902831755578546,0.7821698086336256,0.7975440248847007,-0.4837895333766937,-0.12949016690254211,0.14653514977544552
65,72,0.3875415897594116,1.9615253231156122,2.3048234774636587,0.8510523006621623,0.7280698427930472,-0.16190254408866184,-0.15607031993567944,0.5650259628891947,0.05106828082352877,-0.39438525680452585,-0.3388735679909587,-0.16915809735655774
65,73,0.4526048390204541,2.0788189053664405,2.3048234774636587,0.9019427846396616,0.07654626574367296,0.43851895257830603,0.2141889454796913,0.18794567231088888,0.9415220664814113,-0.0940803103148938,0.1530696963891387,-0.6638563107699156
65,75,0.4311889429469713,1.8284981449314313,2.3048234774636587,0.7933354388352555,0.5885691745206713,0.06846003234386439,0.5895849848166113,0.07115625590086005,0.3358284123241899,-0.7937315385788679,-0.18934372533112764,0.07053790241479879
65,76,0.4204067763809436,1.3947497178221866,2.3048234774636587,0.6051438348575996,0.4676149236038327,-0.4109598761424425,0.32585780322551744,-0.017817605286836513,0.2746241055428983,-0.47662907000631105,-0.5653924709185958,-0.5455456292256713
65,79,0.5050495932560543,1.8239606446423944,2.3048234774636587,0.791366741304445,0.8336723810061812,0.3272144291549918,0.07642596494406473,0.46827008947730087,0.11382753867655993,-0.5792853944003582,0.037266246043145684,-0.8145470870658755
65,84,0.47172287967642923,2.037645796836877,2.3048234774636587,0.8840788966099923,0.6300829192623496,-0.31248447764664905,-0.28113569691777207,0.541918681934476,0.8269731961190699,-0.06790462136268618,0.2522958694025874,-0.4008325329050421
65,85,0.26225740042384543,1.9814035752735264,2.3048234774636587,0.8596769317249234,0.15684300754219282,0.08513340726494761,0.3390873102471234,0.41478832345455885,0.15498748049139977,-0.36247118283063173,-0.2557608028873801,0.10263772960752253
65,88,0.38493749934282884,2.2696388447510802,2.3048234774636587,0.9847343481804093,0.6896477676928043,-0.5117182610556483,0.045364844612777566,0.3154317727312447,0.3686451017856598,0.16098699159920218,0.19451753050088882,-0.38306284137070173
65,90,0.40672571264136687,2.051830755455087,2.3048234774636587,0.8902333629962078,0.20203685015439976,-0.11030055489391094,-0.3302138382568952,-0.05135546810924996,0.9123578825965523,-0.5221876315772533,-0.215014535933733,-0.08622470125555987
65,91,0.5091444205674959,2.005724013824894,2.3048234774636587,0.8702289062206584,0.549841919913888,0.28895559720694985,0.29391168802976625,0.8215467771515252,0.0841300943866371,-0.2206858182325959,-0.7225829306989908,-0.5905704628676178
65,92,0.37814788346935496,2.0344996933192303,2.3048234774636587,0.8827138881620965,0.44451355934143066,-0.24899651948362606,0.4950358578935269,0.7327559841796757,0.1434947932139038,-0.03789503499865529,-0.09464960172772408,-0.26720373053103685
65,98,0.39444967210432563,0.8775990015012054,2.3048234774636587,0.3807662539375721,0.33447109069675185,-0.3286594180390238,-0.14752152003347851,0.4035043241456152,0.24566721823066462,-0.6476260172203184,-0.024985278956592083,-0.5998849757015707
65,106,0.33232236588115444,1.553335317271072,2.3048234774636587,0.6739497980905846,0.14539119601249695,-0.13821904268115776,0.3927165223285559,0.08961141481995594,0.679376309737563,-0.42713712994009256,0.18275480903685093,-0.06006699986755848
65,107,0.45323146915673274,2.0368385190080396,2.3048234774636587,0.8837286407935575,0.6103913057595489,0.4470617752522228,0.009029451757669449,0.7128064380958679,0.28892300091683865,-0.2527487836778165,-0.3091886416077614,-0.5654889270663261
65,108,0.372262654765481,1.7483305681879393,2.3048234774636587,0.7585529153459892,0.5128702744841576,-0.030648642219603228,-0.22734634857624703,0.8092878917232157,0.3525353204458951,0.05666033085435623,0.06226685084402561,0.08160058502107863
65,109,0.41300141908172966,1.8442888442960577,2.3048234774636587,0.800186592304936,0.28982109762728236,0.30403041094541516,0.16047963686287448,-0.07144521176815011,0.4935763310641049,-0.7370223067700863,-0.4453015401959419,-0.4149211356416345
65,111,0.4446947836672745,1.8035144634961493,2.3048234774636587,0.7824957013544592,0.8675199951976538,0.19995685294270482,0.5358799304813149,0.32659512851387273,0.035793776623904705,-0.06167833320796487,-0.5982685126364231,-0.180586869828403
65,112,0.6383730529208402,2.1329424193739777,2.3048234774636587,0.9254255001433657,0.8455512020736932,-0.44301296863704914,-0.3524345131590958,0.8012672467157247,0.6382611868903039,-0.768951043486595,-0.3993252031505108,-0.6515987701714041
65,114,0.3170403458906954,1.701651043402918,2.3048234774636587,0.7382999435928597,0.2961710896342994,-0.049032432027161066,0.023144177161157464,0.6532234195619822,0.1741692479699849,-0.08590230531990531,-0.496384933590889,0.05144443176686769
65,115,0.4483445841096519,1.5881365329631962,2.3048234774636587,0.6890490957298213,0.4557513035833836,0.3500626645982262,0.41095102578401593,0.2722335411235691,0.8146226163953542,-0.4181887088343501,-0.003953380510210991,-0.4431145787239074
65,117,0.32799496187109445,1.3700443926381738,2.3048234774636587,0.5944248685568919,0.19862711057066906,0.4576321188360449,-0.2404533345252271,0.49384502880275266,-0.01710100658237934,0.09653801936656235,-0.11772645823657513,-0.53534419182688
65,118,0.41455537351184596,1.7887235748863235,2.3048234774636587,0.7760783384828772,0.05674784071743444,-0.3039489006623625,0.5177370654419068,0.01898777298629284,0.4015091909095644,-0.28515006601810466,-0.28533897921442986,-0.828790252096951
65,119,0.5036651419589767,0.5916346520410345,2.3048234774636587,0.25669412769610384,0.7165112197399138,0.1088246311992403,-0.11591372452676263,0.89219471719116,0.5734944297000765,-0.453802173025906,0.2227176260203123,-0.3321364996954798
65,120,0.4606964664937891,1.5287219438222213,2.3048234774636587,0.6632707271380723,0.6675199503079057,-0.13348456937819725,0.5663116108626132,0.4882365781813861,0.32198338396847237,-0.30193638429045677,-0.6930199461057783,-0.018153162673115647
65,124,0.388516138719228,1.423976559584759,2.3048234774636587,0.6178245637933943,0.41097157914191473,-0.3766222661361101,0.10298728570342097,0.05997980199754249,0.06521727796643972,-0.5085691045969725,-0.46638279501348734,-0.6341952802613378
65,127,0.483103811454568,1.4840554773157206,2.3048234774636587,0.6438911664284366,0.7653161128982902,0.4242969546467066,0.36130786594003456,0.5773022677749398,0.38220400549471367,-0.609241866506636,-0.06952705141156912,-0.3398041138425468
66,121,0.27001879373744486,2.1762795323824897,2.3048234774636587,0.9442282906530329,-0.23134393151849497,0.48900359217077466,-0.31676767207682127,-0.1525202812626958,0.20132804010063415,-0.006225338205695097,0.22555003594607115,-0.27493256703019153
67,68,0.3477015457375983,1.5379645589622957,2.3048234774636587,0.6672808455833449,0.15220948494970793,-0.4734609639272094,0.29474065545946326,-0.09101833030581485,0.063797377049923,-0.3092600265517831,-0.37853545509278774,0.6178030082955956
67,70,0.4541645140046629,2.26245018248776,2.3048234774636587,0.9816153838286442,-0.270089911296964,-0.838021415285766,0.16934606898576032,-0.22391551453620206,-0.33877842966467137,0.1316117020323873,-0.718976678326726,0.3834822243079544
67,72,0.39160291930518437,2.112701110623572,2.3048234774636587,0.9166433487342347,0.33677432406693686,-0.5398827427998184,0.21840916387736764,0.18182428833097225,-0.4760435335338114,-0.07059898134320963,-0.43592853005975485,0.5652738008648157
67,79,0.28611702958018054,1.952303484349994,2.3048234774636587,0.8470511965187048,0.44237686228007084,-0.05076576955616473,0.4509054487571118,0.08506841491907835,-0.41328427568078024,-0.255499118939042,-0.059788716025650473,-0.08011518884450197
67,84,0.32757548518638235,2.1748563192974024,2.3048234774636587,0.9436107973399861,0.2387874005362392,-0.6904646763578056,0.093343786895275,0.1587170073762535,0.2998613817617297,0.25588165409863006,0.15524090733379126,0.3335993653163314
67,90,0.38248756002233786,1.7376454687975036,2.3048234774636587,0.7539169423550364,-0.1892586685717106,-0.4882807536050675,0.04426564555615187,-0.4345571426674725,0.3852460682392121,-0.19840135611593712,-0.31206949800252914,0.6482071969658136
67,98,0.3105580888307112,1.9994480376577701,2.3048234774636587,0.867505931455567,-0.0568244280293585,-0.7066396167501804,0.22695796377956856,0.020302649587392696,-0.28144459612667555,-0.3238397417590022,-0.12204024102538824,0.13454692251980283
67,104,0.434898422084534,2.240377907778964,2.3048234774636587,0.9720388262637737,0.3628022968769075,-0.6693370779976245,0.6427145106717942,-0.14524495229125056,-0.4290155749768017,0.45469404291361576,-0.32383699528872967,-0.06004994176328193
67,107,0.2654829234245557,1.8627095854910078,2.3048234774636587,0.8081788491415512,0.21909578703343852,0.06908157654106625,0.3835089355707165,0.32960476353764534,-0.23818881344050152,0.07103749178349977,-0.40624360367655754,0.16894297115504742
67,108,0.39167770132048374,1.7366333694665996,2.3048234774636587,0.7534778200791657,0.12157475575804721,-0.4086288409307598,0.14713313523680005,0.4260862171649932,-0.17457649391144509,0.3804466063156725,-0.034788111224770546,0.8160324832424521
67,109,0.36687481353542484,1.7000189754522463,2.3048234774636587,0.7375918338540316,-0.10147442109882798,-0.07394978776574139,0.5349591206759216,-0.4546468863263726,-0.033535483293235246,-0.41323603130877007,-0.5423565022647381,0.319510762579739
67,112,0.4358071906347594,2.0304236064652805,2.3048234774636587,0.8809453853271483,0.4542556833475828,-0.8209931673482057,0.02204497065395128,0.4180655721575022,0.11114937253296375,-0.4451647680252788,-0.49638016521930695,0.08283312804996945
67,114,0.44347132328035077,2.1931646948500716,2.3048234774636587,0.9515543017912756,-0.09512442909181096,-0.42701263073831763,0.39762366097420454,0.2700217450037597,-0.35294256638735527,0.23788397014141094,-0.5934398956596851,0.7858763299882412
67,115,0.3203107271817137,2.281505453568233,2.3048234774636587,0.989882945863999,0.06445578485727327,-0.02791753411293031,0.7854305095970631,-0.1109681334346534,0.28751080203801394,-0.09440243337303389,-0.10100834257900715,0.2913173194974661
67,117,0.2811311048816166,1.5458645364827792,2.3048234774636587,0.670708430210857,-0.19266840815544128,0.07965192012488832,0.13402614928781997,0.11064335424453015,-0.5442128209397195,0.4203242948278786,-0.21478142030537128,0.19908770639449358
67,119,0.295978950781269,1.5167503757960665,2.3048234774636587,0.6580765905184085,0.3252157010138035,-0.26915556751191627,0.25856575928628445,0.5089930426329374,0.0463826153427363,-0.13001589756458976,0.12566266395151615,0.4022953985258937
67,120,0.5493001272782472,2.2807564710968062,2.3048234774636587,0.989557982812056,0.27622443158179527,-0.5114647680893538,0.9407910946756602,0.10503490362316359,-0.2051284303888678,0.021849891170859448,-0.7900749081745745,0.7162787355482578
67,123,0.32466178079209285,1.9651695981337898,2.3048234774636587,0.8526334521272576,0.13282310124486674,-0.21835882589221006,0.1786939809098843,-0.4201305499300362,-0.39619840867817385,-0.3755128877237437,0.05990208033472301,0.5175973698496819
67,127,0.3547989807687522,1.8351911089985722,2.3048234774636587,0.796239333269074,0.3740205941721798,0.04631675593555003,0.7357873497530816,0.19410059321671724,-0.1449078088626265,-0.2854555910453198,-0.16658201348036528,0.39462778437882673
68,76,0.3071998080241012,2.2233497146110155,2.3048234774636587,0.964650758008461,-0.07589008007198556,-0.3154791109263897,0.40559663157910125,-0.3100009495392442,-0.3162850858643649,0.15641723200678825,-0.2839119778946042,-0.4289167392998935
68,79,0.3770690836646471,2.1033978349711147,2.3048234774636587,0.9126069113482813,0.2901673773303629,0.42269519437104464,0.15616479329764854,0.1760867452248932,-0.47708165273070324,0.053760907612741105,0.31874673906713724,-0.6979181971400976
68,84,0.3350960745680991,1.6367358564303558,2.3048234774636587,0.7101350157329621,0.08657791558653127,-0.21700371243059624,-0.20139686856418826,0.24973533768206835,0.23606400471180675,0.5651416806504131,0.533776362426579,-0.28420364297926426
68,98,0.2583082321037813,1.676204396431392,2.3048234774636587,0.7272593380018716,-0.20903391297906643,-0.233178652822971,-0.0677826916798947,0.11132097989320755,-0.34524197317659855,-0.014579715207219124,0.2564952140673995,-0.4832560857757928
68,104,0.4323930625438665,2.052363399377212,2.3048234774636587,0.8904644626562611,0.21059281192719959,-0.19587611407041516,0.347973855212331,-0.05422662198543571,-0.4928129520267247,0.7639540694653989,0.054698459804058075,-0.6778529500588776
68,108,0.3507672459727817,1.8523221687558034,2.3048234774636587,0.8036720325298794,-0.030634729191660715,0.06483212299644958,-0.1476075202226632,0.517104547470808,-0.23837387096136808,0.6897066328674556,0.3437473438680172,0.1982294749468565
68,109,0.26220117192459247,1.6304229775025418,2.3048234774636587,0.7073960298672155,-0.2536839060485359,0.399511176161468,0.2402184652164583,-0.36362855602055777,-0.09733286034315825,-0.10397600475698698,-0.16382104717195034,-0.29829224571585666
68,112,0.32907680588012334,1.914987463566608,2.3048234774636587,0.8308607935883899,0.30204619839787494,-0.34753220342099633,-0.272695684805512,0.509083902463317,0.047351995483040754,-0.13590474147349574,-0.1178447101265192,-0.5349698802456262
68,117,0.44658128907071176,2.1014438265605464,2.3048234774636587,0.9117591204308101,-0.3448778931051492,0.5531128840520977,-0.1607145061716433,0.201661684550345,-0.6080101979896425,0.7295843213796617,0.16375403478741646,-0.41871530190110207
68,119,0.3094521613651239,1.6114053064291884,2.3048234774636587,0.6991447814487113,0.17300621606409555,0.2043053964152931,-0.03617489617317882,0.6000113729387523,-0.0174147617071867,0.17924412898719333,0.5041981190443039,-0.21550760976970196
68,120,0.3228116893960981,2.2149157619238853,2.3048234774636587,0.9609914961302319,0.12401494663208734,-0.03800380416214444,0.646050439216197,0.19605323392897844,-0.2689258074387908,0.33110991772264253,-0.41153945308178674,0.09847572725266221
68,123,0.2751110738030096,1.838807247083504,2.3048234774636587,0.7978082768867913,-0.019386383704841192,0.2551021380349993,-0.11604667454957895,-0.3291122196242213,-0.45999578572809685,-0.06625286117196061,0.43843753542751074,-0.10020563844591379
68,124,0.3118139189027629,2.143199728697225,2.3048234774636587,0.9298758667000856,-0.13253342453390354,-0.2811415009200573,0.18272611405700478,-0.23220354225486517,-0.5256919134408234,0.12447719741612684,-0.18490230198949575,-0.51756639033556
68,127,0.302910874081889,2.0582242108595343,2.3048234774636587,0.8930073087959455,0.22181110922247188,0.5197777198627593,0.44104669429361837,0.2851189235225321,-0.2087051859125495,0.023804435506463273,0.21195344161242247,-0.22317522391676892
69,71,0.4688662030487655,1.9555749637712696,2.3048234774636587,0.8484706021492286,0.38897981122136144,-0.09662196412682511,-0.3754002861678602,0.11679168138653043,0.5344126662239431,-0.675225717946887,-0.3404412306845188,0.7655393276363611
69,73,0.3458938973774685,2.0285302977590245,2.3048234774636587,0.8801239303546661,-0.18262269068509285,0.19923375733196746,-0.33023965824395435,-0.47743245493620634,0.6783907078206538,-0.2855164948850871,-0.057881367392838,-0.04485213290899992
69,82,0.39471743228570816,2.2602788933768485,2.3048234774636587,0.980673320745661,0.01866650860756669,-0.6591069074347615,0.03092009574174881,-0.4018498333171011,-0.2920565204694867,-0.7440418731421234,-0.09273724351078272,0.04134730342775583
69,85,0.38669903498649516,1.266629627386165,2.3048234774636587,0.5495560244726536,-0.10232594888657298,-0.15415178798139095,-0.20534129347652225,-0.25058980379253637,-0.10814387816935778,-0.553907367400825,-0.4667118666693568,0.7216419074684381
69,86,0.46321679688542394,1.844497164392664,2.3048234774636587,0.8002769767090535,-0.23973997775465172,-0.42378905694931734,-0.4499823544174433,0.24333339836448437,-0.033589061349630356,-0.9512854218482971,-0.3662532167509198,0.4213990103453398
69,89,0.46063522044928495,1.1742224374834764,2.3048234774636587,0.5094630668964066,-0.1599486302584403,-0.08773007243871672,-0.1249364223331214,-0.22673965059220774,0.21529652830213286,-0.8609120594337583,-0.5240019205957651,0.7314903689548373
69,91,0.39501352597090356,1.701607287945747,2.3048234774636587,0.738280959294236,0.2906729634851221,0.049670401960611316,-0.2505169156938794,0.15616864990443,-0.17900126427412044,-0.4121220028027892,-0.9335339944809675,0.02843371499329783
69,92,0.26547413039604334,1.6293776871193322,2.3048234774636587,0.7069425068996519,0.18534460291266486,-0.4882817147299646,-0.04939274583011875,0.0673778569325805,-0.11963656544685375,-0.2293312195688486,-0.3056006655097008,0.35180044732987875
69,94,0.37830808492050116,1.8826370414806757,2.3048234774636587,0.8168248284039619,-0.2967691496014595,-0.6083411714062094,-0.423938092775643,-0.06583582796156401,0.4001280209049581,-0.5451991073787212,-0.1526365540921688,0.14860978350043297
69,102,0.4343994120699588,0.9495185377877511,2.3048234774636587,0.4119701777910767,-0.17919768486171905,-0.32670748513191905,-0.22760012559592724,0.10430247057229278,-0.24664282705634843,-0.9206951865926387,0.037453738041222095,0.6310129053890705
69,106,0.41519231893860814,2.104451054114764,2.3048234774636587,0.9130638743885955,-0.11377776041626886,-0.3775042379274963,-0.15171208139508974,-0.5757667124271393,0.4162449510768055,-0.6185733145102859,-0.02819625474512577,0.5589371779933572
69,113,0.29099658539371365,2.0022665513170717,2.3048234774636587,0.8687288076050251,-0.3158050887286661,-0.018922859802842085,-0.25905809365212945,-0.4947939161211252,-0.04639073275029659,-0.16096835117787128,-0.1178447213023901,0.47271425742656
69,115,0.3493210174068036,2.094196823878944,2.3048234774636587,0.9086148437638709,0.1965823471546178,0.11077746935188768,-0.13347757793962972,-0.3931445861235261,0.5514912577345966,-0.6096248934045434,-0.2149044442921877,0.1758895991370082
69,118,0.40174734002996965,2.2550420214515303,2.3048234774636587,0.97840118495022,-0.20242111571133137,-0.5432340959087011,-0.026691538281738814,-0.6463903542608024,0.13837783224880684,-0.47658625058829795,-0.49629004299640656,-0.20978607423603535
69,125,0.3371511412647287,1.0755535221297174,2.3048234774636587,0.4666533175518108,0.11680281814187776,-0.21812661364674546,-0.0575444390997291,0.013583364896476186,0.6612967383116483,-0.37445573974400764,-0.18539058323949573,0.4824406728148461
70,90,0.3636000695685365,2.163131411542107,2.3048234774636587,0.9385236798796077,0.08083124272525344,0.3497406616806985,-0.12508042342960846,-0.2106416281312704,0.7240244979038835,-0.33001305814832443,0.4069071803241968,0.2647249726578592
70,98,0.30715022102866013,1.962853000389429,2.3048234774636587,0.8516283435942127,0.21326548326760553,0.13138179853558563,0.05761189479380824,0.24421816412359476,0.057333833537995815,-0.4554514437913895,0.5969364373013377,-0.2489353017881516
70,101,0.25266883231540144,2.1748293085699086,2.3048234774636587,0.9435990781225458,0.10009561385959431,0.579513187520206,0.25885053537785985,0.08526698220521212,0.24652027990669,-0.13778393995016808,-0.02970037143677473,0.09982390329241742
70,104,0.3749424596848707,1.4778692776762588,2.3048234774636587,0.6412071432483754,0.6328922081738715,0.16868433728814147,0.4733684416860339,0.0786705622449515,-0.09023714531213034,0.32308234088122845,0.3951396830379963,-0.44353216607123636
70,107,0.44328397921901963,2.242479522257719,2.3048234774636587,0.972950659425534,0.48918569833040254,0.9071029918268323,0.2141628665849562,0.5535202780738474,0.10058961622416984,-0.06057421024888754,0.3127330746501684,-0.214539253152907
70,108,0.43371500826045417,1.6760403076253039,2.3048234774636587,0.72718814434748,0.39166466705501124,0.4293925743550062,-0.022212933748960273,0.6500017317011952,0.16420193575322628,0.24883490428328517,0.6841885671019554,0.4325502589344977
70,112,0.45191938458118175,1.8754634625660627,2.3048234774636587,0.8137124083055224,0.7243455946445468,0.017028247937560304,-0.14730109833180904,0.6419810866937042,0.4499278021976351,-0.5767764700576661,0.22259651310741901,-0.30064909625798497
70,114,0.29257493359204306,1.6681927515392103,2.3048234774636587,0.7237833039495813,0.17496548220515307,0.4110087845474484,0.22827759198844422,0.49393725953996176,-0.014164136722683907,0.10627226810902363,0.12553678266704082,0.4023941056802868
70,120,0.3959407884935832,2.083948166713549,2.3048234774636587,0.9041682311422948,0.5463143428787594,0.3265566471964122,0.7714450256898999,0.32895041815936565,0.13364999927580357,-0.10976181086152786,-0.07109822984784853,0.3327965112403034
71,73,0.45806374901294,0.8561345387480184,2.3048234774636587,0.37145340939087923,-0.5716025019064543,0.2958557214587926,0.04516062792390585,-0.5942241363227367,0.14397804159671068,0.38970922306179995,0.2825598632916808,-0.810391460545361
71,75,0.3553286170411559,2.213257744904331,2.3048234774636587,0.9602721277986586,-0.05957959312945599,-0.07420319877564907,0.4205566672608258,-0.7110135527327656,-0.46171561256051075,-0.3099420052021742,-0.05985355842858553,-0.07599724736064672
71,85,0.32673547387887686,1.2580899856979846,2.3048234774636587,0.5458509070214994,-0.4913057601079344,-0.05752982385456584,0.17005899269133795,-0.36738148517906677,-0.6425565443933009,0.12131835054606199,-0.126270635984838,-0.04389742016792298
71,89,0.28576997045400193,1.655604683811732,2.3048234774636587,0.7183216849359939,-0.5489284414798017,0.008891891688108389,0.2504638638347388,-0.3435313319787382,-0.31911613792181026,-0.18568634148687113,-0.1835606899112463,-0.0340489586815238
71,90,0.4004937326123214,2.170595211519922,2.3048234774636587,0.9417620189762003,-0.4461119174957275,-0.2529637860134244,-0.49924215581268067,-0.8335252767428756,0.11481385771185161,-0.038398098200559616,-0.08552436903119087,-0.23275985103100538
71,91,0.4361018812110933,0.9202460925312386,2.3048234774636587,0.3992696627439437,-0.09830684773623932,0.14629236608743643,0.12488337047398079,0.03937696851789957,-0.7134139304980636,0.26310371514409786,-0.5930927637964487,-0.7371056126430633
71,92,0.3712450888398381,1.7484290735063521,2.3048234774636587,0.7585956541150863,-0.20363520830869658,-0.3916597506031395,0.32600754033774143,-0.04941382445394993,-0.6540492316707969,0.44589449837803846,0.03484056517481804,-0.41373888030648237
71,94,0.3902929756303614,1.8824650706953332,2.3048234774636587,0.8167502149738992,-0.6857489608228209,-0.5117192072793842,-0.048537806607782785,-0.18262750934809444,-0.13428464531898504,0.1300266105681659,0.18780467659235,-0.6169295441359282
71,100,0.42688112955696755,2.013269114357155,2.3048234774636587,0.8735025194088424,-0.08642779383808369,-0.609786386601627,0.27227821387350565,-0.16083630640059696,-0.25347924325615173,0.3213606728240848,-0.029700185172259808,-0.9000558517873287
71,102,0.39194559430721826,2.2009453275258006,2.3048234774636587,0.9549301059479962,-0.5681774960830805,-0.23008552100509394,0.14780016057193296,-0.01248921081423765,-0.7810554932802916,-0.2454694686457516,0.3778949687257409,-0.13452642224729058
71,106,0.35684170971268514,1.8475539836610848,2.3048234774636587,0.8016032471580966,-0.5027575716376302,-0.2808822738006712,0.22368820477277046,-0.6925583938136697,-0.11816771514713764,0.05665240343660116,0.31224497593939304,-0.206602149643004
71,108,0.3035810428995577,2.1272590060308145,2.3048234774636587,0.9229596222144332,-0.13527849316596968,-0.17331187333911668,-0.3963746661320325,0.027118083089590073,-0.4450087044388056,0.54044986423105,0.19175701774656773,-0.06493456475436687
71,109,0.42641865419576336,1.3650362080270564,2.3048234774636587,0.5922519539453882,-0.3583276700228449,0.1613671798259017,-0.008548680692910982,-0.8536150204017757,-0.30396769382059574,-0.25323277339339256,-0.3158113732933998,-0.56145628541708
71,110,0.4690599906942988,1.7878261514636553,2.3048234774636587,0.7756889709536746,-0.746300328522921,-0.5455568535253403,-0.27098005730658753,-0.32454331684857607,0.16023576539009807,0.09946750942617655,0.03879003785550594,-0.830487344413996
71,113,0.4510294211741067,1.529613909235501,2.3048234774636587,0.6636577265859699,-0.7047848999500275,0.07769910432398303,0.11634219251573075,-0.6115855975076556,-0.5808033989742397,0.5142573667690158,0.22259650938212872,-0.29282507020980114
71,115,0.309563066351364,1.2322855338213303,2.3048234774636587,0.534655059647951,-0.19239746406674363,0.20739943347871279,0.24192270822823048,-0.5099362675100565,0.017078591510653468,0.06560082454234362,0.12553678639233112,-0.5896497284993529
71,117,0.5021959203812968,1.6180867216844208,2.3048234774636587,0.702043665168251,-0.4495216570794582,0.3149688877165314,-0.40948165208101256,-0.288324779830873,-0.81464503146708,0.5803275527432561,0.011763708665966988,-0.6818793416023254
71,118,0.5505805779549335,1.829185149505006,2.3048234774636587,0.793633511368919,-0.5914009269326927,-0.446612131781876,0.3487087478861214,-0.7631820356473328,-0.3960348339751363,0.19863946735858912,-0.15584881231188774,-0.9753254018723965
71,119,0.2508461340731519,2.1778153439618526,2.3048234774636587,0.9448946373795306,0.06836245208978659,-0.03383859992027316,-0.2849420420825481,0.11002490855753433,-0.2240495951846242,0.02998736035078775,0.3522077929228544,-0.47867164947092533
71,120,0.33999635161081704,2.111821207516661,2.3048234774636587,0.9162615827918471,0.019371182657778374,-0.2761478004977107,0.3972832933068277,-0.2939332304522395,-0.4755606409162283,0.18185314908623695,-0.5635297792032362,-0.16468831244856116
71,127,0.27394227247613806,1.7795416255766991,2.3048234774636587,0.7720945412856496,0.11716734524816293,0.2816337235271931,0.1922795483842491,-0.2048675408586859,-0.415340019389987,-0.1254523331299423,0.059963115490972996,-0.4863392636179923
72,75,0.38613721742836704,2.271386502239089,2.3048234774636587,0.9854926090646363,-0.13950066827237592,0.23036257643252622,0.7456553047522907,-0.4938697069883347,0.28476013150066115,-0.39934628177434206,0.14952984265983105,0.23969599977135653
72,76,0.3448817368938663,1.7483998395308809,2.3048234774636587,0.7585829702910291,-0.2604549191892145,-0.24905733205378067,0.4819281231611969,-0.5828435681760313,0.22355582471936952,-0.0822438132017852,-0.2265189029276371,-0.3763875318691136
72,79,0.3372570281297923,1.3185254995211453,2.3048234774636587,0.572072226968165,0.10560253821313403,0.48911697324365366,0.23249628487974416,-0.0967558734118939,0.06275925785303116,-0.18490013759583235,0.37613981403410435,-0.6453889897093177
72,80,0.30313337877511065,1.006430993952894,2.3048234774636587,0.43666293917676513,0.15883629210293299,0.08870225958526146,0.3568770252168183,-0.43470193631947046,0.5090980529785154,0.15079244133085012,0.302181588485837,-0.11163251847028738
72,84,0.380825426137598,0.5274500038300487,2.3048234774636587,0.2288461606658401,-0.09798692353069763,-0.1505819335579872,-0.12506537698209264,-0.023107280954718756,0.7759049152955412,0.3264806354418397,0.5911694373935461,-0.23167443554848438
72,88,0.3475405285612248,1.3522134260247753,2.3048234774636587,0.5866884988141554,-0.0384220751002429,-0.34981571696698655,0.201435164548457,-0.2495941901579501,0.317576820962131,0.555372248403728,0.5333910984918475,-0.213904744014144
72,96,0.38293804252844094,1.3694487151356558,2.3048234774636587,0.5941664203467176,0.0943800602108242,-0.06794980354607094,0.13394670188427005,-0.5131698064506056,0.7304983856156467,0.18090184591710579,0.46878931298851967,0.30365412123501295
72,98,0.27270434661950155,1.6964675066338462,2.3048234774636587,0.7360509484660068,-0.39359875209629536,-0.16675687395036198,0.008548799902200921,-0.16152163874357955,0.19459893740713585,-0.2532407604157926,0.3138882890343666,-0.43072687834501294
72,104,0.35110252797977254,2.138347832468099,2.3048234774636587,0.9277707613518594,0.026027972809970684,-0.12945433519780614,0.4243053467944266,-0.3270692406222228,0.0470279585570097,0.5252930242568254,0.11209153477102518,-0.6253237426280978
72,111,0.3287051379454873,1.5379814303796064,2.3048234774636587,0.6672881656308348,0.13945015240460654,0.36185939703136666,0.6919502504169943,-0.23843083437532203,-0.015274504199624062,0.332706923596561,-0.2593949446454644,-0.011428772471845261
72,112,0.3370260044862822,2.2887636573537216,2.3048234774636587,0.9930320823841963,0.11748135928064601,-0.2811104245483873,-0.19636419322341636,0.2362412838265299,0.5871929060667751,-0.3745657866820692,-0.0604516351595521,-0.4824406728148463
72,119,0.31632357463042843,1.7024854737229607,2.3048234774636587,0.7386619801341401,-0.011558623053133349,0.27072717528790213,0.040156595408916806,0.3271687543019652,0.5224261488765477,-0.05941691622138012,0.561591194011271,-0.16297840233892208
72,123,0.3271791222029907,1.3623852975380464,2.3048234774636587,0.59110179623703,-0.2039512228220701,0.32152391690760834,-0.03971518296748333,-0.6019548382610085,0.07984512485563755,-0.30491390638053406,0.49583061039447784,-0.04767643101513391
72,124,0.2988717670662228,1.4117055212685976,2.3048234774636587,0.6125004951885114,-0.3170982636511325,-0.21471972204744827,0.2590576056391004,-0.5050461608916523,0.014148997142910957,-0.11418384779244661,-0.12750922702252865,-0.4650371829047801
73,77,0.4100361074738573,2.271877105732364,2.3048234774636587,0.9857054685300454,0.2388736344873904,-0.26272264681756496,-0.512246860191226,0.6635398007929326,-0.24491242412477732,-0.18386830575764185,-0.21089383587241173,0.6148213567212224
73,85,0.45328135671462383,1.3852350365435397,2.3048234774636587,0.6010156743404578,0.08029674179851987,-0.3533855453133584,0.1248983647674321,0.22684265114366997,-0.7865345859900116,-0.26839087251573795,-0.4088304992765188,0.7664940403774381
73,89,0.44064880837278286,1.9292832685676118,2.3048234774636587,0.8370633531947055,0.022674060426652543,-0.2869638297706842,0.20530323591083294,0.2506928043439986,-0.46309417951852094,-0.575395564548671,-0.4661205532029271,0.7763425018638372
73,91,0.5217126048575617,0.8794110743362863,2.3048234774636587,0.3815524628827686,0.47329565417021496,-0.14956335537135618,0.07972274255007494,0.6336011048406364,-0.8573919720947742,-0.1266055079177021,-0.8756526270881295,0.07328584790229775
73,92,0.47990534896528747,2.0920367096131307,2.3048234774636587,0.9076776291411744,0.3679672935977577,-0.6875154720619321,0.2808469124138356,0.5448103118687868,-0.7980272732675076,0.056185275316238514,-0.24771929811686277,0.39665258023887867
73,94,0.3596298618455692,2.1892029910449806,2.3048234774636587,0.9498354266393049,-0.11414645891636666,-0.8075749287381768,-0.09369843453168863,0.41159662697464233,-0.2782626869156957,-0.25968261249363406,-0.0947551866993308,0.1934619164094329
73,106,0.3398525493213844,2.201122888799706,2.3048234774636587,0.955007144938462,0.06884493026882399,-0.5767379952594638,0.1785275768488646,-0.09833425749093294,-0.2621457567438483,-0.3330568196251988,0.02968511264771223,0.6037893109023571
73,108,0.49054761622601156,2.3033732982354476,2.3048234774636587,0.9993708068134541,0.4363240087404846,-0.46916759479790926,-0.44153529405593833,0.6213422194123268,-0.5889867460355163,0.15074064116925004,-0.09080284554511309,0.7454568957909942
73,109,0.382064833044369,1.6646447695238737,2.3048234774636587,0.7222439313902386,0.2132748318836094,-0.13448854163289087,-0.05370930861681683,-0.259390884079039,-0.4479457354173064,-0.6429419964551926,-0.5983712365850806,0.248935175128281
73,110,0.3632318934707787,2.169373447979371,2.3048234774636587,0.9412319291222495,-0.1746978266164667,-0.8414125749841329,-0.3161406852304934,0.26968081947416067,0.016257723793387385,-0.2902417136356234,-0.24376982543617487,-0.020095883868634923
73,113,0.33222527092596277,1.4080139423655664,2.3048234774636587,0.6108988198588702,-0.13318239804357324,-0.21815661713480955,0.0711815645918249,-0.01736146118491888,-0.7247814405709504,0.12454814370721584,-0.0599633539095521,0.5175663903355598
73,117,0.41241401085020024,1.4821087320134811,2.3048234774636587,0.643046526775433,0.1220808448269961,0.019113166257738828,-0.4546422800049184,0.3058993564918638,-0.9586230730637907,0.19061832968145614,-0.2707961546257138,0.1285121189430356
73,118,0.39049098145477495,2.2439969664844712,2.3048234774636587,0.9736090370590446,-0.01979842502623852,-0.7424678532406686,0.30354811996221553,-0.16895789932459604,-0.540012875571847,-0.19106975570321083,-0.43840867560356855,-0.16493394132703543
73,125,0.33200211381734124,1.8745754383951099,2.3048234774636587,0.8133271188550999,0.2994255088269706,-0.4173603709787129,0.27269521914422523,0.4910158198326825,-0.017093969509005547,-0.08893924485892052,-0.12750921584665773,0.527292805723846
73,127,0.4154268833910573,1.8209958636901724,2.3048234774636587,0.7900804037687459,0.6887698471546172,-0.014221997931599464,0.14711892046034325,0.3893565954640509,-0.5593180609866977,-0.5151615561917422,-0.22259674780070782,0.32405219692736875
74,78,0.27421092762213767,1.895025201707661,2.3048234774636587,0.8221997130092757,-0.254713747650385,0.24509098194539503,0.48100827448070094,-0.348659660667181,0.2475192779675126,0.05068786256015302,0.21098491922020912,0.12370194960385561
75,76,0.34409542163337337,1.4510752635632456,2.3048234774636587,0.6295819518291614,-0.12095425091683853,-0.4794199084863069,-0.2637271815910938,-0.08897386118769657,-0.06120430678129163,0.31710246857255686,-0.37604874558746815,-0.6160835316404701
75,79,0.42983427774208716,2.0736226046349358,2.3048234774636587,0.8996882515778832,0.24510320648550996,0.25875439681112744,-0.5131590198725465,0.3971138335764408,-0.22200087364763,0.2144461441785097,0.22660997137427333,-0.8850849894806743
75,82,0.36710337969427653,1.835105488426108,2.3048234774636587,0.7962021848395733,-0.31073370948433876,-0.48828174453228734,-0.014236285351216793,0.19237203802913405,-0.3647535741329191,0.24112585000693787,0.3075575456023216,-0.6481947768479586
75,85,0.2719439583039817,1.9764774773894807,2.3048234774636587,0.857539632303856,-0.43172616697847843,0.01667337492108323,-0.25049767456948785,0.3436320675536988,-0.18084093183279015,0.4312603557482362,-0.06641707755625248,0.03209982719272374
75,91,0.47615235072884327,2.300318817702496,2.3048234774636587,0.9980455510778986,-0.038727254606783335,0.2204955648630855,-0.295673296786845,0.7503905212506652,-0.2516983179375528,0.573045720346272,-0.5332392053678632,-0.6611083652824166
75,92,0.4030356450237601,2.046698741847555,2.3048234774636587,0.8880067223628958,-0.1440556151792406,-0.31745655182749044,-0.09454912692308436,0.6615997282788156,-0.19233361911028612,0.7558365035802126,0.09469412360340357,-0.33774163294583565
75,98,0.41563315115646776,2.175315014371361,2.3048234774636587,0.9438098126131484,-0.2540980838239194,-0.3971194503828882,-0.7371065048500898,0.33234806824475516,-0.0901611940935253,0.14610552135854948,0.16435844637453556,-0.6704228781163695
75,106,0.29286351837124475,1.0457909221681465,2.3048234774636587,0.45374013775622696,-0.4431779785081743,-0.20667907502502214,-0.19686846248805534,0.018455158919095882,0.3435478974133731,0.36659440863877535,0.3720985343679786,-0.13060490228235727
75,109,0.2912249170327795,2.16346161092024,2.3048234774636587,0.9386669443774582,-0.2987480768933889,0.23557037860155078,-0.4291053479537368,-0.14260146766901016,0.157747918739915,0.056709231808781624,-0.2559578148648143,-0.4854590380564333
75,111,0.3569740949472782,1.4077109011271627,2.3048234774636587,0.6107673385366055,0.27895082067698246,0.13149682059884044,-0.05370505433529631,0.2554388726130127,-0.3000346357002852,0.732053205370903,-0.40892478730529547,-0.2511247722432018
75,113,0.4126250437381813,1.983893585434375,2.3048234774636587,0.8607572791724377,-0.6452053068205715,0.1519023030996321,-0.30421447474509505,0.09942795522510994,-0.11908778641372897,0.82419937197119,0.28245006781071424,-0.21682782284915442
75,115,0.323606155967891,1.5504480808037613,2.3048234774636587,0.6726971049904225,-0.13281787093728764,0.2816026322543619,-0.17863395903259532,0.20107728522270907,0.47879420407116424,0.3755428297445178,0.18539034482091665,-0.5136524811387062
75,118,0.4345085321044421,2.004917079866369,2.3048234774636587,0.8698787996001666,-0.5318213338032368,-0.3724089330062269,-0.07184791937470442,-0.052168482914567216,0.06568077858537447,0.5085814725607634,-0.09599525388330221,-0.8993281545117497
75,119,0.4601371252615555,1.8687870379824687,2.3048234774636587,0.8108156899021933,0.12794204521924257,0.04036459885537591,-0.7054987093433739,0.8210384612902999,0.23766601737588655,0.33992936555296194,0.41206135135143995,-0.4026744021102786
75,120,0.30106529427246226,2.0839660538648532,2.3048234774636587,0.9041759918890414,0.07895077578723436,-0.20194460172206163,-0.02327337395399809,0.41708032228052605,-0.013845028355717548,0.49179515428841114,-0.5036762207746507,-0.08869106508791444
75,124,0.3864079607255797,1.6842081893432348,2.3048234774636587,0.7307319652942014,-0.17759759537875652,-0.4450822984799745,-0.4865976991131903,-0.011176453903317562,-0.2706111343577502,0.28516243398189545,-0.2770390696823597,-0.7047331826761366
75,127,0.2926340214835278,1.6743168812127356,2.3048234774636587,0.726440396665534,0.1767469383776189,0.3558369223028422,-0.2282771188765767,0.5061460118740797,0.046375593170523755,0.18448967207223188,0.11981667391955853,-0.41034201625734557
76,79,0.42563922903895735,2.035577542562029,2.3048234774636587,0.8831815375301881,0.36605745740234846,0.7381743052974343,-0.2494318382814527,0.4860876947641374,-0.16079656686633836,-0.10265632439404715,0.6026587169617414,-0.26900145784020413
76,80,0.31877305182992,2.2499884791951095,2.3048234774636587,0.9762085908943915,0.4192912112921474,0.3377595916390421,-0.12505109794437858,0.14814163185656082,0.28554222825914594,0.23303625453263532,0.5287004914134741,0.26475501339882623
76,82,0.304909678234062,2.190478267765367,2.3048234774636587,0.9503887344014202,-0.18977945856750023,-0.008861836045980453,0.24949089623987702,0.2813458992168306,-0.30354926735162746,-0.07597661856561899,0.6836062911897898,-0.032111245207488426
76,84,0.4847087229839659,1.753392132305642,2.3048234774636587,0.7607489898684827,0.16246799565851683,0.09847539849579345,-0.6069935001432896,0.5597362872213125,0.5523490905761717,0.4087244486436249,0.8176883403211832,0.14471309632062923
76,88,0.3981897066919881,1.6074553929222861,2.3048234774636587,0.6974310217853252,0.22203284408897156,-0.10075838491320588,-0.2804929586127399,0.3332493780180812,0.0940209962427615,0.6376160616055132,0.7599100014194846,0.1624827878549696
76,90,0.40850380853089613,2.298036497020179,2.3048234774636587,0.9970553144265311,-0.26557807344943296,0.30065932124853156,-0.6560716414824126,-0.033537862822413445,0.637733777053654,-0.04555856157094229,0.3503779349848628,0.4593209279701115
76,92,0.37541697497679727,2.172016792421996,2.3048234774636587,0.9423788041295859,-0.023101364262402058,0.16196335665881645,0.16917805466800945,0.7505735894665122,-0.1311293123289945,0.4387340350076558,0.4707428691908717,0.2783418986946345
76,98,0.30642534827712503,1.1822248666946207,2.3048234774636587,0.5129351025162235,-0.13314383290708087,0.08230045810341868,-0.47337932325899595,0.4213219294324517,-0.02895688731223367,-0.17099694721400738,0.5404071919620037,-0.05433934647589933
76,106,0.3801174862034992,1.430942568313741,2.3048234774636587,0.6208469248536207,-0.3222237275913358,0.27274083346128475,0.06685871910303848,0.10742902010679245,0.40475220419466473,0.04949194006621849,0.7481472799554467,0.48547862935811287
76,111,0.36389773829067584,1.6271523676874031,2.3048234774636587,0.7059770015350597,0.399905071593821,0.6109167290851474,0.2100221272557975,0.34441273380070925,-0.23883032891899358,0.4149507367983462,-0.03287604171782732,0.36495875939726835
76,112,0.43751476572329207,2.034825676681572,2.3048234774636587,0.8828553234457654,0.37793627846986044,-0.03205309249460664,-0.6782923163846133,0.8190848520025612,0.36363708134740563,-0.292321973480284,0.166067267768085,-0.1060531409457327
76,113,0.4421629994544764,2.3003066560539143,2.3048234774636587,0.9980402744705139,-0.524251055903733,0.6313222115859389,-0.040487293154001236,0.1884018164128065,-0.05788347963243734,0.5070969033986331,0.6584988133981824,0.3992557087913157
76,115,0.4017751574165925,2.15159735078676,2.3048234774636587,0.93351936572361,-0.011863620020449106,0.7610225407406688,0.0850932225584985,0.29005114641040564,0.5399985108524559,0.05844036117196094,0.5614390904083848,0.10243105050176393
76,119,0.5137990036785465,1.5628560127829845,2.3048234774636587,0.6780805680193904,0.2488962961360811,0.5197845073416828,-0.44177152775228007,0.9100123224779965,0.2988703241571782,0.022826896980405076,0.7881100969389081,0.21340912953019153
76,120,0.3078261395806462,1.7490061448744258,2.3048234774636587,0.7588460296313531,0.1999050267040729,0.27747530676424526,0.24045380763709573,0.5060541834682226,0.04735927842557408,0.17469268571585428,-0.12762747518718254,0.5273924665525557
76,127,0.4270649856624719,2.143425447979525,2.3048234774636587,0.9299738001359896,0.29770118929445744,0.835256830789149,0.03545006271451712,0.5951198730617763,0.10757989995181538,-0.13261279650032498,0.4958654195070267,0.20574151538312457
77,109,0.4493244418900098,2.2136357643461575,2.3048234774636587,0.9604361401169652,-0.025598802603781,0.1282341051846741,0.4585375515744091,-0.9229306848719716,-0.2030333112925291,-0.45907369069755066,-0.3874774007126689,-0.36588618159294145
77,117,0.37316300884778353,2.2746241444212543,2.3048234774636587,0.9868973336406495,-0.1167927896603943,0.2818358130753038,0.05760458018630754,-0.3576404443010688,-0.7137106489390134,0.374486635439098,-0.0599023187533021,-0.48630923777818685
79,80,0.3344991597084304,1.5727885337936969,2.3048234774636587,0.6823900177919355,0.05323375388979896,-0.4004147136583922,0.12438074033707414,-0.33794606290757656,0.4463387951254843,0.33569257892668247,-0.07395822554826739,0.5337564712390304
79,84,0.4432017475863837,1.6748289601839381,2.3048234774636587,0.7266625737546731,-0.20358946174383166,-0.6396989068016409,-0.3575616618618368,0.07364859245717514,0.71314565744251,0.511380773037672,0.21502962335944173,0.41371455416083336
79,88,0.44338432946136264,2.0351315120513966,2.3048234774636587,0.8829880170653918,-0.14402461331337693,-0.8389326902106402,-0.031061120331287162,-0.1528383167460562,0.25481756310909986,0.7402723859995604,0.15725128445774314,0.43148424569517374
79,96,0.4978096161846579,2.0109673596568696,2.3048234774636587,0.872503850867502,-0.011222478002309834,-0.5570667767897246,-0.09854958299547412,-0.41641393303871166,0.6677391277626156,0.36580198351293813,0.0926494989544153,0.9490431109443307
79,98,0.31735759174765443,2.045475080072168,2.3048234774636587,0.8874758089166593,-0.49920129030942934,-0.6558738471940156,-0.22394748497754324,-0.06476576533168565,0.1318396795541047,-0.06834062281996023,-0.06225152499973777,0.2146621113643048
79,109,0.38018613722522115,2.2679272529902583,2.3048234774636587,0.983991735230846,-0.5438512833788989,-0.023184018209576662,0.08405367191880975,-0.539715301245451,0.379748792387545,-0.1577369123697281,-0.4825677862390876,0.39962595142424095
79,111,0.4074810144423559,1.1325282486162564,2.3048234774636587,0.49137309633037335,0.033847614191472516,-0.127257576212287,0.4594539655372502,-0.14167496096342813,-0.07803376205265522,0.5176070611923933,-0.6355347586795688,0.6339602172374725
79,117,0.37034011443652726,2.2198945105356485,2.3048234774636587,0.9631516392650294,-0.6350452704355122,0.13041768968105305,-0.31687929946929183,0.025574939325451795,-0.13092854525893927,0.6758234137669206,-0.1549927042797208,0.27920289523899555
79,119,0.31070069326859884,1.5386516676875504,2.3048234774636587,0.6675789633055796,-0.11716116126626738,-0.21838979795575153,-0.19233968947082736,0.4239246277138591,0.45966689102351654,0.12548322137445223,0.18545137997716662,0.48241058737039566
79,123,0.32394394999724163,1.4794986186014716,2.3048234774636587,0.6419140698052871,-0.3095537610352041,-0.16759305633604532,-0.2722114678472275,-0.5051989648491145,0.017085867002606392,-0.12001376878470171,0.11969079636037348,0.5977125586941838
79,124,0.3766665312332926,1.7038597909900748,2.3048234774636587,0.73925825888631,-0.42270080186426645,-0.7038366952911019,0.026561320759356244,-0.4082902874797584,-0.0486102607101202,0.07071628980338573,-0.503649041056633,0.18035180680453766
80,84,0.30101287566735624,1.244835356097116,2.3048234774636587,0.5401000850039042,-0.25682321563363064,-0.23928419314324867,-0.48194240219891094,0.4115946553647517,0.26680686231702566,0.17568819411098957,0.2889878489077091,-0.120041917078197
80,88,0.26313460841537334,1.6289149686823603,2.3048234774636587,0.70674174599909,-0.19725836720317588,-0.438517976552248,-0.1554418606683613,0.18510774616152037,-0.19152123201638444,0.40457980707287794,0.23120951000601053,-0.10227222554385662
80,104,0.30313653819756675,2.207848972856076,2.3048234774636587,0.9579254092316439,-0.1328083192929623,-0.2181565947830676,0.06742832157760831,0.10763269569724765,-0.46207009442150576,0.37450058292597527,-0.1900900537148118,-0.5136912241578103
80,111,0.327729977784686,1.6723971321499662,2.3048234774636587,0.7256074699440126,-0.019386139698326442,0.2731571374461052,0.3350732252001761,0.19627110194414843,-0.5243725571781395,0.1819144822657109,-0.5615765331313014,0.10020374599844212
80,119,0.3273418763894223,2.2512627870949578,2.3048234774636587,0.9767614783117179,-0.17039491515606633,0.18202491570264068,-0.3167204298079015,0.7618706906214356,0.013328095898032244,-0.21020935755223025,0.259409605525434,-0.0513458838686347
80,123,0.31713488738220835,1.4745860686156285,2.3048234774636587,0.6397826484474792,-0.36278751492500305,0.2328216573223469,-0.39659220818430163,-0.16725290194153797,-0.4292529281228779,-0.4557063477113842,0.19364902190864086,0.06395608745515347
80,124,0.3460151016433988,1.9845490215109054,2.3048234774636587,0.8610416549968507,-0.4759345557540654,-0.3034219816327097,-0.09781941957771789,-0.07034422457218181,-0.4949490558356045,-0.26497628912329674,-0.42969081550836563,-0.3534046644344927
81,105,0.2644239564756506,1.9235679132380037,2.3048234774636587,0.8345836165096655,0.11701620463281892,-0.2811104469001293,-0.19236585590988398,-0.13876837771385916,0.34990270249545585,-0.12449152301996946,-0.1896017724648118,0.4863169714808462
82,85,0.35723777888902786,2.1033303705241218,2.3048234774636587,0.912577640366077,-0.12099245749413967,0.5049551194533706,-0.23626138921827106,0.15126002952456474,0.18391264230012894,0.1901345057412983,-0.3739746231585741,0.6802946040406823
82,92,0.2999865205675593,1.7685858293323111,2.3048234774636587,0.7673411203180515,0.16667809430509817,0.1708251927047969,-0.08031284157186756,0.4692276902496816,0.17241995502263296,0.5147106535732748,-0.21286342199891806,0.3104531439021229
82,100,0.3196202574188992,2.2521276814665097,2.3048234774636587,0.9771367323734753,0.28388550877571106,-0.04730144329369057,-0.13404216803610336,0.3578052083030346,0.572989943437278,0.39017682801932113,-0.2774041723459959,-0.17586382757872343
82,106,0.3445905708444934,1.3822564778731072,2.3048234774636587,0.5997233590288703,-0.13244426902383555,0.2816026695072652,-0.18263217713683855,-0.17391687911003817,0.7083014715462922,0.12546855863183748,0.06454098876565695,0.5175898745656013
82,118,0.27571599750045794,1.957831430710305,2.3048234774636587,0.8494496215670274,-0.22108762431889806,0.11587281152606044,-0.05761163402348762,-0.24454052094370127,0.43043435271829356,0.26745562255382543,-0.40355279948562384,-0.2511333776637912
82,124,0.2828207304169129,2.284797156705116,2.3048234774636587,0.9913111260127476,0.13313611410558224,0.04319944605231285,-0.4723614137619735,-0.20354849193245161,0.0941424397751689,0.04403658397495758,-0.5845966152846813,-0.05653840582817804
84,96,0.29066521908644066,1.3436627204298426,2.3048234774636587,0.582978581035835,0.19236698374152184,0.08263213001191627,0.2590120788663627,-0.4900625254958868,-0.04540652967989445,-0.1455787895247339,-0.12238012440502644,0.5353285567834973
84,98,0.338223208760452,1.6380762149425003,2.3048234774636587,0.7107165607082067,-0.2956118285655977,-0.01617494039237477,0.13361417688429356,-0.1384143577888608,-0.5813059778884053,-0.5797213958576323,-0.2772811483591795,-0.19905244279652856
84,104,0.41311174831253267,2.0391268176329636,2.3048234774636587,0.8847214711110628,0.12401489634066831,0.021127598360181077,0.5493707237765193,-0.30396195966750406,-0.7288769567385315,0.1988123888149857,-0.4790779026225209,-0.3936493070796133
84,111,0.5512284928901148,1.786944647614568,2.3048234774636587,0.7753065104929467,0.23743707593530416,0.5124413305893538,0.817015627399087,-0.21532355342060328,-0.7911794194951652,0.006226288154721316,-0.8505643820390105,0.22024566307663912
84,112,0.37920665597027675,2.045039530855436,2.3048234774636587,0.8872868359992143,0.21546828281134364,-0.1305284909904001,-0.07129881624132373,0.2593485647812487,-0.188712009228766,-0.7010464221239089,-0.6516210725530982,-0.25076623726636194
84,119,0.2630886828193934,1.8501506406921333,2.3048234774636587,0.8027298657718162,0.08642830047756428,0.42130910884588935,0.16522197239100944,0.35027603525668394,-0.2534787664189935,-0.3858975516632198,-0.029578243382275105,0.0686960332095623
84,123,0.4333827081665357,1.5356635039962363,2.3048234774636587,0.6662824806375871,-0.10596429929137247,0.47210585046559556,0.0853501940146093,-0.5788475573062897,-0.6960597904399036,-0.6313945418223738,-0.09533882699906825,0.18399800453335047
84,124,0.4713482583530472,1.4790361780318793,2.3048234774636587,0.6417134294637972,-0.21911134012043482,-0.06413778848946106,0.38412298262119304,-0.4819388799369335,-0.7617559181526302,-0.4406644832342863,-0.7186786644160748,-0.2333627473562957
85,86,0.2870326041927492,2.290475008479938,2.3048234774636587,0.9937745909289719,-0.13741402886807874,-0.2696372689679264,-0.24464106094092103,0.49392320215702074,0.07455481681972742,-0.3973780544474721,0.100458649918437,-0.3002428971230984
85,91,0.3686240060420255,1.0826574822763078,2.3048234774636587,0.46973553196695017,0.3929989123716951,0.20382218994200227,-0.04517562221735716,0.4067584536969664,-0.07085738610476267,0.14178536459803587,-0.4668221278116107,-0.6932081924751403
85,92,0.2711184749054237,1.0423462461887263,2.3048234774636587,0.45224558686627725,0.28767055179923784,-0.33412992674857367,0.15594854764640348,0.31796766072511684,-0.011492687277495972,0.32457614783197647,0.16111120115965605,-0.3698414601385594
85,94,0.3555699686454488,1.582804985713652,2.3048234774636587,0.6867358828952266,-0.19444320071488652,-0.4541893834248184,-0.21859679929912074,0.18475397583097236,0.5082718990743158,0.008708260022103897,0.314075312577188,-0.5730321239680052
85,100,0.4265785900173357,2.133495470724224,2.3048234774636587,0.9256654540294893,0.40487796626985073,-0.5522565627470611,0.1022192211821677,0.20654517877846984,0.38907730113714917,0.20004232227802282,0.0965704508125782,-0.8561584316194057
85,102,0.26884952821315117,1.5264162096234195,2.3048234774636587,0.6622703320009405,-0.07687173597514607,-0.1725556971505281,-0.022258832119404992,0.3548922743648292,-0.13849894888699066,-0.3667878191918136,0.5041656047105789,-0.0906290020793676
85,106,0.2864802949223643,1.2949493412464792,2.3048234774636587,0.5618431753704215,-0.011451811529695877,-0.22335244994610537,0.05362921208143251,-0.3251769086346029,0.5243888292461633,-0.06466594710946083,0.43851561192423105,-0.16270472947508102
85,109,0.3340371698448758,2.085034522183215,2.3048234774636587,0.9046395711300589,0.13297809008508954,0.21889700368046755,-0.17860767338424893,-0.48623353522270896,0.33858885057270516,-0.37455112393945456,-0.1895407373085618,-0.5175588652491571
85,110,0.47308361454114145,2.179922262401991,2.3048234774636587,0.9458087717853711,-0.2549945684149866,-0.4880270296707745,-0.4410390499979255,0.0428381683304907,0.802792309783399,-0.021850841119885445,0.16506067384034395,-0.786589924246073
85,115,0.35080184143721643,1.2294123413752311,2.3048234774636587,0.5334084598652808,0.2989082960411908,0.26492925733327866,0.07186371553689253,-0.14255478233098973,0.6596351359039544,-0.055717526003718376,0.25180742237716913,-0.54575230833143
85,117,0.3789783685213842,2.0619068998888195,2.3048234774636587,0.8946051270520046,0.04178410302847624,0.37249871157109726,-0.5795406447723506,0.07905670534819381,-0.1720884870737791,0.4590092021971941,0.138034344650805,-0.6379819214344025
85,118,0.40080580677795097,1.4786540403401622,2.3048234774636587,0.6415476303492648,-0.10009516682475839,-0.38908230792731013,0.17864975519478343,-0.395800550468266,0.24652171041816462,0.07732111681252712,-0.029578176327049732,-0.9314279817044735
85,119,0.410821165771067,2.2668713247326884,2.3048234774636587,0.9835335967799431,0.559668212197721,0.023691223934292682,-0.45500103477388604,0.4774063937366011,0.4185069492086767,-0.09133099019527424,0.47847842890769243,-0.43477422930300236
85,120,0.2745333267781793,2.038628985246007,2.3048234774636587,0.8845054752259878,0.5106769427657127,-0.21861797664314486,0.22722430061548976,0.07344825472682726,0.1669959034770726,0.06053479854017496,-0.4372591432183982,-0.12079089228063818
85,125,0.336218346503981,1.372373292792403,2.3048234774636587,0.5954353147698019,0.21912876702845074,-0.0639748256653545,0.14779685437679313,0.2641731686890125,0.769440616481006,0.17945162765681744,0.28132128342986107,-0.23920123465359205
85,127,0.32694358871005835,1.9282813670245151,2.3048234774636587,0.8366286554606304,0.6084731053560973,0.33916354738175897,0.022220555692911148,0.1625139443203809,0.2272165250033139,-0.2467706836760043,0.186233751475811,-0.4424418434500693
86,89,0.28219641102098364,1.4473406293869742,2.3048234774636587,0.6279615959915937,0.07979134749621142,0.3360589845106006,0.32504593208432186,-0.4700730489566921,0.24888558965176322,0.09037336241453897,-0.1577487038448453,0.31009135860949755
86,94,0.2753721042858594,1.2330743384317626,2.3048234774636587,0.5349973004391201,-0.05702917184680778,-0.184552114456892,0.026044261641800293,-0.3091692263260484,0.43371708225458844,0.406086314469576,0.213616662658751,-0.2727892268449068
86,97,0.296505901583772,1.8282987999109628,2.3048234774636587,0.7932489484717125,-0.03721578232944023,0.5549250757321715,0.5173517661169171,0.012138241901993673,-0.026203359477222077,0.21483375132083904,-0.22283877059817314,-0.1723417593166232
86,110,0.38981189936648686,1.9361526956097233,2.3048234774636587,0.8400438100970583,-0.11758053954690784,-0.2183897607028481,-0.19639798905700445,-0.45108503382653004,0.7282374929636716,0.37552721332758665,0.06460202392190695,-0.4863470271229746
86,125,0.39183040569765654,1.3240403616524996,2.3048234774636587,0.5744649751266586,0.3565427958965295,0.20566244330257188,0.39243791531771416,-0.22975003346800818,0.6948857996612786,0.5768296821042895,0.1808626335114241,0.06104166246950632
88,96,0.30697810772334155,1.3250330259251073,2.3048234774636587,0.5748956650611868,0.1328021353110671,0.2818659134209156,-0.06748846266418695,-0.26357561629265547,0.4129215646535157,-0.3744704024866223,-0.06460178550332785,0.517558865249157
88,98,0.3479933216024004,1.7507152619868047,2.3048234774636587,0.7595875688984989,-0.35517667699605243,0.18305884301662456,-0.19288636464625608,0.08807255141437054,-0.12297788355499517,-0.8086130088195206,-0.2195028094574809,-0.21682213433086894
88,111,0.4484313977574754,1.82625126226909,2.3048234774636587,0.7923605777735252,0.17787222750484943,0.7116751139983533,0.49051508586853737,0.01116335578262806,-0.3328513251617551,-0.22266532480716705,-0.7927860431373119,0.20247597154229874
88,119,0.38206332899482626,2.158457487517474,2.3048234774636587,0.9364957918134134,0.02686345204710955,0.6205428922548887,-0.1612785691395402,0.5767629444599153,0.20484932791441668,-0.6147891646251081,0.028200095519423485,0.05092634167522192
88,123,0.43099588004858397,2.297968503166903,2.3048234774636587,0.9970258137493898,-0.1655291477218272,0.6713396338745949,-0.24115034751594033,-0.35236064810305834,-0.23773169610649347,-0.8602861547842621,-0.03756048809736966,0.16622831299901009
88,124,0.3880589441899941,1.38732782069156,2.3048234774636587,0.6019236762627236,-0.27867618855088955,0.13509599491953828,0.057622441090643406,-0.2554519707337022,-0.30342782381922007,-0.6695560961961746,-0.6609003255143762,-0.2511324388906361
89,91,0.4188102763180407,1.7280376729873106,2.3048234774636587,0.7497483819840851,0.4506215937435624,0.13740047439932804,-0.125580493360758,0.3829083004966377,-0.3942977925762533,0.448790056630969,-0.4095320738852024,-0.7030566539615395
89,92,0.3665411078050494,2.0325359679525166,2.3048234774636587,0.8818618813225642,0.34529323317110516,-0.4005516422912479,0.07554367650300264,0.29411750752478827,-0.3349330937489866,0.6315808398649096,0.21840125508606434,-0.37968992162495857
89,94,0.35646654314204573,1.5568289014288539,2.3048234774636587,0.6754655689042465,-0.1368205193430192,-0.5206110989674926,-0.29900167044252157,0.16090382263064373,0.18483149260282522,0.315712952055037,0.3713653665035963,-0.5828805854544044
89,102,0.299979086657593,1.2862231846951246,2.3048234774636587,0.5580571342107935,-0.019249054603278748,-0.23897741269320233,-0.10266370326280583,0.3310421211645005,-0.4619393553584813,-0.059783127158880456,0.5614556586369872,-0.10047746356576678
89,110,0.4490932941471341,1.9315702349681976,2.3048234774636587,0.8380556054964317,-0.19737188704311925,-0.5544487452134488,-0.5214439211413263,0.018988015130162073,0.47935190331190836,0.2851538509130477,0.22235072776675224,-0.7964383857324722
89,125,0.30986504735058595,0.6371192060960406,2.3048234774636587,0.27642863426450254,0.27675144840031807,-0.13039654120802874,0.0673919832333923,0.24032301548868393,0.4460002100095154,0.48645631968975056,0.33861133735626936,-0.24904969613999123
90,98,0.36497646525609073,2.081430996156231,2.3048234774636587,0.9030760995400569,0.1324342405423521,-0.21835886314511288,0.1826923182234167,0.45485979225486517,-0.6666906643658876,-0.1254383856430651,0.1900292569771409,-0.5136602744460108
90,108,0.44829776892729695,2.0717281557588847,2.3048234774636587,0.8988663019168464,0.3108334243297578,0.07965191267430771,0.10286748968064818,0.8606433598324656,-0.5598225621506572,0.5788479624316096,0.2772813867777586,0.1678252862766385
90,109,0.3168527425245127,1.8226391603535839,2.3048234774636587,0.7907933853395601,0.0877842474728826,0.4143309658393261,0.4906934751197697,-0.02008974365890015,-0.41878155153244734,-0.21483467519283295,-0.23028700426220894,-0.32869643438607465
90,112,0.46662444260884034,1.1376116232159033,2.3048234774636587,0.49357863382569633,0.6435143519192934,-0.3327124137431382,-0.022220674902200588,0.8526227148249746,-0.27409669570624834,-0.2467634119093417,-0.1843106672167778,-0.5653740689158442
90,116,0.30557679637368024,1.9156880483442429,2.3048234774636587,0.8311647582019428,0.3981062676757575,-0.08176229521632195,0.4734055493026971,0.4222984919324517,-0.038418295793235316,-0.07894857786595832,-0.410768534988165,0.05436259228736162
90,117,0.5106060397654896,2.297626657293677,2.3048234774636587,0.996877496155193,-0.0034097395837306976,0.5679326737299558,0.0897605037316681,0.5452004969120026,-0.9294588891789316,0.6187256509438157,0.09728807769715786,-0.44911949057132006
90,119,0.4500692007815401,2.19006833746606,2.3048234774636587,0.9502108768330142,0.5144743695855141,0.21912518609315124,0.21430011373013258,0.9435501853004099,-0.3388634528964758,0.06838545855134737,0.4377321619540453,-0.24591179843991995
90,120,0.4927353548655266,2.2587957168264765,2.3048234774636587,0.9800298109216444,0.46548310015350586,-0.02318401448428631,0.8965254491195084,0.5395920462906361,-0.5903744986280799,0.22025124728679657,-0.47800541017204534,0.06807153858244422
90,127,0.48096277677859234,2.2783575981589315,2.3048234774636587,0.9885171773181296,0.5632792627438904,0.5345975095406175,0.6915217041969297,0.6286577358841897,-0.5301538771018386,-0.08705423492938269,0.14548748452216387,-0.2535794125869869
91,92,0.3325327478478274,1.4642861120278245,2.3048234774636587,0.6353137784066644,-0.10532836057245726,-0.537952116690576,0.20112416986376064,-0.0887907929718495,0.05936469882726669,0.1827907832339406,0.6279333289712667,0.3233667323365809
91,94,0.4789013082472261,1.9281433656433493,2.3048234774636587,0.8365687804278935,-0.5874421130865817,-0.6580115733668207,-0.17342117708176358,-0.222004477865994,0.5791292851790786,-0.13307710457593197,0.7808974403887987,0.12017606850713514
91,100,0.38608686769238765,2.0633425519833395,2.3048234774636587,0.8952280173117393,0.011879053898155634,-0.7560787526890634,0.14739484339952486,-0.20021327491849653,0.45993468724191183,0.058256957679986954,0.5633925786241889,-0.16295023914426543
91,102,0.491781829370174,2.05640767627688,2.3048234774636587,0.8922191640202538,-0.46987064834684117,-0.3763778870925304,0.022916790097952167,-0.05186617933213722,-0.06764156278222799,-0.5085731837898495,0.9709877325221896,0.6025791903957727
91,106,0.5465300631233102,1.9251595990144548,2.3048234774636587,0.8352742055252731,-0.404450723901391,-0.42717463988810767,0.09880483429878967,-0.7319353623315693,0.5952462153509259,-0.2064513117074967,0.9053377397358418,0.5305034630000593
91,108,0.44611368259961215,2.1475243096450085,2.3048234774636587,0.9317521843400564,-0.03697164542973036,-0.31960423942655314,-0.5212580366060133,-0.012258885428309496,0.268405226059258,0.2773461490869521,0.7848497815430164,0.6721710478886964
91,109,0.422058071890585,1.7141044185754593,2.3048234774636587,0.7437031231831013,-0.26002082228660556,0.015074813738465281,-0.13343205116689177,-0.8929919889196754,0.4094462366774678,-0.5163364885374904,0.2772813905030489,0.17564932722598325
91,110,0.5460921789377164,2.127761350450171,2.3048234774636587,0.9231775757472171,-0.6479934807866816,-0.6918492196127768,-0.3958634277805683,-0.3639202853664757,0.8736496958881617,-0.1636362057179213,0.6318828016519547,-0.09338173177093267
91,113,0.4663346140410902,0.9915633530302684,2.3048234774636587,0.4302122755715043,-0.6064780522137883,-0.0685932617634534,-0.008541177958250046,-0.6509625660255552,0.13261053152382385,0.25115365162491793,0.8156892731785774,0.44428054243326215
91,114,0.31021260835349496,2.0998298322696805,2.3048234774636587,0.9110588523596769,-0.25367083027958853,-0.337988029234111,-0.2707675108686088,-0.168323357589543,0.0900391535833478,0.13478351291269058,0.22619799710810184,0.6420148946344855
91,115,0.4240914907634775,1.3413115843731545,2.3048234774636587,0.5819584872717454,-0.0940906163305043,0.06110706739127636,0.11703933775424968,-0.5493132360279561,0.7304925220087171,-0.19750289060175424,0.7186295501887798,0.14745588414371036
91,117,0.3578613587496566,1.7194233971032,2.3048234774636587,0.7460108827923508,-0.35121480934321886,0.168676521629095,-0.5343650225549934,-0.3277017483487725,-0.10123110096901644,0.31722383759915823,0.6048564724624157,0.05522627104073785
91,118,0.4530028063537795,1.6520355707312016,2.3048234774636587,0.7167731441842058,-0.4930940791964535,-0.5929044978693124,0.2238253774121406,-0.8025590041652324,0.3173790965229273,-0.06446424778550874,0.43724395148456097,-0.23821978922933318
91,120,0.31010332901881293,1.9450674853988137,2.3048234774636587,0.8439116940700646,0.1176780303940177,-0.42244016658514716,0.2723999228328469,-0.33331019897013914,0.23785328958183527,-0.0812505660578609,0.029562984593212494,0.5724173001945021
91,125,0.4517847069249932,1.6048546349423587,2.3048234774636587,0.6963026238818166,-0.17387014534324435,-0.2677970156073568,0.1929724765941503,-0.1425852850079538,0.8402980025857687,0.03766626305878157,0.7481434112414718,0.45400695782154826
91,127,0.32751596114584086,1.863293849115518,2.3048234774636587,0.8084323451815835,0.21547419298440224,0.1353413574397567,0.0673961779102683,-0.24424450937658546,0.2980739111080766,-0.38855604827404017,0.6530558792874217,0.250766349025071
92,94,0.32393870162547944,1.622846950940707,2.3048234774636587,0.7041089987188814,-0.48211375251412436,-0.12005945667624474,-0.3745453469455242,-0.1332136848941445,0.5197645863518119,-0.31586788780987257,0.15296411141753197,-0.20319066382944578
92,102,0.33201642550848437,1.6453886197157175,2.3048234774636587,0.7138892135576406,-0.3645422877743839,0.16157422959804557,-0.17820737976580847,0.03692461363971228,-0.1270062616094947,-0.6913639670237901,0.34305440355092287,0.2792124580591918
92,106,0.36816899340948983,1.331602482603757,2.3048234774636587,0.577745973010097,-0.2991223633289337,0.1107774768024683,-0.10231933556497097,-0.6431445693597198,0.5358815165236592,-0.3892420949414373,0.277404410764575,0.20713673066347837
92,110,0.46192894151787284,2.3029721436093866,2.3048234774636587,0.99919675677015,-0.5426651202142244,-0.15389710292220082,-0.596987597644329,-0.27512949239462614,0.814284997060895,-0.3464269889518619,0.003949472680687904,-0.4167484641075136
92,113,0.33379564977424847,1.343907405275448,2.3048234774636587,0.5830847431120192,-0.5011496916413309,0.46935885492712254,-0.20966534782201068,-0.5621717730537057,0.07324583269655716,0.06836286839097733,0.18775594420731068,0.12091381009668123
92,114,0.2639062002282997,2.210344274812518,2.3048234774636587,0.9590080526448341,-0.14834246970713127,0.199964087456465,-0.4718916807323694,-0.07953256461769351,0.030674454756081104,-0.04800727032125002,-0.4017353318631649,0.31864816229790455
92,115,0.3892871107775893,1.8609933071962133,2.3048234774636587,0.8074342028328095,0.011237744241952952,0.5990591840818523,-0.08408483210951095,-0.46052244305610657,0.6711278231814504,-0.38029367383569485,0.09069622121751308,-0.17591084819287056
92,118,0.3779568031774609,0.8634954304839512,2.3048234774636587,0.3746470994100529,-0.3877657186239962,-0.054952381178736465,0.02270120754837994,-0.7137682111933829,0.2580143976956606,-0.24725503101944935,-0.19068937748670578,-0.5615865215659142
92,120,0.2849548427924522,1.7742220717726536,2.3048234774636587,0.7697865320797127,0.22300639096647495,0.1155119501054288,0.07127575296908627,-0.2445194059982896,0.17848859075456858,-0.2640413492918015,-0.5983703443780543,0.2490505678579212
92,125,0.3047698590836299,1.6798633444477544,2.3048234774636587,0.7288468556804006,-0.0685417847707871,0.27015510108321916,-0.00815169326961035,-0.05379449203610431,0.780933303758502,-0.14512452017515903,0.12021008227020505,0.13064022548496734
93,116,0.37563634459097345,2.058282490837271,2.3048234774636587,0.8930325948876165,0.2458738349378109,-0.5926762996241451,0.2681424049660564,0.26917668152600516,0.1526669012382626,0.10334325488656759,-0.03919001482427131,0.7329548858106139
94,100,0.28515034519351146,2.094597446788862,2.3048234774636587,0.9087886631100532,0.5993211669847373,-0.09806717932224274,0.32081602048128843,0.02179120294749748,-0.11919459793716669,0.19133406225591892,-0.2175048617646098,-0.28312630765140057
94,102,0.3515666983302432,1.3917624855000008,2.3048234774636587,0.6038477562852513,0.11757146473974045,0.2816336862742903,0.19633796717971574,0.17013829853385679,-0.6467708479613066,-0.3754960792139175,0.1900902921333909,0.48240312188863754
94,113,0.3557093654875805,2.1856401004252466,2.3048234774636587,0.9482895856434231,-0.01903593912720658,0.5894183116033673,0.16487999912351353,-0.4289580881595612,-0.4465187536552547,0.3842307562008499,0.03479183278977871,0.324104473926127
94,118,0.3216665708656578,2.000360435637772,2.3048234774636587,0.8679017960364875,0.09434803389012814,0.06510707549750827,0.39724655449390417,-0.5805545262992384,-0.26175018865615124,0.06861285679042323,-0.34365348890423775,-0.3583958577364683
94,125,0.2902023382201745,1.173483532882217,2.3048234774636587,0.5091424763572681,0.41357196774333727,0.3902145577594639,0.36639365367591387,0.0794191928580402,0.2611687174066902,0.17074336763471354,-0.03275402914732692,0.3338308893144131
96,111,0.4720127451707206,2.0913695417754203,2.3048234774636587,0.907388163225787,0.04507009219378235,0.4298092005774376,0.5580035485327244,0.2747389720752835,-0.7457728898152708,0.15180507767945522,-0.7281842576339841,-0.3150828937068582
96,123,0.3643939429230174,1.9160017102963076,2.3048234774636587,0.8313008475619879,-0.2983312830328943,0.3894737204536793,-0.17366188485175338,-0.08878503181040287,-0.6506532607600092,-0.48581575229763985,0.02704129740595819,-0.35133055225014687
96,124,0.4681432519429039,2.2932951942620914,2.3048234774636587,0.9949981925668974,-0.41147832386195665,-0.14676991850137733,0.12511090375483036,0.008123645558953285,-0.7163493884727358,-0.2950856937095524,-0.5962985400110483,-0.768691304139793
97,102,0.342115637717962,2.299011279545574,2.3048234774636587,0.9974782459590004,0.0977580752223729,-0.45784350391477324,-0.2949695372954011,-0.15116916969418526,-0.186850406229496,-0.18424351606518052,0.6265457253903151,0.38195565436035395
98,106,0.3594584400078833,1.8237948512346276,2.3048234774636587,0.7912948080699097,-0.1890798946842549,0.19044037535786607,0.5402380423620344,-0.3138929093256593,0.4337090915068984,0.22048888728022586,0.207740087993443,0.5398179758340123
98,108,0.3986139349721807,1.9544898801214645,2.3048234774636587,0.8479998139693897,0.1783991837874057,0.2980107758194206,-0.07982482854276851,0.4057835675776005,0.10686810221523046,0.7042863480746747,0.0872521298006177,0.6814855607226493
98,109,0.354093882730754,2.239028528619673,2.3048234774636587,0.9714533674759381,-0.044649993069469485,0.6326898289844389,0.308001156896353,-0.4749495359137653,0.2479091128334403,-0.08939628954976786,-0.42031626123934984,0.18496384005993616
98,111,0.4909652458389013,2.009742299743416,2.3048234774636587,0.8719723308073187,0.5330489045009019,0.5286162709817286,0.6834014505147934,-0.07690919563174248,-0.20987344160675991,0.5859476840123536,-0.573283233679831,0.4192981058731677
98,112,0.31347622990289703,1.7452347876171728,2.3048234774636587,0.7572097406512516,0.5110801113769413,-0.11435355059802532,-0.20491299312561728,0.3977629225701095,0.3925939686596393,-0.12132502626627661,-0.3743399241939187,-0.051713794469833374
98,113,0.41478596252358174,2.2325009180921973,2.3048234774636587,0.9686212154298911,-0.3911072229966521,0.5490217534825204,0.4328920301049947,-0.23292011301964521,-0.02892659232020367,0.6780938506126405,0.11809162143617868,0.45359505526721505
98,114,0.3771998256705355,1.978806014272098,2.3048234774636587,0.8585499209031286,-0.03830000106245246,0.27962698601186275,0.17066569719463598,0.249719095416367,-0.07149797026067972,0.5617237119004131,-0.4713996546342969,0.6513294074684384
98,115,0.38824399224348904,2.196784361013938,2.3048234774636587,0.9531247761461488,0.12128021288663177,0.6787220826372501,0.5584725458174944,-0.1312707830220461,0.5689553981646895,0.22943730838596832,0.021031898446381092,0.15677039697766326
98,117,0.4014192673188798,2.003040007120945,2.3048234774636587,0.8690643889679521,-0.1358439801260828,0.7862915368750687,-0.09293181449174859,0.09034070465713745,-0.26276822481304396,0.7441640365868808,-0.09274117927998304,0.06454078387469075
98,118,0.3435149173180586,1.9820642848178063,2.3048234774636587,0.8599635955630613,-0.2777232499793174,0.0247105173766613,0.6652585854753853,-0.3845165511593224,0.15584197267889977,0.3624759512022138,-0.2603537002578378,-0.22890527639538027
98,119,0.32696495324895275,0.9644689605167667,2.3048234774636587,0.41845675816271877,0.382040129043162,0.4374840492382641,0.031607795506715886,0.48869039304554474,0.32782721146941185,0.19382384419441245,0.2477029049769044,0.26774847600609086
98,120,0.4438129893811646,1.7349325692234903,2.3048234774636587,0.7527398892745988,0.33304885961115377,0.19517484866082657,0.7138331308960917,0.0847322540357709,0.07631616573780775,0.34568963292986166,-0.6680346671491862,0.581731813028455
98,127,0.37606938572971865,2.0766468611688045,2.3048234774636587,0.9010003939451576,0.4308450222015383,0.7529563726857305,0.5088293859735131,0.17379794362932455,0.13653678726404905,0.0383841507136824,-0.044541772454977036,0.2600808618590239
100,106,0.3957243318071915,2.2297326640927206,2.3048234774636587,0.9674201455750652,-0.4163297777995466,0.3289041128009558,-0.04859000910073519,-0.5317220874130728,0.1353115281090141,-0.26470826938748365,0.34194516111165285,0.6934537021443248
100,110,0.3520323319022757,2.2191622349181457,2.3048234774636587,0.9628339248610142,-0.6598725346848373,0.06422953307628665,-0.5432582711800932,-0.16370701044797914,0.41371500864624977,-0.22189316339790827,0.06849022302776575,0.06956850737333276
100,113,0.45541545026664143,2.146549154862305,2.3048234774636587,0.9313290912953011,-0.6183571061119438,0.6874854909256101,-0.1559360213577749,-0.4507492911070587,-0.327324155718088,0.19289669394493097,0.2522966945543885,0.6072307815775275
100,118,0.2973313132412156,1.104114555338873,2.3048234774636587,0.47904517032857324,-0.5049731330946091,0.163174254819751,0.07643053401261572,-0.6023457292467358,-0.14255559071898455,-0.1227212054654957,-0.12614862713962793,-0.07526955008506775
100,120,0.36234844079692174,1.704303942504179,2.3048234774636587,0.7394509641057974,0.10579897649586206,0.3336385861039163,0.12500507943332206,-0.13309692405164258,-0.22208139766007656,-0.13950752373784786,-0.5338295940309764,0.7353675393387675
100,125,0.3236876208360753,2.2275730841490207,2.3048234774636587,0.96648316278015,-0.1857491992414,0.48828173708170663,0.04557763319462543,0.057627989910542715,0.38036331534385687,-0.020590694621205385,0.1847508326172829,0.6169571969658136
101,104,0.4031504344265993,1.992935314271178,2.3048234774636587,0.8646802385336262,0.5327965943142772,-0.4108288502320645,0.21451790630817408,-0.006596419960260613,-0.33675742521882035,0.4608662808313965,0.424840054474771,-0.5433560693636538
101,107,0.3006880174378734,1.919351962122442,2.3048234774636587,0.8327544303889994,0.38909008447080823,0.32758980430662626,-0.044687668792903645,0.4682532958686353,-0.14593066368252017,0.07720972970128054,0.34243344608694315,-0.3143631564453244
101,108,0.4003225897716202,1.7884786080123616,2.3048234774636587,0.7759720540422869,0.2915690531954169,-0.15012061316519976,-0.2810634691268201,0.5647347494959831,-0.08231834415346373,0.3866188442334533,0.7138889385387301,0.3327263556420803
102,106,0.3562505841308352,2.3016772276000874,2.3048234774636587,0.9986349280566017,0.0654199244454502,-0.05079675279557727,0.0758880442008375,-0.6800691829994321,0.6628877781331539,0.30212187208235275,-0.06564999278634787,-0.07207572739571341
102,110,0.5010450395014504,2.253918530100605,2.3048234774636587,0.9779137327171484,-0.1781228324398405,-0.3154713325202464,-0.4187802178785205,-0.3120541060343385,0.9412912586703897,0.34493697807192814,-0.33910493087023497,-0.6959609221667054
102,113,0.3774521297178156,2.2961032728201416,2.3048234774636587,0.9962165412107338,-0.13660740386694703,0.30778462532907697,-0.03145796805620221,-0.599096386693418,0.20025209430605184,0.7597268354147674,-0.1552984593436122,-0.15829864796251056
102,125,0.40789399412538146,1.130617119067382,2.3048234774636587,0.4905439093806736,0.2960005030035968,0.10858087148517359,0.17005568649619812,-0.09071910567581659,0.9079395653679967,0.546239446848631,-0.22284432128071782,-0.14857223257422444
104,107,0.3710490632222171,2.172707857974308,2.3048234774636587,0.9426786386110848,-0.143706509843469,0.7384186545386908,-0.2592055751010777,0.4748497158288959,0.19082676153630018,-0.383656551130116,-0.08240660838782787,0.22899291291832935
104,108,0.44993073313238174,1.6561087817881208,2.3048234774636587,0.7185403992893132,-0.2412275411188603,0.26070823706686475,-0.4955813754349942,0.5713311694562437,0.2544390810653566,-0.07424743659794329,0.2890488840639591,0.8760824250057341
104,120,0.39393092177450084,2.2158216805659974,2.3048234774636587,0.9613845495032863,-0.08657786529511224,0.15787230990827072,0.298076584003866,0.25027985591441415,0.2238871445879339,-0.4328441517427563,-0.4662379128858448,0.7763286773115398
104,123,0.46346542036347954,2.1814644238194925,2.3048234774636587,0.9464778735333274,-0.22997919563204078,0.4509782521054145,-0.46402052976190994,-0.2748855976387856,0.03281716629862785,-0.8302069306373595,0.38373907562345266,0.5776473116129638
106,109,0.34410108871409495,2.1683866058162704,2.3048234774636587,0.9408037652421304,0.14442990161478542,0.4422494536265729,-0.23223688546568144,-0.16105662658810604,-0.1857999786734581,-0.3098851768299937,-0.6280563492327929,-0.35485413577407604
106,111,0.48538271730595395,2.0586491395027635,2.3048234774636587,0.893191673736421,0.7221287991851568,0.3381758956238626,0.14316340815275902,0.2369837136939168,-0.6435825331136583,0.3654587967321277,-0.781023321673274,-0.12051986996084452
106,113,0.2798170661824644,1.5617175294305845,2.3048234774636587,0.6775866111660644,-0.20202732831239723,0.35858137812465424,-0.10734601225703971,0.08097279630601406,-0.4626356838271021,0.4576049633324146,-0.08964846655726433,-0.08622292056679715
106,115,0.26654802418689816,1.461061747754109,2.3048234774636587,0.633914814752726,0.31036010757088667,0.488281707279384,0.018234503455460016,0.18262212630361319,0.1352463066577911,0.008948421105742455,-0.18670818954706192,-0.38304757885634894
106,117,0.4997093238712175,2.2350172522286096,2.3048234774636587,0.969712984131927,0.053235914558172115,0.5958511615172026,-0.633169856853783,0.4042336139827967,-0.6964773163199424,0.5236751493066549,-0.30048126727342606,-0.47527719195932144
106,118,0.34701577060977584,1.4734725913601434,2.3048234774636587,0.6392995410570987,-0.08864335529506251,-0.16572985798120476,0.12502054311335092,-0.0706236418336631,-0.27786711882799864,0.14198706392198795,-0.4680937882512808,-0.7687232522293925
106,119,0.4149690018677313,1.7401673345478896,2.3048234774636587,0.7550111110733979,0.5711200237274169,0.24704367388039805,-0.5086302468553185,0.802583302371204,-0.10588188003748655,-0.02666504308581341,0.03996281698346138,-0.27206949982792134
106,120,0.4144003572214489,1.898253962405858,2.3048234774636587,0.8236005841518025,0.5221287542954087,0.004734473302960507,0.17359508853405725,0.39862516336143017,-0.35739292576909065,0.1252007456496358,-0.8757747551426293,0.04191383719444283
106,124,0.41033758876585613,1.7425815124612085,2.3048234774636587,0.756058556978442,0.2655803831294178,-0.23840322345495235,-0.28972923662513494,-0.029631612822413445,-0.6141590317711233,-0.0814319746568799,-0.6491376040503383,-0.5741282803937793
106,125,0.27041062057972276,2.2648565312921867,2.3048234774636587,0.9826594328970245,0.23058057855814662,0.15937762428075086,0.09416764229536062,0.5893500773236154,0.24505178723484278,0.24411757476627827,-0.15719432849436996,-0.07649650517851103
106,127,0.3877712800596922,1.851137051763062,2.3048234774636587,0.8031578426128081,0.6199249168857932,0.5625159973278644,-0.03140865638852136,0.4876908529549838,-0.29717230424284935,-0.18210473656654347,-0.25228186044842005,-0.2797371139749883
107,108,0.34629906353779544,1.329603412449656,2.3048234774636587,0.576878631032003,-0.0975210312753913,-0.477710417471826,-0.23637580033391647,0.09648145362734789,0.06361231952905644,0.3094091145321727,0.371455492451787,0.6470895120874047
107,109,0.3672213654741199,2.1809569569798977,2.3048234774636587,0.9462576975222112,-0.3205702081322665,-0.14303136430680763,0.15145018510520503,-0.784251649864018,0.20465333014726628,-0.48427352309226984,-0.13611289858818054,0.15056779142469157
107,113,0.40150942888885566,2.2838199547136258,2.3048234774636587,0.9908871447399754,-0.6670274380594492,-0.2266994398087263,0.27634105831384675,-0.5422222269698979,-0.0721823750063777,0.2832166170701385,0.402294984087348,0.41919900663197046
107,114,0.31726340799445474,1.8012238376382717,2.3048234774636587,0.7815018613140938,-0.3142202161252495,-0.49609420727938386,0.014114725403488015,-0.05958301853388562,-0.11475375294685375,0.16684647835791117,-0.1871962919831276,0.6169333588331938
107,117,0.25813409322600445,1.7250244963606338,2.3048234774636587,0.7484410468861311,-0.4117641951888798,0.010570343583822066,-0.24948278628289655,-0.21896140929311517,-0.306024007499218,0.3492868030443788,0.19146218337118626,0.030144735239446163
107,119,0.2811222487831391,2.181761687148526,2.3048234774636587,0.9466068479784161,0.10611991398036497,-0.3382371440529825,-0.12494317628443208,0.17938827909529215,0.2845714287832378,-0.20105338934808953,0.5319062676280737,0.23335242737084627
107,120,0.37942523726823496,2.1697124439438737,2.3048234774636587,0.9413790102188356,0.057128644548356755,-0.5805463446304201,0.5572821591049437,-0.22456985991448172,0.033060383051633724,-0.049187600612640325,-0.38383130449801695,0.5473357643932104
108,109,0.5293681357414212,1.8512695469927103,2.3048234774636587,0.803215328676684,-0.2230491768568752,0.3346790531650184,0.3878259854391215,-0.8807331034913658,0.14104101061820984,-0.7936826376244426,-0.5075683910399675,-0.49652172066271316
108,113,0.37586174814250456,2.070197268656146,2.3048234774636587,0.8982020917863494,-0.5695064067840578,0.2510109776630997,0.5127168586477633,-0.6387036805972457,-0.13579469453543414,-0.026192497462034198,0.03083949163556099,-0.22789050545543427
108,117,0.3514403494594352,1.6836937829362673,2.3048234774636587,0.7305087783942078,-0.3142431639134885,0.4882807610556481,-0.013106985948980077,-0.3154428629204631,-0.3696363270282744,0.03987768851220612,-0.17999330908060074,-0.6169447768479586
108,118,0.5625098170441223,2.141715844919229,2.3048234774636587,0.9292320500293058,-0.4561224337667231,-0.2733002584427593,0.7450834140181538,-0.7903001187369229,0.0489738704636693,-0.34181039687246084,-0.34760583005845547,-0.9103908371180296
108,119,0.27076994902247903,1.9328003023158133,2.3048234774636587,0.8385892981456272,0.20364094525575627,0.13947327341884352,0.1114326240494844,0.08290682546794426,0.22095910925418139,-0.5104625038802623,0.1604507751762867,-0.41373708471655846
108,120,0.42973722107461343,1.776949631083511,2.3048234774636587,0.7709699456198502,0.15464967582374806,-0.10283592715859402,0.7936579594388602,-0.3210513135418296,-0.030551936477422714,-0.35859671514481306,-0.7552867969498039,-0.09975374769419428
109,113,0.39193970065394035,1.9279068785333768,2.3048234774636587,0.836466175125455,-0.34645722992718264,-0.08366807550191868,0.12489087320864173,0.2420294228941201,-0.276835705153644,0.7674901401624084,0.5384078826755285,0.2686312152072789
109,115,0.27631762798244053,1.313548513118423,2.3048234774636587,0.5699128484077733,0.16593020595610125,0.04603225365281108,0.25047138892114146,0.34367875289171923,0.32104628533124924,0.3188335979357362,0.44134815968573093,-0.028193443082272895
109,116,0.3318251689272443,2.2390049746824445,2.3048234774636587,0.9714431480654457,0.3103220202028749,-0.49609326105564805,-0.017287925817072558,0.4423882355913519,0.38036325573921204,0.13588609732687462,-0.18048153072595607,0.3830590266734363
109,117,0.445762189800994,1.502260676324889,2.3048234774636587,0.6517899053935577,-0.0911939870566133,0.1536017078906297,-0.4009329713881016,0.5652902405709028,-0.5106773376464843,0.8335603261366487,0.3275750819593668,-0.1204230561852454
109,118,0.34808647060857084,2.248904379881306,2.3048234774636587,0.9757382297910776,-0.23307325690984793,-0.6079793116077776,0.35725742857903237,0.09043298475444295,-0.09206714015454054,0.4518722407519817,0.15996256098151207,-0.41386911645531643
109,119,0.469689845627999,1.8036584957331847,2.3048234774636587,0.7825581930109543,0.42669012211263146,-0.19520577974617487,-0.2763933613896371,0.96363992895931,0.07991809863597155,0.2832201337441803,0.6680191662162542,0.0827846359461547
109,120,0.3952138995022891,2.0248461264674007,2.3048234774636587,0.8785254689854345,0.37769885268062325,-0.4375149803236124,0.4058319739997387,0.5596817899495362,-0.17159294709563255,0.4350859224796295,-0.2477184059098364,0.39676797296851885
109,127,0.33116187320006124,1.2077476648675798,2.3048234774636587,0.524008748035075,0.4754950152710078,0.12026654370129142,0.20082822907716008,0.6487474795430899,-0.11137232556939125,0.12778044026345026,0.3757744887843728,0.07511702179908775
110,125,0.3799861905082861,1.7180033865598519,2.3048234774636587,0.7453947789747558,0.4741233354434373,0.42405220400542,0.5888359043747187,0.22133500035852186,-0.03335169330239293,0.20130246877670288,0.11626060958951714,0.5473886895924809
111,115,0.4132875674545629,2.2658419202397377,2.3048234774636587,0.9830869662665801,-0.4117686916142701,0.15010581165552142,-0.124928904697299,-0.05436158739030361,0.7788288397714495,-0.35651037562638527,0.5943151321262121,-0.2625277088955044
111,119,0.4893510018097061,1.5833852258634964,2.3048234774636587,0.6869876332594163,-0.15100877545773989,-0.09113222174346453,-0.6517936550080776,0.5655995886772872,0.5377006530761718,-0.39212383981794113,0.8209861386567354,-0.15154962986707682
111,123,0.47094626307874987,2.028031220750705,2.3048234774636587,0.8799073944623519,-0.34340137522667663,-0.040335480123758316,-0.7316654333844776,-0.3635240038856864,0.09511962905526161,-0.6376208299770951,0.7552255550399423,-0.03624765854328865
111,124,0.39100691290392203,1.57009639195379,2.3048234774636587,0.6812219709257741,-0.456548416055739,-0.576579119078815,-0.43289264477789396,-0.26661532651633024,0.02942350134253502,-0.4468907713890076,0.13188571762293577,-0.4536084104329348
111,127,0.3314451544861535,1.9135336475413134,2.3048234774636587,0.8302300224948507,-0.10220388229936356,0.22434010170400176,-0.17457206454128038,0.250707139261067,0.34641022887080897,-0.5475635332986712,0.528741461224854,-0.15921724401414378
112,119,0.3496235312708087,2.1815721781113218,2.3048234774636587,0.9465246251795523,-0.12903998233377936,0.5518375998362894,0.23652078863233317,0.09092747047543531,-0.06476675719022745,0.31514887046068907,0.6220428291708231,0.31946227047592424
112,124,0.4109685119270468,2.240487823427053,2.3048234774636587,0.9720865156634886,-0.43457962293177843,0.06639070250093904,0.45542179886251677,-0.7412874447181822,-0.5730439089238641,0.2603819388896226,-0.06705759186297655,0.01740348991006624
113,114,0.33554114907641,1.5451764099206784,2.3048234774636587,0.6704098708769952,0.35280722193419967,-0.26939476747065755,-0.26222633291035874,0.4826392084360122,-0.04257137794047605,-0.11637013871222734,-0.5894912760704756,0.19773435220122332
113,115,0.34672524191966586,1.3570337196265514,2.3048234774636587,0.5887798926449231,0.5123874358832838,0.12970032915472976,0.12558051571249973,0.10164932999759912,0.5978819904848932,-0.4486565422266722,-0.09705972298979759,-0.2968246582895518
113,117,0.3076738166410339,1.7068111326637945,2.3048234774636587,0.7405387654858729,0.25526324287056934,0.2372697833925484,-0.5258238445967434,0.32326081767678266,-0.2338416324928403,0.06607018597424032,-0.21083280071616173,-0.3890542713925243
113,118,0.37207451186340107,1.3291960820962987,2.3048234774636587,0.5767019015091827,0.11338397301733472,-0.5243112361058591,0.23236655537039064,-0.15159643813967716,0.18476856499910344,-0.31561789941042667,-0.37844532169401646,-0.6825003316625953
113,119,0.461665056928972,1.9115474326662367,2.3048234774636587,0.8293682580714588,0.7731473520398141,-0.11153770424425619,-0.40128423459827883,0.72161050606519,0.3567538037896155,-0.48427000641822804,0.1296112835407257,-0.1858465792611242
113,120,0.44517170350199126,1.4344409938499671,2.3048234774636587,0.622364796209251,0.724156082607806,-0.35384690482169373,0.28094110079109696,0.3176523670554161,0.10524275805801142,-0.33240421768277884,-0.7861262885853649,0.12813675776123998
113,125,0.3669029874936801,2.159282915755303,2.3048234774636587,0.9368539225969201,0.43260790687054385,-0.19920375384390338,0.20151365455240033,0.5083772810176014,0.7076874710619449,-0.21348738856613636,-0.06754586193710563,0.009726415388286114
113,127,0.41666606471846207,1.720572638437047,2.3048234774636587,0.746509507240203,0.8219522451981904,0.2039346192032101,0.07593735586851835,0.40671805664896976,0.16546337958425272,-0.6397096998989581,-0.16263339389115572,-0.19351419340819115
114,117,0.3388732850650379,2.119936108887454,2.3048234774636587,0.9197824170119685,-0.09754397906363033,0.5066645508632059,-0.26359751168638457,-0.15937839075922955,-0.19127025455236424,0.18244032468646765,0.37865847535431385,-0.5867886235937476
114,118,0.4582465891803029,1.7265178116385076,2.3048234774636587,0.7490889556272886,-0.23942324891686495,-0.25491646863520145,0.4945928882807494,-0.6342356465756893,0.2273399429395795,-0.19924776069819933,0.21104595437645912,-0.8802346838638186
114,119,0.3932401928438356,2.0483618220777173,2.3048234774636587,0.8887282874833589,0.42034013010561444,0.15785706322640136,-0.1390579016879201,0.23897129762917776,0.39932518173009157,-0.3678998677060007,0.7191025596112013,-0.3835809314623475
114,120,0.2690986236646129,1.254434460573326,2.3048234774636587,0.5442648744422577,0.37134886067360623,-0.08445213735103618,0.5431674337014557,-0.1649868413805961,0.14781413599848747,-0.2160340789705515,-0.19663501251488935,-0.06959759443998334
115,117,0.4372187288290057,1.5432805186537153,2.3048234774636587,0.6695872954019095,-0.25712419301271455,0.10756945423781863,-0.651404360309243,0.22161148767918354,-0.8317236229777335,0.5147267282009125,-0.11377307772636414,-0.09222961310297251
115,118,0.3672119842828789,1.8895880892361165,2.3048234774636587,0.8198406983061073,-0.3990034628659492,-0.6540115652605888,0.1067860396578909,-0.2532457681372763,-0.4131134254857898,0.1330386428162455,-0.28138559870421886,-0.38567567337304354
115,119,0.337497564446841,1.6500626026675358,2.3048234774636587,0.7159171271907322,0.2607599161565302,-0.24123803339898595,-0.5268647503107786,0.6199611760675908,-0.24112818669527766,-0.035613464191555866,0.2266710065305233,0.1109780790284276
115,120,0.39703133753482234,1.9074322465612852,2.3048234774636587,0.8275827911386592,0.211768646724522,-0.4835472339764235,0.15536058507859724,0.21600303705781698,-0.4926392324268818,0.11625232454389334,-0.6890665655955673,0.42496141605079174
117,119,0.4142668282680796,1.3879933674673248,2.3048234774636587,0.6022124388435773,0.5178841091692448,-0.3488074876368046,0.12453960999846447,0.3983496883884073,0.5905954362824558,-0.5503401923924683,0.34044408425688744,0.2032076921314001
117,120,0.5114183461431236,2.255907424573685,2.3048234774636587,0.9787766597449783,0.46889283973723656,-0.5911166882142421,0.8067649453878403,-0.005608450621366556,0.3390843905508517,-0.39847440365701914,-0.5752934878692032,0.5171910291537642
117,127,0.41675204806670296,1.5401602959428833,2.3048234774636587,0.6682335159297108,0.5666890023276211,-0.033335164189338296,0.6017612004652617,0.0834572389721871,0.399305012077093,-0.7057798858731984,0.04819940682500601,0.19554007798433315
118,119,0.539963229696858,2.1296562070374394,2.3048234774636587,0.9239997023030232,0.6597633790224794,0.4127735318616028,-0.6336507899686694,0.8732069442048671,0.17198523879051208,-0.16865210700780137,0.5080566052347422,0.49665375240147114
118,120,0.4264089852622989,1.0638160477710916,2.3048234774636587,0.4615607477852348,0.6107721095904712,0.17046433128416527,0.04857454542070633,0.46924880519509327,-0.07952580694109201,-0.016786318272352163,-0.4076809668913485,0.8106370894238353
118,124,0.2593515917055251,2.118736617131748,2.3048234774636587,0.9192619902775853,0.3542237384244803,-0.07267336547374759,-0.41474977973848587,0.04099202901124965,-0.33629191294312466,-0.22341903857886786,-0.18104381579905748,0.19459497183561314
118,125,0.43356475488207913,2.184376166609339,2.3048234774636587,0.9477411992579727,0.31922393385320913,0.3251074822619556,-0.03085290081799029,0.6599737191572785,0.5229189060628414,0.10213051084429031,0.3108994597569108,0.6922267470508814
118,127,0.46899981457603496,2.2267848256029183,2.3048234774636587,0.9661411589113896,0.7085682721808557,0.7282458553090692,-0.15642919950187228,0.5583144947886469,-0.019305185414850712,-0.3240918004885314,0.21581192780286074,0.4889861382544042
119,120,0.4627646999729931,1.7713911523252568,2.3048234774636587,0.7685582733973982,-0.04899126943200821,-0.24230920057743754,0.6822253353893758,-0.40395813900977384,-0.2515110457316041,0.1518657887354492,-0.9157375721260906,0.31398333702236414
119,123,0.3845469910479958,2.1786582535788033,2.3048234774636587,0.945260352856309,-0.19239259976893675,0.05079674161970621,-0.07987177837640014,-0.9291235925629736,-0.44258102402091015,-0.24549699015915394,-0.06576058361679314,0.11530197132378817
119,124,0.48694923457351386,1.5363979622320927,2.3048234774636587,0.6666011420201345,-0.3055396405979991,-0.4854468973353504,0.2189010102301836,-0.8322149151936175,-0.5082771517336367,-0.05476693157106649,-0.6891004210337996,-0.302058780565858
119,127,0.2681001851129008,1.3604262479248252,2.3048234774636587,0.59025181807932,0.04880489315837634,0.3154723234474663,0.4772215904667972,-0.3148924494162202,-0.1912904242053628,-0.15543969348073006,-0.29224467743188143,-0.007667614147066959
120,124,0.36443526622618344,2.021312713511296,2.3048234774636587,0.8769924175432506,-0.2565483711659909,-0.24313769675791286,-0.4633243251591922,-0.4282567761838436,-0.25676610600203265,-0.2066327203065157,0.226637151092291,-0.6160421175882221
120,127,0.34657420872655387,1.8957542442585888,2.3048234774636587,0.822516024673946,0.09779616259038455,0.5577815240249038,-0.2050037449225786,0.08906568959355365,0.0602206215262413,-0.30730548221617926,0.6234928946942092,-0.3216509511694311
123,124,0.3539866612430085,2.283382474845551,2.3048234774636587,0.9906973341656071,-0.11314704082906235,-0.5362436389550567,0.29877278860658374,0.09690867736935616,-0.06569612771272659,0.19073005858808745,-0.6233398374170065,-0.41736075188964616
