theta_id_a,theta_id_b,theta_rms_distance,x_distance,noise_floor_q95,severity_ratio_x_to_noise,delta_mue_prior_width,delta_mui_prior_width,delta_b_prior_width,delta_tauA_prior_width,delta_g_LK_prior_width,delta_g_h_prior_width,delta_c_th2ctx_prior_width,delta_c_ctx2th_prior_width
0,2,0.4089804584137235,2.646839550640298,2.3048234774636587,1.1483914393101422,-0.3901987485587594,-0.40327355638146356,0.374420437961817,-0.382484151981771,0.41089944448322047,0.5591320861130954,0.4088120423257351,0.2969113979488611
0,4,0.28828345248139814,3.506991940488978,2.3048234774636587,1.5215880846320797,-0.25712755694985384,-0.26077624596655335,0.520013110712171,0.3392522670328618,0.2393310284242034,0.07461388595402241,0.2577378414571285,0.12632836867123842
0,8,0.40041903752802377,2.996367418883678,2.3048234774636587,1.3000420414760043,-0.06473497953265893,-0.31154199317097664,0.8463906152173879,-0.18404812272638071,0.5584687469527124,-0.1545213945209979,0.19263335596770045,0.2414779830724001
0,9,0.42783638636223004,4.439353787679031,2.3048234774636587,1.9261144426402297,-0.7250476451590657,0.2755328388884667,0.21832648105919383,0.4430166706442834,-0.11305139679461729,0.6761255366727711,-0.2841732008382678,-0.26101410761475585
0,10,0.2873959456476555,3.0435115301822275,2.3048234774636587,1.320496584637127,-0.5837178183719514,0.037145093083381986,0.47093167062848845,-0.06652378290891625,0.10218868032097816,0.2785340230911971,0.037007532082498074,-0.055406220257282146
0,11,0.33911685352827664,3.7507821705403144,2.3048234774636587,1.6273620115445282,-0.18079803232103564,0.38753881398588425,0.09286940656602416,0.31036339048296224,0.4926417507231234,-0.022541499696671963,-0.4397990172728896,0.4422107096761465
0,16,0.28999656827795317,3.9222959542359765,2.3048234774636587,1.701777161065829,0.08529713656753324,-0.22056045196950402,0.1692084809765224,0.25063081365078715,0.02219479065388441,0.4367236839607359,-0.4669703720137477,0.3407825324684381
0,18,0.3169727125897658,3.7551711691963665,2.3048234774636587,1.6292662782699272,-0.49154717195779113,-0.1163669694215057,0.04460545163601659,0.36796835251152515,0.6112867332994937,0.12866448517888796,-0.12382165994495153,0.07526972889900219
0,19,0.38551622825935333,2.5087539944332864,2.3048234774636587,1.088479885320347,-0.26904728170484293,0.5488633764907719,0.4262992832809687,-0.2510896297171711,-0.029166873544454686,0.33434194326400773,0.3524967869743705,0.5776489805430174
0,20,0.3953881098203796,3.035051629352944,2.3048234774636587,1.3168260645682353,-0.1559012504294513,0.02262987568974517,0.7214176068082456,-0.4104067841544746,-0.21946314349770568,0.6437228536233307,-0.2716442486271262,-0.025017485953867546
0,22,0.41079897807444277,4.549278689777686,2.3048234774636587,1.9738078574173221,-0.7343284869566561,-0.3634034469723697,0.595896695740521,-0.027741434052586333,0.3779672486707566,-0.04726808797568072,-0.36599172931164503,0.20938025880604988
0,25,0.3581221552212627,2.321396603691621,2.3048234774636587,1.0071906271304563,-0.6857719756662846,0.48828170727938447,0.013015613891184552,-0.3076303498819468,0.13524624705314625,0.10457518510520458,0.18634168058633802,0.3981871660798788
0,27,0.33857995103650484,3.0781831057159557,2.3048234774636587,1.3355396349499788,-0.20487690716981888,0.1084456583485009,0.38853507209569227,0.05989658273756515,0.5295444866642355,0.5543494336307051,0.0900220014154911,-0.33613142743706703
0,28,0.3933429838855831,3.6027088209290925,2.3048234774636587,1.5631170265992305,-0.3492677044123412,-0.411951683461666,0.12493379227817103,-0.10128235258162,0.7142570232972502,0.23712513875216262,-0.532608887180686,0.2648155661299824
0,29,0.2908298458949891,4.016874808059306,2.3048234774636587,1.742812344344771,-0.4463479518890379,0.2509420076385143,0.5027252128347757,0.27969226893037585,-0.14495355729013693,0.03838269039988518,-0.055802162736654226,-0.24062119144946337
0,30,0.32267563404659516,3.1427722240870404,2.3048234774636587,1.3635630905432732,-0.7991550508886573,-0.049945171922445186,0.2495401743799449,-0.21862549427896727,0.1944928839802741,-0.0796964233741162,-0.1914247516542673,0.030386841855943203
0,31,0.47989326820819467,3.7522421678177236,2.3048234774636587,1.6279954645146515,0.040532309561968086,0.3496296303346754,0.8773258356377485,0.4121643509715798,0.2722705379128455,0.5895964484661819,0.285381980240345,0.5250890189781785
0,32,0.323697597624541,2.4153523120375726,2.3048234774636587,1.0479554445946313,0.028653434477746584,-0.3805549647659059,0.44676550757139954,0.07914446014910964,-0.20333872921764862,0.5293252784758807,-0.15120935533195734,0.37727782130241394
0,33,0.4150228086951688,3.170694887686796,2.3048234774636587,1.3756779721699057,-0.8184191239997742,0.20666757132858082,0.08627374656498432,-0.03989468887448322,0.6564445924013852,-0.26991144847124804,0.3719840357080102,-0.11937983520328999
0,35,0.2956832536101101,2.448752045923967,2.3048234774636587,1.06244667752981,-0.3374041458591818,0.3266137791797522,0.21173079870641254,-0.39131075423210837,0.25433278176933527,0.4288662141188981,0.028830555267632008,0.17752166464924812
0,38,0.411827091230305,3.5941151750214533,2.3048234774636587,1.5593884781912213,-0.6659736046567559,-0.2688384428620334,0.31876617018133424,-0.13869524747133233,0.5951847340911626,0.045829715207219235,-0.2520668813958764,0.5479838391765952
0,39,0.2810332449572036,3.1371775363559915,2.3048234774636587,1.3611357082357978,-0.07695000153034902,0.0677899429574611,0.6829162575304513,0.23836978618055604,-0.014026144519448391,0.21405362058430916,0.2242515692487359,0.04267877433449041
0,41,0.42889582960222106,4.159571816984905,2.3048234774636587,1.8047246818061324,-0.7463144175708292,0.39510137867182504,0.7275840612128381,-0.22990829776972532,-0.16007914673537016,0.135134437121451,0.07047873176634312,0.3569768331944942
0,42,0.36364877709414856,3.537037116375536,2.3048234774636587,1.5346238664090084,-0.6083509456366301,-0.3352291639894246,-0.007076334208249824,0.29183170665055536,0.14909388311207272,-0.24676734581589677,-0.3100130930542946,0.5576799735426903
0,43,0.31740627922175396,2.720258032186738,2.3048234774636587,1.1802457146003407,-0.13651481270790095,0.2669936856254939,0.6031656051054599,-0.08131730183958985,0.3206145036965607,0.4597942782565953,0.16679363511502746,0.06005198322236538
0,44,0.44153363138270907,3.988082039978061,2.3048234774636587,1.7303199481318818,-0.28872339986264695,-0.19694613665342287,0.9020642954856162,0.0721704810857775,0.5088956747204065,0.26918795332312595,-0.21094084531068802,0.49254951532930136
0,45,0.25246967915992025,3.336736973114779,2.3048234774636587,1.447719101155065,-0.5029834881424903,0.15587084088474512,0.2876681787893176,0.20291908178478485,0.08691037632524967,-0.05666771996766329,0.3127408232539892,-0.011781401000916847
0,46,0.4443949851606439,3.8454320412567013,2.3048234774636587,1.668428007115063,-0.8675190079957241,-0.08227344974875428,0.5266086515039208,-0.32660287525504816,-0.09634828846901666,-0.17276333458721604,-0.5521221272647381,-0.30427283328026555
0,48,0.3390301568757973,3.000791371898481,2.3048234774636587,1.3019614739436356,0.0683563575148583,-0.09317937493324246,0.7770687751471999,-0.1703429315239191,0.2251673387363552,-0.029987567104399093,0.3814492989331484,-0.2760812249034643
0,51,0.26906825018242947,2.797177309260016,2.3048234774636587,1.2136188895204103,-0.29800640232861053,0.16867659706622384,0.03718939889222428,0.35921708308160316,-0.2322610151022675,-0.14805140905082215,-0.5036762505769731,-0.044136689975857846
0,52,0.33117240542753373,3.0996780465316602,2.3048234774636587,1.3448657030961428,-0.19267715141177155,-0.3558483663946387,0.2424563448876147,0.5105383638292553,-0.047374924644827954,0.16901629138737917,0.12359319441020489,0.5900237997993827
0,54,0.36217386248324884,3.471231950043253,2.3048234774636587,1.506072800795646,-0.7057985365390778,0.01409825868904624,0.11784995533525977,0.11195180844515584,0.4250559778884052,0.48597136791795503,0.2772821057587862,-0.17567292880266927
0,60,0.3797451641433701,3.843902179681543,2.3048234774636587,1.6677642419329928,-0.37402048241347063,-0.04238261096179474,0.5717230299487712,0.32152435462921886,0.5111018205061554,-0.29988669510930777,0.32210311759263277,-0.3561051217839123
0,61,0.2734579234451561,2.6416555735565033,2.3048234774636587,1.1461422531427488,-0.4021844351664184,0.372340268455446,-0.03872871771454778,-0.047533391043543816,-0.06667631026357423,0.49336774460971367,-0.15470342803746462,0.1493129013106227
0,63,0.3076885346700326,3.1905115973216462,2.3048234774636587,1.3842759016116246,0.019386204890906727,0.2272548405453566,0.33678654581308365,-0.19630939979106166,0.4755482878535985,0.06814488396048546,-0.5615766579285264,-0.0850675469264387
0,64,0.42107854809580475,4.272413627009181,2.3048234774636587,1.8536836633193077,0.01123805250972515,-0.27474632486701,0.669998383149505,0.530941209755838,0.6608406817540525,-0.20072564389556624,-0.36369964480400085,-0.05263352952897549
0,65,0.40438216229467994,2.9011282436996244,2.3048234774636587,1.2587203627811745,-0.7737694410607217,0.07760431338101664,0.2999908244237304,-0.35008991695940495,-0.19894287828356028,0.47574563883245,0.1443569641560316,0.451828870922327
0,66,0.31926277163473554,4.564587688179078,2.3048234774636587,1.9804500139863965,-0.4092340366914869,-0.12953334301710084,0.5455169100314381,0.16384509764611743,0.24994073063135136,0.35745276790112257,-0.2666446901857853,0.21307791769504547
0,70,0.34210220677318504,2.72612205426014,2.3048234774636587,1.182789953727866,-0.6525638336315753,-0.3824369031935928,0.09485740959644362,-0.1908037569373845,-0.010609493590891472,0.2835710654035211,-0.4775647521018982,0.1008791970089079
0,71,0.3852951616875449,3.6046768146633505,2.3048234774636587,1.5639708853669412,-0.12562067341059446,0.2202675445005301,0.46901914197951583,0.4320798916742207,0.5986011466011404,-0.008043894544243702,0.014866797253489494,0.5983640206977725
0,73,0.4839531874446441,3.9303262637251493,2.3048234774636587,1.7052612931773299,-0.6972231753170487,0.5161232659593227,0.5141797699034216,-0.16214424464851607,0.7425791881978511,0.38166532851755625,0.2974266605451703,-0.21202743984758854
0,75,0.40612907060294073,3.393234772828125,2.3048234774636587,1.4722319544237756,-0.18520026654005045,0.14606434572488103,0.8895758092403416,-0.2789336610585449,0.13688553404062964,-0.3179858997464179,-0.044986761175096035,0.5223667733371258
0,76,0.339794262530814,2.9060492671046205,2.3048234774636587,1.260855460524283,-0.306154517456889,-0.33335556276142586,0.6258486276492479,-0.36790752224624146,0.07568122725933801,-0.0008834311738610268,-0.4210355067625642,-0.09371675830334436
0,77,0.3503969453907614,3.8171713926694917,2.3048234774636587,1.6561664830271927,-0.45834954082965834,0.2534006191417577,0.0019329097121957295,0.5013955561444166,0.49766676407307375,0.1977970227599144,0.08653282467275858,0.4027939168736339
0,82,0.3999035614259861,4.152700016391012,2.3048234774636587,1.8017431950844445,-0.4959339760243892,-0.3422173988074063,0.8753395238891248,-0.08656162302941084,-0.22786804009228945,-0.07686004973948002,0.2625707844272256,-0.1258280035108328
0,85,0.37985124421888966,4.221097842981995,2.3048234774636587,1.8314191452210904,-0.6169264335185288,0.16273772064596426,0.6390781346708538,0.0646984064951539,-0.04395539779216051,0.11327445600181829,-0.11140383873134851,0.5544666005298495
0,88,0.32973380890123155,2.638369166949547,2.3048234774636587,1.1447163710137744,-0.08412167336791741,-0.43411394767463174,0.34535566903650794,-0.03465814422816027,0.16970222350209951,0.6367326304316522,0.33887449465692043,0.06876602955162525
0,90,0.3774579042535517,2.4917101477134325,2.3048234774636587,1.081085025416104,-0.5717325909063219,-0.0326962415128943,-0.030223013833164836,-0.4014453850686549,0.713415004312992,-0.04644199274480332,-0.07065757177770138,0.3656041696667671
0,91,0.3858972423535597,3.8852398424025445,2.3048234774636587,1.6856995255350549,-0.22392752114683379,0.36655991058796655,0.5939025124534967,0.4714568601921203,-0.11481278389692318,0.25505982059985416,-0.5782259665429592,-0.1387415919452908
0,92,0.378752949545821,4.192518080799523,2.3048234774636587,1.8190191664539865,-0.32925588171929104,-0.1713922061026094,0.7950266823172573,0.38266606722027074,-0.05544808506965648,0.43785060383379476,0.04970736242830753,0.18462514039129013
0,93,0.3734397832421507,3.78478384325378,2.3048234774636587,1.642114409307711,-0.4195001581683753,0.4782177628949289,0.1750401305034759,-0.24832357466220834,0.5223298072814941,-0.22873382549732924,-0.4422360919415951,-0.3129881238564851
0,100,0.3755494067403962,3.7251311662610465,2.3048234774636587,1.6162327408953523,-0.21204846724867815,-0.3895188421010969,0.7412973558530215,0.27124358527362374,0.34512190334498866,0.3133167782798411,-0.014833387918770313,-0.3016918310895562
0,101,0.32688203949172917,3.405272366716731,2.3048234774636587,1.4774547378630751,-0.552468219771981,0.19707628432661317,0.35370794497430347,-0.10553677473217238,0.23591078631579854,0.14578712545335304,-0.5072651235386729,0.20070310030132532
0,106,0.42424704294027643,3.65829459139995,2.3048234774636587,1.5872341752721635,-0.6283782450482247,-0.06061472930014111,0.6927073467522863,-0.260478502139449,0.48043343145400275,0.04860850889235746,0.32711177319288254,0.3917618710547685
0,107,0.27994102851871366,3.017675557135433,2.3048234774636587,1.3092870610881802,-0.16337813530117284,0.5246660886332395,0.3090202761813998,0.3627165211364629,0.08998012263327837,0.22299685515463358,-0.16483167745172977,-0.1136600561439991
0,108,0.3392455508760763,2.573834639662985,2.3048234774636587,1.1167166010020686,-0.26089916657656415,0.046955671161413415,0.07264447584748335,0.45919797476381075,0.1535924421623348,0.5324059696868063,0.20662381500005722,0.5334294559434056
0,109,0.35647232709389715,2.5827822160734906,2.3048234774636587,1.120598710195243,-0.48394834343343934,0.3816347243264318,0.46047046128660485,-0.42153512872755505,0.29463345278054465,-0.26127666793763626,-0.3009445760399103,0.036907735280692466
0,110,0.44127584795218594,4.518664823307131,2.3048234774636587,1.9605253363175963,-0.8719210019335154,-0.32528930902481024,0.1980390846729283,0.1075365748256446,0.7588369119912385,0.09142361488193285,0.05365683510899544,-0.23212332371622346
0,111,0.3972937470251661,2.798529689480482,2.3048234774636587,1.2142056503867802,0.09375055413693203,0.27756116632372146,0.8358707549050453,-0.02349478844553221,-0.16314910165965557,0.4140673056244852,-0.4539115484803915,0.271242001093924
0,112,0.3018431362193331,2.4145474984342865,2.3048234774636587,1.0476062579384056,0.0717817610129715,-0.3654086552560325,-0.052443688735365424,0.45117732975631974,0.43931830860674365,-0.293205404654145,-0.2549682389944792,-0.19976989924907707
0,113,0.4415228535952263,3.767230912779928,2.3048234774636587,1.6344986718573236,-0.8304055733606219,0.2979666488245131,0.5853613344952466,-0.17950570583343495,0.017797747626900673,0.5062134722247721,0.2374633066356182,0.30553895048797136
0,114,0.34551084520712094,3.4643637422626004,2.3048234774636587,1.503092872897562,-0.4775983514264223,0.028571881353855577,0.32313500158488784,0.30313350260257726,-0.02477363031357538,0.38984333351254474,-0.35202796943485737,0.5032733026891947
0,115,0.3869266653312485,3.5332836428487284,2.3048234774636587,1.5329953366914362,-0.3180181374773381,0.4276669779792429,0.7109418502077463,-0.07785637583583582,0.6156797381117939,0.057556929998099915,0.14040358364582062,0.008714292198419571
0,116,0.37409540856785567,3.476128063340668,2.3048234774636587,1.508197090722961,-0.17362632323056443,-0.11445853672921624,0.4431825354695323,0.020853106863796822,0.6749967085197567,-0.12539057061076164,-0.4814261067658664,0.41996676195412874
0,117,0.35765635075436125,3.215385364369336,2.3048234774636587,1.3950679502396013,-0.5751423304900526,0.5352364322170615,0.05953748989850327,0.14375511184334772,-0.21604388486593962,0.5722836581990124,0.026630505919456482,-0.08351532090455294
0,118,0.44483072258057355,3.6847364877842863,2.3048234774636587,1.598706592419456,-0.7170216003432872,-0.22634458728134588,0.8177278898656372,-0.3311021439731121,0.2025663126260041,0.19059557281434542,-0.14098201505839825,-0.37696138117462397
0,119,0.28627710510755106,2.7360845880491533,2.3048234774636587,1.1871124252257599,-0.057258221320807864,0.18642894458025694,0.18407709989696774,0.542104800231755,0.3745515514165162,0.02194346580654405,0.3670745901763439,0.11969237122684717
0,120,0.40596032401215926,3.1134130676943954,2.3048234774636587,1.350824953900829,-0.10624949075281608,-0.055880255997180606,0.8663024352863435,0.13814666122198116,0.1230405056849121,0.17380925454199325,-0.5486629819497467,0.4336757082492113
0,124,0.27917452422435235,2.659304111346868,2.3048234774636587,1.1537994719983056,-0.362797861918807,-0.29901795275509346,0.40297811012715135,-0.29011011496186245,-0.13372560031712055,-0.03282346576452244,-0.32202583085745573,-0.18236640933901083
0,127,0.31829088453702203,3.0174241010601297,2.3048234774636587,1.3091779611602412,-0.008453328162431523,0.5019012680277233,0.661298690363765,0.2272123508155348,0.1832611272111534,-0.133496227674186,0.07482991274446249,0.11202475707978021
1,5,0.4256865197970629,3.96274159203602,2.3048234774636587,1.719325419401236,0.2435437701642511,-0.24319132231175894,-0.4897868800908321,-0.414821531623602,-0.22968558315187687,0.16024716012179863,0.3046129085123538,-0.8648842601105571
1,24,0.4121982126380031,2.313642758235574,2.3048234774636587,1.0038264452172365,0.6896628402173516,-0.49609420727938397,0.01713539566844735,0.4345757449045776,-0.11475369334220892,0.19618907757103443,0.18585333973169316,-0.6018013861030339
1,57,0.31401333855786123,3.972177961568496,2.3048234774636587,1.7234196025891215,0.11758149508386817,-0.21960611268877994,-0.19444444682449102,0.38863831479102373,-0.3963202703744173,0.3745511220768095,0.06381595972925425,-0.48631636053323746
1,103,0.4362544926295974,3.478978656178476,2.3048234774636587,1.5094338851524176,0.6821859925985333,0.005911964923143359,-0.6486035985872147,-0.33841392677277327,0.06709599588066335,0.23837658483535054,0.42352336924523104,-0.5303048668429255
1,122,0.4372830324865851,3.678831807256157,2.3048234774636587,1.596144712698139,0.25156985223293316,-0.7450987892225385,-0.136067222803831,0.3591867759823798,-0.03647417761385441,0.2743189493194223,0.31693900283426035,-0.7659706231206657
1,126,0.35561410808712396,2.666732619361571,2.3048234774636587,1.1570224988753477,-0.007049489766359662,-0.4979947796091438,-0.6004315000027416,-0.27299644425511393,-0.31718942429870367,0.4503738312050701,0.10607997607439745,0.11789372470229867
2,3,0.5471802912712311,4.460508981740921,2.3048234774636587,1.935293103942817,0.03554915077984322,0.602386043407023,0.37782569695264123,0.8807483604177833,-0.3597828447818755,-0.6752734901383518,-0.5231933239847422,-0.5034662988036871
2,7,0.5698941370020478,2.4649343773091514,2.3048234774636587,1.0694677494441729,0.27677758596837493,0.849421645514667,-0.1109183104708793,0.23125416319817316,-0.5967702334746717,-0.8664657725021242,-0.7810842376202345,0.13168167229741815
2,9,0.5429595065360207,4.446681214833702,2.3048234774636587,1.929293613290962,-0.33484889660030637,0.6788063952699303,-0.15609395690262318,0.8255008226260544,-0.5239508412778378,0.11699345055967565,-0.6929852431640029,-0.557925505563617
2,14,0.45497253695695034,3.911191879989412,2.3048234774636587,1.6969594063201232,-0.4326078696176411,0.1992337945848699,-0.4547332478687163,0.9142005397006872,-0.5852812863886356,-0.19859910570085054,-0.06722545716911554,0.009818184189498369
2,16,0.4524131906827468,4.5330361336745115,2.3048234774636587,1.9667606556415713,0.47549588512629265,0.18271310441195954,-0.2052119569852946,0.6331149656325581,-0.38870465382933606,-0.12240840215235956,-0.8757824143394828,0.04387113451957697
2,17,0.47837964850509934,4.508538130401311,2.3048234774636587,1.956131640659409,-0.4887718921527269,0.5800123540684579,0.4264838043600323,0.2638764986768367,0.03281566873192793,-0.798453390598297,-0.3994639599695802,-0.45361771248281013
2,18,0.4066363379142972,3.989859173233427,2.3048234774636587,1.731090997747066,-0.10134842339903172,0.28690658695995785,-0.3298149863258004,0.7504525044932961,0.2003872888162732,-0.4304676009342075,-0.5326337022706866,-0.22164166904985894
2,22,0.39870059516456363,3.628817142588197,2.3048234774636587,1.5744447147776914,-0.34412973839789673,0.03987010940909386,0.221476257778704,0.35474271792918466,-0.03293219581246387,-0.6064001740887761,-0.7748037716373801,-0.08753113914281124
2,25,0.41243292846606466,2.9911720728028546,2.3048234774636587,1.2977879226111007,-0.2955732271075252,0.891555263660848,-0.36140482407063246,0.07485380209982417,-0.2756531974300742,-0.45455690100789087,-0.22247036173939708,0.10127576813101771
2,26,0.5223005740872249,3.634528513193383,2.3048234774636587,1.576922722599562,-0.15369407273828972,0.098479328677058,0.39606029167771345,0.5653285179287196,-0.491138458251953,-0.8384422427043319,-0.8424717057496309,-0.13653581589460367
2,27,0.3550652238889089,3.413422950452684,2.3048234774636587,1.48099105368754,0.18532184138894053,0.5117192147299645,0.014114634133875259,0.44238073471933614,0.11864504218101504,-0.00478265248239039,-0.318790040910244,-0.6330428253859282
2,28,0.39148539281983313,4.397847132025179,2.3048234774636587,1.908105837617025,0.04093104414641824,-0.008678127080202436,-0.24948664568364598,0.281201799400151,0.3033575788140297,-0.3220069473609328,-0.9414209295064211,-0.032095831818878706
2,29,0.49636813478442754,3.1714469410590005,2.3048234774636587,1.3760042676018802,-0.05614920333027851,0.6542155640199778,0.1283047748729586,0.6621764209121468,-0.5558530017733574,-0.5207493957132102,-0.4646142050623893,-0.5375325893983245
2,30,0.3906379647810892,2.82602080779362,2.3048234774636587,1.2261332962919629,-0.408956302329898,0.3533283844590184,-0.1248802635818721,0.16385865770280372,-0.21640656050294638,-0.6388285094872116,-0.6002367939800024,-0.2665245560929179
2,31,0.4642492048095218,2.9673429824887068,2.3048234774636587,1.2874491307048457,0.4307310581207275,0.752903186716139,0.5029053976759315,0.7946485029533508,-0.13862890657037497,0.03046436235308639,-0.1234300620853901,0.22817762102931735
2,33,0.45799252450001215,2.697558058348015,2.3048234774636587,1.1703968155151478,-0.4282203754410149,0.6099411277100444,-0.2881466913968327,0.3425894631072878,0.24554514791816467,-0.8290435345843434,-0.036828006617724895,-0.4162912331521511
2,35,0.3086646190688221,3.3023205729149394,2.3048234774636587,1.4327867644549404,0.052794602699577586,0.7298873355612158,-0.16268963925540447,-0.008826602250337379,-0.1565666627138852,-0.13026587199419737,-0.3799814870581031,-0.119389733299613
2,37,0.48920105575977935,4.5996961533703065,2.3048234774636587,1.9956826187973575,-0.1735077602788806,0.8726092362776394,0.18407299742102606,0.7694426691159608,-0.015512919053435326,-0.6452975375577807,-0.2789108147844672,-0.05122369434684515
2,38,0.3453066957420607,3.514311932993156,2.3048234774636587,1.5247640295908813,-0.27577485609799657,0.13443511351943016,-0.05565426778048277,0.24378890451043866,0.1842852896079421,-0.5133023709058762,-0.6608789237216115,0.2510724412277341
2,41,0.4381912662067951,3.346119739017223,2.3048234774636587,1.4517900271909143,-0.3561156690120698,0.7983749350532886,0.35316362325102113,0.15257585421204567,-0.5709785912185906,-0.42399764899164444,-0.338333310559392,0.06006543524563307
2,42,0.4943667611734255,3.1275505362464577,2.3048234774636587,1.3569588156435166,-0.2181521970778707,0.06804439239203897,-0.38149677217006683,0.6743158586323263,-0.26180556137114774,-0.8058994319289922,-0.7188251353800297,0.26076857559382915
2,43,0.314112678928379,2.57569695964074,2.3048234774636587,1.1175246108110473,0.25368393585085847,0.6702672420069575,0.22874516714364285,0.30116685014218114,-0.09028494078665977,-0.09933780785650013,-0.24201840721070764,-0.23685941472649574
2,44,0.3629782883078005,4.00278627930214,2.3048234774636587,1.7366997162433468,0.10147534869611247,0.2063274197280407,0.5276438575237992,0.4546546330675485,0.09799623023718601,-0.2899441327899695,-0.6197528876364231,0.1956381173804402
2,45,0.3975369473026037,2.6568547077382236,2.3048234774636587,1.1527367426254949,-0.11278473958373092,0.5591443972662087,-0.0867522591724994,0.5854032337665558,-0.3239890681579708,-0.6157998060807587,-0.09607121907174587,-0.30869279894977797
2,46,0.5516959982124763,2.795752968066232,2.3048234774636587,1.21300090675179,-0.47732025943696477,0.3210001066327093,0.15218821354210382,0.05588127672672283,-0.5072477329522371,-0.7318954207003114,-0.9609341695904732,-0.6011842312291267
2,51,0.5981413355247674,2.6561724891303133,2.3048234774636587,1.152440746591707,0.09219234623014888,0.5719501534476874,-0.33723103906959273,0.7417012350633742,-0.643160459585488,-0.7071834951639175,-0.9124882929027082,-0.34104808792471897
2,54,0.32215810519378124,3.0038472340719684,2.3048234774636587,1.3032873291353098,-0.3155997879803184,0.4173718150705098,-0.25657048262655724,0.49443596042692683,0.014156533405184746,-0.0731607181951404,-0.1315299365669489,-0.4725843267515304
2,55,0.51244730335344,2.4527858648470726,2.3048234774636587,1.064196841463208,0.33732756786048373,0.8170943213626739,0.10365043487399833,0.37130554858595144,-0.37688429839909066,-0.7739858645945789,-0.654723271727562,0.031862408854067326
2,56,0.32054480377840516,2.4095602374185705,2.3048234774636587,1.045442421503867,0.2571012275293466,0.12165938317775704,-0.30516052711755015,0.025210155174136384,-0.11920872423797846,-0.6836970364674926,-0.34450780134648085,0.21677924506366253
2,60,0.48048973666100764,2.8200990912952295,2.3048234774636587,1.223564025128122,0.016178266145288778,0.3608909454196688,0.19730259198695427,0.7040085066109898,0.10020237602293491,-0.8590187812224032,-0.08670892473310232,-0.6530165197327734
2,61,0.4266648641988607,3.036283482652522,2.3048234774636587,1.3173605320932422,-0.011985686607658974,0.7756138248369095,-0.4131491556763648,0.3349507609382272,-0.4775757547467947,-0.0657643415033818,-0.5635154703631997,-0.14759849663823843
2,62,0.397795160437205,4.545269550936974,2.3048234774636587,1.9720684014980672,-0.37597188632935274,-0.017217284068465455,0.32282348070293687,0.8054134557023647,-0.29456221405416716,-0.16816135402768856,-0.4935821471735835,0.11270454246550796
2,63,0.4917079025131412,4.253262845563938,2.3048234774636587,1.8453746619434988,0.4095849534496661,0.6305283969268202,-0.03763389214873336,0.18617475219070934,0.06464884337037802,-0.49098720215261,-0.9703887002542615,-0.3819789448752998
2,64,0.5543231596573014,3.951316924470603,2.3048234774636587,1.7143685679646177,0.40143680106848456,0.12852723151445355,0.295577945187688,0.913425361737609,0.249941237270832,-0.7598577300086616,-0.772511687129736,-0.3495449274778366
2,67,0.4539314270315207,2.744248799814894,2.3048234774636587,1.1906546538803922,0.007724826224148051,0.8588580684736368,-0.4489090973511337,0.41559590958058856,-0.08273050840944057,-0.40717272274196165,-0.16740011610090733,-0.5795144252479076
2,68,0.37355963993997315,2.3333225017456387,2.3048234774636587,1.0123649487957063,0.15993431117385598,0.3853971045464274,-0.15416844189167045,0.3245775792747737,-0.018933131359517574,-0.7164327492937447,-0.5459355711936951,0.03828858304768801
2,69,0.44609672998577793,4.144844661831251,2.3048234774636587,1.7983349711416696,-0.12440173607319649,0.7201630650088188,0.469998990185559,0.6977723622694613,-0.3467109641060232,0.10804973728954793,-0.053504014387726784,-0.46408670488744974
2,70,0.39715591572620523,2.658900801604177,2.3048234774636587,1.1536244869087164,-0.262365085072816,0.020836653187870757,-0.2795630283653734,0.1916803950443865,-0.42150893807411194,-0.27556102070957433,-0.8863767944276333,-0.19603220093995322
2,71,0.4655984885401627,3.2146525323645494,2.3048234774636587,1.3947499944343293,0.26457807514816495,0.6235411008819937,0.09459870401769882,0.8145640436559917,0.18770170211791992,-0.5671759806573391,-0.3939452450722456,0.3014526227489114
2,73,0.42139177251090554,3.6144247048121056,2.3048234774636587,1.5682002288477193,-0.30702442675828934,0.9193968223407862,0.13975933194160467,0.22033990733325493,0.3316797437146306,-0.1774667575955392,-0.11138538178056479,-0.5089388377964497
2,77,0.4484727413855725,4.276335515703469,2.3048234774636587,1.8553852637813977,-0.06815079227089893,0.6566741755232213,-0.3724875282496213,0.8838797081261875,0.08676731958985329,-0.36133506335318105,-0.3222792176529765,0.1058825189247728
2,82,0.413219504284377,2.7350501417661963,2.3048234774636587,1.1866636072173216,-0.1057352274656298,0.061056157574057246,0.5009190859273078,0.29592252895236015,-0.6387674845755099,-0.6359921358525754,-0.1462412578985095,-0.4227394014596939
2,85,0.41599749774383776,3.2294913122694293,2.3048234774636587,1.4011881360317107,-0.22672768495976947,0.5660112770274278,0.26465769670903677,0.4471825584769249,-0.454854842275381,-0.44585763011127716,-0.5202158810570836,0.2575552025809884
2,89,0.47576988485334276,4.311362013597909,2.3048234774636587,1.8705823052194628,-0.2843503663316368,0.632432992570102,0.3450625678524376,0.4710327116772535,-0.13141443580389034,-0.7528623221442102,-0.5775059349834919,0.2674036640673876
2,90,0.3583335335814771,2.7039755794263383,2.3048234774636587,1.173181202753942,-0.18153384234756254,0.37057731486856926,-0.40464345179498185,-0.01896123308688391,0.3025155598297715,-0.6055740788578987,-0.47946961410343647,0.068692771717906
2,91,0.6052425308817267,3.45437420898377,2.3048234774636587,1.4987586870579492,0.16627122741192563,0.7698334669694301,0.2194820744916796,0.8539410121738913,-0.5257122283801436,-0.3040722655132413,-0.9870380088686943,-0.4356529898941519
2,92,0.38626432908468483,2.9750899296770825,2.3048234774636587,1.290810319648001,0.06094286683946837,0.23188135027885415,0.42060624435544025,0.7651502192020417,-0.46634752955287695,-0.12128148227930068,-0.35910467989742756,-0.11228625755757099
2,93,0.5662427549252861,4.486342679965826,2.3048234774636587,1.946501640508634,-0.029301409609615914,0.8814913192763925,-0.19938030745834112,0.13416057731956266,0.11143036279827362,-0.7878659116104246,-0.8510481342673302,-0.6098995218053462
2,94,0.3404642081261253,3.921685816057149,2.3048234774636587,1.7015124387628875,-0.421170885674656,0.11182189360260941,0.046060897409916035,0.6319365343078973,0.05341705679893488,-0.43714937008917326,-0.2061405684798956,-0.3154769213870168
2,95,0.4028451410106454,4.416668304022552,2.3048234774636587,1.9162718304496233,0.4273055111989375,0.5247433604672551,-0.32391989510506414,0.25125326216220856,-0.30579423904418934,-0.23763634543865925,-0.6980840153992176,0.1870115632191301
2,100,0.38672316796059447,3.054192238938873,2.3048234774636587,1.3251306526519144,0.17815028131008126,0.013754714280366676,0.36687691789120447,0.6537277372553947,-0.06577754113823181,-0.24581530783325434,-0.4236454302445054,-0.5986032290384173
2,101,0.4350012452570772,4.210393379175369,2.3048234774636587,1.8267747705384767,-0.16226947121322166,0.6003498407080767,-0.020712492987513542,0.2769473772495986,-0.17498865816742193,-0.4133449606597424,-0.916077165864408,-0.0962082976475358
2,102,0.4987038781061916,4.233878369434841,2.3048234774636587,1.8369642668227282,-0.30359942093491554,0.3934555798768997,0.24239886458963178,0.8020748328417541,-0.5933537911623716,-0.8126454493030907,-0.016050276346504688,0.1669262005016208
2,104,0.38703319334604247,2.6744620501968437,2.3048234774636587,1.1603760879509755,0.37052712310105557,0.18952099047601223,0.19380541332066054,0.270350957289338,-0.5117460833862423,0.04752132017165414,-0.491237111389637,-0.6395643670111896
2,107,0.5227012699130249,3.4092674488562107,2.3048234774636587,1.479188094963323,0.22682061325758657,0.927939645014703,-0.06540016178041719,0.7452006731182339,-0.3209193218499421,-0.3361352309584619,-0.5736437197774649,-0.4105714540928602
2,108,0.3844906245275731,2.90114708966236,2.3048234774636587,1.2587285395300318,0.12929958198219527,0.450229227542877,-0.30177596211433366,0.8416821267455817,-0.25730700232088566,-0.02672611642628915,-0.20218822732567787,0.2365180579945445
2,109,0.48627978667460137,2.922795232615001,2.3048234774636587,1.2681210779019783,-0.09374959487467993,0.7849082807078953,0.08605002332478784,-0.03905097674578406,-0.11626599170267582,-0.8204087540507317,-0.7097566183656454,-0.26000366266816866
2,110,0.3961049766190187,4.079793728634443,2.3048234774636587,1.7701111467000714,-0.48172225337475605,0.07798424735665332,-0.1763813532888887,0.4900207268074156,0.347937467508018,-0.4677084712311626,-0.35515520721673965,-0.5290347216650846
2,113,0.346045577396095,2.9859922099742886,2.3048234774636587,1.2955405215067584,-0.4402068248018626,0.7012402052059767,0.21094089653342957,0.20297844614833604,-0.3931016968563198,-0.05291861388832335,-0.17134873569011688,0.00862755253911024
2,114,0.43398781751625976,2.858417092941976,2.3048234774636587,1.2401891602074095,-0.0873996028676629,0.43184543773531914,-0.05128543637692917,0.6856176545843482,-0.43567307479679585,-0.1692887526005507,-0.7608400117605925,0.20636190474033356
2,115,0.41084215848419237,2.8857944117591043,2.3048234774636587,1.2520674316172684,0.07218061108142132,0.8309405343607065,0.3365214122459293,0.30462777614593517,0.2047802936285734,-0.5015751561149955,-0.2684084586799145,-0.28819710575044155
2,116,0.4532813859188851,3.6608094882120095,2.3048234774636587,1.5883253203583922,0.21657242532819498,0.2888150196522473,0.06876209750771528,0.4033372588455678,0.2640972640365362,-0.684522656723857,-0.8902381490916015,0.12305536400526762
2,117,0.496878038131618,3.0520902340916845,2.3048234774636587,1.3242186501199453,-0.18494358193129323,0.9385099885985251,-0.31488294806331374,0.5262392638251188,-0.6269433293491601,0.013151572085916968,-0.3821815364062786,-0.38042671885341406
2,118,0.3988857179158924,2.586081647014322,2.3048234774636587,1.1220302432272053,-0.32682285178452786,0.17692896910011768,0.4433074519038202,0.051382008008658886,-0.20833313185721636,-0.36853651329875003,-0.5497940573841333,-0.6738727791234851
2,120,0.4849114585376542,2.321014025398864,2.3048234774636587,1.007024636851158,0.2839492578059433,0.34739330038428295,0.49188199732452653,0.5206308132037522,-0.2878589387983084,-0.3853228315711022,-0.9574750242754818,0.13676431030035022
2,125,0.3800637995329886,4.136988470944817,2.3048234774636587,1.7949263843395777,-0.007598917931318727,0.5020364513620733,0.4124545510858299,0.7113557271659374,0.31458577420562506,-0.2664060024544597,-0.2388945976272225,0.018353967927396353
2,127,0.5119057900829992,2.669785220554577,2.3048234774636587,1.1583469392165946,0.38174542039632786,0.9051748244091868,0.2868782524019479,0.6096965027973058,-0.22763831727206707,-0.6926283137872814,-0.3339821295812726,-0.1848866408690809
3,4,0.27868470871513784,2.9886929116144807,2.3048234774636587,1.296712282236636,0.09752204082906235,-0.45988873299211275,-0.23223302420228722,-0.1590119414031505,0.18821442872285843,0.19075528997927882,0.3721191231161356,0.3328832695260644
3,7,0.4096598197637645,4.4146861516780636,2.3048234774636587,1.915411828647373,0.2412284351885317,0.24703560210764403,-0.48874400742352053,-0.6494941972196101,-0.23698738869279623,-0.1911922823637724,-0.2578909136354923,0.6351479711011052
3,8,0.41429193545036386,3.8167634357477622,2.3048234774636587,1.6559894816534568,0.28991461824625725,-0.510654480196536,0.0941444803029297,-0.682312331162393,0.5073521472513675,-0.03837999049574148,0.30701463762670755,0.44803288392722607
3,9,0.3737630279172318,4.02782760536253,2.3048234774636587,1.7475644641536496,-0.3703980473801496,0.0764203518629073,-0.5339196538552644,-0.05524753779172892,-0.16416799649596225,0.7922669406980275,-0.16979191917926073,-0.05445920675992988
3,10,0.2917555775239852,2.84020653601335,2.3048234774636587,1.2322880965872722,-0.22906822059303522,-0.1619673939421774,-0.28131446428596973,-0.5647879913449285,0.0510720806196332,0.39467542711645354,0.15138881374150515,0.15114868059754383
3,12,0.2692554168359494,3.0301646970335785,2.3048234774636587,1.314705758016714,0.04508475121110683,-0.2733157826587558,-0.45814191922545466,-0.3490187404677271,0.2547460319474339,-0.08931270893663179,0.04909749794751406,0.3102623401209711
3,15,0.4327797142464445,4.455755257536187,2.3048234774636587,1.933230592756509,0.43457960058003653,-0.06642169691622252,-0.20082891453057553,-0.8355872062966228,0.6964873336255549,0.27673507295548905,-0.06771374959498644,0.01773941423743941
3,18,0.3689910779071315,3.0820579784497193,2.3048234774636587,1.337220836470031,-0.13689757417887494,-0.3154794564470651,-0.7076406832784417,-0.13029585592448711,0.5601701335981487,0.24480588920414437,-0.009440378285944462,0.28182462975382816
3,19,0.479551549220111,4.030656211634183,2.3048234774636587,1.7487917192121434,0.08560231607407326,0.3497508894652125,-0.32594685163348946,-0.7493538381531833,-0.08028347324579965,0.45048334728926415,0.46687806863337755,0.7842038813978434
3,20,0.4479920409266035,4.4839041287995585,2.3048234774636587,1.9454436197143685,0.1987483473494649,-0.17648261133581422,-0.030828528106212616,-0.9086709925904869,-0.27057974319905065,0.7598642576485871,-0.15726296696811914,0.18153741490095843
3,25,0.48748455709409744,3.839177314293021,2.3048234774636587,1.6657142517993788,-0.3311223778873684,0.2891692202538251,-0.7392305210232737,-0.8058945583179591,0.08412964735180128,0.220716589130461,0.3007229622453451,0.6047420669347048
3,27,0.3694804172633873,3.40256207552022,2.3048234774636587,1.4762788164864438,0.14977269060909731,-0.0906668286770585,-0.363711062818766,-0.4383676256984471,0.4784278869628905,0.6704908376559615,0.20440328307449818,-0.12957652658224106
3,30,0.3725286943908948,2.3509526727827206,2.3048234774636587,1.020014198818308,-0.4445054531097412,-0.24905765894800458,-0.5027059605345133,-0.7168897027149795,0.14337628427892912,0.03644498065114021,-0.07704346999526024,0.23694174271076918
3,31,0.4248486111438162,2.346394609624291,2.3048234774636587,1.0180365796197024,0.39518190734088426,0.150517143309116,0.12507970072329025,-0.0860998574644325,0.22115393821150053,0.7057378524914383,0.3997632618993521,0.7316439198330045
3,33,0.4447599623494041,2.6314844389823993,2.3048234774636587,1.1417292754576651,-0.4637695262208581,0.007555084303021431,-0.6659723883494739,-0.5381588973104955,0.6053279927000402,-0.15377004444599163,0.48636531736701727,0.08717506565153599
3,38,0.4769766439830794,2.346616667039763,2.3048234774636587,1.018132924271535,-0.3113240068778398,-0.4679509298875928,-0.433479964733124,-0.6369594559073446,0.5440681343898176,0.16197111923247565,-0.13768559973686934,0.7545387400314212
3,42,0.4497304466887186,2.380397760150821,2.3048234774636587,1.0327896185656387,-0.2537013478577139,-0.534341651014984,-0.7593224691227081,-0.20643250178545694,0.09797728341072776,-0.13062594179064035,-0.1956318113952875,0.7642348743975163
3,43,0.34727510129692785,3.654894784824085,2.3048234774636587,1.58575909199177,0.21813478507101525,0.06788119859993452,-0.14908052980899836,-0.5795815102756021,0.2694979039952157,0.5759356822818518,0.2811749167740345,0.26660688407719135
3,44,0.3907238749914867,3.022715708014237,2.3048234774636587,1.3114738449907593,0.06592619791626925,-0.39605862367898226,0.14981816057115796,-0.42609372735023476,0.4577790750190615,0.38532935734838236,-0.09655956365168095,0.6991044161841273
3,45,0.26270766224941855,2.7392706378837683,2.3048234774636587,1.1884947652903106,-0.14833389036357414,-0.04324164614081427,-0.46457795612514063,-0.2953451266512275,0.035793776623904705,0.059473684057593124,0.4271221049129963,0.19477349985390913
3,50,0.5314171483846273,4.570231224859872,2.3048234774636587,1.9828985905199037,-0.09610111452639103,-0.44383706245571386,-0.10069501493126151,-0.7700215065851806,0.6381422309204935,0.7701715081930159,0.0870232991874218,0.6648092977702618
3,51,0.31504491799404866,2.783076248027386,2.3048234774636587,1.2075008239199387,0.05664319545030566,-0.03043588995933555,-0.715056736022234,-0.1390471253544091,-0.28337761480361245,-0.031910005025565735,-0.389294968917966,0.16241821087896813
3,52,0.41479481016743447,3.3830648002528343,2.3048234774636587,1.4678194808982619,0.16197244636714464,-0.5549608534201981,-0.5097897900268435,0.012274155393243003,-0.09849152434617292,0.2851576954126356,0.23797447606921196,0.7965787006542087
3,55,0.31340617724523084,3.7969355538460214,2.3048234774636587,1.647386704870065,0.3017784170806405,0.21470827795565095,-0.27417526207864285,-0.5094428118318318,-0.017101453617215157,-0.09871237445622705,-0.13152994774281979,0.5353287076577544
3,58,0.340984599407668,3.478015370679491,2.3048234774636587,1.5090159418659128,-0.16852628532797076,-0.3842179449275136,-0.5583832170814276,-0.4569460470229386,-0.17813865654170513,0.2997462786734103,0.33431610744446516,-0.014122994616627693
3,59,0.3375757506250845,4.239135343481205,2.3048234774636587,1.8392451243798327,0.11721360031515354,0.28109906241297683,0.055742056109011034,-0.32992249820381403,0.6500888932496308,0.12554008606821287,-0.189365497790277,0.48240251094102865
3,64,0.32229990109159395,2.463730686199739,2.3048234774636587,1.0689455007248319,0.36588765028864134,-0.4738588118925694,-0.08224775176495319,0.032677001319825705,0.6097240820527076,-0.08458423987030983,-0.24931836314499378,0.1539213713258505
3,65,0.5034803809555745,3.3028710063204225,2.3048234774636587,1.433025582486284,-0.4191198432818055,-0.12150817364454275,-0.45225531049072787,-0.8483541253954172,-0.25005947798490524,0.5918870428577064,0.2587382458150387,0.658383771777153
3,67,0.3948761606806317,4.094413950694156,2.3048234774636587,1.7764544620136595,-0.027824324555695168,0.2564720250666138,-0.826734794303775,-0.4651524508371947,0.2770523363724349,0.2681007673963902,0.35579320788383484,-0.07604812644422054
3,68,0.36516909488075733,3.9082440000772802,2.3048234774636587,1.6956804016844294,0.12438516039401276,-0.21698893886059556,-0.5319941388443117,-0.5561707811430096,0.3408497134223579,-0.04115925915539287,-0.022742247208952904,0.5417548818513751
3,72,0.3446872749031583,4.4261234537843945,2.3048234774636587,1.9203741618664518,0.3089499995112417,-0.2834107177332046,-0.6083256304264073,-0.2833281625062225,-0.19899119716137648,0.19750178605318058,-0.08013532217592001,0.4892256744205952
3,75,0.3934880979903813,3.184622284620369,2.3048234774636587,1.381720689570936,0.16944933123886574,-0.053048141300678364,0.1373296743258834,-0.7771978694945572,0.08576893433928467,-0.20184449572116148,0.06939452048391104,0.7289216741919518
3,76,0.3828774077881444,3.6470043810591637,2.3048234774636587,1.5823356611554942,0.048495080322027206,-0.5324680497869853,-0.1263975072652104,-0.8661717306822537,0.024564627557993046,0.11525797285139538,-0.3066542251035571,0.11283814255148161
3,77,0.4009858890335504,3.084752396729731,2.3048234774636587,1.3383898710214217,-0.10369994305074215,0.05428813211619832,-0.7503132252022625,0.0031313477084042307,0.4465501643717288,0.3139384267851708,0.20091410633176565,0.6093488177284598
3,79,0.2807587987261996,4.348652657560544,2.3048234774636587,1.8867616978398778,0.41455253772437567,0.20570625551044908,-0.37582934554666314,-0.38008403591811635,-0.13623193930834532,0.012601648457348236,0.29600449185818434,-0.15616331528872252
3,82,0.3350667288965381,2.520973588376161,2.3048234774636587,1.0937816336157615,-0.14128437824547302,-0.5413298858329657,0.12309338897466661,-0.5848258314654231,-0.2789846397936344,0.03928135428577639,0.37695206608623266,0.08072689734399319
3,84,0.47427518585293404,4.5926691658289025,2.3048234774636587,1.9926338006947508,0.21096307598054403,-0.4339926512911918,-0.7333910074084999,-0.3064354434609412,0.5769137181341647,0.5239824214950203,0.5110341152176261,0.25755123887211084
3,90,0.5356503737733017,3.869836221946412,2.3048234774636587,1.6790163150390027,-0.21708299312740575,-0.2318087285384537,-0.7824691487476231,-0.8997095935046672,0.662298404611647,0.0696994112804531,0.043723709881305695,0.5721590705215931
3,98,0.3218362448296109,3.7064461336004895,2.3048234774636587,1.608125815205269,-0.08464875258505367,-0.45016759168356657,-0.5997768305242064,-0.444849801249802,-0.004392259754240624,-0.05573897436261199,0.2337529668584466,0.05849879607558228
3,100,0.2975555474873318,2.613289148915462,2.3048234774636587,1.1338348357121277,0.14260113053023804,-0.5886313291266563,-0.010948779061436736,-0.22702062316238855,0.2940053036436437,0.4294581823050975,0.09954789374023676,-0.09513693023473024
3,106,0.43098368882225013,2.6005161507709484,2.3048234774636587,1.1282929804380006,-0.27372864726930857,-0.2597272163257005,-0.059538788162171924,-0.7587427105754613,0.4293168317526578,0.16474991291761387,0.4414930548518896,0.5983167719095945
3,108,0.4439962753515717,3.4493866915966747,2.3048234774636587,1.4965947393908663,0.09375043120235205,-0.15215681586414598,-0.6796016590669749,-0.03906623367220152,0.10247584246098984,0.6485473737120627,0.3210050966590643,0.7399843567982316
3,109,0.3800725288799327,2.8979862500708227,2.3048234774636587,1.2573571375018748,-0.12929874565452315,0.18252223730087241,-0.2917756736278534,-0.9197993371635673,0.24351685307919968,-0.14513526391237985,-0.18656329438090324,0.24346263613551844
3,111,0.3803031960792889,4.265814017849287,2.3048234774636587,1.8508202730317547,0.4484001519158482,0.07844867929816207,0.0836246199905871,-0.5217589968815445,-0.21426570136100054,0.5302087096497416,-0.33953026682138443,0.47779690194874996
3,112,0.4111164169381959,4.461339799650776,2.3048234774636587,1.9356535731579125,0.42643135879188765,-0.5645211422815919,-0.8046898236498237,-0.04708687867969258,0.3882017089053987,-0.1770640006288886,-0.1405869573354721,0.006785001605748908
3,113,0.4326963357392671,2.489028020256004,2.3048234774636587,1.0799213235171714,-0.4757559755817058,0.09885416179895373,-0.16688480041921164,-0.6777699142694472,-0.033318852074444294,0.6223548762500285,0.3518445882946253,0.5120938513427973
3,114,0.3688707022289565,3.577717256231117,2.3048234774636587,1.552273868785914,-0.12294875364750613,-0.17054060567170382,-0.4291111333295704,-0.19513070583343503,-0.07589023001492035,0.5059847375378012,-0.2376466877758503,0.7098282035440207
3,115,0.3254532977894701,2.520368322394607,2.3048234774636587,1.0935190252262375,0.0366314603015781,0.2285544909536835,-0.04130428470671191,-0.5761205842718481,0.5645631384104489,0.17369833402335633,0.2547848653048277,0.21526919305324554
3,116,0.41398990267600394,3.7826468531987554,2.3048234774636587,1.6411872276489332,0.18102327454835176,-0.31357102375477564,-0.3090635994449259,-0.47741110157221545,0.6238801088184117,-0.00924916658550523,-0.3670448251068593,0.6265216628089547
3,117,0.4104030292650506,2.9200537309206025,2.3048234774636587,1.26693161514216,-0.22049273271113645,0.3361239451915021,-0.692708645015955,-0.3545090965926646,-0.2671604845672846,0.6884250622242688,0.14101178757846355,0.12303957995027304
3,118,0.3793471617658147,2.5869302135546897,2.3048234774636587,1.1223984130886566,-0.3623720025643711,-0.42545707430690527,0.06548175495117899,-0.8293663524091244,0.15144971292465914,0.3067369768396018,-0.026600733399391174,-0.170406480319798
3,119,0.33076713697389304,3.5668789732857107,2.3048234774636587,1.547571433631386,0.2973913764581083,-0.012683542445302454,-0.5681690350174905,0.04384059179574273,0.3234349517151712,0.13808486983180046,0.481455871835351,0.32624727208167315
3,120,0.345896960872647,3.380484551595191,2.3048234774636587,1.4666999814299195,0.2484001070261001,-0.25499274302274,0.11405630037188531,-0.3601175472140311,0.07192390598356713,0.28995065856724966,-0.43428170029073965,0.6402306091040373
3,124,0.3668331391541948,3.7709265097844806,2.3048234774636587,1.6361020905315464,-0.008148264139890782,-0.49813043978065286,-0.3492680247873069,-0.7883743233978747,-0.18484220001846552,0.08331793826073397,-0.20764454919844866,0.024188491515815147
4,6,0.30526814440531963,3.723436036329832,2.3048234774636587,1.6154972702843535,-0.39202592149376914,0.12212511524558056,0.37545562162995333,-0.11752255167812095,0.40257625374943007,0.4418254029005767,-0.15369176492094994,-0.20305982790887356
4,7,0.4530068157459556,2.741725304817745,2.3048234774636587,1.1895597782763279,0.14370639435946936,0.7069243350997567,-0.2565109832212333,-0.49048225581645966,-0.42520181741565466,-0.3819475723430512,-0.6300100367516279,0.3022647015750408
4,9,0.4384703423075631,3.686838800636666,2.3048234774636587,1.599618728586471,-0.46792008820921194,0.53630908485502,-0.30168662965297716,0.10376440361142159,-0.3523824252188207,0.6015116507187487,-0.5419110422953963,-0.3873424762859943
4,11,0.3983355586232257,4.389938248307929,2.3048234774636587,1.9046743888338178,0.0763295246288182,0.6483150599524377,-0.42714370414614683,-0.02888887654989955,0.25331072229892,-0.09715538565069437,-0.6975368587300181,0.3158823410049081
4,14,0.35586668061179877,2.4851718280293014,2.3048234774636587,1.0782482269592755,-0.5656790612265467,0.05673648416995969,-0.6003259206190703,0.19246412068605434,-0.41371287032961857,0.2859190944582225,0.08384874369949102,0.18040121346712107
4,15,0.40088447347956896,2.501629071441288,2.3048234774636587,1.0853885756987358,0.3370575597509742,0.39346703607589023,0.0314041096717117,-0.6765752648934723,0.5082729049026965,0.08597978297621023,-0.43983287271112204,-0.315143855288625
4,17,0.37894228303088673,3.025144698123443,2.3048234774636587,1.312527717503321,-0.6218430837616324,0.4375150436535476,0.2808911316096783,-0.4578599203377961,0.204384084790945,-0.313935190439224,-0.2483897591009736,-0.28303468320518743
4,18,0.27205486634079357,3.14092172206113,2.3048234774636587,1.3627602082210457,-0.2344196150079373,0.14440927654504765,-0.4754076590761544,0.02871608547866339,0.3719557048752903,0.05405059922486555,-0.38155950140208006,-0.051058639772236236
4,19,0.41309254020327474,2.3329869287989853,2.3048234774636587,1.0122193528531387,-0.011919724754989092,0.8096396224573252,-0.09371382743120227,-0.5903418967500329,-0.2684979019686581,0.2597280573099853,0.09475894551724195,0.45132061187177896
4,21,0.36018045508316765,3.3805717994913533,2.3048234774636587,1.4667378359107575,-0.36322451662272204,0.6982921948656441,-0.17663863860070733,0.127364257350564,0.43224618304520834,-0.25579981692135334,-0.006188702769577503,0.3443314842879772
4,23,0.3422329024032231,2.9740846743058813,2.3048234774636587,1.2903741667794493,0.24462751392275078,0.5450182212516663,-0.5521539095789199,-0.2401565955951808,-0.03334925696253799,0.16954892873764044,-0.10053617600351572,-0.42140684463083744
4,25,0.43460662896786406,2.8546088045306126,2.3048234774636587,1.2385368478075227,-0.4286444187164308,0.7490579532459378,-0.5069974968209865,-0.6468826169148086,-0.10408478137105714,0.029961299151182175,-0.07139616087079051,0.2718587974086404
4,27,0.31439400659854616,3.022373270822961,2.3048234774636587,1.3113252708397996,0.05225064978003496,0.36922190431505425,-0.13147803861647872,-0.27935568429529667,0.2902134582400321,0.47973554767668264,-0.16771584004163742,-0.46245979610830545
4,28,0.39957688587899515,4.344661146963557,2.3048234774636587,1.8850298903344374,-0.09214014746248733,-0.15117543749511264,-0.39507931843399996,-0.4405346196144818,0.47492599487304676,0.16251125279814022,-0.7903467286378145,0.138487197458744
4,32,0.3166171586995289,2.3068952270513328,2.3048234774636587,1.0008988756006398,0.2857809914276004,-0.11977871879935253,-0.07324760314077144,-0.2601078068837521,-0.442669757641852,0.4547113925218583,-0.40894719678908587,0.2509494526311755
4,34,0.3491125999486812,3.880481493359095,2.3048234774636587,1.6836350077574567,-0.16997151914983988,0.237081058323383,0.30221133399754757,0.13866376131772995,0.0932301972061394,0.021537719294428825,-0.7521006697788835,-0.45229263138026
4,35,0.3809479538173665,3.61122795909103,2.3048234774636587,1.5668132481299624,-0.08027658890932798,0.5873900251463056,-0.30828231200575845,-0.7305630212649702,0.015001753345131874,0.3542523281648757,-0.22890728618949652,0.0511932959780097
4,37,0.2982454659935555,3.0711686273854366,2.3048234774636587,1.332496244252554,-0.30657895188778617,0.7301119258627292,0.038480324670672084,0.04770625010132801,0.15605549700558174,-0.16077933739870776,-0.12783661391586065,0.11935933493077755
4,38,0.35378468505061555,2.5348520859856523,2.3048234774636587,1.0998031349347102,-0.40884604770690214,-0.008062196895480045,-0.20124694053083675,-0.47794751450419415,0.3558537056669592,-0.028784170746803173,-0.5098047228530049,0.4216554705053568
4,43,0.28383885838925244,2.353328846371478,2.3048234774636587,1.0210451556841988,0.1206127442419529,0.5277699315920472,0.08315249439328887,-0.42056956887245167,0.0812834752723573,0.3851803923025729,-0.09094420634210107,-0.06627638544887304
4,44,0.2929740121220392,3.2606759224244177,2.3048234774636587,1.414718287238477,-0.031595842912793104,0.06383010931313049,0.3820511847734452,-0.2670817859470843,0.2695646462962031,0.19457406736910354,-0.46867868676781654,0.36622114665806293
4,48,0.28464307706428427,2.4042084182427548,2.3048234774636587,1.0431204132337564,0.32548391446471214,0.1675968710333109,0.2570556644350289,-0.5095951985567809,-0.014163689687848202,-0.1046014530584215,0.12371145747601986,-0.40240959357470274
4,50,0.3804594619027749,4.57786902636834,2.3048234774636587,1.9862124241315229,-0.19362315535545338,0.016051670536398888,0.1315380092710257,-0.6110095651820302,0.449927802197635,0.5794162182137371,-0.2850958239287138,0.33192602824419737
4,55,0.3608939288383108,2.3641727223992697,2.3048234774636587,1.0257500175245184,0.20425637625157816,0.6745970109477637,-0.04194223787635565,-0.3504308704286814,-0.20531588234007359,-0.28946766443550587,-0.5036490708589554,0.20244543813169003
4,56,0.3416915253503845,3.338047546998578,2.3048234774636587,1.4482877233929992,0.12403003592044101,-0.020837927237153164,-0.45075319986790413,-0.6965262638404964,0.05235969182103861,-0.1991788363084196,-0.19343360047787428,0.38736227434128523
4,59,0.3899988401635445,4.286252074972159,2.3048234774636587,1.8596877881897325,0.019691559486091192,0.7409877954050896,0.28797508031129826,-0.1709105568006635,0.4618744645267724,-0.06521520391106594,-0.5614846209064126,0.14951924141496425
4,61,0.40671011941427604,3.3508440185464434,2.3048234774636587,1.4538397631361675,-0.14505687821656454,0.6331165144219993,-0.5587418284267187,-0.38678565807640564,-0.30600733868777763,0.41875385865569126,-0.41244126949459314,0.02298453263938427
4,62,0.2819172934279331,3.2340507543057164,2.3048234774636587,1.4031663534877843,-0.5090430779382583,-0.15971459448337566,0.17723080795258286,0.08367703668773191,-0.12299379799515009,0.3163568461313845,-0.34250794630497694,0.2832875717431307
4,64,0.3168496589554475,2.7489730986066765,2.3048234774636587,1.192704398183145,0.268365609459579,-0.01397007890045665,0.14998527243733403,0.1916889427229762,0.4215096533298491,-0.27533952984958865,-0.6214374862611294,-0.1789618982002139
4,67,0.38036244754227416,2.684111063081764,2.3048234774636587,1.1645625312856895,-0.12534636538475752,0.7163607580587266,-0.5945017701014876,-0.30614050943404425,0.0888379076495765,0.0773454774171114,-0.01632591523230076,-0.40893139597028494
4,68,0.2701709059703809,2.39026378102446,2.3048234774636587,1.037070215743734,0.02686311956495041,0.2428997941315172,-0.29976111464202443,-0.3971588397398591,0.1526352846994995,-0.2319145491346717,-0.3948613703250885,0.2088716123253107
4,69,0.350585187372877,2.5393396669746653,2.3048234774636587,1.1017501738437165,-0.25747292768210206,0.5776657545939086,0.32440631743520504,-0.02396405674517152,-0.17514254804700613,0.592567937448621,0.09757018648087978,-0.29350367560982704
4,70,0.40005294258897284,2.879227560838029,2.3048234774636587,1.2492182542354493,-0.39543627668172154,-0.12166065722703945,-0.42515570111572737,-0.5300560239702463,-0.24994052201509487,0.2089571794494987,-0.7353025935590267,-0.025449171662330516
4,72,0.2765178985274604,2.37581289528443,2.3048234774636587,1.030800370837463,0.2114279586821793,0.17647801525890816,-0.37609260622412005,-0.12431622110307197,-0.3872056258842349,0.006746496073901764,-0.4522544452920556,0.15634240489453083
4,73,0.4347827976333205,2.432677589625741,2.3048234774636587,1.0554724096713817,-0.4400956183671949,0.776899511925876,-0.00583334080874931,-0.5013965116813779,0.5032481597736477,0.30705144256353384,0.03968881908804178,-0.33835580851882696
4,77,0.31369202071912666,3.3745921113721358,2.3048234774636587,1.4641434124428927,-0.2012219838798045,0.5141768651083111,-0.5180802009999752,0.16214328911155473,0.25833573564887036,0.12318313680589199,-0.17120501678436995,0.2764655482023955
4,79,0.35266520314687094,2.6422581788772406,2.3048234774636587,1.1464037071441635,0.3170304968953133,0.6655949885025618,-0.1435963213443759,-0.22107209451496587,-0.32444636803120375,-0.17815364152193058,-0.07611463125795123,-0.4890465848147869
4,80,0.27029702396924243,2.9706550846985373,2.3048234774636587,1.2888861614545823,0.37026425078511227,0.2651802748441696,-0.019215581007301752,-0.5590181574225425,0.12189242709428055,0.1575389374047519,-0.15007285680621862,0.04470988642424345
4,84,0.26775273976984615,2.381786312132362,2.3048234774636587,1.0333920733718824,0.11344103515148168,0.025896081700920948,-0.5011579832062127,-0.14742350205779073,0.38869928941130627,0.33322713151574146,0.1389149921014905,-0.07533203065395355
4,86,0.27285203551903836,3.329754974055006,2.3048234774636587,1.4446898023267414,-0.4972129054367538,0.15387669764459122,-0.12557603698223824,0.21936934161931285,-0.20873160939663649,-0.3587174843996762,-0.26868303027004004,0.12789533473551273
4,88,0.2648144267489149,2.452755334956486,2.3048234774636587,1.064183595376952,0.17300588358193641,-0.17333770170807838,-0.17465744167566305,-0.3739104112610221,-0.06962880492210388,0.5621187444776298,0.08113665319979191,-0.05756233911961317
4,89,0.3471699142619059,2.867582279028158,2.3048234774636587,1.244165684299514,-0.41742155794054236,0.48993568215519184,0.19946989510208363,-0.25070370733737923,0.04015398025512673,-0.26834412198513724,-0.42643173411488533,0.4379866933450103
4,90,0.4193590673193281,2.491989544958913,2.3048234774636587,1.0812062482551683,-0.3146050339564681,0.22808000445365906,-0.5502361245453358,-0.7406976521015167,0.4740839758887886,-0.12105587869882573,-0.3283954132348299,0.2392758009955287
4,93,0.4862868706457389,4.104711768775166,2.3048234774636587,1.7809224042147442,-0.16237260121852148,0.7389940088614823,-0.3449729802086951,-0.5875758416950702,0.2829987788572907,-0.30334771145135164,-0.6999739333987236,-0.43931649252772353
4,96,0.3419159283560347,3.3311537563336464,2.3048234774636587,1.4452966957796751,0.3058080188930035,0.10852821171283722,-0.24214590433985,-0.6374860275536776,0.3432927597314118,0.18764834199100755,0.016534867696464062,0.4599965261295438
4,97,0.4053646650004879,4.133671119359362,2.3048234774636587,1.7934870760290318,-0.534428687766194,0.7088017733767628,0.3917757291346789,0.23150758352130651,-0.23493496887385856,-0.14388373307883717,-0.4915218008682132,-0.04444642458111048
4,101,0.37386297818715436,4.086016724694376,2.3048234774636587,1.7728111348426694,-0.29534066282212723,0.4578525302931665,-0.16630516573786752,-0.4447890417650342,-0.0034202421084048584,0.07117323949933063,-0.7650029649958014,0.0743747316300869
4,102,0.29308729737205846,2.5893560106479594,2.3048234774636587,1.1234509002387525,-0.4366706125438211,0.2509582694619895,0.0968061918392778,0.08033841382712126,-0.42178537510335457,-0.3281272491440177,0.13502392452210188,0.33750922977924347
4,104,0.3533962094229361,3.203417755101163,2.3048234774636587,1.389875531216977,0.23745593149215,0.047023680061102024,0.048212740570306556,-0.4513854617252948,-0.3401776673272252,0.5320395203307272,-0.3401629105210304,-0.46898133773356687
4,107,0.3448296324727845,3.146185918845216,2.3048234774636587,1.365044199526913,0.093749421648681,0.7854423345997928,-0.21099283453077117,0.02346425410360109,-0.14935090579092503,0.14838296920061117,-0.4225695189088583,-0.23998842481523752
4,108,0.2946411932723481,2.577817903926682,2.3048234774636587,1.1184448306485666,-0.003771609626710304,0.30773191712796677,-0.44736863486468764,0.11994570773094898,-0.08573858626186859,0.4577920837327839,-0.051114026457071304,0.4071010872721672
4,110,0.3499639184498032,2.854013661920847,2.3048234774636587,1.2382786316727146,-0.6147934449836616,-0.06451306305825688,-0.3219740260392427,-0.2317156922072172,0.5195058835670351,0.01680972892791044,-0.2040810063481331,-0.3584516923874619
4,112,0.35423453308980984,2.3986537492843594,2.3048234774636587,1.04071039397948,0.3289093179628253,-0.10463240928947914,-0.5724567994475365,0.11192506272345792,0.19998728018254025,-0.3678192906081674,-0.5127060804516077,-0.3260982679203155
4,116,0.35320948217361836,2.9811590352401947,2.3048234774636587,1.29344353890425,0.08350123371928941,0.1463177092373371,-0.0768305752426387,-0.318399160169065,0.4356656800955533,-0.20000445656478405,-0.7391639482229949,0.2936383932828903
4,117,0.4383938017816129,2.3692955564769633,2.3048234774636587,1.027972675410376,-0.3180147735401988,0.7960126781836149,-0.4604756208136677,-0.19549715518951408,-0.455374913290143,0.49766977224499,-0.23110733553767204,-0.20984368957579136
4,123,0.37840273741224495,3.0876936009492932,2.3048234774636587,1.339665979256313,0.007476735860109218,0.4980019321665165,-0.4158077891916034,-0.7262710593640804,-0.30736050102859735,-0.2981674103066323,0.04357616510242225,0.10866597387939692
4,125,0.26165529159616063,2.5923544124048954,2.3048234774636587,1.124751824923985,-0.1406701095402243,0.3595391409471631,0.2668618783354759,-0.010380691848695334,0.4861541902646421,0.21811219770461332,-0.08782039675861594,0.18893699720501905
5,9,0.3406028218376736,4.359684300822044,2.3048234774636587,1.8915480267580647,-0.19041989278048288,0.18357876874506485,0.08028567489236549,0.7269136486575007,-0.4615937806665898,0.3072493132203817,-0.06559277791529894,0.10723219905048587
5,11,0.42536783432706454,3.7843460351823315,2.3048234774636587,1.6419244563348567,0.35382972005754726,0.2955847438424824,-0.045171399600804185,0.5942603684961796,0.14409936685115088,-0.39141772314906137,-0.22121859434992075,0.8104570163413882
5,16,0.4248807287801184,3.8851197832201008,2.3048234774636587,1.6856474351326367,0.6199248889461161,-0.31251452211290587,0.031167674809694068,0.5345277916640045,-0.3263475932180881,0.06784746050834647,-0.24838994909077883,0.7090288391336799
5,18,0.31845999275329756,4.2613690527168915,2.3048234774636587,1.8488917239797955,0.04308058042079177,-0.20832103956490755,-0.09343535453081175,0.6518653305247425,0.2627443494275212,-0.24021173827350145,0.09475876297801733,0.4435160355642439
5,24,0.4091524189441239,2.9044512741382635,2.3048234774636587,1.2601621349911207,0.4461190700531005,-0.25290288496762503,0.5069222757592795,0.8493972765281796,0.11493188980966795,0.035941917449235805,-0.11875956878066063,0.26308287400752317
5,28,0.3486197800063923,3.2797964878034596,2.3048234774636587,1.423014178687866,0.18536004796624173,-0.5039057536050678,-0.013107013888657315,0.18261462543159734,0.3657146394252777,-0.13175108470022678,-0.31402846425771713,0.6330618727952242
5,40,0.3532863361250236,2.465242890397029,2.3048234774636587,1.069601604852578,0.5027565881609917,-0.03209834266453959,0.2293033199384803,0.6769486209377646,0.3818320166319608,-0.05662973877042532,-0.18774758093059063,0.22271994408220042
5,43,0.3137497076527441,4.498600369723563,2.3048234774636587,1.9518199175383462,0.39811293967068195,0.17503961548209207,0.4651247989386315,0.2025796761736275,-0.027927880175411812,0.0909180548042059,0.3853740580379963,0.4282982898876071
5,47,0.4652055608519128,4.036309860144428,2.3048234774636587,1.7512446829924615,0.6396162044256926,0.41042590327560907,0.024166043847798857,0.8382184160873294,0.19615009985864157,0.2507994808256626,0.19013997167348862,0.5595076754689217
5,49,0.3531636475182506,2.4750759448835113,2.3048234774636587,1.0738678988150567,-0.3079923130571838,0.4639949109405278,0.2746680732816452,0.4943441320210696,0.01707808487117285,-0.06727163959294569,0.12371144630014896,0.5896656895056367
5,50,0.4033140758119087,3.770704341297826,2.3048234774636587,1.6360056976889592,0.08387704007327568,-0.3366786455735563,0.5135103138163684,0.012139679864048958,0.3407164467498659,0.2851538807153701,0.1912224404513836,0.8265007035806775
5,57,0.3578036764018932,3.4418863449619477,2.3048234774636587,1.4933405436973286,-0.12596227508038293,0.023585209622978998,0.2953424332663411,0.8034598464146258,-0.16663468722254043,0.2143039619550109,-0.24079694878309954,0.3785678995773196
5,61,0.2835324869685046,4.143469065769789,2.3048234774636587,1.797738137555535,0.1324433172121645,0.28038619831204414,-0.17676952388137612,0.23636358696967352,-0.41521869413554674,0.12449152115732423,0.06387699488550425,0.5175592079758644
5,63,0.29086416107890917,2.9056974811302902,2.3048234774636587,1.2607028301915177,0.5540139572694897,0.13530077040195476,0.1987457396462553,0.08758757822215568,0.12700590398162598,-0.30073133949190395,-0.34299623500555754,0.283178759738803
5,66,0.3125281604577569,3.1032410581683174,2.3048234774636587,1.3464115965979646,0.125393715687096,-0.2214874131605027,0.4074761038646097,0.44774207565933477,-0.09860165324062115,-0.011423455551266837,-0.04806426726281643,0.5813242243602872
5,70,0.29002274273477024,3.892224648707683,2.3048234774636587,1.6887300423505225,-0.11793608125299249,-0.47439097333699465,-0.043183396570384724,0.09309322107583284,-0.359151877462864,-0.08530515804886829,-0.25898432917892933,0.4691255036741496
5,77,0.4192547512066551,4.236440779945253,2.3048234774636587,1.8380760268058538,0.07627821154892456,0.16144654899835587,-0.13610789645463262,0.7852925341576339,0.14912438020110125,-0.171079200692475,0.30511324759572744,0.7710402235388756
5,81,0.3249054993448456,4.109785478924149,2.3048234774636587,1.7831237485687013,-0.32529230043292057,0.32765443623065954,-0.011134165339172108,0.6834155693650246,-0.12777181994169967,-0.3450482357293368,-0.16618631687015295,0.03396369796246301
5,93,0.275114427217685,4.309830955689745,2.3048234774636587,1.8699180209811535,0.11512759421020757,0.38626369275152705,0.03699932433664754,0.035573403351009,0.17378742340952158,-0.5976100489497187,-0.2236556690186262,0.055258182808756606
5,95,0.3793774658391726,3.876189962217962,2.3048234774636587,1.6817730295265443,0.571734515018761,0.029515733942389655,-0.08754026331007547,0.1526660881936549,-0.24343717843294138,-0.0473804827779532,-0.07069155015051365,0.8521692678332329
5,101,0.26438384631505024,2.670391925119292,2.3048234774636587,1.1586101717680881,-0.017840467393398174,0.10512221418321133,0.21566713880747512,0.17836020328104496,-0.11263159755617397,-0.22308909799903637,-0.28868470061570406,0.568949406966567
5,103,0.25144256299811296,3.54331422411912,2.3048234774636587,1.537347332134241,0.4386422224342822,0.2491032872349023,-0.15881671849638268,0.07640760485082876,0.2967815790325402,0.07812942471355191,0.11891046073287725,0.33457939326763153
5,104,0.32612883038378854,3.8746724817583136,2.3048234774636587,1.6811146361725688,0.5149561269208791,-0.3057066360488532,0.4301850451156492,0.17176378332078435,-0.4493890227749943,0.23777718283236016,0.13615535385906696,0.02559333760291327
5,107,0.34063310269275543,4.180342247251268,2.3048234774636587,1.8137364045994198,0.37124961707741005,0.4327120184898376,0.17097947001457148,0.6466134991496802,-0.25856226123869414,-0.14587936829775583,0.05374874547123909,0.2545862505212426
5,108,0.4598891532148966,4.179134237300485,2.3048234774636587,1.8132122820526848,0.27372858580201875,-0.04499839898198843,-0.065396330319345,0.7430949527770281,-0.1949499417096377,0.16352974623441688,0.4252042379230261,0.9016757626086473
5,114,0.40362319124543566,4.547740151121316,2.3048234774636587,1.9731403274865427,0.05702940095216058,-0.06338218878954627,0.1850941954180595,0.5870304806157947,-0.3733160141855479,0.020967110060155336,-0.1334475465118885,0.8715196093544364
5,122,0.3599411132451049,3.3986621891794893,2.3048234774636587,1.4745867622450395,0.00802608206868205,-0.5019074669107795,0.3537196572870011,0.7740083076059818,0.19321140553802246,0.11407178919762367,0.012326094321906567,0.09891363698989142
5,126,0.3964178148242746,4.275864596749704,2.3048234774636587,1.8551809449004208,-0.25059325993061077,-0.25480345729738485,-0.11064461991190944,0.1418250873684881,-0.0875038411468268,0.29012667108327145,-0.19853293243795633,0.9827779848128557
6,8,0.3716106380834569,4.432801581443533,2.3048234774636587,1.9232716191877766,0.584418498910964,-0.17289086245000385,-0.049078117124736406,-0.40577783808112156,-0.08343853522092103,-0.670960683375597,0.08858727943152186,0.31820944231003523
6,9,0.4279214934988735,4.179122291701136,2.3048234774636587,1.813207099183165,-0.0758941667154428,0.4141839696094395,-0.6771422512829305,0.22128695528954254,-0.7549586789682508,0.15968624781817198,-0.3882192773744464,-0.18428264837712072
6,10,0.28534013713162293,3.557405370324249,2.3048234774636587,1.5434610958748969,0.06543566007167156,0.17579622380435478,-0.42453706171363587,-0.2882534982636571,-0.5397186018526553,-0.23790526576340199,-0.06703854445368052,0.02132523898035299
6,12,0.38432637477031095,3.6360717203316963,2.3048234774636587,1.5775922780572371,0.3395886318758136,0.0644478350877764,-0.6013645166531207,-0.07248424738645559,-0.3360446505248546,-0.7218934018164873,-0.1693298602476716,0.18043889850378025
6,14,0.49708839956301737,2.366132682294496,2.3048234774636587,1.0266003906287455,-0.17365313973277752,-0.06538863107562087,-0.9757815422490236,0.3099866723641753,-0.8162891240790486,-0.1559063084423542,0.23754050862044096,0.3834610413759946
6,18,0.3530271547706058,2.9456546962098593,2.3048234774636587,1.2780391752393128,0.15760630648583185,0.022284161299467087,-0.8508632807061077,0.14623863715678434,-0.030620548874139772,-0.38777480367571115,-0.22786773648113012,0.15200118813663732
6,27,0.27909626223116857,3.331555394132676,2.3048234774636587,1.445470955458543,0.4442765712738041,0.2470967890694737,-0.506933660246432,-0.1618331326171757,-0.11236279550939794,0.037910144776105936,-0.014024075120687485,-0.2593999681994319
6,29,0.3953826344063297,3.013227359221067,2.3048234774636587,1.3073571094203584,0.20280552655458506,0.3895931383594871,-0.3927435195073487,0.05796255357563501,-0.7868608394637704,-0.47805659845471393,-0.15984823927283281,-0.16388973221182823
6,30,0.40246745262053213,2.888930911658244,2.3048234774636587,1.253428273317211,-0.15000157244503443,0.0887059587985276,-0.6459285579621794,-0.4403552096337081,-0.4474143981933594,-0.5961357122287153,-0.2954708281904459,0.10711830109357834
6,31,0.4012064608184275,3.3676293299769724,2.3048234774636587,1.4611224516347245,0.6896857880055911,0.4882807610556482,-0.018142896704375848,0.19043463561683896,-0.36963674426078796,0.07315715961158271,0.1813359037041664,0.6018204782158136
6,33,0.44205601569047875,3.4719141298489644,2.3048234774636587,1.506368779994219,-0.1692656455561513,0.3453187020495536,-0.80919498577714,-0.26162440422922406,0.014537310227751704,-0.7863507373258471,0.2679379591718316,-0.04264837596565485
6,34,0.32133823817665197,2.901383784961131,2.3048234774636587,1.2588312351599076,0.22205440234392926,0.11495594307780244,-0.07324428763240576,0.25618631299585093,-0.30934605654329067,-0.4202876836061479,-0.5984089048579335,-0.24923280347138643
6,38,0.39058700408921726,2.3221189586331534,2.3048234774636587,1.0075040372239386,-0.016820126213133002,-0.1301873121410606,-0.5767025621607901,-0.36042496282607317,-0.04672254808247088,-0.4706095736473799,-0.356112957932055,0.6247152984142303
6,39,0.34747016047917983,4.249874539656629,2.3048234774636587,1.8439045684892972,0.572203476913274,0.2064410736784339,-0.21255247481167303,0.0166400708258152,-0.6559334266930819,-0.30238566827028995,0.12020549271255732,0.11941023357212555
6,41,0.43363282549052057,3.1365552919644673,2.3048234774636587,1.360865733377589,-0.09716093912720625,0.5337525093927978,-0.1678846711292862,-0.45163801312446616,-0.8019864289090036,-0.3813048517331481,-0.03356734476983547,0.4337082924321293
6,42,0.531399323913903,2.6073246014661167,2.3048234774636587,1.1312469813676773,0.040802532806992864,-0.1965780332684518,-0.9025450665503741,0.07010199129581451,-0.49281339906156074,-0.7632066346704959,-0.4140591695904732,0.6344114327803254
6,43,0.30284265808022204,4.111192663763426,2.3048234774636587,1.7837342876633595,0.512638665735722,0.4056448163464667,-0.29230312723666446,-0.3030470171943307,-0.32129277847707277,-0.05664501059800381,0.06274755857884887,0.13678344246000051
6,44,0.2867582855927368,2.3604894572788386,2.3048234774636587,1.0241519493182347,0.36043007858097603,-0.05829500593245007,0.006595563143491844,-0.14955923426896334,-0.133011607453227,-0.24725133553147316,-0.3149869218468666,0.5692809745669365
6,45,0.38113800438499285,3.5398453522158517,2.3048234774636587,1.5358422832933272,0.14616999030113265,0.2945219716057179,-0.6078005535528067,-0.018810633569955992,-0.5549969058483838,-0.5731070088222624,0.20869474671781063,0.06495005823671829
6,46,0.4987411238425324,2.8289891795496813,2.3048234774636587,1.2274211917794418,-0.2183655295521012,0.056377680972218513,-0.3688600808382035,-0.548332590609789,-0.7382555706426501,-0.6892026234418152,-0.6561682038009167,-0.22754137404263042
6,50,0.29118094932666605,3.972174588117856,2.3048234774636587,1.7234181389409624,0.19840276613831576,-0.10607344470918167,-0.24391761235892762,-0.4934870135039092,0.047351548448204966,0.13759081531316045,-0.13140405900776386,0.5349858561530709
6,51,0.5645139211373317,3.528318208106501,2.3048234774636587,1.5308409700812473,0.35114707611501245,0.30732772778719664,-0.8582793334499,0.13748736772686235,-0.874168297275901,-0.6644906979054213,-0.6077223271131517,0.03259476926177729
6,52,0.47514974679092276,3.85005237486269,2.3048234774636587,1.6704326437612815,0.4564763270318514,-0.2171972356736659,-0.6530123874545096,0.2888086484745145,-0.6892822068184614,-0.34742299746721994,0.0195471178740263,0.6667552590370178
6,54,0.3022904456743099,2.708501485304778,2.3048234774636587,1.1751448697864475,-0.05664505809545484,0.15274938941001903,-0.7776187770068645,-0.109777906909585,-0.21685130428522825,-0.030467920936644077,0.1732360292226076,-0.09894146956503413
6,55,0.5099598107238681,4.604635628502735,2.3048234774636587,1.9978257222413853,0.5962822977453472,0.5524718957021831,-0.417397859506309,-0.2329083187505604,-0.6078921360895037,-0.7312930673360826,-0.34995730593800545,0.4055052660405636
6,58,0.3998451670917293,4.137689581060306,2.3048234774636587,1.795230576882887,0.12597759533673603,-0.046454327180981414,-0.7016058145090937,-0.1804115539416672,-0.7689293390139936,-0.3328344142064452,0.1158887492492795,-0.14394643623381853
6,59,0.37319882326890086,4.413169535993221,2.3048234774636587,1.9147538104955832,0.41171748097986033,0.618862680159509,-0.08748054131865507,-0.05338800512254255,0.059298210777342306,-0.5070406068116426,-0.40779285598546267,0.3525790693238378
6,60,0.35511138052425534,3.0487327025672375,2.3048234774636587,1.322761908830525,0.27513299603015234,0.09626851975917805,-0.32374570239335304,0.09979463927447801,-0.13080546166747808,-0.8163259839639069,0.21805704105645418,-0.27937366254627716
6,64,0.4085245229930917,2.339320381364518,2.3048234774636587,1.0149672650587633,0.6603915309533481,-0.1360951941460372,-0.2254703491926193,0.3092114944010972,0.018933399580419036,-0.7171649327501654,-0.46774572134017944,0.02409792970865965
6,65,0.465504181202222,4.093158795897395,2.3048234774636587,1.775909884605006,-0.12461596261709873,0.21625544410198944,-0.595477907918394,-0.5718196323141458,-0.8408501604571937,-0.04069365002214906,0.04031088761985302,0.5285603301599622
6,66,0.2701335295629223,4.428131728241903,2.3048234774636587,1.921245497340576,0.2399194417521361,0.009117787703871949,-0.3499518223106863,-0.05788461770862341,-0.3919665515422821,-0.15898652095347654,-0.3706907667219639,0.2898093769326806
6,68,0.4284295372818175,4.493833839676682,2.3048234774636587,1.9497518502466482,0.41888904105871955,0.12077467888593663,-0.6752167362719778,-0.2796362880617381,-0.24994096904993057,-0.6737399520352484,-0.24116960540413857,0.41193144023418427
6,69,0.2882655002672752,2.4267126135652086,2.3048234774636587,1.0528843693642356,0.13455299381166708,0.455540639348328,-0.051049304194748304,0.09355849493294943,-0.5777188017964362,0.15074253454804426,0.2512619514018297,-0.09044384770095348
6,71,0.41377538367687916,2.668876360190293,2.3048234774636587,1.15795260951058,0.5235328050330286,0.3589186752215029,-0.4264495903626085,0.21035017631947986,-0.04330613557249306,-0.5244831833988428,-0.0891792792826891,0.6750954799354076
6,73,0.31776182158183736,3.0426444020132504,2.3048234774636587,1.3201203613916352,-0.04806969687342577,0.6547743966802955,-0.38128896243870264,-0.3838739600032569,0.10067190602421762,-0.13477396033704286,0.19338058400899172,-0.1352959806099534
6,75,0.4846978271094916,4.151906936616211,2.3048234774636587,1.80139909941614,0.4639532119035725,0.2847154764458538,-0.005892923101782702,-0.5006633764132857,-0.5050217481330038,-0.834425188601017,-0.14903283771127462,0.5990982325747609
6,76,0.4242875038431792,4.253360471264786,2.3048234774636587,1.8454170190705423,0.342998960986734,-0.19470443204045307,-0.2696201046928765,-0.5896372376009823,-0.5662260549142955,-0.5173227200284601,-0.5250815832987428,-0.016985299065709225
6,77,0.42120652403784087,3.1495451182846588,2.3048234774636587,1.3665016644791268,0.19080393761396464,0.3920517498627305,-0.8935358226299286,0.2796658407896757,-0.1442405181005597,-0.3186422660946847,-0.01751325186342001,0.47952537611126905
6,82,0.4025571303942995,3.3218584682727874,2.3048234774636587,1.4412637239917063,0.15321950241923377,-0.20356626808643352,-0.020129208452999495,-0.3082913383841517,-0.8697753222659229,-0.5932993385940791,0.158524707891047,-0.04909654427319765
6,85,0.3968702476174306,2.8118433475813265,2.3048234774636587,1.2199820832594162,0.032227044925094095,0.30138885136693705,-0.25639059767127054,-0.15703130885958694,-0.685862679965794,-0.4031648328527808,-0.2154499152675271,0.6311980597674847
6,90,0.47573675913417485,4.359283925091603,2.3048234774636587,1.891374314656311,0.07742088753730103,0.1059548892080785,-0.9256917461752892,-0.6231751004233957,0.07150772213935855,-0.5628812815994024,-0.17470364831387997,0.44233562890440226
6,91,0.46092922789333146,2.776896517624746,2.3048234774636587,1.2048196075651658,0.4252259572967892,0.5052110413089393,-0.3015662198886277,0.24972714483737943,-0.7567200660705566,-0.26137946825474495,-0.6822720430791378,-0.06201013270765565
6,92,0.2964658966114288,2.742105042388869,2.3048234774636587,1.189724536044043,0.31989759672433193,-0.03274107538163662,-0.10044205002486706,0.16093635186552993,-0.69735536724329,-0.07858868502080435,-0.054338714107871056,0.26135659962892527
6,97,0.4146262663634631,2.3652444444230425,2.3048234774636587,1.0262150084595085,-0.14240276627242487,0.5866766581311822,0.016320107504725557,0.3490301351994275,-0.6375112226232886,-0.5857091359794139,-0.33783003594726324,0.15861340332776308
6,98,0.428719138745226,4.298298417267212,2.3048234774636587,1.864914367323814,0.20985512807965312,-0.11240397393703438,-0.7429994279518725,-0.16831530816853058,-0.5951829422265291,-0.6883196672424675,0.015325608663260937,-0.07132464554160856
6,106,0.3151075180542139,3.583740901877562,2.3048234774636587,1.5548873642250847,0.020775233395398218,0.07803640142083168,-0.20276138558983803,-0.48220821749418985,-0.16147385071963072,-0.46783077996224165,0.22306569665670395,0.46849333029240364
6,107,0.4336123712239852,4.413109447199716,2.3048234774636587,1.914727739608119,0.48577534314245013,0.6633172193542123,-0.5864484561607245,0.14098680578172204,-0.5519271595403551,-0.29344243369996553,-0.26887775398790836,-0.036928596906363964
6,108,0.43876917046524716,3.7987111167196197,2.3048234774636587,1.6481570731394617,0.38825431186705883,0.1856068018823862,-0.822824256494641,0.23746825940906993,-0.48831484001129866,0.015966680832207175,0.10257773846387863,0.6101609151810408
6,109,0.4747862387808113,3.674654217530347,2.3048234774636587,1.5943321705374667,0.16520513501018363,0.5202858550474045,-0.43499827105551947,-0.6432648440822959,-0.3472738293930888,-0.7777159567922354,-0.4049906525760889,0.1136391945183276
6,113,0.35954693202340116,3.33954751118238,2.3048234774636587,1.4489385169129667,-0.181252094916999,0.4366177795454859,-0.31010739784687774,-0.4012354211881758,-0.6241095345467328,-0.010225816629827023,0.13341723009943962,0.3822704097256065
6,114,0.4178047102959689,3.9391025754885702,2.3048234774636587,1.7090690953145586,0.17155512701720066,0.16722301207482837,-0.5723337307572365,0.08140378724783642,-0.6666809124872088,-0.12659595534205437,-0.45607404597103596,0.5800047619268298
6,115,0.31105718096570495,3.5425535699152326,2.3048234774636587,1.5370173050361466,0.3311353409662849,0.5663181087002157,-0.184526882134378,-0.29958609119057666,-0.026227544061839594,-0.4588823588564992,0.03635750710964203,0.0854457514360547
6,116,0.42926577601500815,3.9401275187319253,2.3048234774636587,1.7095137902134856,0.47552715521305855,0.02419259399175655,-0.45228619687259203,-0.20087660849094402,0.03308942634612323,-0.6418298594653608,-0.585472183302045,0.4966982211917639
6,117,0.48858228175445695,3.8758570307724507,2.3048234774636587,1.681628579659226,0.07401114795357033,0.6738875629380343,-0.835931242443621,-0.07797460351139313,-0.8579511670395731,0.055844369344413294,-0.0774155706167221,-0.006783861666917801
6,118,0.3109128322523216,2.959396127716909,2.3048234774636587,1.284001207317436,-0.06786812189966429,-0.08769345656037308,-0.07774084247648712,-0.552831859327853,-0.43934096954762936,-0.3258437160402537,-0.24502809159457684,-0.30022992193698883
6,119,0.4313506152812372,4.410803423753475,2.3048234774636587,1.9137272189744179,0.5918952571228151,0.32508007530122973,-0.7113916324451566,0.32037508487701416,-0.26735573075711727,-0.49449582304805506,0.26302851364016533,0.1964238304644823
6,120,0.41572154460401894,3.7588681832726847,2.3048234774636587,1.6308703117729122,0.5429039876908068,0.08277087472379219,-0.02916629705578079,-0.08358305413275968,-0.5188667764887214,-0.34263003431260586,-0.6527090584859253,0.5104071674868464
6,124,0.4620925281475727,4.388455701893712,2.3048234774636587,1.9040311524086801,0.286355616524816,-0.16036682203412067,-0.492490622214973,-0.5118398303166033,-0.775632882490754,-0.5492627546191216,-0.4260719073936343,-0.10563495010137569
6,127,0.4394491851308535,4.175475088546562,2.3048234774636587,1.8116246772796067,0.6407001502811914,0.6405523987486961,-0.2341700419783594,0.005482635460793972,-0.45864615496248007,-0.6499355165287851,-0.0292161637917161,0.18875621631741535
7,8,0.4807317213494486,2.780395959752293,2.3048234774636587,1.2063379199920239,0.04868618305772554,-0.7576900823041801,0.5828884877264502,-0.03281813394278288,0.7443395359441637,0.15281229186803091,0.5649055512621999,-0.18711508717387917
7,9,0.5260917991370457,4.0595299443169175,2.3048234774636587,1.7613192437558056,-0.6116264825686812,-0.17061525024473673,-0.04517564643174388,0.5942466594278812,0.07281939219683398,0.9834592230617999,0.0880989944562316,-0.6896071778610351
7,11,0.315513436893351,3.2544890225925402,2.3048234774636587,1.4120339602640373,-0.06737686973065116,-0.05860927514731917,-0.17063272092491355,0.4615933792665601,0.6785125397145746,0.28479218669235684,-0.06752682197839022,0.013617639429867212
7,14,0.5569132988109389,4.197025540000545,2.3048234774636587,1.820974829976636,-0.709385455586016,-0.6501878509297971,-0.343814937397837,0.682946376502514,0.011488947086036094,0.6678666668012737,0.713858780451119,-0.12186348810791978
7,16,0.39811489053561055,4.406178759969684,2.3048234774636587,1.9117207035822372,0.19871829915791772,-0.6667085411027074,-0.0942936465144153,0.401860802434385,0.20806557964533567,0.7440573703497647,-0.0946981767192483,-0.08781053777784117
7,17,0.47928672499528724,4.445013010812396,2.3048234774636587,1.928569825097368,-0.7655494781211019,-0.2694092914462092,0.5374021148309116,0.032622335478663556,0.6295859022065997,0.06801238190382719,0.3816202776506543,-0.5852993847802282
7,18,0.4728906738582338,3.4229786691756185,2.3048234774636587,1.4851370192316997,-0.37812600936740665,-0.5625150585547092,-0.21889667585492112,0.519198341295123,0.7971575222909449,0.43599817156791676,0.24845053534954786,-0.35332334134727705
7,20,0.4443474065084834,2.387000029137005,2.3048234774636587,1.0356541628792229,-0.042480087839066816,-0.42351821344345825,0.4579154793173079,-0.2591767953708768,-0.03359235450625442,0.9510565400123595,0.10062794666737318,-0.4536105562001468
7,21,0.47265478526263116,4.549051496623136,2.3048234774636587,1.9737092845084763,-0.5069309109821913,-0.008632140234112684,0.07987234462052595,0.6178465131670237,0.857448000460863,0.12614775542169787,0.6238213339820504,0.042066782712936374
7,22,0.447252210218031,4.189571450649322,2.3048234774636587,1.8177407040558842,-0.6209073243662717,-0.8095515361055732,0.3323945682495833,0.1234885547310115,0.5638380376622079,0.2600655984133481,0.006280465982854366,-0.2192128114402294
7,26,0.3881857838179229,4.029937910380663,2.3048234774636587,1.74848006790325,-0.43047165870666465,-0.750942316837609,0.5069786021485927,0.3340743547305465,0.10563177522271872,0.028023529797792324,-0.06138746812939644,-0.26821748819202185
7,27,0.5286126948261031,2.9102879722858233,2.3048234774636587,1.2626945190129908,-0.0914557445794344,-0.3377024307847025,0.12503294460475456,0.211126571521163,0.7154152756556867,0.8616831200197339,0.4622941967099905,-0.7647244976833463
7,28,0.49659480178157894,3.704633075194391,2.3048234774636587,1.6073391786477078,-0.2358465418219567,-0.8580997725948694,-0.13856833521276668,0.04994763620197784,0.9001278122887014,0.5444588251411915,-0.1603366918861866,-0.16377750411629685
7,29,0.3641878602854317,3.0126855872171205,2.3048234774636587,1.3071220493347404,-0.33292678929865344,-0.1952060814946891,0.2392230853438379,0.4309222577139737,0.04091723170131434,0.345716376788914,0.31647003255784517,-0.6692142616957426
7,30,0.37229790238307003,2.6138412916644653,2.3048234774636587,1.1340743953809709,-0.6857338882982729,-0.4960932610556486,-0.013961953110992797,-0.06739550549536943,0.38036367297172535,0.2276372630149126,0.1808474436402321,-0.39820622839033604
7,31,0.5224231804984565,2.637882369474539,2.3048234774636587,1.1445051628758114,0.15395347215235256,-0.09651845879852802,0.6138237081468108,0.5633943397551776,0.45814132690429676,0.8969301348552107,0.6576541755348444,0.0964959487318992
7,32,0.43904532369517285,2.470441699287421,2.3048234774636587,1.0718572261360408,0.14207459706813105,-0.8267030538991094,0.18326338008046184,0.23037444893270748,-0.017467940226197354,0.8366589648649095,0.22106283996254206,-0.051315248943865355
7,34,0.5053435591916476,4.523836365631924,2.3048234774636587,1.9627691273824477,-0.31367791350930924,-0.4698432767763738,0.5587223172187809,0.6291460171341896,0.518432014621794,0.40348529163748004,-0.12209063302725554,-0.7545573329553008
7,35,0.36818229467681846,2.4473621737243363,2.3048234774636587,1.0618436499169708,-0.22398298326879734,-0.11953430995345118,-0.05177132878452517,-0.24008076544851054,0.44020357076078653,0.7361999005079269,0.4011027505621314,-0.2510714055970311
7,37,0.39565914473676805,4.488975292167082,2.3048234774636587,1.9476438590893612,-0.4502853462472555,0.023187590762972457,0.29499130789190536,0.5381885059177877,0.5812573144212364,0.22116823494434346,0.5021734228357673,-0.1829053666442633
7,38,0.44486047923512834,3.4779840085744573,2.3048234774636587,1.5090023347045225,-0.5525524420663714,-0.7149865319952369,0.05526404269039653,0.012534741312265507,0.7810555230826138,0.35316340159624804,0.12020531389862299,0.11939076893031593
7,39,0.39973850525313365,2.3887147897218433,2.3048234774636587,1.0363981506950384,0.03647116106003545,-0.3783581461757423,0.41941413003951356,0.3895997749641539,0.17184464447200287,0.5213873069733379,0.5965237645432353,-0.38591429591178883
7,40,0.5021274244533036,4.3418291001120926,2.3048234774636587,1.883801142502269,0.0815499983727932,-0.38629236165434117,0.10384199861437093,0.5442816317081451,0.9162451894953846,0.619580171070993,-0.0340558085590601,-0.5741194328293205
7,41,0.35747770460486217,3.0386968432951167,2.3048234774636587,1.3184076234068252,-0.6328932549804447,-0.0510467104613784,0.46408193372190043,-0.07867830898612749,0.025791642256081104,0.4424681235104798,0.4427509270608425,-0.07161623705178508
7,42,0.3970880741917351,3.3396791781962882,2.3048234774636587,1.448995643636638,-0.49492978304624563,-0.781377253122628,-0.27057846169918753,0.4430616954341532,0.334964672103524,0.06056634057313204,0.06225910224020481,0.12908690329641104
7,44,0.46732835638807146,3.9373368921356535,2.3048234774636587,1.7083030134995383,-0.17530223727226246,-0.6430942257866263,0.6385621679946785,0.22340046986937534,0.6947664637118578,0.5765216397121548,0.16133134998381138,0.06395644508302206
7,45,0.38118905249572704,2.3988079526759205,2.3048234774636587,1.0407772986223167,-0.38956232555210585,-0.2902772482484583,0.024166051298379898,0.3541490705683827,0.27278116531670094,0.2506659664213655,0.6850130185484886,-0.4403744712471961
7,46,0.43923733102848367,3.0644880256775133,2.3048234774636587,1.3295977135089871,-0.7540978454053398,-0.5284215388819578,0.2631065240129831,-0.17537288647145033,0.0895225005224346,0.13457035180181276,-0.17984993197023869,-0.7328659035265448
7,48,0.4871560776474533,2.6188350467430084,2.3048234774636587,1.136241049412124,0.18177752010524278,-0.5393274640664458,0.5135666476562621,-0.01911294274032127,0.41103812772780646,0.2773461192846297,0.7537214942276478,-0.7046742951497436
7,52,0.4480363928924108,2.8213978721818136,2.3048234774636587,1.2241275307064379,-0.07925598882138707,-0.801996455527842,-0.021045782603323016,0.6617683526128532,0.1384958643466233,0.476349977776408,0.4958653897047043,0.16143072955310342
7,54,0.5497362815594089,2.9597080748711613,2.3048234774636587,1.2841365526735131,-0.5923773739486933,-0.4320498304441572,-0.14565217215567794,0.2631817972287537,0.6109267668798565,0.7933050543069838,0.6495543010532856,-0.6042659990489485
7,58,0.45070086643269386,2.376412926335646,2.3048234774636587,1.0310607079335932,-0.40975472051650247,-0.6312535470351577,-0.06963920965790704,0.19254815019667149,0.0588487321510911,0.4909385610371827,0.5922070210799575,-0.6492709657177329
7,59,0.40779617675427743,4.1560545796123645,2.3048234774636587,1.8031986485081677,-0.12401483487337817,0.034063460305332804,0.5444860635325315,0.31957169901579613,0.887076281942427,0.31673236843198527,0.06852541584521532,-0.1527454601600766
7,60,0.5254528580361357,2.97030249793306,2.3048234774636587,1.288733183680395,-0.26059931982308615,-0.48853070009499816,0.30822090245783357,0.4727543434128167,0.6969726094976066,0.007446991279721038,0.6943753128871322,-0.7846981920301915
7,63,0.3448002268731009,3.5243117002038318,2.3048234774636587,1.5291026556542013,0.13280736748129118,-0.2188932485878468,0.07328441832214594,-0.04507941100746382,0.6614190768450497,0.37547857034951426,-0.189304462634027,-0.5136606171727179
7,64,0.5154807882449063,3.9468050131223844,2.3048234774636587,1.7124109727768146,0.12465921510010962,-0.7208944140002134,0.4064962556585673,0.6821711985394359,0.8467114707455038,0.10660804249346256,0.008572550490498543,-0.4812265997752547
7,66,0.40112274878223364,4.493654622545463,2.3048234774636587,1.9496740928248883,-0.2958128741011024,-0.5756814321503043,0.28201478254050033,0.31507508642971527,0.4358115196228026,0.6647864542901514,0.1056275051087141,-0.2155151525512338
7,69,0.5732887390801715,4.175612297978591,2.3048234774636587,1.8116842087072285,-0.4011793220415714,-0.1292585805058482,0.5809173006564383,0.4665181990712881,0.25005926936864853,0.9745155097916722,0.7275802232325077,-0.5957683771848679
7,70,0.4338206550283778,2.8523851330760834,2.3048234774636587,1.2375720574553453,-0.5391426710411908,-0.8285849923267963,-0.1686447178944941,-0.03957376815378666,0.1752612954005598,0.5909047517925499,-0.1052925568073988,-0.32771387323737133
7,71,0.40579056802662616,2.929224627342427,2.3048234774636587,1.270910616793044,-0.01219951082020998,-0.22588054463267332,0.20551701448857812,0.5833098804578185,0.7844719355925917,0.2992897918447851,0.3871389925479889,0.16977095045149324
7,73,0.5705600225845073,3.0809379666385723,2.3048234774636587,1.3367348939143002,-0.5838020127266643,0.06997517682611927,0.25067764241248397,-0.010914255864918232,0.9284499771893023,0.688999014906585,0.6696988558396697,-0.6406205100938678
7,75,0.3007643080965199,2.5383397135754096,2.3048234774636587,1.1013163213560822,-0.07177910394966597,-0.3000837434083224,0.6260736817494039,-0.12770367227494706,0.3227563230320809,-0.010652213357389084,0.32728543411940336,0.09377370309084651
7,76,0.39694503126232034,2.478592332525431,2.3048234774636587,1.0753935634380973,-0.1927333548665045,-0.7795036518946292,0.3623465001583101,-0.21667753346264362,0.2615520162507893,0.3064502552151678,-0.048763311468064785,-0.5223098285496236
7,77,0.4449738746996142,3.3303361732990497,2.3048234774636587,1.4449419688157272,-0.34492837823927386,-0.1927474699914457,-0.261569217778742,0.6526255449280144,0.683537553064525,0.5051307091489432,0.458805019967258,-0.02579915337264535
7,82,0.48883194893492093,3.6659902970642606,2.3048234774636587,1.5905731319165912,-0.38251281343400473,-0.7883654879406097,0.6118373963981871,0.064668365754187,-0.041997251100838184,0.23047363664954879,0.634842979721725,-0.554421073757112
7,85,0.3167153762967029,3.272213491091082,2.3048234774636587,1.4197241233814517,-0.5035052709281445,-0.28341036848723916,0.37557600717991607,0.21592839527875174,0.14191539119929075,0.4206081423908471,0.2608683565631509,0.12587353028357023
7,88,0.5532751578479536,2.57904026282983,2.3048234774636587,1.1189751788140985,0.029299489222467057,-0.8802620368078351,0.08185354154557023,0.11657184455543756,0.3555730124935508,0.944066316820681,0.7111466899514198,-0.359827040694654
7,89,0.3385054125822503,4.249277667116686,2.3048234774636587,1.843645601785001,-0.5611279523000117,-0.21698865294456493,0.4559808783233169,0.23977854847908037,0.4653557976707814,0.11360345035791397,0.2035783026367426,0.13572199176996944
7,90,0.4415798141429256,2.3085103738726653,2.3048234774636587,1.001599643723286,-0.45831142831593746,-0.4788443306460977,-0.29372514132410255,-0.25021539628505707,0.8992857933044432,0.2608916936442255,0.301614623516798,-0.06298890057951215
7,91,0.3874710523579512,3.120068784311197,2.3048234774636587,1.3537126876825616,-0.1105063585564493,-0.07958817854523689,0.3304003849625589,0.6226868489757181,0.07105800509452809,0.562393506988883,-0.20595377124845982,-0.56733466219157
7,92,0.47505273381594454,3.5274087075574823,2.3048234774636587,1.5304463626165492,-0.21583471912890656,-0.6175402952358129,0.5315245548263196,0.5338960560038686,0.13042270392179478,0.7451842902228236,0.42197955772280693,-0.24396792985498914
7,93,0.3831659467211088,3.2224075694173755,2.3048234774636587,1.3981146933488684,-0.30607899557799084,0.032069673761725453,-0.08846199698746182,-0.0970935858786105,0.7082005962729454,0.07859986089169957,-0.06996389664709568,-0.7415811941027644
7,94,0.542441403945981,4.3471588930583565,2.3048234774636587,1.8861135941925515,-0.6979484716430309,-0.7375997519120576,0.15697920788079534,0.4006823711097241,0.6501872902736066,0.429316402412951,0.5749436691403389,-0.4471585936844349
7,95,0.28807294984637005,4.20744437241199,2.3048234774636587,1.8254952769927826,0.15052792523056258,-0.3246782850474119,-0.21300158463418484,0.0199990989640354,0.2909759944304824,0.628829427063465,0.08300022222101688,0.05532989092171195
7,96,0.4695868375807512,2.311396650002579,2.3048234774636587,1.0028519201592627,0.16210162453353416,-0.5983961233869195,0.014365078881383275,-0.1470037717372179,0.7684945771470665,0.5695959143340588,0.646544904448092,0.1577318245545029
7,100,0.5526162256655417,3.52865004744649,2.3048234774636587,1.5309849461137868,-0.09862730465829367,-0.8356669312343004,0.47779522836208377,0.4224735740572216,0.5309926923364399,0.62065046466887,0.3574388073757291,-0.7302849013358355
7,101,0.2996663015252209,3.459760891959857,2.3048234774636587,1.5010958217794397,-0.4390470571815966,-0.24907180480659025,0.09020581748336576,0.04569321405142546,0.4217815753072498,0.45312081184238184,-0.13499292824417353,-0.22788996994495395
7,102,0.4450897696221131,4.572347590913449,2.3048234774636587,1.983816823987356,-0.5803770069032905,-0.45596606563776726,0.3533171750605111,0.5708206696435809,0.003416442312300094,0.053820323199033515,0.7650339612737298,0.03524452820420265
7,104,0.507453973133094,2.3880601296726547,2.3048234774636587,1.0361141115677084,0.09374953713268064,-0.6599006550386548,0.30472372379153984,0.039096794091164844,0.08502415008842945,0.9139870926737784,0.2898471262305975,-0.7712460393086077
7,106,0.4716052827852764,2.795319441063887,2.3048234774636587,1.2128128112179741,-0.5149570824578402,-0.5067628184333446,0.4292052192613486,-0.10924851335585117,0.666304220445454,0.35594219528138626,0.6993839684873819,-0.03683119919151076
7,107,0.3480818730105441,2.5122675821752942,2.3048234774636587,1.0900043351432351,-0.04995697271078836,0.07851799950003603,0.04551814869046211,0.5139465099200607,0.27585091162472963,0.5303305415436623,0.20744051784276962,-0.5422531263902783
7,108,0.46859664476633384,2.382952799940822,2.3048234774636587,1.033898180594351,-0.14747800398617966,-0.39919241797179,-0.19085765164345436,0.6104279635474086,0.33946323115378607,0.8397396560758351,0.5788960102945566,0.10483638569712635
7,110,0.6032334672187112,4.309908332956093,2.3048234774636587,1.8699515928651198,-0.758499839343131,-0.7714373981580136,-0.06546304281800941,0.25876656360924244,0.9447077009826897,0.39875730127096165,0.42592903040349483,-0.6607163939625027
7,112,0.4943811869642353,2.3406498899764077,2.3048234774636587,1.0155441025584198,0.18520292360335597,-0.811556744389236,-0.31594581622630313,0.6024073185399176,0.6251890975981949,0.014128281734883785,0.11730395630002022,-0.6283629694953563
7,113,0.4651178346193497,2.8451305843298056,2.3048234774636587,1.2344245067569024,-0.7169844107702374,-0.1481814403086903,0.32185920700430887,-0.028275717049837112,0.20366853661835194,0.8135471586138009,0.6097355019301176,-0.1230541197583079
7,114,0.35968601473377926,2.9299366033103884,2.3048234774636587,1.2712195237331734,-0.36417718883603784,-0.41757620777934784,0.05963287409395013,0.4543634913861751,0.16109715867787588,0.6971770199015735,0.02024422585964203,0.07468023244291541
7,115,0.4275731689047759,2.3473475449738204,2.3048234774636587,1.018450032258851,-0.2045969748869536,-0.018481111153960533,0.4474397227168086,0.07337361294776201,0.8015505271032451,0.3648906163871287,0.51267577894032,-0.41987877804785967
7,116,0.3817700921991639,3.116116656690209,2.3048234774636587,1.351997967375505,-0.060205160640179944,-0.5606066258624196,0.17968040797859458,0.17208309564739466,0.860867497511208,0.18194311577826716,-0.109153911471367,-0.008626308292150525
7,118,0.531193247196878,3.1157095321196016,2.3048234774636587,1.351821327136203,-0.6036004377529027,-0.6724926764145494,0.5542257623746994,-0.17987215518951427,0.38843710161745537,0.4979292592033742,0.23129018023610115,-0.8055544514209032
7,120,0.36353390647405415,2.493324438232724,2.3048234774636587,1.081785422012666,0.007171671837568394,-0.502028345130384,0.6028003077954058,0.289376650005579,0.30891129467636336,0.48114294093102206,-0.17639078665524732,0.005082638002932072
7,124,0.3725039550284169,2.405432122535312,2.3048234774636587,1.0436513451270324,-0.2493766993284225,-0.7451660418882968,0.13947598263621364,-0.13888012617826462,0.05214518867433071,0.27451022062450636,0.05024636443704367,-0.6109594795852901
7,125,0.524811562334896,4.241463515792479,2.3048234774636587,1.8402552548015498,-0.28437650389969366,-0.34738519415259367,0.5233728615567093,0.48010156396776427,0.9113560076802968,0.6000597700476645,0.542189639993012,-0.11332770437002179
8,12,0.2924641368657959,2.329379702530194,2.3048234774636587,1.0106542758292094,-0.24482986703515042,0.23733869753778025,-0.5522863995283843,0.33329359069466596,-0.25260611530393356,-0.05093271844089031,-0.2579171396791935,-0.13777054380625497
8,14,0.5901401572942871,3.5872782301874646,2.3048234774636587,1.5564221144324173,-0.7580716386437416,0.10750223137438297,-0.9267034251242872,0.7157645104452969,-0.7328505888581276,0.5150543749332428,0.1489532291889191,0.0652515990659594
8,17,0.3742079895229609,3.8133132702254735,2.3048234774636587,1.6544925490006859,-0.8142356611788273,0.4882807908579709,-0.04548637289553861,0.06544046942144643,-0.11475363373756403,-0.08479990996420372,-0.18328527361154553,-0.3981842976063491
8,18,0.4151199401929542,3.8401566937705023,2.3048234774636587,1.6661391778238912,-0.4268121924251322,0.19517502374947093,-0.8017851635813713,0.5520164752379059,0.052817986346781254,0.28318587969988585,-0.316455015912652,-0.1662082541733979
8,19,0.45905915324312785,2.500144203495191,2.3048234774636587,1.0847443320242784,-0.204312302172184,0.8604053696617485,-0.4200913319364192,-0.06704150699079037,-0.5876356204971671,0.4888633377850056,0.15986343100667003,0.3361709974706173
8,21,0.4494006842700103,4.159768558581516,2.3048234774636587,1.8048100426151203,-0.555617094039917,0.7490579420700674,-0.5030161431059242,0.6506646471098065,0.11310846451669929,-0.026664536446333043,0.05891578271985057,0.22918186988681555
8,22,0.33455200878323527,3.027719555296493,2.3048234774636587,1.3136448777536511,-0.6695935074239971,-0.051861453801393065,-0.2504939194768669,0.15630668867379438,-0.18050149828195583,0.10725330654531717,-0.5586250852793455,-0.032097724266350214
8,23,0.47196653540734673,2.9347912966434473,2.3048234774636587,1.273325842668453,0.052234936505555885,0.5957839684560897,-0.8785314140841367,0.2831437941640617,-0.352486975491047,0.39868420921266073,-0.03543169051408765,-0.5365564590319991
8,25,0.5007540610527008,3.2994199796772876,2.3048234774636587,1.431528276216681,-0.6210369961336257,0.7998237004503611,-0.8333750013262033,-0.1235822271555661,-0.4232224998995662,0.2590965796262025,-0.006291675381362438,0.15670918300747874
8,26,0.38606193851680526,3.1041887894504923,2.3048234774636587,1.3468227913343258,-0.4791578417643902,0.006747765466571076,-0.07590988557785745,0.36689248867332935,-0.638707760721445,-0.12478876207023859,-0.6262930193915963,-0.08110240101814264
8,27,0.4050719519467667,3.2067661852608094,2.3048234774636587,1.3913283236726193,-0.14014192763715994,0.41998765151947753,-0.45785554312169563,0.24394470546394587,-0.028924260288476916,0.7088708281517029,-0.10261135455220935,-0.5776094105094671
8,29,0.45018503370838153,2.7662894578986488,2.3048234774636587,1.200217493854588,-0.381612972356379,0.5624840008094909,-0.3436654023826123,0.46374039165675657,-0.7034223042428493,0.19290408492088307,-0.24843551870435468,-0.48209917452186346
8,30,0.4023942542011997,2.517750044653669,2.3048234774636587,1.0923830259766034,-0.7344200713559985,0.26159682124853145,-0.596850440837443,-0.034577371552586555,-0.36397586297243834,0.07482497114688169,-0.3840581076219678,-0.2110911412164569
8,31,0.43722330187780845,2.3902960432563707,2.3048234774636587,1.0370842134456084,0.10526728909462701,0.6611716235056521,0.030935220420360558,0.5962124736979605,-0.2861982090398669,0.7441178429871798,0.09274862427264453,0.2836110359057784
8,33,0.4500608251999394,2.7658387116978633,2.3048234774636587,1.2000219273805421,-0.7536841444671154,0.5182095644995575,-0.7601168686524036,0.1441534338518975,0.09797584544867273,-0.11539005395025015,0.17935067974030974,-0.3608578182756901
8,35,0.4169987560800108,3.7097675162604724,2.3048234774636587,1.6095668724890304,-0.2726691663265229,0.6381557723507288,-0.6346598165109754,-0.20726263150572766,-0.30413596518337715,0.5833876086398959,-0.16380280070006845,-0.06395631842315197
8,37,0.4035618422075821,3.9134846266968184,2.3048234774636587,1.6979541665392135,-0.49897152930498107,0.7808776730671525,-0.2878971798345448,0.5710066398605705,-0.16308222152292728,0.06835594307631254,-0.06273212842643258,0.004209720529615879
8,38,0.34945469800495466,2.940920929863225,2.3048234774636587,1.275985323222913,-0.6012386251240971,0.04270355030894324,-0.5276244450360537,0.045352875255048386,0.036715987138450146,0.20035110972821712,-0.4447002373635769,0.3065058561041951
8,41,0.44841203863976953,2.8427787239657234,2.3048234774636587,1.2334040987356034,-0.6815794380381703,0.7066433718428017,-0.1188065540045498,-0.04586017504334461,-0.7185478936880826,0.2896558316424489,-0.12215462420135734,0.1154988501220941
8,42,0.4716567995641667,3.007078344680683,2.3048234774636587,1.3046892198398725,-0.5436159661039712,-0.023687170818447956,-0.8534669494256377,0.47587982937693607,-0.4093748638406397,-0.09224595129489888,-0.5026464490219951,0.3162019904702902
8,43,0.33111730826205166,2.6484118632347737,2.3048234774636587,1.149073622830854,-0.071779833175242,0.5785356787964706,-0.24322501011192804,0.10273082088679086,-0.23785424325615173,0.6143156727775931,-0.025839720852672998,-0.1814259998500347
8,44,0.2597948001729767,3.699053553571584,2.3048234774636587,1.6049183765006614,-0.223988420329988,0.11459585651755377,0.05567368026822825,0.2562186038121582,-0.04957307223230595,0.42370934784412384,-0.4035742012783885,0.25107153225690126
8,45,0.384538627598969,2.6676115523109964,2.3048234774636587,1.1574038438928813,-0.4382485086098314,0.46741283405572176,-0.5587224364280703,0.38696720451116556,-0.47155837062746275,0.0978536745533346,0.12010746728628877,-0.25325938407331694
8,46,0.5124977347210365,2.4140506720996227,2.3048234774636587,1.0473906985519617,-0.8027840284630652,0.22926854342222236,-0.31978196371346707,-0.14255475252866745,-0.6548170354217291,-0.018241940066218154,-0.7447554832324386,-0.5457508163526656
8,51,0.5507594041848874,2.7183804892005954,2.3048234774636587,1.179431099943513,-0.2332714227959516,0.4802185902372005,-0.8092012163251636,0.5432652058079839,-0.7907297620549799,0.006469985470175743,-0.6963096065446736,-0.28561467304825794
8,52,0.4277109367203125,2.4874893526377786,2.3048234774636587,1.0792537376333629,-0.1279421718791126,-0.04430637322366204,-0.6039342703297732,0.694586486555636,-0.6058436715975404,0.32353768590837706,-0.06904016155749557,0.3485458167269826
8,54,0.4669852446696931,2.759617360997385,2.3048234774636587,1.197322653114504,-0.6410635570064189,0.3256402518600229,-0.7285406598821281,0.29599993117153656,-0.1334127690643072,0.6404927624389529,0.08464874979108575,-0.41715091187506936
8,55,0.38250305132682244,2.517332639464304,2.3048234774636587,1.0922019252574173,0.011863798834383266,0.725362758152187,-0.36831974238157256,0.17286951933056116,-0.5244536008685826,-0.06033238396048557,-0.43854458536952734,0.08729582373052835
8,56,0.316651315464858,2.749175854454054,2.3048234774636587,1.1927923684113901,-0.06836254149675389,0.02992781996727012,-0.777130704373121,-0.1732258740812539,-0.2667780267074704,0.029956444166600704,-0.1283291149884462,0.27221265994012356
8,58,0.43319987588227094,2.315987585961918,2.3048234774636587,1.0048438019689667,-0.458440903574228,0.12643653526902243,-0.6525276973843572,0.22536628413945436,-0.6854908037930726,0.3381262691691518,0.027301469817757634,-0.46215587854385376
8,60,0.3347373579205954,2.411377650009267,2.3048234774636587,1.046230947223284,-0.3092855028808117,0.2691593822091819,-0.2746675852686166,0.5055724773555996,-0.047366926446557045,-0.14536530058830988,0.12946976162493232,-0.5975831048563124
8,61,0.5389043875489183,3.6932795136103294,2.3048234774636587,1.6024131781556634,-0.33744945563375944,0.6838822616264226,-0.8851193329319357,0.1365147316828369,-0.6251450572162867,0.6478891391307116,-0.3473367840051651,-0.0921650817617774
8,62,0.4319741245289995,4.1692597325082,2.3048234774636587,1.8089280039338453,-0.7014356553554533,-0.10894884727895238,-0.14914669655263407,0.6069774264469744,-0.4421315165236591,0.5454921266064048,-0.2774034608155489,0.16813795734196899
8,63,0.4014264955277964,4.473582437331488,2.3048234774636587,1.9409653195022285,0.08412118442356566,0.5387968337163332,-0.5096040694043042,-0.012261277064680942,-0.08292045909911394,0.22266627848148335,-0.7542100138962269,-0.3265455299988388
8,64,0.34606224569946575,3.3030789216362937,2.3048234774636587,1.4331157912670884,0.07597303204238408,0.03679566830396663,-0.1763922320678829,0.7149893324822187,0.10237193480134006,-0.04620424937456835,-0.5563330007717013,-0.2941115126013756
8,67,0.5010771990260675,3.1189202659219557,2.3048234774636587,1.353214376900642,-0.3177389428019524,0.7671265052631498,-0.9208792746067046,0.21715988032519828,-0.23029981087893253,0.3064807578921317,0.04877857025712731,-0.5240810103714466
8,68,0.28871588833370754,2.669763206628432,2.3048234774636587,1.158337387974879,-0.1655294578522445,0.29366554133594047,-0.6261386191472413,0.12614155001938343,-0.16650243382900953,-0.0027792686596513905,-0.32975688483566046,0.09372199792414904
8,69,0.4949261945970629,3.56092643006323,2.3048234774636587,1.5449887875933341,-0.44986550509929696,0.6284315017983318,-0.0019711870700118983,0.499336333014071,-0.49428026657551516,0.8217032179236412,0.16267467197030785,-0.4086532900109887
8,70,0.4873557758106959,3.351908839190349,2.3048234774636587,1.4543017597507966,-0.5878288540989165,-0.07089491002261616,-0.7515332056209443,-0.00675563421100378,-0.5690782405436039,0.438092459924519,-0.6701981080695987,-0.1405987860634922
8,71,0.35188532787158483,2.7165307598785136,2.3048234774636587,1.178628552876387,-0.06088569387793552,0.5318095376715067,-0.37737147323787207,0.6161280144006014,0.04013239964842796,0.1464774999767542,-0.17776655871421096,0.3568860376253724
8,73,0.4655583457577168,3.194088764367985,2.3048234774636587,1.3858279367593556,-0.6324881957843898,0.8276652591302993,-0.3322108453139662,0.021903878077864647,0.18411044124513865,0.5361867230385542,0.10479330457746985,-0.45350542291998863
8,77,0.4772498995389428,4.155244593984126,2.3048234774636587,1.8028472178514778,-0.3936145612969994,0.5649426123127343,-0.8444577055051922,0.6854436788707973,-0.06080198287963867,0.3523184172809123,-0.10610053129494187,0.16131593380123382
8,79,0.4504023934917166,2.449210582973917,2.3048234774636587,1.062645624240668,0.12463791947811845,0.7163607357069851,-0.4699738258495928,0.30222829524427663,-0.6435840865597128,0.050981638953089714,-0.01101014576852316,-0.6041961992159486
8,82,0.34665850826783234,2.336358022892193,2.3048234774636587,1.0136819785709736,-0.43119899649173027,-0.030675405636429676,0.02894890867173691,0.09748649969696987,-0.7863367870450019,0.07766134478151787,0.06993742845952514,-0.3673059865832329
8,85,0.3968217338003691,2.744112551689647,2.3048234774636587,1.1905955395375458,-0.5521914539858699,0.4742797138169409,-0.20731248054653412,0.24874652922153462,-0.6024241447448729,0.2677958505228162,-0.304037194699049,0.31298861745744944
8,86,0.4486505931686855,4.279369181293398,2.3048234774636587,1.85670148848129,-0.6896054828539486,0.2046424448490145,-0.45195354148745515,0.7426697313785553,-0.5278693279251455,-0.12958220392465591,-0.20357854478061196,0.012745720334351063
8,88,0.3736962908219405,2.3152837881890513,2.3048234774636587,1.0045384433244768,-0.019386693835258484,-0.1225719545036551,-0.50103494618088,0.14938997849822044,-0.3887665234506129,0.7912540249526501,0.14624113868921998,-0.17271195352077484
8,89,0.36551269259754443,3.642759737261438,2.3048234774636587,1.580494026063163,-0.6098141353577373,0.5407014293596151,-0.12690760940313328,0.27259668242186325,-0.2789837382733823,-0.03920884151011694,-0.3613272486254573,0.3228370789438486
8,90,0.3985808384219581,2.725162467916544,2.3048234774636587,1.182373615403921,-0.506997611373663,0.27884575165808234,-0.8766136290505527,-0.2173972623422742,0.15494625736027956,0.10807940177619457,-0.26329092774540186,0.12412618659436703
8,91,0.5406543828716626,2.9567224956130143,2.3048234774636587,1.2828411913205333,-0.15919254161417484,0.6781019037589432,-0.2524881027638913,0.655504982918501,-0.6732815308496356,0.40958121512085205,-0.7708593225106597,-0.3802195750176909
8,92,0.3815879721021377,2.5396993433666952,2.3048234774636587,1.101906227613364,-0.2645209021866321,0.14014978706836723,-0.05136393290013065,0.5667141899466515,-0.6139168320223689,0.5923719983547926,-0.14292599353939292,-0.05685284268110996
8,93,0.49011822538219973,4.497896911076864,2.3048234774636587,1.9515147060314446,-0.3547651786357164,0.7897597560659055,-0.671350484713912,-0.06427545193582762,-0.03613893967121834,-0.07421243097633135,-0.6348694479092956,-0.5544661069288852
8,94,0.36746273435490917,3.365752954092311,2.3048234774636587,1.4603083433513753,-0.7466346547007565,0.02009033039212249,-0.42590927984565485,0.433500505052507,-0.09415224567055708,0.2765041105449201,0.010038117878139047,-0.26004350651055574
8,96,0.2903384414103339,2.896075584627291,2.3048234774636587,1.2565281519148161,0.1134154414758086,0.1592939589172605,-0.5685234088450669,-0.11418563779443502,0.024155041202902766,0.41678362246602785,0.08163935318589213,0.3448469117283821
8,100,0.32568813948548053,2.597245543989962,2.3048234774636587,1.1268739534222807,-0.1473134877160192,-0.07797684893012025,-0.10509325936436643,0.45529170800000446,-0.21334684360772377,0.467838172800839,-0.20746674388647077,-0.5431698141619563
8,101,0.4229695362819357,4.492841351119438,2.3048234774636587,1.9493212365502202,-0.48773324023932213,0.5086182774975898,-0.49268267024308443,0.07851134799420834,-0.3225579606369139,0.30030851997435093,-0.6998984795063734,-0.04077488277107477
8,102,0.44046882573775703,3.754213856978513,2.3048234774636587,1.628850926627073,-0.629063189961016,0.3017240166664128,-0.2295713126659391,0.6036388035863638,-0.7409230936318636,-0.0989919686689974,0.20012841001152995,0.22235961537808183
8,104,0.4366192323645615,3.1444254245999654,2.3048234774636587,1.3642803691240797,0.0450633540749551,0.09778942726552531,-0.27816476393491035,0.07191492803394772,-0.6593153858557342,0.7611748008057475,-0.2750584250316024,-0.5841309521347285
8,107,0.48895280731882296,3.585222473476361,2.3048234774636587,1.5555301777044186,-0.0986431557685139,0.8362080818042161,-0.5373703390359881,0.5467646438628436,-0.46848862431943405,0.37751824967563147,-0.35746503341943026,-0.3551380392163992
8,108,0.4874262784091361,3.1329221479999347,2.3048234774636587,1.3592894113728642,-0.1961641870439052,0.35849766433239005,-0.7737461393699046,0.6432460974901915,-0.4048763047903776,0.6869273642078042,0.013990459032356767,0.29195147287100554
8,109,0.3917974861906494,2.559436393801887,2.3048234774636587,1.1104695951025354,-0.4192133639007804,0.6931767174974084,-0.38592015393078305,-0.23748700600117434,-0.2638352941721678,-0.10675527341663837,-0.4935779320076108,-0.20457024779170763
8,110,0.433210201116523,3.5508740682527646,2.3048234774636587,1.5406273421686598,-0.8071860224008565,-0.013747315853833597,-0.6483515305444596,0.2915846975520253,0.20036816503852603,0.24594500940293074,-0.13897652085870502,-0.47360130678862356
8,112,0.45571782418893736,2.6348704566134753,2.3048234774636587,1.1431983760912643,0.13651674054563043,-0.05386666208505586,-0.8988343039527533,0.6352254524827005,-0.11915043834596878,-0.13868401013314713,-0.44760159496217966,-0.44124788232147716
8,113,0.46916393557239516,2.7503982879064415,2.3048234774636587,1.1933227489218026,-0.7656705938279631,0.6095086419954898,-0.2610292807221413,0.0045424168929457664,-0.5406709993258118,0.66073486674577,0.044829950667917756,0.06406096741557127
8,114,0.4742063582029274,3.1573231262420323,2.3048234774636587,1.3698763298421908,-0.4128633718937634,0.3401138745248322,-0.5232556136325001,0.487181625328958,-0.5832423772662878,0.5443647280335426,-0.5446613254025578,0.2617953196167946
8,115,0.30523812719006854,2.437971470786874,2.3048234774636587,1.0577692802182568,-0.25328315794467915,0.7392089711502196,-0.1354487650096416,0.10619174689054489,0.05721099115908143,0.2120783245190978,-0.052229772321879836,-0.23276369087398052
8,116,0.3073886500045385,3.281575552519666,2.3048234774636587,1.4237860663111925,-0.10889134369790548,0.1970834564417604,-0.4032080797478556,0.20490122959017754,0.11652796156704426,0.029130823910236248,-0.6740594627335669,0.17848877888172865
8,117,0.6088344563993205,3.1513206285265176,2.3048234774636587,1.3672720099130482,-0.5104073509573936,0.8467784253880382,-0.7868531253188846,0.32780323456972843,-0.774512631818652,0.7268050527200103,-0.16600285004824397,-0.32499330397695303
8,118,0.3864455973332244,2.326947295247997,2.3048234774636587,1.0095989206985536,-0.6522866208106284,0.08519740588963076,-0.028662725351750712,-0.1470540212467314,-0.3559024343267083,0.3451169673353433,-0.33361537102609873,-0.6184393642470241
8,119,0.40684995361375037,2.35131183768775,2.3048234774636587,1.0201700306677064,0.0074767582118510645,0.4979709377512336,-0.6623135153204202,0.7261529229581357,-0.18391719553619623,0.17646486032754194,0.17444123420864346,-0.12178561184555292
8,120,0.3631720206147521,2.3115462359670604,2.3048234774636587,1.0029168214265154,-0.041514511220157146,0.25566173717379603,0.019911820068955616,0.3221947839483619,-0.43542824126780033,0.32833064906299114,-0.7412963379174472,0.19219772517681125
8,123,0.40873201990200736,2.4254884956255425,2.3048234774636587,1.0523532580007686,-0.18491584155708568,0.5487676793709397,-0.7421852936968203,-0.2029706696048379,-0.6264982195571064,-0.069032129831612,0.10868065059185032,-0.006483640521764755
8,125,0.3122088603808486,3.4069966653203942,2.3048234774636587,1.478202863964932,-0.3330626869574192,0.4103048881515864,-0.059515626169741,0.5129196979105471,0.1670164717361331,0.4472474781796336,-0.022715911269187872,0.07378738280385738
8,127,0.36057425825387995,2.399260096457023,2.3048234774636587,1.040973471468317,0.056281651370227406,0.8134432611986999,-0.18509192485362297,0.4112604735419155,-0.37520761974155903,0.021025166846811882,-0.11780344322323796,-0.12945322599261988
9,10,0.30620309067393964,2.8590107337880535,2.3048234774636587,1.2404467247679418,0.14132982678711437,-0.2383877458050847,0.2526051895692946,-0.5095404535531997,0.21524007711559545,-0.39759151358157396,0.3211807329207659,0.2056078873574737
9,11,0.46311900534093087,3.610084632241209,2.3048234774636587,1.5663171898153014,0.5442496128380301,0.11200597509741755,-0.12545707449316967,-0.13265328016132114,0.6056931475177407,-0.698667036369443,-0.1556258164346218,0.7032248172909024
9,12,0.43597464517283646,3.2662368846012386,2.3048234774636587,1.4171310369484638,0.4154827985912564,-0.3497361345216631,0.07577773462980975,-0.2937712026759981,0.41891402844339615,-0.8815796496346593,0.2188894171267748,0.36472154688090097
9,14,0.37978086677360373,2.9427214566232687,2.3048234774636587,1.2767665226412845,-0.09775897301733472,-0.47957260068506036,-0.2986392909660931,0.08869971707463276,-0.06133044511079788,-0.3155925562605262,0.6257597859948874,0.5677436897531154
9,15,0.5489086446059824,4.3235445031614015,2.3048234774636587,1.8758679549373747,0.8049776479601861,-0.14284204877912982,0.33309073932468886,-0.7803396685048939,0.8606553301215172,-0.5155318677425385,0.10207816958427429,0.07219862099736929
9,16,0.4203229256350932,3.6585398631380146,2.3048234774636587,1.5873405919849672,0.810344781726599,-0.4960932908579707,-0.04911800008267142,-0.19238585699349622,0.1352461874485017,-0.2394018527120352,-0.1827971711754799,0.601796640083194
9,17,0.4915966341099715,4.214201285063333,2.3048234774636587,1.828426916971901,-0.1539229955524205,-0.09879404120147245,0.5825777612626555,-0.5616243239492177,0.5567665100097656,-0.9154468411579727,0.2935212831944227,0.10430779308080684
9,18,0.38844207126599173,2.8924108016241985,2.3048234774636587,1.2549381025948025,0.23350047320127465,-0.3918998083099724,-0.17372102942317724,-0.0750483181327582,0.724338130094111,-0.5474610514938831,0.16035154089331627,0.33628383651375804
9,19,0.5050048568709244,3.9278322568481334,2.3048234774636587,1.7041792116637555,0.45600036345422285,0.2733305376023052,0.2079728022217749,-0.6941063003614545,0.0838845232501626,-0.34178359340876335,0.6366699878126383,0.8386630881577732
9,21,0.5275371857632223,3.5521439973430877,2.3048234774636587,1.5411783297400468,0.1046955715864899,0.16198311001062404,0.12504799105226982,0.023599853739142418,0.784628608264029,-0.857311467640102,0.5357223395258188,0.7316739605739715
9,22,0.46968885305927,3.6548253269994007,2.3048234774636587,1.5857289561373917,-0.009280841797590367,-0.6389362858608364,0.3775702146813272,-0.47075810469686974,0.4910186454653739,-0.7233936246484518,-0.08181852847337723,0.47039436642080573
9,23,0.3829428083577612,4.0041659511414744,2.3048234774636587,1.7372983181982578,0.7125476021319628,0.008709136396646333,-0.25046727992594264,-0.34392099920660235,0.3190331682562827,-0.43196272198110824,0.4413748662918806,-0.034064368344843166
9,25,0.46052690719678746,3.3604290020041643,2.3048234774636587,1.4579984258500116,0.03927566949278116,0.21274886839091775,-0.20531086716800928,-0.7506470205262302,0.24829764384776354,-0.5715503515675665,0.47051488142460585,0.6592012736946347
9,26,0.48166508155097104,4.164106986631025,2.3048234774636587,1.806692368134593,0.18115482386201665,-0.5803270665928723,0.5521542485803366,-0.26017230469733477,0.03281238302588474,-0.9554356932640076,-0.14948646258562803,0.4213896896690133
9,27,0.36188244614424664,3.3259447695887494,2.3048234774636587,1.4430366586029326,0.5201707379892468,-0.1670871805399658,0.17020859103649844,-0.38312008790671825,0.6425958834588528,-0.12177610304206604,0.3741952022537589,-0.07511731982231118
9,28,0.5165034923295901,4.024847025307921,2.3048234774636587,1.746271271818639,0.3757799407467246,-0.6874845223501327,-0.0933926887810228,-0.5442990232259034,0.8273084200918674,-0.43900039792060846,-0.2484356863424182,0.5258296737447383
9,29,0.2841959303744059,3.2539796547684707,2.3048234774636587,1.4118129594676423,0.27869969327002786,-0.024590831249952372,0.2843987317755818,-0.16332440171390752,-0.03190216049551964,-0.6377428462728859,0.22837103810161358,0.020392916165292485
9,30,0.40458923618056314,2.959541869529756,2.3048234774636587,1.2840644407122153,-0.07410740572959162,-0.3254780108109119,0.03121369332075108,-0.6616421649232507,0.3075442807748914,-0.7558219600468873,0.09274844918400049,0.29140094947069906
9,31,0.5154059714126653,3.7440853328544184,2.3048234774636587,1.6244564364532568,0.7655799547210338,0.0740967914462087,0.6589993545785546,-0.030852319672703576,0.3853219347074628,-0.08652908820658926,0.5695551810786128,0.7861031265929344
9,33,0.5246206492337284,2.8465947306107355,2.3048234774636587,1.2350597598664124,-0.09337147884070851,-0.06886526755988587,-0.1320527344942095,-0.4829113595187666,0.7694959891960025,-0.9460369851440191,0.656157236546278,0.14163427241146587
9,34,0.3754264325205334,3.169029412295618,2.3048234774636587,1.3749553678544504,0.29794856905937206,-0.29922802653163705,0.6038979636505247,0.034899357706308365,0.4456126224249601,-0.5799739314243199,-0.21018962748348713,-0.06495015509426572
9,35,0.408566974631695,3.002346714525238,2.3048234774636587,1.3026362946585255,0.38764349929988395,0.05108094029128554,-0.006595682352781296,-0.8343274248763918,0.36738417856395256,-0.247259322553873,0.3130037561058998,0.438535772264004
9,37,0.42577100739277807,3.869845975033372,2.3048234774636587,1.679020546637238,0.16134113632142577,0.19380284100770917,0.34016695432364924,-0.05605815351009358,0.5084379222244024,-0.7622909881174564,0.4140744283795357,0.5067018112167718
9,38,0.5247245056687371,3.4846694522594874,2.3048234774636587,1.5119029662498011,0.0590740405023098,-0.5443712817505001,0.10043968912214041,-0.5817119181156157,0.7082361308857799,-0.6302958214655519,0.032106319442391396,0.8089979467913511
9,39,0.4023296602010134,3.9736987487486553,2.3048234774636587,1.7240794306388745,0.6480976436287167,-0.2077428959310056,0.46458977647125743,-0.20464688446372734,0.0990252522751689,-0.46207191608846193,0.5084247700870037,0.30369288194924626
9,40,0.42186302098921286,4.1788590876695375,2.3048234774636587,1.8130929021376336,0.6931764809414744,-0.21567711140960444,0.1490176450461148,-0.0499650277197361,0.8434257972985506,-0.363879051990807,-0.12215480301529169,0.11548774503171455
9,41,0.43724906841730404,3.520455021429078,2.3048234774636587,1.5274293479963856,-0.021266772411763446,0.11956853978335832,0.5092575801536443,-0.6729249684140087,-0.04702774994075287,-0.5409910995513201,0.3546519326046109,0.6179909408092501
9,42,0.506420130077869,2.945469627010986,2.3048234774636587,1.2779588787651217,0.11669669952243567,-0.6107620028778913,-0.22540281526744366,-0.15118496399372802,0.26214527990669,-0.9228928824886679,-0.025839892216026783,0.8186940811574461
9,43,0.4047824919850108,3.5517620783188883,2.3048234774636587,1.541012625499382,0.5885328324511648,-0.008539153262972776,0.384839124046266,-0.5243339724838733,0.433665900491178,-0.2163312584161758,0.45096683595329523,0.32106609083712123
9,44,0.5177206042812259,3.3242744172740077,2.3048234774636587,1.4423119383234515,0.43632424529641883,-0.47247897554188956,0.6837378144264223,-0.3708461895585059,0.6219470715150237,-0.40693758334964514,0.07323235552757978,0.7535636229440572
9,45,0.3744129686437443,2.6911415301419606,2.3048234774636587,1.1676128590565318,0.22206415701657545,-0.11966199800372157,0.06934169773012377,-0.24009758885949853,0.19996177311986696,-0.7327932566404344,0.596914024092257,0.249232706613839
9,46,0.4514192654225913,3.3078897641272986,2.3048234774636587,1.4352030845188473,-0.1424713628366584,-0.35780628863722097,0.308282170444727,-0.7696195458993316,0.016703108325600624,-0.8488888712599871,-0.2679489264264703,-0.0432587256655097
9,49,0.320604983713942,3.804829433050584,2.3048234774636587,1.650811643604744,-0.1175724202767009,0.28041614219546296,0.19438239838927973,-0.23256951663643113,0.47867186553776264,-0.37452095281332737,0.1893042242154479,0.4824334904551508
9,50,0.5329145271418421,4.238458773521168,2.3048234774636587,1.838951579140185,0.27429693285375856,-0.5202574143186212,0.43322463892400287,-0.7147739687934518,0.8023102274164557,-0.022095432505011538,0.25681521836668253,0.7192685045301916
9,51,0.35747578012220416,2.991248765593761,2.3048234774636587,1.2978211975198546,0.42704124283045525,-0.10685624182224285,-0.18113708216696955,-0.08379958756268019,-0.1192096183076502,-0.8241769457235932,-0.21950304973870527,0.216877417638898
9,52,0.47948072653837703,3.0760500433022187,2.3048234774636587,1.3346141573875565,0.5323704937472942,-0.6313812052831054,0.02412986382842086,0.06752169318497192,0.06567647214978933,-0.5071092452853919,0.4077663952484727,0.8510379074141385
9,54,0.32339051002644414,2.6883386485071714,2.3048234774636587,1.1663967652158558,0.019249108619987965,-0.26143458019942045,-0.10047652572393406,-0.33106486219912756,0.5381073746830225,-0.19015416875481606,0.561455306597054,0.08534117881208658
9,55,0.4885554876900149,3.8266721178401384,2.3048234774636587,1.6602885883699852,0.6721764644607902,0.13828792609274365,0.2597443917766215,-0.45419527404010296,0.1470665428787471,-0.8909793151542545,0.038261971436440945,0.5897879144176843
9,56,0.5968698719914267,4.540951373975164,2.3048234774636587,1.970194862372823,0.591950124129653,-0.5571470120921732,-0.14906657021492697,-0.800290667451918,0.4047421170398593,-0.8006904870271683,0.34847744181752205,0.7747047506272795
9,58,0.33790229752994905,3.3497824930576674,2.3048234774636587,1.4533791961994127,0.20187176205217883,-0.4606382967904209,-0.024463563226163165,-0.40169850923120975,-0.013970660045742878,-0.4925206620246172,0.5041080266237259,0.040336212143302186
9,59,0.5122192364714472,4.437009071240133,2.3048234774636587,1.9250971341730847,0.48761164769530313,0.20467871055006953,0.5896617099642754,-0.27467496041208506,0.8142568897455931,-0.6667268546298146,-0.019573578611016273,0.5368617177009585
9,60,0.5102352639196782,3.349652645329273,2.3048234774636587,1.453322858814071,0.35102716274559514,-0.31791544985026143,0.35339654888957744,-0.12149231601506452,0.6241532173007727,-0.9760122317820789,0.6062763184309006,-0.09509101416915644
9,61,0.2830659827138201,2.7638043980990243,2.3048234774636587,1.1991392942336958,0.3228632099926474,0.09680742956697932,-0.2570551987737416,-0.4905500616878272,0.04637508653104305,-0.18275779206305745,0.12946977280080318,0.41032700892537854
9,62,0.4091674684230078,3.4989651313218504,2.3048234774636587,1.518105471214778,-0.04112298972904638,-0.6960236793383957,0.47891743760556005,-0.020087366923689676,0.2293886272236706,-0.2851548045873642,0.1994030959904194,0.670630048029125
9,63,0.4747740339582805,4.176967292941917,2.3048234774636587,1.8122721040391596,0.7444338500499725,-0.048277998343110085,0.11846006475388982,-0.6393260704353451,0.5885996846482158,-0.6079806527122856,-0.2774034570902586,0.17594656068831716
9,64,0.5561233991984793,3.7711514747555706,2.3048234774636587,1.6361996966924042,0.7362856976687909,-0.5502791637554767,0.45167190209031116,0.08792453911155462,0.7738920785486698,-0.8768511805683373,-0.07952644396573305,0.20838057808578037
9,65,0.4207952743457155,3.0883502536473584,2.3048234774636587,1.3399508829396043,-0.04872179590165593,-0.19792852550745005,0.08166434336453654,-0.7931065876036884,-0.08589148148894299,-0.20037989784032104,0.4285301649942994,0.7128429785370829
9,66,0.33674792246501717,2.999195498021091,2.3048234774636587,1.3012690678253387,0.3158136084675789,-0.40506618190556754,0.3271904289722442,-0.279171572998166,0.36299212742596865,-0.3186727687716485,0.01752851065248251,0.4740920253098013
9,67,0.3790892822642838,3.0587561545475768,2.3048234774636587,1.32711081106896,0.3425737228244544,0.18005167320370652,-0.29281514044851054,-0.40990491304546584,0.4412203328683972,-0.5241661733016373,0.5255851270630956,-0.021588919684290664
9,68,0.4884368179885481,3.7240025762096596,2.3048234774636587,1.6157430764753122,0.49478320777416235,-0.29340929072350286,0.0019255150109527275,-0.5009232433512807,0.5050177099183202,-0.8334261998534204,0.14704967197030783,0.596214088611305
9,69,0.33606942103175297,3.976030632289827,2.3048234774636587,1.7250911712619514,0.21044716052710988,0.04135666973888852,0.6260929470881822,-0.1277284603565931,0.17723987717181455,-0.008943713270127713,0.6394812287762761,0.09383880067616723
9,70,0.38537505156240937,2.5434904136883056,2.3048234774636587,1.10355106955405,0.0724838115274904,-0.6579697420820595,-0.12346907146275021,-0.6338204275816679,0.10244190320372581,-0.39255447126924997,-0.1933915512636304,0.36189330462366376
9,71,0.5277104096484887,3.175704716403261,2.3048234774636587,1.3778516001138459,0.5994269717484713,-0.05526529438793659,0.250692660920322,-0.010936778970062677,0.7116525433957577,-0.6841694312170148,0.2990399980917573,0.8593781283125284
9,72,0.4042182251080909,4.3164306355006365,2.3048234774636587,1.8727814419222462,0.6793480468913913,-0.3598310695961119,-0.0744059765711429,-0.22808062471449356,-0.03482320066541422,-0.5947651546448469,0.08965659700334072,0.543684881180525
9,73,0.4571481517489191,2.936072750582364,2.3048234774636587,1.2738818305570903,0.02782446984201703,0.24059042707085598,0.29585328884422785,-0.6051609152927995,0.8556305849924684,-0.29446020815521484,0.5815998613834381,0.04898666776716731
9,75,0.6125364274808268,4.361573075226714,2.3048234774636587,1.8923675144208456,0.5398473786190153,-0.12946849316358566,0.6712493281811478,-0.7219503317028283,0.24993693083524693,-0.994111436419189,0.23918643966317177,0.7833808809518816
9,76,0.48869337580851524,4.00971719867177,2.3048234774636587,1.7397068529882644,0.4188931277021768,-0.6088884016498926,0.407522146590054,-0.8109241928905249,0.1887326240539553,-0.6770089678466321,-0.13686230592429638,0.1672973493114115
9,77,0.4033749614126754,2.4833536088250057,2.3048234774636587,1.077459351272233,0.26669810432940744,-0.02213221974670898,-0.2163935713469981,0.05837888550013315,0.610718160867691,-0.4783285139128567,0.3707060255110264,0.6638080244883897
9,79,0.44712162432007185,4.340578006547233,2.3048234774636587,1.8832583271512917,0.7849505851045253,0.12928590364754178,0.15809030830860127,-0.3248364981263875,0.027936057187616936,-0.7796652922406793,0.46579641103744507,-0.10170410852879264
9,81,0.2742295027792978,3.4354950482323363,2.3048234774636587,1.4905675344876843,-0.1348724076524377,0.1440756674855947,-0.0914198402315376,-0.04349807929247612,0.3338219607248901,-0.6522975489497185,-0.10059353895485401,-0.07326850108802285
9,82,0.5054208840444497,4.585289922331665,2.3048234774636587,1.9894321483472321,0.22911366913467657,-0.617750237695873,0.657013042829931,-0.5295782936736942,-0.11481664329767216,-0.7529855864122511,0.5467439852654934,0.13518610410392307
9,84,0.48521125201890825,4.244478429056712,2.3048234774636587,1.8415633433791403,0.5813611233606937,-0.5104130031540991,-0.19947135355323553,-0.25118790566921234,0.741081714630127,-0.2682845192030072,0.6808260343968868,0.3120104456320407
9,85,0.4124626092206996,3.3327114645897713,2.3048234774636587,1.4459725428765813,0.1081212116405369,-0.11279511824250243,0.42075165361165995,-0.3783182641491295,0.06909599900245678,-0.5628510806709528,0.1727693621069193,0.8154807081446054
9,86,0.4292859099349553,4.168135549076389,2.3048234774636587,1.808440251425767,-0.029292817227541845,-0.3824323872104288,0.17611059267073892,0.11560493800789126,0.1436508158221842,-0.9602291351184249,0.2732280120253563,0.515237811021507
9,89,0.4983402078163786,3.9563257852990494,2.3048234774636587,1.716541775968364,0.05049853026866957,-0.0463734026998282,0.5011565247550608,-0.3544681109488008,0.3925364054739474,-0.8698557727038859,0.115479308180511,0.8253291696310046
9,90,0.5631156212116358,3.219121461979658,2.3048234774636587,1.396688941021261,0.15331505425274383,-0.308229080401361,-0.24854949489235867,-0.8444620557129383,0.8264664011076093,-0.7225675294175744,0.21351562906056643,0.626618277281523
9,91,0.29154556741932985,2.757056942092495,2.3048234774636587,1.1962117572346567,0.501120124012232,0.09102707169949983,0.3755760313943028,0.02844018954783689,-0.0017613871023058891,-0.42106571607291693,-0.2940527657046914,0.12227251566946507
9,92,0.3644828679690372,3.296177958335442,2.3048234774636587,1.4301216516428055,0.39579176343977474,-0.4469250449910761,0.5767002012580634,-0.060350603424012605,0.057603311724960804,-0.23827493283897633,0.33388056326657534,0.445639248006046
9,93,0.4827564608396028,3.60568813192058,2.3048234774636587,1.56440966832239,0.30554748699069045,0.20268492400646218,-0.043286350555717945,-0.6913402453064917,0.6353812040761113,-0.9048593621701003,-0.15806289110332727,-0.05197401624172926
9,94,0.40979928599356663,3.5111771804720546,2.3048234774636587,1.523403946030577,-0.08632198907434963,-0.5669845016673208,0.2021548543125392,-0.1935642883181571,0.5773678980767727,-0.5541428206488489,0.4868446746841073,0.2424485841766002
9,95,0.4597353036647178,4.202354308516513,2.3048234774636587,1.8232868371945739,0.7621544077992439,-0.1540630348026752,-0.16782593820244096,-0.5742475604638458,0.2181566022336484,-0.3546297959983349,-0.00509877223521471,0.744937068782747
9,97,0.3906581698864713,4.368821468691212,2.3048234774636587,1.8955123945105237,-0.06650859955698207,0.17249268852174268,0.693462358787656,0.12774317990988493,0.11744745634496212,-0.7453953837975859,0.05038924142718315,0.3428960517048838
9,98,0.4235748039980399,3.4260546644290457,2.3048234774636587,1.4864716096172559,0.2857492947950959,-0.5265879435464739,-0.06585717666894197,-0.38960226345807314,0.15977573674172163,-0.8480059150606395,0.40354488603770733,0.11295800283551216
9,100,0.42193275586907714,3.4178114112902436,2.3048234774636587,1.4828950870681739,0.5129991779103876,-0.6650516809895636,0.5229708747938276,-0.17177308537065963,0.45817330013960594,-0.36280875839293,0.2693398129194975,-0.040677723474800365
9,101,0.3572751625048159,2.319893113786354,2.3048234774636587,1.0065383038961746,0.1725794253870847,-0.07845655456185352,0.13538146391510963,-0.5485534453764558,0.3489621831104158,-0.530338411219418,-0.22309192270040512,0.4617172079160812
9,102,0.5116692195683755,3.9001232276662665,2.3048234774636587,1.692157020180198,0.031249475665390825,-0.28535081539303053,0.39849282149225496,-0.023425989784300327,-0.06940294988453388,-0.9296388998627664,0.6769349668174982,0.7248517060652377
9,104,0.39049952371431496,3.2588667774582425,2.3048234774636587,1.4139333486156866,0.7053760197013619,-0.489285404793918,0.3498993702232837,-0.5551498653367164,0.012204757891595475,-0.06947213038802151,0.2017481317743659,-0.0816388614475726
9,106,0.546359598124546,3.8931570070491945,2.3048234774636587,1.6891345671875124,0.09666940011084102,-0.3361475681886078,0.47438086569309246,-0.7034951727837324,0.59348482824862,-0.6275170277804136,0.6112849740311503,0.6527759786695244
9,109,0.5011784285094333,3.4240180801415097,2.3048234774636587,1.4855879912805592,0.24109930172562644,0.10610188543796512,0.24214398022741102,-0.8645517993718385,0.40768484957516193,-0.9374022046104074,-0.016771375201642513,0.2979218428954483
9,110,0.46267522091928787,3.3940832039296045,2.3048234774636587,1.47260006552199,-0.14687335677444968,-0.6008221479132769,-0.020287396386265533,-0.3354800958186388,0.8718883087858558,-0.5847019217908382,0.33783003594726324,0.02889078389853239
9,111,0.4545217878874658,4.436498813567135,2.3048234774636587,1.924875747295527,0.8187981992959978,0.002028327435254773,0.6175442738458514,-0.4665114590898156,-0.050097704865038284,-0.2620582310482859,-0.1697383476421237,0.5322561087086799
9,112,0.5441099074150747,3.648528311419158,2.3048234774636587,1.5829968529451888,0.7968294061720372,-0.6409414941444992,-0.27077016979455926,0.00816065911203634,0.552369705401361,-0.9693309413269161,0.029204961843788624,0.06124420836567879
9,113,0.38290515854637414,2.601158480098852,2.3048234774636587,1.1285716696019146,-0.1053579282015562,0.022433809936046434,0.36703485343605274,-0.6225223764777184,0.13084914442151796,-0.169912064447999,0.521636507473886,0.5665530581027272
9,115,0.4834112499473689,3.577055802890583,2.3048234774636587,1.5519868822348823,0.4070295076817277,0.1521341390907762,0.4926153691485525,-0.5208730464801192,0.7287311349064112,-0.6185686066746712,0.4245767844840884,0.2697283998131754
9,116,0.5535151993467041,3.7094018551404595,2.3048234774636587,1.6094082221092558,0.5514213219285014,-0.38999137561768293,0.22485605441033846,-0.4221635637804866,0.788048105314374,-0.8015161072835327,-0.1972529059275986,0.6809808695688846
9,118,0.444380007222606,3.036784793284181,2.3048234774636587,1.3175780370937598,0.00802604481577851,-0.5018774261698126,0.5994014088064433,-0.7741188146173955,0.3156177094206214,-0.4855299638584257,0.14319118577986956,-0.11594727355986811
9,119,0.4609291731636567,3.4131586335981465,2.3048234774636587,1.480876373818508,0.6677894238382579,-0.08910389430820975,-0.03424938116222609,0.09908812958747165,0.4876029482111335,-0.654182070866227,0.6512477910146117,0.380706478841603
9,120,0.4829821649848477,2.7702286195913546,2.3048234774636587,1.2019265885992496,0.6187981544062497,-0.3314130948856473,0.6479759542271497,-0.30487000942230225,0.23609190247952938,-0.5023162821307778,-0.2644897811114789,0.6946898158639672
9,121,0.3007105766130869,3.9993083173863297,2.3048234774636587,1.7351907234940898,0.08446967694908392,0.08393741026520712,0.010422756895422935,-0.43169185426086176,0.5643201675266027,-0.3248981069773436,0.24307854659855366,0.1991594582796098
9,123,0.5396435312200273,4.429296240929003,2.3048234774636587,1.9217507476117948,0.47539682406932116,-0.03830715268850354,-0.11412115953862623,-0.830035462975502,0.04502192419022333,-0.899679061025381,0.5854872073978186,0.4960084501653912
9,124,0.4392549115146682,4.078726972400586,2.3048234774636587,1.7696483102857918,0.3622497832402588,-0.5745507916435602,0.1846516290679575,-0.7331267856061459,-0.020674203522503265,-0.7089490024372935,-0.03785263001918793,0.07864769827574503
9,125,0.48257794867391923,3.893015483882725,2.3048234774636587,1.6890731641482546,0.32724997866898764,-0.17676994390785694,0.5685485079884531,-0.11414509546011692,0.8385366154834628,-0.38339945301413536,0.45409064553678036,0.5762794734910133
9,127,0.47682225551789764,3.653010034190249,2.3048234774636587,1.5849413501333305,0.7165943169966342,0.22636842913925653,0.4429722093045711,-0.21580431982874856,0.2963125240057707,-0.8096217643469571,0.3590031135827303,0.37303886469453607
10,11,0.4012733319832609,3.4954492664159007,2.3048234774636587,1.5165800333926074,0.4029197860509158,0.35039372090250226,-0.3780622640624643,0.3768871733918785,0.3904530704021452,-0.3010755227878691,-0.4768065493553877,0.49761692993342865
10,14,0.36814080003504385,2.462867632049667,2.3048234774636587,1.0685710450849484,-0.23908879980444908,-0.24118485487997565,-0.5512444805353878,0.5982401706278324,-0.27657052222639333,0.08199895732104778,0.3045790530741215,0.36213580239564164
10,16,0.3788138272902151,4.549298059131209,2.3048234774636587,1.9738162612511567,0.6690149549394846,-0.257705545052886,-0.30172318965196604,0.3171545965597034,-0.07999388966709375,0.15818966086953876,-0.5039779040962458,0.39618875272572024
10,17,0.27705966370397594,2.9679924770625705,2.3048234774636587,1.2877309286734164,-0.29525282233953487,0.13959370460361226,0.32997257169336086,-0.05208387039601803,0.34152643289417023,-0.5178553275763987,-0.027659449726343155,-0.10130009427666686
10,18,0.30149269907706794,2.327362131640607,2.3048234774636587,1.009778906886939,0.09217064641416028,-0.1535120625048877,-0.42632621899247186,0.4344921354204414,0.5090980529785155,-0.14986953791230917,-0.1608291920274496,0.13067594915628433
10,20,0.29522207842797865,2.527280496901986,2.3048234774636587,1.0965180290870389,0.4278165679425001,-0.014515217393636815,0.2504859361797571,-0.3438830012455584,-0.32165182381868385,0.3651888305321336,-0.3086517807096243,0.0303887343034146
10,21,0.4062738711311375,3.07304672103739,2.3048234774636587,1.3333110978282476,-0.036634255200624466,0.40037085581570875,-0.1275571985170248,0.5331403072923421,0.5693885311484336,-0.45971995405852806,0.21454160660505295,0.5260660732164978
10,22,0.27725533201186137,2.402468575157807,2.3048234774636587,1.0423655428057343,-0.15061066858470473,-0.4005485400557517,0.12496502511203256,0.03878234885632992,0.27577856834977843,-0.32580211106687784,-0.4029992613941431,0.264786479063332
10,23,0.3065334677632053,2.6382634377682086,2.3048234774636587,1.144670498007719,0.5712177753448484,0.24709688220173104,-0.5030724694952373,0.16561945434659725,0.10379309114068724,-0.03437120839953428,0.12019413337111473,-0.23967225570231687
10,26,0.33222395108987807,2.4302240553923413,2.3048234774636587,1.054407888133229,0.03982499707490228,-0.34193932078778755,0.299549059011042,0.2493681488558649,-0.1824276940897107,-0.5578441796824336,-0.4706671955063939,0.2157818023115396
10,28,0.38420773521212215,3.6073734247836717,2.3048234774636587,1.5651408708980192,0.23445011395961024,-0.449096776545048,-0.3459978783503174,-0.03475856967270374,0.612068342976272,-0.0414088843390345,-0.5696164192631841,0.32022178638726456
10,32,0.34463013840959794,2.600066832131314,2.3048234774636587,1.1280980333437751,0.612371252849698,-0.4177000578492879,-0.024166163057088907,0.1456682430580259,-0.3055274095386268,0.2507912553846836,-0.1882168874144554,0.4326840415596961
10,34,0.33353096962983597,3.1595416210164804,2.3048234774636587,1.3708388741741713,0.1566187422722577,-0.06084028072655234,0.3512927740812301,0.544439811259508,0.23037254530936463,-0.1823824178427459,-0.531370360404253,-0.2705580424517394
10,37,0.29974153192423963,2.9656768191630545,2.3048234774636587,1.2867262279133982,0.020011309534311406,0.4321905868127939,0.08756176475435462,0.4534823000431061,0.293197845108807,-0.3646994745358825,0.0928936954587698,0.3010939238592981
10,40,0.3754018381366778,4.212915329393652,2.3048234774636587,1.8278689759051532,0.5518466541543601,0.022710634395480267,-0.10358754452317981,0.45957542583346356,0.6281857201829552,0.03371246159076696,-0.44333553593605757,-0.09012014232575916
10,44,0.33056082348794613,2.7323802775143817,2.3048234774636587,1.1855052259885983,0.29499441850930447,-0.23409122973680485,0.4311326248571277,0.13869426399469376,0.4067069943994283,-0.009346069768071175,-0.2479483773931861,0.5479557355865835
10,48,0.3210004771557548,2.915488832271077,2.3048234774636587,1.2649510302105325,0.6520741758868097,-0.13032446801662445,0.30613710451871146,-0.10381914861500285,0.12297865841537703,-0.3085215901955962,0.3444417668506503,-0.22067500464618217
10,50,0.3401311805691552,3.8712602855197633,2.3048234774636587,1.6796341773556944,0.1329671060666442,-0.28186966851353645,0.18061944935470825,-0.20523351524025213,0.5870701503008603,0.3754960810765624,-0.06436551455408335,0.5136606171727179
10,56,0.36632604455248274,3.0033254536559704,2.3048234774636587,1.303060942854061,0.4506202973425386,-0.3187592662870885,-0.4016717597842216,-0.29075021389871836,0.18950203992426384,-0.4030989734455943,0.027296708896756172,0.5690968632698058
10,59,0.377836845842071,3.5237222678027766,2.3048234774636587,1.5288469170231007,0.34628182090818876,0.44306645635515424,0.3370565203949808,0.23486549314111455,0.5990168126299976,-0.26913534104824066,-0.34075431153178215,0.3312538303434848
10,61,0.2642812056201215,2.616385279425126,2.3048234774636587,1.1351781622358017,0.18153338320553303,0.335195175372064,-0.5096603883430362,0.018990391865372436,-0.1688649905845524,0.2148337215185165,-0.1917109601199627,0.20471912156790484
10,62,0.3117328249698865,3.2008883889170816,2.3048234774636587,1.3887781082651487,-0.18245281651616074,-0.457635933533311,0.2263122480362654,0.4894530866295099,0.014148550108075142,0.11243670899420977,-0.12177763693034649,0.46502216067165125
10,63,0.34956387346397877,3.811318014262463,2.3048234774636587,1.653626861896003,0.6031040232628582,0.19010974746197462,-0.1341451248154048,-0.1297856168821454,0.3733596075326203,-0.21038913913071167,-0.5985841900110245,-0.02966132666915655
10,64,0.44019832673880727,2.5482534754008195,2.3048234774636587,1.1056176320301299,0.5949558708816766,-0.311891417950392,0.19906671252101657,0.5974649926647543,0.5586520014330744,-0.47925966698676337,-0.40070717688649893,0.0027726907283066593
10,69,0.2816483421970446,2.520171558150647,2.3048234774636587,1.093433654591183,0.06911733373999551,0.2797444155439732,0.3734877575188876,0.3818119931966065,-0.0380001999437809,0.38864780031144625,0.31830049585551023,-0.11176908668130647
10,70,0.28275978194974477,2.3223340722847863,2.3048234774636587,1.0075973691661615,-0.06884601525962397,-0.4195819962769748,-0.37607426103204483,-0.12427997402846824,-0.11279817391186964,0.005037042312323992,-0.5145722841843963,0.15628541726619005
10,77,0.3500530976152337,2.4885858585329776,2.3048234774636587,1.0797294816137244,0.12536827754229307,0.21625552605837572,-0.4689987609162927,0.5679193390533328,0.3954780837520956,-0.08073700033128273,0.049525292590260506,0.45820013713091606
10,79,0.3333349914803612,2.3357200304938197,2.3048234774636587,1.0134051710824123,0.643620758317411,0.3676736494526265,-0.09451488126069335,0.18470395542681217,-0.18730401992797852,-0.3820737786591053,0.14461567811667922,-0.30731199588626634
10,80,0.2820844527760875,2.8341243230698927,2.3048234774636587,1.2296491903964388,0.6968545122072098,-0.032741064205765724,0.029865859076380785,-0.1532421074807644,0.2590347751975058,-0.04638119973242283,0.07065745256841183,0.22644447535276402
10,81,0.33405034361853553,4.070750752152707,2.3048234774636587,1.766187646019799,-0.27620223443955205,0.3824634132906794,-0.3440250298008322,0.4660423742607235,0.11858188360929467,-0.2547060353681445,-0.4217742718756199,-0.27887638844549656
10,82,0.27537463665535283,2.434343028273811,2.3048234774636587,1.0561949980450052,0.0877838423475622,-0.3793624918907883,0.4044078532606364,-0.020037840120494588,-0.3300567204132676,-0.35539407283067714,0.22556325234472752,-0.07042178325355064
10,84,0.3486833262898071,2.4016111543612926,2.3048234774636587,1.0419935313242052,0.44003129657357926,-0.2720252573490144,-0.45207654312253015,0.2583525478839873,0.5258416375145315,0.12930699437856674,0.35964530147612095,0.10640255827456702
10,86,0.32908498102381123,3.4822857466840977,2.3048234774636587,1.5108687414604856,-0.1706226440146562,-0.14404464140534412,-0.0764945968985557,0.6251453915610908,-0.07158926129341125,-0.5626376215368509,-0.047952720895409584,0.3096299236640333
10,88,0.3016357228167448,2.7589941973462255,2.3048234774636587,1.1970522794146294,0.499596145004034,-0.4712590407580137,-0.1255760015919805,0.03186563868075598,0.06751354318112135,0.3581986073404551,0.30186696257442236,0.1241722498089074
10,89,0.3185475028126548,2.7384863538854627,2.3048234774636587,1.1881544858693596,-0.09083129651844479,0.1920143431052565,0.24855133518576616,0.15507234260439878,0.17729632835835196,-0.47226425912231196,-0.20570142474025488,0.6197212822735308
10,93,0.36605628542297547,3.2475225976582553,2.3048234774636587,1.4090114186236897,0.1642176602035761,0.4410726698115469,-0.29589154012501256,-0.18179979175329208,0.4201411269605159,-0.5072678485885264,-0.47924362402409315,-0.25758190359920297
10,96,0.39146471666566796,3.44934393787794,2.3048234774636587,1.4965761897192091,0.632398280315101,-0.18939312733709812,-0.19306446425616747,-0.2317099776118995,0.48043510783463705,-0.016271795146167167,0.2372651770710945,0.6417311150580643
10,97,0.3597242028030913,4.1255688089484845,2.3048234774636587,1.7899717046827655,-0.20783842634409644,0.4108804343268274,0.44085716921836143,0.6372836334630846,-0.09779262077063333,-0.3478038702160119,-0.2707914914935827,0.1372881643474101
10,102,0.35919788747147,2.7331646947876687,2.3048234774636587,1.1858455632339262,-0.11008035112172354,-0.04696306958794583,0.14588763192296034,0.48611446376889933,-0.28464302700012933,-0.5320473862811924,0.35575423389673233,0.519243818707764
10,104,0.2824678367652847,2.5372586044632874,2.3048234774636587,1.1008472576196646,0.5640461929142475,-0.2508976589888333,0.09729418065398909,-0.04560941178351674,-0.20303531922399998,0.32811938319355244,-0.11943260114639997,-0.2872467488050463
10,110,0.319548603778213,2.71724984858091,2.3048234774636587,1.1789405458378555,-0.28820318356156405,-0.3624344021081922,-0.27289258595556015,0.17406035773456086,0.6566482316702603,-0.18711040820926428,0.016649303026497364,-0.17671710345894132
10,116,0.38496435792818345,2.426761974183821,2.3048234774636587,1.0529057855894237,0.410091495141387,-0.15160362981259823,-0.027749135158956162,0.08737688977271307,0.5728080281987785,-0.40392459370195877,-0.5184336388483645,0.4753729822114109
10,123,0.3209545904062531,2.702927835085813,2.3048234774636587,1.1727266150812763,0.3340669972822068,0.20008059311658116,-0.36672634910792085,-0.32049500942230236,-0.17021815292537212,-0.502087547443807,0.2643064744770527,0.2904005628079175
10,125,0.3237057276687729,2.564893061307448,2.3048234774636587,1.1128370942012369,0.18592015188187327,0.061617801897227764,0.31594331841915846,0.3953953580930827,0.6232965383678674,0.014192060567438602,0.1329099126160145,0.3706715861335396
11,12,0.278260374754128,3.04721355271422,2.3048234774636587,1.3221027911723304,-0.12876681424677372,-0.46174210961908063,0.20123480912297942,-0.161117922514677,-0.18677911907434452,-0.18291261326521624,0.3745152335613966,-0.3385032704100014
11,14,0.5076557139392653,4.315532005158599,2.3048234774636587,1.8723915507436704,-0.6420085858553648,-0.5915785757824779,-0.17318221647292342,0.2213529972359539,-0.6670235926285386,0.38307448010891687,0.7813856024295092,-0.135481127537787
11,15,0.4070994946170896,3.6150588369629055,2.3048234774636587,1.5684753614802183,0.260728035122156,-0.25484802387654737,0.45854781381785853,-0.6476863883435727,0.2549621826037765,0.1831351686269046,0.2577039860188961,-0.6310261962935331
11,16,0.3341515000689384,4.314544934931026,2.3048234774636587,1.8719632879126011,0.2660951688885689,-0.6080992659553883,0.07633907441049825,-0.05973257683217509,-0.470446960069239,0.45926518365740787,-0.027171354740858078,-0.10142817720770839
11,18,0.28008058277988773,2.345873062145515,2.3048234774636587,1.0178102944035563,-0.3107491396367555,-0.5039057834073899,-0.04826395493000757,0.05760496202856294,0.1186449825763703,0.15120598487555992,0.3159773573279381,-0.3669409807771443
11,19,0.433869899843966,4.063928233971094,2.3048234774636587,1.763227541591706,-0.0882492493838073,0.16132456250488764,0.33342987671494456,-0.5614530202001333,-0.5218086242675781,0.3568834429606797,0.7922958042472601,0.13543827086687094
11,23,0.37956658574513574,3.9834604637260105,2.3048234774636587,1.728314772335453,0.16829798929393258,-0.10329683870077122,-0.12501020543277297,-0.21126771904528124,-0.286659979261458,0.2667043143883348,0.5970006827265024,-0.7372891856357455
11,25,0.38589524952480825,2.8146576268603396,2.3048234774636587,1.2212031222268387,-0.5049739433452489,0.1007428932935002,-0.07985379267483961,-0.6179937403649091,-0.35739550366997713,0.12711668480187654,0.6261406978592277,-0.044023543596267645
11,27,0.42563428322007224,3.3112936396016917,2.3048234774636587,1.4366799331832572,-0.024078874848783238,-0.27909315563738335,0.2956656655296681,-0.2504668077453971,0.036902735941112125,0.5768909333273771,0.5298210186883807,-0.7783421371132135
11,29,0.40032025775376995,3.98316800834905,2.3048234774636587,1.7281878839295426,-0.2655499195680023,-0.13659680634736993,0.40985580626875145,-0.03067112155258639,-0.6375953080132604,0.06092419009655714,0.3839968545362354,-0.6828319011256099
11,30,0.38755333761879684,3.1970119998124975,2.3048234774636587,1.3870962488331848,-0.6183570185676217,-0.43748398590832943,0.15667076781392075,-0.5289888847619295,-0.2981488667428493,-0.057154923677444236,0.2483742656186223,-0.4118238678202033
11,31,0.4516901846723965,4.099909381071726,2.3048234774636587,1.7788387792645486,0.2213303418830037,-0.03790918365120885,0.7844564290717243,0.10180096048861756,-0.22037121281027788,0.6121379481628538,0.7251809975132346,0.082878309302032
11,33,0.45061044921910964,3.217072543508481,2.3048234774636587,1.3957999712189264,-0.6376210916787386,-0.18087124265730342,-0.006595660001039838,-0.35025807935744546,0.16380284167826176,-0.24736994877457608,0.8117830529808998,-0.5615905448794365
11,34,0.4216921406273356,3.2763219992106616,2.3048234774636587,1.4215066929186646,-0.24630104377865808,-0.4112340016290546,0.7293550381436944,0.1675526378676295,-0.1600805250927806,0.1186931049451232,-0.05456381104886532,-0.7681749723851681
11,35,0.3682638364949117,3.1743782734825405,2.3048234774636587,1.3772760927339143,-0.15660611353814619,-0.06092503480613201,0.11886139214038838,-0.7016741447150706,-0.23830896895378811,0.45140771381557004,0.4686295725405216,-0.2646890450268984
11,38,0.3500947092685143,3.6074975170212897,2.3048234774636587,1.565194711133001,-0.48517557233572034,-0.6563772568479176,0.22589676361531008,-0.44905863795429457,0.10254298336803919,0.0683712149038912,0.1877321358770132,0.10577312950044872
11,41,0.46545362688142533,4.182540511972718,2.3048234774636587,1.8146901716635546,-0.5655163852497935,0.00756256468594077,0.634714654646814,-0.5402716882526876,-0.6527208974584935,0.15767593681812297,0.5102777490392327,-0.08523387648165229
11,42,0.3380102665798204,3.5581531139775406,2.3048234774636587,1.5437855214374627,-0.4275529133155945,-0.7227679779753089,-0.09994574077427398,-0.018531683832406887,-0.34354786761105066,-0.2242258461192248,0.12978592421859503,0.11546926386654383
11,43,0.38835377251964265,3.4424393361590604,2.3048234774636587,1.4935804714846495,0.044283219613134694,-0.12054512836039033,0.5102961985394356,-0.3916806923225521,-0.1720272470265627,0.48233577795326726,0.606592652387917,-0.38215872645378113
11,44,0.3881177487014279,3.818554307831093,2.3048234774636587,1.6567664921711134,-0.1079253675416113,-0.584484950639307,0.809194888919592,-0.23819290939718474,0.016253923997283093,0.2917294530197979,0.2288581719622016,0.05033880565315485
11,45,0.3783470553032307,3.328312324674326,2.3048234774636587,1.444063876135523,-0.3221854558214547,-0.23166797310113912,0.19479877222329345,-0.1074443086981774,-0.4057313743978737,-0.034126220270991325,0.7525398405268788,-0.45399211067706335
11,46,0.5274342429112637,3.994188512998007,2.3048234774636587,1.7329693801077595,-0.6867209756746886,-0.4698122637346385,0.4337392449378967,-0.6369662657380104,-0.5889900391921401,-0.15022183489054408,-0.11232310999184847,-0.7464835429564121
11,49,0.3293139769149907,3.1641214644835363,2.3048234774636587,1.3728259432542276,-0.6618220331147311,0.16841016709804538,0.3198394728824494,-0.09991623647511,-0.12702128197997803,0.3241460835561157,0.3449300406500697,-0.2207913268357515
11,50,0.47307420327294214,4.328609461370182,2.3048234774636587,1.8780655020633499,-0.2699526799842716,-0.6322633894160388,0.5586817134171725,-0.5821206886321306,0.19661707989871502,0.6765716038644315,0.41244103480130434,0.01604368723928934
11,51,0.32576376982794925,3.044469039064637,2.3048234774636587,1.3209120216073644,-0.11720837000757489,-0.2188622169196604,-0.05568000767379988,0.048853692598640946,-0.7249027658253908,-0.12550990935415018,-0.06387723330408346,-0.48634739965200435
11,52,0.40043472880928066,3.859504359563694,2.3048234774636587,1.674533601944598,-0.011879119090735912,-0.743387180380523,0.14958693832159053,0.20017497334629306,-0.5400166753679514,0.19155779108405113,0.5633922116830945,0.1478130901232362
11,54,0.4491955674314742,3.5111956254503727,2.3048234774636587,1.52341194880324,-0.5250005042180421,-0.373440555296838,0.02498054876923561,-0.1984115820378064,-0.06758577283471817,0.508512867614627,0.7170811230316758,-0.6178836384788158
11,55,0.26613159903308947,3.1243812880724993,2.3048234774636587,1.3555837653609475,0.12792685162275996,0.026281950995326098,0.3852014662697912,-0.3215419938787818,-0.4586266046389936,-0.1923122787848115,0.19388778787106276,-0.11343690287321803
11,56,0.3883229527762808,3.8965431022026293,2.3048234774636587,1.6906037014559472,0.04770051129162281,-0.6691529871895907,-0.0236094957217573,-0.6676373872905969,-0.20095103047788138,-0.10202345065772522,0.5041032582521439,0.07147993333637719
11,58,0.4781316094979312,3.9027927606732984,2.3048234774636587,1.693315257690851,-0.3423778507858513,-0.5726442718878384,0.10099351126700651,-0.2690452290698886,-0.6196638075634835,0.20614637434482586,0.6597338430583477,-0.6628886051476002
11,59,0.2815286465531885,2.6863665642670465,2.3048234774636587,1.1655411316892939,-0.05663796514272701,0.09267273545265198,0.7151187844574451,-0.14202168025076395,0.20856374222785237,0.031940181739628426,0.13605223782360554,-0.1663630995899438
11,60,0.46726021498511666,3.974099466589255,2.3048234774636587,1.7242532911728885,-0.193222450092435,-0.429921424947679,0.4788536233827471,0.011160964146256613,0.018460069783031996,-0.2773451954126358,0.7619021348655224,-0.7983158314600588
11,61,0.3429137593014061,3.4141531496348287,2.3048234774636587,1.4813078671829267,-0.22138640284538275,-0.015198545530438229,-0.13159812428057194,-0.35789678152650606,-0.5593180609866977,0.5159092443063856,0.285095589235425,-0.2928978083655238
11,63,0.2922639920721815,3.7377364614063797,2.3048234774636587,1.6217018344153493,0.20018423721194234,-0.16028397344052764,0.2439171392470595,-0.5066727902740239,-0.0170934628695249,0.09068638365715742,-0.12177764065563679,-0.5272782566025852
11,64,0.38208871649763687,3.7057057799512587,2.3048234774636587,1.6078045959637655,0.1920360848307608,-0.6622851388528943,0.5771289765834808,0.22057781927287576,0.1681989310309291,-0.17818414419889428,0.07609937246888876,-0.494844239205122
11,65,0.49933486139834826,3.724709543823548,2.3048234774636587,1.6160498104273051,-0.592971408739686,-0.3099345006048676,0.2071214178577062,-0.6604533074423672,-0.6915846290066836,0.498287138529122,0.5841559814289212,0.009618161246180507
11,66,0.32242977570328496,3.552434982581735,2.3048234774636587,1.5413045802930685,-0.22843600437045125,-0.517072157002985,0.4526475034654139,-0.1465182928368448,-0.24270102009177202,0.37999426759779453,0.17315432708710432,-0.229132791981101
11,67,0.3868277608703675,2.8384188888521478,2.3048234774636587,1.2315124852753079,-0.20167589001357572,0.06804569810628895,-0.16735806595534086,-0.27725163288414467,-0.1644728146493435,0.17450086306780577,0.6812109434977174,-0.724813736975193
11,70,0.437535456823848,3.333391433072258,2.3048234774636587,1.4462675626423616,-0.47176580131053975,-0.769975717179477,0.0019880030304194607,-0.5011671474203467,-0.5032512443140149,0.3061125651001931,-0.03776573482900858,-0.3413315126672386
11,72,0.3080721553443607,4.218670819517189,2.3048234774636587,1.8303661259818569,0.1350984340533611,-0.47183704469352944,0.05105109792202678,-0.09542734455317242,-0.6405163481831548,0.10390188172459613,0.24528241343796253,-0.15953993611037723
11,73,0.48494534693016866,3.725457119212977,2.3048234774636587,1.6163741629847737,-0.5164251429960132,0.12858445197343843,0.4213103633373975,-0.4725076351314783,0.2499374374747277,0.4042068282142282,0.7372256778180599,-0.654238149523735
11,76,0.4665587720579003,4.513219536086874,2.3048234774636587,1.9581627748140795,-0.12535648513585335,-0.7208943767473102,0.5329792210832236,-0.6782709127292037,-0.41696052346378537,0.021658068522810936,0.018763510510325432,-0.5359274679794909
11,79,0.4401717271191412,4.386684384790576,2.3048234774636587,1.903262626263205,0.24070097226649514,0.017279928550124224,0.28354738280177094,-0.19218321796506632,-0.5777570903301237,-0.08099825587123621,0.6214222274720669,-0.804928925819695
11,80,0.37683278700962825,4.472239215442717,2.3048234774636587,1.9403825321860177,0.2939347261562941,-0.383134785108268,0.4079281231388451,-0.5301292808726429,-0.13141829520463943,0.25469432305544626,0.5474640019237995,-0.27117245458066463
11,84,0.4278683761084081,4.226921277650746,2.3048234774636587,1.833945774581513,0.03711151052266348,-0.6224189782515166,-0.07401427906006586,-0.11853462550789118,0.13538856711238625,0.43038251716643583,0.8364518508315086,-0.39121437165886164
11,85,0.35816651589226756,4.251154597220387,2.3048234774636587,1.844459950528865,-0.43612840119749324,-0.22480109333992,0.5462087281048296,-0.24566498398780834,-0.5365971485152838,0.13581595569849025,0.3283951785415411,0.11225589085370304
11,90,0.3610223053533955,3.016137255955462,2.3048234774636587,1.3086196341919285,-0.3909345585852863,-0.42023505549877854,-0.123092420399189,-0.7118087755516171,0.2207732535898686,-0.023900493048131355,0.36914144549518824,-0.07660654000937936
11,91,0.3677663402346373,3.9122911690922724,2.3048234774636587,1.6974363578583251,-0.043129488825798146,-0.02097890339791772,0.5010331058874724,0.16109346970915803,-0.6074545346200466,0.2776013202965261,-0.1384269492700696,-0.5809523016214373
11,98,0.4222603994971285,3.7280557108602506,2.3048234774636587,1.617501620975671,-0.2585003180429342,-0.6385939186438914,0.0595998978242277,-0.256948983296752,-0.44591741077601904,-0.14933887869119644,0.5591707024723291,-0.5902668144553902
11,100,0.48674095005564105,4.287371448588698,2.3048234774636587,1.8601734538502415,-0.03125043492764251,-0.7770576560869811,0.6484279492869973,-0.0391198052093385,-0.14751984737813473,0.3358582779765131,0.4249656293541193,-0.7439025407657027
11,101,0.26752273478154925,2.8173293831371367,2.3048234774636587,1.2223623243535617,-0.37167018745094543,-0.19046252965927107,0.2608385384082793,-0.4159001652151346,-0.25673096440732485,0.168328625150025,-0.06746610626578331,-0.24150760937482116
11,104,0.5343011777001371,3.379857778218465,2.3048234774636587,1.4664280415686441,0.1611264068633318,-0.6012913798913355,0.4753564447164534,-0.42249658517539523,-0.5934883896261451,0.6291949059814216,0.3573739482089877,-0.784863678738475
11,107,0.2906015759785961,3.2211762386566885,2.3048234774636587,1.3975804525392241,0.017419897019862796,0.1371272746473552,0.21615086961537566,0.05235313065350064,-0.402661628089845,0.24553835485130554,0.27496733982115984,-0.5558707658201456
11,108,0.3525050204165295,2.945044069642666,2.3048234774636587,1.2777742410379895,-0.0801011342555285,-0.34058314282447083,-0.020224930718540812,0.14883458428084853,-0.3390493085607886,0.5549474693834783,0.6464228322729468,0.09121874626725913
11,109,0.36098714845018526,3.03796539038394,2.3048234774636587,1.3180902659526303,-0.3031503111124037,-0.005904089659452438,0.3676010547205807,-0.7318985192105173,-0.19800829794257874,-0.2387351682409643,0.1388544412329793,-0.40530297439545404
11,110,0.4769757919025276,4.2041264596149865,2.3048234774636587,1.824055725187863,-0.6911229696124799,-0.7128281230106945,0.10516967810690414,-0.20282681565731764,0.26619516126811504,0.11396511457860481,0.49345585238188505,-0.67433403339237
11,112,0.38634097025153485,3.354666284817754,2.3048234774636587,1.4554981401479796,0.25257979333400715,-0.7529474692419167,-0.14531309530138958,0.14081393927335747,-0.05332344211637974,-0.27066390495747306,0.18483077827841043,-0.6419806089252236
11,113,0.48669230956299725,4.011348863543685,2.3048234774636587,1.7404147878422218,-0.6496075410395863,-0.08957216516137112,0.4924919279292224,-0.4898690963163972,-0.4748440030962227,0.528754971921444,0.6772623239085078,-0.13667175918817512
11,114,0.29984048425180804,3.6511754466528648,2.3048234774636587,1.5841453726733112,-0.2968003191053867,-0.35896693263202867,0.23026559501886368,-0.0072298878803849775,-0.5174153810366988,0.4123848332092167,0.08777104783803225,0.0610625930130482
11,115,0.37068788525752006,3.7980923803892686,2.3048234774636587,1.6478886203332486,-0.13722010515630245,0.04012816399335864,0.6180724436417222,-0.38821976631879807,0.12303798738867047,0.08009842969477188,0.5802026009187102,-0.43349641747772694
11,116,0.25115909697602357,2.62573290445898,2.3048234774636587,1.13923384160789,0.007171709090471212,-0.5019973507151005,0.35031312890350813,-0.2895102836191654,0.1823549577966333,-0.10284907091408968,-0.041627089492976777,-0.022243947722017737
11,117,0.4410481840174949,3.2525769107856344,2.3048234774636587,1.4112043471393871,-0.394344298169017,0.14769761823117727,-0.03333191666752089,-0.16660827863961453,-0.708685635589063,0.5948251578956844,0.4664295231923461,-0.5257260305806994
11,118,0.5580313706087062,4.214574511221315,2.3048234774636587,1.8285888496151732,-0.5362235680222516,-0.6138834012672301,0.724858483299613,-0.6414655344560743,-0.2900754380971193,0.21313707251101738,0.29881700221449137,-0.8191720908507705
11,119,0.3333011950833215,3.6038893273078814,2.3048234774636587,1.563629216096748,0.12353981100022776,-0.2011098694056273,0.09120769333094358,0.2317414097487928,-0.11809019930660719,0.04448496550321601,0.8068736074492335,-0.32251833844929934
11,120,0.35656663411377987,3.7373653914745373,2.3048234774636587,1.6215408372997477,0.07454854156821955,-0.44341906998306485,0.7734330287203194,-0.17221672926098108,-0.3696012450382113,0.19635075423866521,-0.1088639646768571,-0.00853500142693514
11,121,0.3306309919049859,3.0090809988858056,2.3048234774636587,1.3055581168398833,-0.4597799358889462,-0.02806856483221043,0.1358798313885926,-0.2990385740995406,-0.04137297999113787,0.37376892939209944,0.39870436303317547,-0.5040653590112926
11,123,0.42730994991972093,4.00031181394697,2.3048234774636587,1.7356261132627435,-0.06885278876870898,-0.1503131277859211,0.011335914954543447,-0.6973821828141809,-0.5606712233275173,-0.20101202465593793,0.7411130238324404,-0.20721636712551114
11,124,0.46872551256147144,4.578795827811459,2.3048234774636587,1.986614537981968,-0.18199982959777133,-0.6865567667409778,0.3101087035611272,-0.6004735054448247,-0.6263673510402439,-0.010281966067850479,0.11777318641543388,-0.6245771190151573
11,127,0.326860144937894,3.548191614635745,2.3048234774636587,1.539463498757983,0.1723447041586041,0.11436245404183898,0.5684292837977407,-0.08315103966742743,-0.30938062351197,-0.11095472797751404,0.5146289300173521,-0.3301859525963663
12,14,0.4068913198547993,2.6538680513185,2.3048234774636587,1.1514409139215065,-0.5132417716085911,-0.12983646616339728,-0.37441702559590284,0.38247091975063086,-0.48024447355419403,0.5659870933741331,0.40687036886811256,0.20302214287221437
12,16,0.337940604566623,4.463284107177993,2.3048234774636587,1.9364971551268695,0.3948619831353426,-0.14635715633630764,-0.12489573471248117,0.1013853456825019,-0.28366784099489445,0.6421777969226241,-0.4016865883022547,0.23707509320229297
12,17,0.3180648491486933,3.062043060052858,2.3048234774636587,1.328536909656301,-0.569405794143677,0.25094209332019063,0.5068000266328457,-0.26785312127321953,0.13785248156636953,-0.03386719152331341,0.07463186606764793,-0.2604137538000941
12,20,0.445115150810405,2.612224673696428,2.3048234774636587,1.1333729889679225,0.15366359613835806,0.09683317132294156,0.42731339111924205,-0.5596522521227598,-0.5253257751464846,0.8491769665852189,-0.2063604649156332,-0.12872492522001266
12,21,0.3222907275453709,3.3333467087759407,2.3048234774636587,1.4462481579908757,-0.3107872270047665,0.5117192445322871,0.04927025642246008,0.3173710564151405,0.3657145798206328,0.02426818199455727,0.31683292239904404,0.3669524136930705
12,22,0.2545284487702155,2.594219924159366,2.3048234774636587,1.1255612195577658,-0.4247636403888468,-0.2892001513391733,0.30179248005151743,-0.17698690202087158,0.07210461702197773,0.15818602498620749,-0.300707945600152,0.10567281953990476
12,23,0.30543879716276473,2.5970723119351216,2.3048234774636587,1.1267987927618075,0.2970648035407063,0.3584452709183094,-0.3262450145557524,-0.05014979653060425,-0.09988086018711345,0.44961692765355105,0.22248544916510582,-0.39878591522574414
12,26,0.2805321972650474,2.42461729913242,2.3048234774636587,1.0519752696204694,-0.23432797472923977,-0.23059093207120918,0.4763765139505269,0.03359889797866339,-0.3861016454175114,-0.07385604362934828,-0.3683758797124028,0.05666814278811233
12,28,0.3189913920233584,3.1490824107992847,2.3048234774636587,1.3663009083301643,-0.039702857844531814,-0.3377483878284696,-0.16917042341083255,-0.25052782054990524,0.40839439164847136,0.4425792517140508,-0.467325103469193,0.1611081268638373
12,32,0.3738103312386388,2.5191599425063167,2.3048234774636587,1.092994742173715,0.33821828104555596,-0.3063516691327095,0.15266129188239597,-0.07010100781917561,-0.5092013608664274,0.7347793914377689,-0.08592557162046432,0.2735703820362688
12,34,0.32857763538982615,3.158285088454794,2.3048234774636587,1.3702936989909207,-0.11753422953188436,0.05050810799002603,0.528120229020715,0.32867056038230646,0.026698593981563934,0.30160571821033944,-0.4290790446102619,-0.4296717019751667
12,35,0.33161336950552284,2.7454650682044113,2.3048234774636587,1.1911823595382915,-0.027839299291372466,0.4008170748129486,-0.08237341698259104,-0.5405562222003937,-0.05152984987944359,0.6343203270807862,0.09411433897912502,0.073814225383103
12,37,0.26620754404640845,3.3026403511157088,2.3048234774636587,1.432925507488364,-0.25414166226983065,0.5435389755293722,0.2643892196938395,0.23771304916590455,0.08952389378100628,0.11928866151720285,0.1951850112527609,0.14198026433587085
12,40,0.3135569998208896,3.924827990945287,2.3048234774636587,1.7028757426856658,0.2776936823502181,0.13405902311205864,0.07323991041630507,0.24380617495626203,0.42451176885515446,0.5177005976438522,-0.3410442201420665,-0.24923380184918642
12,44,0.322098166427716,2.6037992418005427,2.3048234774636587,1.1297174240284518,0.020841446705162414,-0.12274284102022648,0.6079600797966126,-0.07707498688250775,0.20303304307162762,0.47464206628501415,-0.145657061599195,0.38884207606315624
12,48,0.3278120945064859,2.904027257712267,2.3048234774636587,1.259978165836805,0.37792120408266766,-0.018976079300046078,0.48296455945819633,-0.31958839949220436,-0.08069529291242367,0.1754665458574891,0.4467330826446414,-0.37978866416960944
12,50,0.41335067595137953,3.8658831467760058,2.3048234774636587,1.6773011836161154,-0.14118586573749786,-0.17052127979695808,0.3574469042941931,-0.42100276611745363,0.38339619897305954,0.8594842171296477,0.03792580123990774,0.3545469576492907
12,56,0.267605143339213,2.554661296050477,2.3048234774636587,1.1083978105176853,0.17646732553839653,-0.20741087757051013,-0.22484430484473672,-0.5065194647759199,-0.014171911403536852,0.08088916260749102,0.12958802469074726,0.40998320374637853
12,59,0.32900880271911903,3.4794646565653373,2.3048234774636587,1.509644747455589,0.07212884910404671,0.5544148450717326,0.5138839753344657,0.019096242263913044,0.39534286130219687,0.21485279500484467,-0.23846299573779106,0.17214017082005756
12,61,0.3526138480253304,2.7341162913226777,2.3048234774636587,1.1862584349979957,-0.09261958859860903,0.4465435640886424,-0.33283293340355136,-0.19677885901182907,-0.3725389419123531,0.6988218575716019,-0.0894196443259716,0.045605462044477574
12,62,0.36253113193449477,3.596711031119573,2.3048234774636587,1.5605147493020035,-0.4566057883203028,-0.34628754481673263,0.4031397029757503,0.2736838357523085,-0.18952540121972555,0.5964248450472951,-0.0194863211363554,0.305908501148224
12,63,0.29704965820344037,3.633258518360366,2.3048234774636587,1.5763717065042147,0.32895105145871606,0.301458136178553,0.04268233012408007,-0.3455548677593469,0.16968565620481962,0.27359899692237366,-0.4962928742170334,-0.18877498619258382
12,64,0.2893195400876062,2.4763812790823376,2.3048234774636587,1.074434247696691,0.3208028990775345,-0.20054302923381362,0.3758941674605014,0.3816957417875527,0.3549780501052736,0.004728469066321961,-0.29841586109250784,-0.1563409687951206
12,69,0.44659615801169794,2.9370711214657006,2.3048234774636587,1.27431499643426,-0.20503563806414654,0.3910928042605516,0.5503152124583724,0.16604274231940502,-0.2416741512715816,0.8726359363645315,0.4205918116495013,-0.27088274620473374
12,70,0.3311481643527805,2.3291980314779956,2.3048234774636587,1.0105754537181129,-0.342998987063766,-0.3082336075603964,-0.19924680609255996,-0.34004922490566974,-0.31647212523967033,0.4890251783654093,-0.4122809683904052,-0.0028282422572372123
12,80,0.2722031821901913,2.52382022477438,2.3048234774636587,1.095016711454066,0.42270154040306784,0.07860732451081265,0.20669331401586566,-0.3690113583579659,0.05536082386970509,0.4376069363206625,0.17294876836240292,0.06733081582933675
12,81,0.35196736304635545,4.005865279712918,2.3048234774636587,1.738035610484656,-0.550355206243694,0.49381180200725777,-0.16719757486134734,0.25027312338352203,-0.08509206771850603,0.22928210068494081,-0.3194829560816288,-0.4379900479689238
12,82,0.34669591863249466,2.4948179744183334,2.3048234774636587,1.0824334265996605,-0.18636912945657985,-0.26801410317420993,0.5812353082001213,-0.2358070909976961,-0.5337306717410684,0.12859406322240818,0.3278545681387186,-0.2295354427769779
12,88,0.3723557666106275,2.60311360882908,2.3048234774636587,1.1294199465955088,0.22544317319989193,-0.35991065204143535,0.05125145334750436,-0.18390361219644552,-0.13616040814667935,0.8421867433935404,0.40415827836841345,-0.03494140971451987
12,89,0.28141605186877355,2.9000998461983825,2.3048234774636587,1.2582741691740293,-0.36498426832258685,0.3033627318218349,0.42537879012525104,-0.06069690827280272,-0.026377622969448733,0.01172387693077337,-0.10341010894626379,0.4606076227501036
12,93,0.3264621756094929,3.149898685848968,2.3048234774636587,1.3666550677951579,-0.10993531160056597,0.5524210585281253,-0.11906408518552769,-0.3975690426304936,0.21646717563271523,-0.023279712535441033,-0.37695230823010206,-0.41669556312263023
12,94,0.26078983474609846,2.752617885962535,2.3048234774636587,1.1942857719375766,-0.501804787665606,-0.21724836714565776,0.12637711968272947,0.10020691435784101,0.1584538696333765,0.3274368289858104,0.2679552575573325,-0.12227296270430077
12,96,0.349733026077237,3.078245006452577,2.3048234774636587,1.3355664919901065,0.35824530851095904,-0.07804473862051975,-0.016237009316682594,-0.447479228489101,0.2767611565068363,0.46771634090691816,0.3395564928650856,0.4826174555346371
12,97,0.3877086907329405,4.390701641459531,2.3048234774636587,1.90500560428657,-0.4819913981482385,0.5222288230434058,0.6176846241578463,0.4215143825858831,-0.301466572098434,0.13618426583707344,-0.16850017569959164,-0.021825495176017173
12,101,0.2583797075529946,3.0577757668405012,2.3048234774636587,1.326685447601145,-0.2429033732041717,0.27127957995980956,0.05960372928529989,-0.25478224270045763,-0.06995184533298032,0.35124123841524124,-0.4419813398271799,0.0969956610351802
12,102,0.33713404181227785,3.0797999570779635,2.3048234774636587,1.3362411426263008,-0.3842333229258656,0.06438531912863255,0.3227150868624452,0.2703452128916978,-0.48831697832793003,-0.04805925022810709,0.4580455496907234,0.3601301591843368
12,104,0.39865963650560654,2.3458886051679086,2.3048234774636587,1.0178170380967484,0.2898932211101055,-0.13954927027225494,0.27412163559347397,-0.26137866266071824,-0.4067092705518007,0.8121075192466378,-0.017141285352408886,-0.44636040832847357
12,105,0.29944787018569957,4.408744708879759,2.3048234774636587,1.9128339987804006,-0.4333390016108752,0.21270135510712845,-0.3595634307712313,0.11150474566966284,0.26481063477694977,0.10479057766497135,-0.5090847285464406,0.04832692351192236
12,107,0.2985677005202856,2.3816374649128367,2.3048234774636587,1.0333274926259028,0.14618671126663652,0.5988693842664359,0.014916060492396244,0.21347105316817763,-0.2158825090155005,0.4284509681165218,-0.09954789374023676,-0.21736749541014422
12,110,0.31829782218763125,2.746841627365345,2.3048234774636587,1.1917796109870005,-0.5623561553657062,-0.25108601339161385,-0.09606513101607528,-0.041708893142640646,0.45297428034245957,0.29687772784382105,0.11894061882048845,-0.3358307629823686
12,111,0.4172274396785665,2.345092088654905,2.3048234774636587,1.0174714513215388,0.40331540070474137,0.35176446195691785,0.5417665392160418,-0.17274025641381746,-0.46901173330843443,0.6195214185863733,-0.3886277647688985,0.16753456182777887
12,121,0.2915409520506078,4.475483665188862,2.3048234774636587,1.941790210378239,-0.3310131216421725,0.4336735447868702,-0.06535497773438681,-0.1379206515848636,0.14540613908320665,0.5566815426573157,0.02418912947177887,-0.16556208860129118
12,123,0.2991596006266539,2.39942891847472,2.3048234774636587,1.0410467187340395,0.059914025478064736,0.31142898183315953,-0.18989889416843597,-0.5362642602995038,-0.3738921042531728,-0.018099411390721687,0.3665977902710438,0.13128690328449022
12,125,0.32348375250797007,2.8358773000790123,2.3048234774636587,1.230409759275687,-0.08823281992226878,0.17296619061380614,0.49277077335864333,0.1796261072158812,0.41962258704006666,0.49818019662052393,0.2352012284100056,0.21155792661011236
13,36,0.4912897487790701,4.267108222731338,2.3048234774636587,1.851381793206599,0.25409805402159696,-0.658102142624557,-0.7314909128472205,-0.26994733791798375,-0.09721245151013136,0.15074466820806273,0.24254817701876163,-0.8569167591631414
13,47,0.4370263584828878,3.584148445544381,2.3048234774636587,1.555064186298794,0.5755372913554312,-0.02415664680302141,-0.5136332148686051,0.524302516132593,0.3798711011186242,0.15872944891452795,0.5605249414220452,-0.41678780876100063
13,53,0.31178036247572155,4.285178280571287,2.3048234774636587,1.8592218981068818,-0.1324332887306806,-0.2195760495960714,0.17683145310729753,-0.39242857787758123,0.45978964678943157,-0.12446039076894519,0.1893652593716979,-0.5136906430125237
13,126,0.3712185466298921,2.672457939783332,2.3048234774636587,1.1595065591418898,-0.31467217300087214,-0.6893860073760154,-0.6484438786283135,-0.17209081258624825,0.09621716011315584,0.1980566391721368,0.17185203731060028,0.006482500582933454
14,15,0.660726305367966,4.206519543445347,2.3048234774636587,1.8250940189460445,0.9027366209775208,0.33673055190593054,0.631730030290782,-0.8690393855795266,0.9219857752323151,-0.19993931148201227,-0.5236816164106131,-0.49554506875574605
14,18,0.3709875229959715,2.6246568780659194,2.3048234774636587,1.1387669831245477,0.33125944621860937,0.08767279237508796,0.12491826154291585,-0.16374803520739095,0.7856685752049088,-0.23186849523335695,-0.4654082451015711,-0.2314598532393573
14,19,0.4793541648235343,3.906917874329322,2.3048234774636587,1.6951050319171024,0.5537593364715576,0.7529031382873655,0.5066120931878679,-0.7828060174360872,0.14521496836096048,-0.026191037148237173,0.010910201817750938,0.2709193984046579
14,20,0.5695224564150612,4.216263015909152,2.3048234774636587,1.829321445713897,0.6669053677469492,0.22666963748633884,0.8017304167151449,-0.9421231718733908,-0.04508130159229051,0.2831898732110858,-0.6132308337837458,-0.33174706809222704
14,23,0.45261549058639056,4.555389459989543,2.3048234774636587,1.9764591538274845,0.8103065751492975,0.4882817370817067,0.04817201104015045,-0.4326207162812351,0.3803636133670806,-0.11637016572058206,-0.18438491970300674,-0.6018080580979586
14,25,0.4190987453612916,3.6840678935225992,2.3048234774636587,1.598416507617637,0.13703464251011588,0.6923214690759781,0.09332842379808381,-0.839346737600863,0.3096280889585614,-0.2559577953070403,-0.15524490457028153,0.09145758394151934
14,27,0.4913690875243127,3.189971064469496,2.3048234774636587,1.3840413791601502,0.6179297110065816,0.31248542014509456,0.46884788200259153,-0.471819804981351,0.7039263285696507,0.19381645321846014,-0.25156458374112844,-0.6428610095754266
14,31,0.5345648448653679,2.694766606489271,2.3048234774636587,1.1691856807423382,0.8633389277383685,0.5536693921312691,0.9576386455446477,-0.11955203674733633,0.44665237981826067,0.2290634680539369,-0.05620460491627456,0.21835943683981898
14,32,0.4353057797032867,4.311936635429778,2.3048234774636587,1.870831617948827,0.851460052654147,-0.17651520296931222,0.5270783174782988,-0.45257192756980646,-0.028956887312233448,0.16879229806363585,-0.4927959404885769,0.07054823916405442
14,33,0.4734733426590427,2.32666250396605,2.3048234774636587,1.009475357534289,0.0043874941766262054,0.4107073331251745,0.16658655647188358,-0.5716110765933994,0.8308264343068004,-0.630444428883493,0.030397450551390648,-0.4261094173416495
14,34,0.5514275006041924,3.2318366146734476,2.3048234774636587,1.4022056987331282,0.3957075420767068,0.1803445741534233,0.9025372546166178,-0.05380035936832439,0.506943067535758,-0.2643813751637937,-0.8359494134783745,-0.6326938448473811
14,35,0.46870219680887854,4.19468162121472,2.3048234774636587,1.8199578675893888,0.48540247231721867,0.5306535409763459,0.2920436086133118,-0.9230271419510245,0.42871462367475044,0.06833323370665317,-0.31275602988898754,-0.12920791748911137
14,39,0.42270332483263084,3.111724197307103,2.3048234774636587,1.3500921991350927,0.7458566166460514,0.27182970475405477,0.7632290674373505,-0.2933466015383601,0.16035569738596678,-0.14647935982793575,-0.11733501590788364,-0.2640508078038691
14,43,0.48503847782486914,3.5392044337056396,2.3048234774636587,1.5355642062447032,0.6862918054684995,0.4710334474220876,0.6834784150123592,-0.613033689558506,0.49499634560197586,0.0992612978443504,-0.1747929500415921,-0.2466775989159941
14,44,0.5334522130419524,2.8034486661948628,2.3048234774636587,1.2163398601266922,0.5340832183137536,0.007093625143170801,0.9823771053925154,-0.45954590663313866,0.6832775166258216,-0.09134502708911896,-0.5525274304673076,0.18581993319094184
14,48,0.5796394637275144,4.555402726472508,2.3048234774636587,1.9764649097923532,0.8911629756912588,0.1108603868633512,0.8573815850540991,-0.7020593192428353,0.39954918064177036,-0.390520547516644,0.039862713776528835,-0.5828108070418239
14,50,0.537630363642421,4.428283489263669,2.3048234774636587,1.9213113423058197,0.3720559058710933,-0.0406848136335608,0.731863929890096,-0.8034736858680845,0.8636406725272536,0.2934971237555146,-0.3689445676282048,0.15152481477707633
14,51,0.4412312336187891,2.62064222161014,2.3048234774636587,1.1370251332627104,0.52480021584779,0.3727163588628175,0.11750220879912354,-0.17249930463731294,-0.05787917319685232,-0.508584389463067,-0.8452628357335926,-0.35086627211421734
14,52,0.2969266670143682,2.7904640739464304,2.3048234774636587,1.2107061999460342,0.6301294667646289,-0.15180860459804502,0.32276915479451396,-0.021178023889660835,0.12700691726058722,-0.19151668902486574,-0.21799339074641466,0.2832942176610232
14,55,0.5363322633674623,3.6973047499529783,2.3048234774636587,1.6041596183416504,0.7699354374781249,0.617860526777804,0.5583836827427147,-0.5428949911147357,0.20839698798954498,-0.5753867588937284,-0.5874978145584464,0.022044224664568957
14,56,0.48304429730880455,4.579698098311167,2.3048234774636587,1.987006008525604,0.6897090971469877,-0.07757441140711285,0.14957272075116612,-0.8889903845265508,0.4660725621506572,-0.4850979307666421,-0.2772823441773653,0.20696106087416416
14,58,0.3025525031204151,2.9192315211965174,2.3048234774636587,1.2665748807839217,0.29963073506951354,0.01893430389463946,0.27417572773992993,-0.4903982263058425,0.047359785065055005,-0.17692810576409101,-0.12165175937116146,-0.5274074776098132
14,59,0.6163740513211702,4.271415475582927,2.3048234774636587,1.8532505926585767,0.5853706207126379,0.6842513112351298,0.8883010009303685,-0.3633746774867178,0.875587334856391,-0.35113429836928844,-0.6453333646059036,-0.030881972052156814
14,61,0.3786036594774772,4.107318244822629,2.3048234774636587,1.78205328303169,0.4206221830099821,0.5763800302520397,0.041584092192351485,-0.57924977876246,0.10770553164184093,0.13283476419746873,-0.49629001319408417,-0.1574166808277368
14,65,0.3670442363073413,2.816661018610585,2.3048234774636587,1.2220723392275479,0.04903717711567879,0.2816440751776103,0.38030363433062964,-0.8818063046783211,-0.024561036378145107,0.11521265842020514,-0.19722962100058794,0.1450992887839675
14,66,0.3972342921445019,4.2801053440763654,2.3048234774636587,1.8570208894203057,0.4135725814849136,0.07450641877949282,0.6258297199383374,-0.36787129007279873,0.42432257253676653,-0.0030802125111223377,-0.6082312753424048,-0.09365166444331402
14,67,0.4374708116904117,3.536109299592398,2.3048234774636587,1.5342213120302415,0.44033269584178913,0.6596242738887669,0.00582415051758256,-0.4986046301200986,0.5025507779791951,-0.2085736170411111,-0.10017465893179178,-0.5893326094374061
14,68,0.45313261084209283,3.587263078095415,2.3048234774636587,1.5564155403532318,0.592542180791497,0.1861633099615575,0.3005648059770458,-0.5896229604259134,0.5663481550291181,-0.5178336435928942,-0.4787101140245795,0.02847039885818964
14,70,0.41225840255351864,3.5336806535184526,2.3048234774636587,1.5331675887851892,0.1702427845448251,-0.17839714139699914,0.17517021950334288,-0.7225201446563007,0.1637723483145237,-0.07696191500872379,-0.8191513372585177,-0.20585038512945159
14,72,0.37674413533940804,4.1371825054084015,2.3048234774636587,1.7950105705974329,0.777107019908726,0.11974153108894847,0.2242333143949502,-0.3167803417891263,0.02650724444538366,-0.27917259838432074,-0.5361031889915466,-0.02405880857259024
14,75,0.6000172686334705,3.295550231219104,2.3048234774636587,1.4298492979799433,0.63760635163635,0.3501041075214747,0.9698886191472409,-0.810650048777461,0.3112673759460448,-0.6785188801586628,-0.3865733463317156,0.2156371911987663
14,76,0.5619989115436125,3.206829291373007,2.3048234774636587,1.3913557036923105,0.5166521007195115,-0.1293158009648322,0.7061614375561471,-0.8996239099651576,0.2500630691647532,-0.36141641158610593,-0.7626220919191837,-0.40044634044170385
14,77,0.33581569953248275,2.5696626113378804,2.3048234774636587,1.1149064717813721,0.36445707734674215,0.4574403809383514,0.08224571961909499,-0.030320831574499607,0.6720486059784889,-0.1627359576523305,-0.25505376048386097,0.09606433473527443
14,79,0.5275627473461328,4.295992404083309,2.3048234774636587,1.8639138511426614,0.88270955812186,0.6088585043326021,0.45672959927469436,-0.41353621520102024,0.08926650229841482,-0.4640727359801531,-0.15996337495744226,-0.669447798281908
14,81,0.45534769475668035,4.276495323574843,2.3048234774636587,1.855454600055059,-0.03711343463510297,0.623648268170655,0.2072194507345555,-0.13219779636710888,0.395152405835688,-0.3367049926891923,-0.7263533249497414,-0.6410121908411381
14,82,0.4755261379660669,2.8784107922733706,2.3048234774636587,1.2488638806477776,0.3268726421520113,-0.13817763701081265,0.9556523337960241,-0.618278010748327,-0.05348619818687428,-0.4373930301517249,-0.07901580072939396,-0.4325575856491923
14,84,0.40343032545382423,4.068023967949139,2.3048234774636587,1.765004568777559,0.6791200963780284,-0.03084040246903874,0.09916793741285757,-0.3398876227438451,0.8024121597409248,0.04730803705751896,0.055066248401999474,-0.2557332441210746
14,88,0.4110774625346179,4.462711982008634,2.3048234774636587,1.9362489256312254,0.7386849448084831,-0.23007418587803807,0.4256684789434072,-0.5663745319470764,0.3440840654075147,0.27619965001940733,-0.0027120904996991158,-0.23796355258673424
14,90,0.5114831353390643,2.9416171727387135,2.3048234774636587,1.2762874040036307,0.25107402727007855,0.17134352028369937,0.05008979607373443,-0.9331617727875711,0.8877968462184072,-0.4069749731570482,-0.4122441569343209,0.05887458752840763
14,93,0.6257864464702313,4.161945131042733,2.3048234774636587,1.8057543979995998,0.40330646000802517,0.6822575246915226,0.25535294041037515,-0.7800399623811245,0.6967116491869092,-0.5892668059095741,-0.7838226770982146,-0.6197177059948447
14,97,0.501280302720422,2.9658601336870394,2.3048234774636587,1.2868057630820466,0.03125037346035264,0.6520652892068031,0.9921016497537491,0.039043462835252174,0.17877790145576,-0.4298028275370597,-0.5753705445677042,-0.22484763804823155
14,98,0.3572133015323865,3.0606266193476643,2.3048234774636587,1.3279223546940475,0.38350826781243064,-0.04701534286141351,0.23278211429715112,-0.4783019805327059,0.2211061818525195,-0.5324133588001133,-0.22221489995718002,-0.4547856869176032
14,100,0.4898523601304942,2.4096786555505667,2.3048234774636587,1.045493799899286,0.6107581509277223,-0.18547908030450322,0.8216101657599207,-0.26047280244529236,0.5195037452504039,-0.047216202132403795,-0.35641997307538986,-0.6084214132279158
14,101,0.4709948516214504,4.004890828250777,2.3048234774636587,1.7376128225914966,0.2703383984044194,0.40111604612320684,0.43402075488120273,-0.6372531624510885,0.4102926282212137,-0.21474585495889187,-0.8488517086952925,-0.10602648183703417
14,104,0.5181374221372766,4.064522203725764,2.3048234774636587,1.7634852488566994,0.8031349927186966,-0.009712804108857664,0.6485386611893769,-0.6438495824113492,0.07353520300239336,0.24612042587250466,-0.42401165422052145,-0.6493825512006879
14,106,0.47657973714275453,2.5137647488530894,2.3048234774636587,1.0906539149017,0.19442837312817574,0.14342503249645255,0.7730201566591856,-0.7921948898583652,0.6548152733594179,-0.31192447151988745,-0.014474811963737011,0.08503228891640902
14,107,0.45661659053709697,3.541429409190859,2.3048234774636587,1.5365295623802055,0.6594284828752277,0.7287058504298332,0.3893330860882991,-0.16899986658245325,0.26436196453869354,-0.13753612525761133,-0.5064182626083493,-0.4203896382823586
14,108,0.2770624434526354,2.8217963825283072,2.3048234774636587,1.2243004334690095,0.5619074515998363,0.2509954329580071,0.1529572857543826,-0.07251841295510536,0.32797428406775,0.17187298927456138,-0.13496277015656233,0.22669987380504614
14,109,0.5864349113124249,2.909488276664951,2.3048234774636587,1.2623475529096464,0.33885827474296115,0.5856744861230254,0.5407832711935041,-0.9532515164464712,0.4690152946859598,-0.6218096483498812,-0.6425311611965299,-0.269821846857667
14,111,0.5975718603348581,4.11616130153106,2.3048234774636587,1.78589004397885,0.9165571723133326,0.48160092812031513,0.9161835648119445,-0.5552111761644484,0.011232740245759598,0.053534325212240275,-0.795498133637011,-0.0354875810444355
14,112,0.5303315766387238,3.4432200374329778,2.3048234774636587,1.4939191964592737,0.894588379189372,-0.16136889345943883,0.02786912117153384,-0.08053905796259642,0.6137001505121589,-0.6537383850663899,-0.5965548241510987,-0.5064994813874366
14,114,0.3411871726287069,2.567353688453806,2.3048234774636587,1.1139046931607313,0.3452082667499782,0.23261164315044924,0.4034478114917871,-0.22858288511633887,0.1496082115918398,0.029310353100299835,-0.6936145545914769,0.1965437205508352
14,115,0.5586599152239591,2.6617538867153643,2.3048234774636587,1.1548623626675694,0.5047884806990623,0.6317067397758366,0.7912546601146455,-0.609572763554752,0.790061580017209,-0.302976050414145,-0.20118300151079893,-0.2980152899399399
14,116,0.5714265798099832,3.197492451963025,2.3048234774636587,1.387304703908042,0.6491802949458361,0.08958122506737742,0.5234953453764315,-0.5108632808551193,0.8493785504251719,-0.48592355102300655,-0.8230126919224859,0.11323717981576925
14,117,0.366742661809916,2.807226370803108,2.3048234774636587,1.2179789030491475,0.24766428768634785,0.7392761940136552,0.13985029980540253,-0.3879612758755684,-0.04166204296052445,0.21175067778676748,-0.31495607923716307,-0.3902449030429124
14,119,0.3968852775801072,3.2181633600409554,2.3048234774636587,1.396273246740085,0.7655483968555926,0.3904687063768506,0.264389909803867,0.010388412512838889,0.5489333933219314,-0.33858951460570086,0.02548800501972437,-0.18703721091151232
14,120,0.5610668767384192,2.748176440304992,2.3048234774636587,1.1923587498896968,0.7165571274235845,0.14815950579941306,0.9466152451932428,-0.393569726496935,0.29742234759032726,-0.18672372587025166,-0.8902495671063663,0.12694612611085185
14,123,0.4691188191581651,4.540549123216688,2.3048234774636587,1.9700203367475813,0.5731557970866559,0.4412654479965568,0.18451813142746687,-0.9187351800501348,0.10635236930102121,-0.5840865047648548,-0.04027257859706877,-0.07173523958772415
14,124,0.4956783707435016,3.4631257905708077,2.3048234774636587,1.5025557594466201,0.4600087562575935,-0.0949781909584998,0.4832909200340506,-0.8218265026807786,0.04065624158829462,-0.39335644617676735,-0.6636124160140753,-0.4890959914773703
14,127,0.5344713260957824,3.210891819035086,2.3048234774636587,1.393118323563985,0.814353290013969,0.705941029824317,0.7416115002706642,-0.30450403690338135,0.35764296911656857,-0.4940292080864309,-0.26675667241215706,-0.19470482505857928
15,16,0.4445057201786348,4.558181897609269,2.3048234774636587,1.977670716295079,0.005367133766412891,-0.3532512420788409,-0.3822087394073603,0.5879538115113976,-0.7254091426730155,0.2761300150305033,-0.2848753407597542,0.5295980190858247
15,17,0.4064284550802649,4.488019542733898,2.3048234774636587,1.9472291854961215,-0.9589006435126066,0.044048007577657367,0.24948702193796662,0.2187153445556762,-0.3038888201117515,-0.39991497341543425,0.19144311361014843,0.032109172083437554
15,18,0.3930090052022408,3.43865067426531,2.3048234774636587,1.4919366744950768,-0.5714771747589115,-0.24905775953084258,-0.5068117687478662,0.7052913503721356,-0.13631720002740622,-0.03192918375134468,0.05827337130904198,0.26408521551638875
15,21,0.5023024800148643,4.598380047354293,2.3048234774636587,1.9951115963182466,-0.7002820763736962,0.30482515878975386,-0.20804274827241903,0.8039395222440363,-0.07602672185748817,-0.34177959989756357,0.43364416994154453,0.6594753395766022
15,22,0.4152049470507833,3.8663029142798506,2.3048234774636587,1.677483309279078,-0.8142584897577765,-0.4960942370817066,0.04447947535663832,0.30958156380802415,-0.3696366846561433,-0.20786175690591335,-0.18389669805765152,0.39819574542343644
15,25,0.48243394558148817,2.332526013904054,2.3048234774636587,1.012019374460243,-0.765701978467405,0.35559091717004754,-0.5384016064926982,0.029692647978663667,-0.6123576862737536,-0.056018483825028054,0.36843671184033155,0.5870026526972654
15,26,0.49537478885920794,3.939364783105575,2.3048234774636587,1.709182860042994,-0.6238228240981695,-0.43748501781374244,0.21906350925564777,0.5201673638075591,-0.8278429470956324,-0.4399038255214691,-0.2515646321699023,0.349191068671644
15,27,0.2656030831487503,2.9931605341365053,2.3048234774636587,1.298650661711554,-0.2848069099709392,-0.02424513176083598,-0.16288214828819042,0.39721958059817564,-0.21805944666266436,0.3937557647004724,0.2721170326694846,-0.14731594081968047
15,28,0.3629840860943957,3.5859217101276943,2.3048234774636587,1.5558335574027644,-0.4291977072134615,-0.5446424735710029,-0.42648342810571166,0.2360406452789905,-0.03334691002964969,0.07653146982192999,-0.3505138559266925,0.453631052747369
15,29,0.43362695720424776,3.0758567160655668,2.3048234774636587,1.3345302779761645,-0.5262779546901583,0.11825121752917744,-0.048692007549107075,0.6170152667909863,-0.8925574906170368,-0.12221097853034746,0.12629286851733929,-0.051805704832076804
15,30,0.4066898603924812,2.5594424148794688,2.3048234774636587,1.1104722074837616,-0.8790850536897777,-0.18263596203178206,-0.3018770460039378,0.11869750358164322,-0.5531110493466258,-0.24029009230434883,-0.0093297204002738,0.21920232847332977
15,31,0.48150051547452016,2.5397694335420313,2.3048234774636587,1.101936637827431,-0.039397693239152265,0.21693884022533852,0.3259086152538658,0.7494873488321903,-0.4753333954140544,0.4290027795359492,0.4674770114943385,0.7139045055955651
15,33,0.4503880787284687,2.5652515234339925,2.3048234774636587,1.1129926211342318,-0.8983491268008946,0.07397678121924395,-0.46514347381889837,0.29742830898612727,-0.09115934092551473,-0.4305051174014807,0.5540790669620037,0.06943565141409658
15,34,0.4050031598867641,4.49823369395465,2.3048234774636587,1.9516608269301075,-0.5070290789008141,-0.15638597775250723,0.27080722432583587,0.8152390262112023,-0.4150427076965571,-0.0644420636817814,-0.3122677970677614,-0.137148776091635
15,35,0.32094675554261937,2.765533398649336,2.3048234774636587,1.1998894603818706,-0.41733414866030216,0.19392298907041536,-0.33968642167747015,-0.053987756371497886,-0.4932711515575646,0.26827254518866545,0.21092558652162552,0.3663371512666347
15,37,0.4363647242334993,4.510938086819241,2.3048234774636587,1.9571729162457594,-0.6436365116387603,0.336644889786839,0.007076214998960384,0.7242815149948003,-0.35221740789711475,-0.24675912037491798,0.3119962587952614,0.43450319021940254
15,38,0.417634573312431,3.2573647172085574,2.3048234774636587,1.4132816456699417,-0.7459036074578763,-0.4015292329713703,-0.23265105020254845,0.19862775038927816,-0.15241919923573732,-0.1147639537230134,-0.0699718501418829,0.7367993257939818
15,40,0.2873552406912246,4.418423964628403,2.3048234774636587,1.9170335636682485,-0.11180116701871162,-0.07283506263047462,-0.18407309427857405,0.7303746407851578,-0.017229532822966576,0.15165281575173145,-0.22423297259956598,0.04328912403434526
15,41,0.49753534312100245,3.1043664617368982,2.3048234774636587,1.3468998784900854,-0.8262444203719496,0.2624105885624881,0.17616684082895542,0.10741470009088516,-0.90768308006227,-0.025459231808781624,0.25257376302033663,0.5457923198118808
15,42,0.5588164076055241,3.3045728310625773,2.3048234774636587,1.4337639577930246,-0.6882809484377505,-0.46791995409876147,-0.5584935545921326,0.6291547045111658,-0.5985100502148272,-0.4073610147461294,-0.12791806180030107,0.7464954601600768
15,44,0.3655592998328623,3.9171871223876575,2.3048234774636587,1.6995605783651264,-0.3686534026637673,-0.32963692676275974,0.3506470751017335,0.409493478946388,-0.23870825860649342,0.10859428439289331,-0.028845814056694508,0.6813650019466879
15,45,0.42744481982849125,2.574725539045851,2.3048234774636587,1.1171031379284655,-0.5829134909436107,0.023180050775408245,-0.2637490415945651,0.5402420796453953,-0.6606935570016502,-0.21726138889789592,0.49483585450798273,0.17703408561646972
15,46,0.48967238202511604,2.8978374499118975,2.3048234774636587,1.2572925771742054,-0.9474490107968445,-0.21496423985809116,-0.024808568879961856,0.010720122605562321,-0.8439522217959166,-0.3333570035174487,-0.37002709601074457,-0.11545734666287899
15,51,0.5091012641804042,2.342386604453925,2.3048234774636587,1.0162976155690684,-0.37793640512973087,0.03598580695688697,-0.5142278214916585,0.6965400809422136,-0.9798649484291674,-0.3086450779810548,-0.32158121932297956,0.14467879664152872
15,52,0.554460225102608,2.565827651997301,2.3048234774636587,1.1132425875932435,-0.2726071542128919,-0.48853915650397556,-0.308960875496268,0.8478613616898658,-0.7949788579717278,0.008422622457146534,0.3056882256641984,0.7788392864167692
15,54,0.4246130388861796,2.9258313146204964,2.3048234774636587,1.2694383510186322,-0.7857285393401982,-0.11859253142029064,-0.4335672650486229,0.4492748063057663,-0.3225479554384947,0.3253776989877224,0.4593771370127797,0.013142557814717293
15,58,0.4560823293207982,2.364323797896492,2.3048234774636587,1.025815565059373,-0.6031058859080073,-0.3177962480112911,-0.357554302550852,0.37864115927368414,-0.8746259901672601,0.023011205717921257,0.4020298570394516,-0.031862408854067104
15,59,0.31597883569961993,3.984822440377363,2.3048234774636587,1.7289056968312635,-0.317366000264883,0.34752075932919935,0.25657097063958656,0.5056647080928087,-0.046398440375924124,-0.15119498688727617,-0.12165174819529057,0.46466309670358924
15,60,0.39073502993449677,2.852286870941509,2.3048234774636587,1.2375294241970782,-0.45395048521459097,-0.17507340107113162,0.02030580956488859,0.6588473524898293,-0.23650211282074451,-0.4604803640395404,0.5041981488466263,-0.16728963516652573
15,61,0.4487466511626083,2.7303138733931145,2.3048234774636587,1.1846086696399354,-0.4821144379675387,0.23964947834610914,-0.5901459380984304,0.28978960681706667,-0.8142802435904741,0.33277407567948103,0.027391603216528893,0.33812838792800926
15,64,0.37554511743418195,3.5230858385284214,2.3048234774636587,1.5285707877313879,-0.0686919502913952,-0.4074371149763469,0.11858116276562233,0.8682642076164485,-0.0867632515728474,-0.3613193128257989,-0.18160461355000734,0.13618195708841108
15,66,0.3560787041797909,4.434198123811987,2.3048234774636587,1.9238775408048154,-0.4891640394926072,-0.2622241331264377,-0.005900310352444649,0.5011680955067279,-0.49766320269554853,0.19685909897088993,-0.08454965893179178,0.40189340431243203
15,69,0.4888898055970563,4.226471015507195,2.3048234774636587,1.8337504181266895,-0.5945304874330762,0.18419871851801833,0.29300220776349334,0.6526112081483008,-0.6834154529497026,0.5065881544724107,0.5374030591920018,0.021640179678797944
15,70,0.4734256694650588,2.8354003690275245,2.3048234774636587,1.2302028319095997,-0.7324938364326957,-0.5151276933029296,-0.45655981078743907,0.146519240923226,-0.7582134269177914,0.12297739647328848,-0.2954697208479047,0.28969468362629447
15,71,0.41197345409666053,2.875016513617708,2.3048234774636587,1.2473911957810833,-0.2055506762117148,0.08757675439119322,-0.08239807840436686,0.7694028895348312,-0.1490027867257595,-0.16863756347447634,0.196961828507483,0.7871795073151591
15,73,0.36442412164705973,3.2213396067732347,2.3048234774636587,1.3976513335060938,-0.7771531781181691,0.3834324758499858,-0.03723745048046101,0.17517875321209442,-0.00502474512904881,0.2210716595873236,0.4795216917991638,-0.023211953230201976
15,75,0.405405307834001,2.3192033387926814,2.3048234774636587,1.0062390293528454,-0.2651302693411708,0.013373555615544153,0.33815858885645894,0.058389336802065595,-0.6107183992862703,-0.4785795686766505,0.13710827007889748,0.7111822599545123
15,77,0.47377642931722225,3.695163325465983,2.3048234774636587,1.6032305127038722,-0.5382795436307787,0.12070982903242083,-0.5494843106716869,0.838718554005027,-0.24993716925382614,0.03720335382968176,0.2686278559267521,0.5916094034910204
15,82,0.491755653999556,3.591850490550522,2.3048234774636587,1.5584058934106186,-0.5758639788255095,-0.4749081889167432,0.32392230350524215,0.25076137483119965,-0.9754719734191893,-0.23745371866971265,0.4446658156812191,0.06298748310655378
15,85,0.47985520533498527,3.22710081053008,2.3048234774636587,1.4001509625723445,-0.6968564363196492,0.03004693053662738,0.08766091428697109,0.4020214043557644,-0.7915593311190604,-0.047319212928414345,0.070691192522645,0.7432820871472361
15,88,0.41543412851409295,2.4026434405258095,2.3048234774636587,1.0424414121162098,-0.16405167616903776,-0.5668047377839687,-0.20606155134737475,0.3026648536324502,-0.5779017098248004,0.4761389615014196,0.5209695259109139,0.2575815161690118
15,89,0.46100753810508005,4.265142474414028,2.3048234774636587,1.8505289086640166,-0.7544791176915165,0.09646864607930161,0.16806578543037193,0.425871557556093,-0.46811892464756977,-0.35432390496134747,0.013401138596236706,0.7531305486336353
15,91,0.4630156017871038,3.137542446109108,2.3048234774636587,1.3612940326179837,-0.3038575239479541,0.23386912047862965,0.042485292069613934,0.8087798580527308,-0.8624167172238231,0.09446615166962152,-0.3961309352889657,0.050073894672095776
15,92,0.4680522919872141,3.3223662774778187,2.3048234774636587,1.4414840485458411,-0.4091858845204114,-0.3040829962119463,0.24360946193337457,0.7199890650808812,-0.8030520183965564,0.2772569349035621,0.23180239368230104,0.3734406270086767
15,93,0.3169811766497798,3.137857556569657,2.3048234774636587,1.3614307504463248,-0.49943016096949566,0.34552697278559197,-0.3763770898804068,0.08899942319840215,-0.2252741260454058,-0.38932749442756187,-0.26014106068760157,-0.12417263723909855
15,94,0.4464490878511819,4.190499539191469,2.3048234774636587,1.818143376343468,-0.8912996370345357,-0.424142452888191,-0.13093588501214964,0.5867753801867368,-0.28328743204474455,-0.03861095290631045,0.384766505099833,0.1702499631792309
15,95,0.38699309155048356,4.4360563384418334,2.3048234774636587,1.9246837694153864,-0.04282324016094223,-0.011220986023545376,-0.5009166775271299,0.20609210804104805,-0.6424987278878688,0.16090207174420357,-0.107176941819489,0.6727384477853777
15,96,0.35447025891770495,2.3989052390545496,2.3048234774636587,1.0408195085267107,-0.031249540857970673,-0.284938824363053,-0.2735500140115617,0.03908923733979475,-0.16498014517128468,0.10166855901479732,0.4563677404075861,0.7751403814181688
15,100,0.3518514846422785,3.2405032105512,2.3048234774636587,1.405965898142104,-0.2919784700497985,-0.5222096322104337,0.1898801354691388,0.6085665831342342,-0.40248202998191124,0.15272310934960848,0.1672616433352232,-0.11287634447216965
15,101,0.35644007972830827,3.743169563574062,2.3048234774636587,1.6240591091571275,-0.6323982225731014,0.0643854942172763,-0.19770927540957922,0.2317862231284381,-0.5116931470111014,-0.014806543476879597,-0.3251700922846794,0.3895185869187119
15,102,0.6112557982939444,4.565971716507076,2.3048234774636587,1.9810505061028345,-0.7737281722947953,-0.14250876661390072,0.0654020821675661,0.7569136787205936,-0.9300582800060511,-0.4141070321202279,0.5748567972332239,0.6526530850678685
15,104,0.3763931116492836,2.453556607210784,2.3048234774636587,1.064531245538508,-0.09960162825882418,-0.3464433560147882,0.016808630898594856,0.2251898031681775,-0.8484505722299217,0.4460597373545169,0.09966996219009161,-0.1538374824449419
15,106,0.3945278769006256,2.6704655478779533,2.3048234774636587,1.1586421146736432,-0.7083082478493451,-0.193305519409478,0.1412901263684036,0.07684449572116148,-0.26717050187289715,-0.11198516003787518,0.509206804446876,0.5805773576721551
15,107,0.38793760574227043,2.8217936083659363,2.3048234774636587,1.2242992298356736,-0.24330813810229318,0.39197529852390256,-0.24239694420248287,0.7000395189970734,-0.6576238106936215,0.06240318622440094,0.017263353802263737,0.07515543047338746
15,108,0.5185337707394688,2.730826294558876,2.3048234774636587,1.184830995197954,-0.3408291693776845,-0.08573511894792346,-0.47877274453639934,0.7965209726244212,-0.5940114911645651,0.3718123007565737,0.38871884625405073,0.7222449425607922
15,110,0.4331436597800053,4.113559310611563,2.3048234774636587,1.7847611111365136,-0.9518510047346358,-0.4579800991341471,-0.3533781357109544,0.4448595726862551,0.011232978664338575,-0.06917005404829979,0.23575186636298895,-0.0433078370988369
15,113,0.494288768932083,2.9652959674345785,2.3048234774636587,1.2865609867432175,-0.9103355761617423,0.16527585871517625,0.03394411411136389,0.15781729202717554,-0.7298061856999992,0.34561980329453945,0.4195583378896117,0.4943544371053579
15,114,0.4925650361402009,3.037331075062672,2.3048234774636587,1.3178150538474647,-0.5575283542275427,-0.1041189087554813,-0.22828221879899485,0.6404565004631877,-0.7723775636404753,0.2292496645823121,-0.16993293818086386,0.6920887893065812
15,115,0.2522867025357697,2.3476476476506845,2.3048234774636587,1.0185802386194676,-0.39794814027845843,0.294976187869906,0.15952462982386362,0.25946662202477466,-0.131924195215106,-0.10303673893213272,0.32249861489981413,0.19752977881580613
15,116,0.31871856365460083,2.5199212031204254,2.3048234774636587,1.0933250323766535,-0.25355632603168476,-0.24714932683855312,-0.1082346849143504,0.3581761047244073,-0.0726072248071432,-0.2859842395409943,-0.2993310755118729,0.6087822485715153
15,117,0.526462820655648,2.7071646407114054,2.3048234774636587,1.1745648494046506,-0.655072333291173,0.40254564210772464,-0.4918797304853794,0.4810781097039582,-0.9636478181928395,0.41168998926877975,0.20872553717345,0.10530016571283363
15,118,0.3824352251739549,2.906955643327722,2.3048234774636587,1.2612487124292397,-0.7969516031444076,-0.35903537739068275,0.2663106694817545,0.006220853887498379,-0.5450376207008958,0.03000190388411278,0.041113016195595264,-0.1881458945572374
15,125,0.37493147702093993,4.134235085791059,2.3048234774636587,1.7937317656710852,-0.4777276692911985,-0.033927895128727126,0.23545776866376422,0.6661945730447769,-0.022118714638054357,0.1321324147284031,0.35201247595250607,0.504080852493644
16,19,0.4711878949457134,4.598513423289291,2.3048234774636587,1.9951694644961366,-0.35434441827237617,0.7694238284602759,0.2570908023044463,-0.5017204433679583,-0.051361664198339096,-0.10238174069672815,0.8194671589881182,0.23686644807457932
16,23,0.38611227444247764,3.5251778690460136,2.3048234774636587,1.5294784626739801,-0.09779717959463628,0.504802427254617,-0.20134927984327122,-0.15153514221310616,0.183786980807781,-0.19256086926907304,0.6241720374673605,-0.6358610084280372
16,25,0.4982810085842014,4.307667272857807,2.3048234774636587,1.8689792580550144,-0.7710691122338178,0.7088421592488885,-0.15619286708533786,-0.5582611635327339,0.11305145639926184,-0.3321484988555313,0.6533120526000857,0.05740463361144074
16,27,0.40568187057409744,4.46319472554877,2.3048234774636587,1.9364583748774937,-0.2901740437373521,0.3290061103180049,0.21932659111916986,-0.190734230913222,0.5073496960103511,0.11762574966996917,0.5569923734292388,-0.6769139599055052
16,28,0.3316906384124541,4.195306147810217,2.3048234774636587,1.8202288326336118,-0.4345648409798744,-0.19139123149216197,-0.04427468869835138,-0.35191316623240715,0.6920622326433657,-0.19959854520857326,-0.0656385151669383,-0.07596696633845568
16,30,0.43397395415108875,4.589076505526683,2.3048234774636587,1.9910750434461597,-0.8844521874561906,0.17061528004705884,0.0803316934034225,-0.4692563079297544,0.17229809332638968,-0.5164201073348521,0.2755456203594804,-0.3103956906124949
16,33,0.6028795511496624,4.555106594389717,2.3048234774636587,1.9763364261641334,-0.9037162605673075,0.42722802329808485,-0.08293473441153809,-0.2905255025252704,0.6342498017475008,-0.706635132431984,0.8389544077217579,-0.4601623676717281
16,35,0.39025562050494933,2.711225868614683,2.3048234774636587,1.1763269053464562,-0.42270128242671506,0.5471742311492562,0.042522317729890124,-0.6419415678828955,0.23213799111545086,-0.0078574698418378,0.4958009272813797,-0.16326086781918997
16,36,0.3132647205307011,3.182682942957032,2.3048234774636587,1.3808792621547803,-0.3017479218542578,0.08899492956697941,-0.22485932894051053,-0.4905592296272519,0.045414140447974094,0.1749672396108509,0.12055315636098385,-0.5896501140668988
16,42,0.3677658698012359,4.5428041688745555,2.3048234774636587,1.970998739510273,-0.6936480822041633,-0.11466871201992057,-0.17628481518477224,0.0412008929997682,0.1268990924581883,-0.6834910297766327,0.1569572789594531,0.2168974410742522
16,43,0.3800445615899539,4.5960591231549515,2.3048234774636587,1.9941046106544704,-0.22181194927543418,0.48755413759499794,0.43395712412893744,-0.331948115490377,0.2984197130426763,0.02307059429585942,0.6337640071287751,-0.2807305492460727
16,45,0.4306909827128292,4.3935356632266735,2.3048234774636587,1.9062352089807488,-0.5882806247100235,0.37643129285424914,0.1184596978127952,-0.047711731866002305,0.06471558567136526,-0.4933914039283992,0.7797111952677369,-0.35256393346935494
16,51,0.3323903757318983,4.44568522321051,2.3048234774636587,1.9288614797098305,-0.38330353889614377,0.38923704903572787,-0.13201908208429813,0.10858626943081603,-0.2544558057561519,-0.5847750930115581,-0.03670587856322538,-0.38491922244429594
16,52,0.28633097925034623,4.247161696573051,2.3048234774636587,1.8427275399185177,-0.2779742879793048,-0.13528791442513466,0.07324786391109228,0.2599075501784681,-0.06956971529871236,-0.26770739257335674,0.5905635664239526,0.2492412673309446
16,54,0.4593646568684933,4.6041337943583995,2.3048234774636587,1.9976079901030057,-0.791095673106611,0.23465871065855026,-0.05135852564126264,-0.1386790052056313,0.4028611872345208,0.04924768395721915,0.7442524777725339,-0.5164554612711074
16,55,0.3638637149855747,4.588286929890263,2.3048234774636587,1.9907324681278584,-0.13816831726580892,0.6343812169507144,0.30886239185929293,-0.2618094170466067,0.0118203554302454,-0.6515774624422194,0.22105914261192083,-0.012008725665509645
16,56,0.37596287628798036,4.006467608079837,2.3048234774636587,1.738296944323368,-0.21839465759694607,-0.061053721234202496,-0.09994857013225555,-0.6079048104584217,0.2694959295913576,-0.5612886343151331,0.5312746129930019,0.17290811054408556
16,58,0.40145477049561373,4.327636321308578,2.3048234774636587,1.8776432831510907,-0.6084730196744201,0.035454994067549817,0.024654436856508255,-0.2093126522377135,-0.14921684749424458,-0.253118809312582,0.6869051977992058,-0.5614604279398918
16,61,0.3291252050440311,2.5635112603643266,2.3048234774636587,1.1122375684863037,-0.4874815717339516,0.59290072042495,-0.2079371986910702,-0.29816420469433097,-0.08887110091745865,0.056644060648977757,0.3122669439762831,-0.1914696311578154
16,63,0.3472029510996613,3.9532871678202537,2.3048234774636587,1.7152234027790474,-0.06591093167662651,0.44781529251486063,0.16757806483656124,-0.4469402134418488,0.4533534971997141,-0.36857880000025045,-0.09460628591477871,-0.4258500793948768
16,65,0.45295474559474347,4.28401807576331,2.3048234774636587,1.8587185169068368,-0.8590665776282549,0.29816476535052067,0.13078234344720796,-0.600720730610192,-0.2211376689374447,0.03902195487171417,0.6113273361697793,0.1110463384538889
16,66,0.25411064246524734,4.391217431191908,2.3048234774636587,1.905229391373703,-0.49453117325902013,0.09102710895240318,0.3763084290549156,-0.08678571600466972,0.22774593997746695,-0.07927091605961331,0.2003256818279624,-0.12770461477339262
16,67,0.48059995636590874,3.6271351262926337,2.3048234774636587,1.5737149338152838,-0.4677710589021446,0.6761449640616772,-0.24369714036583912,-0.21751905605196958,0.3059741454198955,-0.2847643205896021,0.7083822982385755,-0.6233855597674847
16,68,0.32343598259934453,4.280527691555331,2.3048234774636587,1.8572041344640566,-0.31556157395243667,0.20268400013446786,0.05104351509362415,-0.30853738635778444,0.3697715224698185,-0.5940243471413852,0.3298468431457877,-0.0055825514718889635
16,70,0.3265794420236076,2.5708925513796723,2.3048234774636587,1.1154401091960453,-0.7378609701991086,-0.16187645122408878,-0.07435107138007879,-0.44143457058817165,-0.03280428424477588,-0.15315261855721476,-0.010594380088150501,-0.2399033354595302
16,77,0.38801185984957093,4.511117906843055,2.3048234774636587,1.9572509352461611,-0.5436466773971915,0.47396107111126173,-0.16727557126432668,0.25076474249362934,0.47547197341918934,-0.23892666120082148,0.5535031966865063,0.062011384405195824
16,80,0.3351150922514659,4.577109398207969,2.3048234774636587,1.9858828422057058,0.02783955726772523,0.22496448084712029,0.3315890487283468,-0.4703967040404678,0.33902866486459954,-0.20457086060196158,0.5746353566646576,-0.16974427737295622
16,84,0.3994362208012409,4.095021461612127,2.3048234774636587,1.7767180444198227,-0.2289836583659054,-0.014319712296128384,-0.1503533534705641,-0.05880204867571609,0.6058355271816253,-0.028882666490972014,0.8636232055723667,-0.2897861944511532
16,88,0.3485445449381893,4.380816234679521,2.3048234774636587,1.9007165960928112,-0.16941880993545066,-0.21355349570512772,0.17614718805998553,-0.2852889578789474,0.1475074328482151,0.20000894647091635,0.8058448666706681,-0.27201650291681284
16,90,0.47445649413759255,3.4598280436807785,2.3048234774636587,1.5011249570783372,-0.6570297274738551,0.18786421045660973,-0.19943149480968725,-0.6520761987194421,0.6912202136591076,-0.4831656767055392,0.3963128002360463,0.024821637198329027
16,93,0.5139427715621963,4.098947014550258,2.3048234774636587,1.7784212346973058,-0.5047972947359085,0.6987782148644329,0.005831649526953475,-0.4989543883129955,0.5001350166276097,-0.6654575094580651,0.024734280072152615,-0.6537706563249233
16,98,0.3982878488891539,4.150585665182911,2.3048234774636587,1.8008258358034517,-0.524595486931503,-0.030494652688503154,-0.016739176586270554,-0.1972164064645769,0.024529549293219932,-0.6086040623486043,0.5863420572131872,-0.4888386372476818
16,101,0.3342201779283271,3.1818191015438537,2.3048234774636587,1.3805044649429223,-0.6377653563395143,0.4176367362961172,0.18449946399778105,-0.35616758838295953,0.21371599566191413,-0.29093655850738287,-0.04029475152492523,-0.14007943216711277
16,104,0.3465638207024094,3.033394277462021,2.3048234774636587,1.316106984817821,-0.10496876202523707,0.006807886064052693,0.39901737030595513,-0.36276400834322015,-0.12304142955690622,0.1699297223240137,0.3845453029498458,-0.6834355015307665
16,107,0.35309212629959713,3.752187840662687,2.3048234774636587,1.6279718934448635,-0.24867527186870608,0.7452265406027435,0.1398117952048774,0.11208570748567573,0.06778533197939396,-0.2137268288061023,0.3021386945620179,-0.4544425886124372
16,108,0.3085255323214359,3.585166863874251,2.3048234774636587,1.5555060502158478,-0.3461963031440974,0.26751612313091744,-0.09656400512903907,0.20856716111302362,0.1313976515084504,0.0956822857260704,0.6735941870138049,0.19264692347496754
16,112,0.379875406598619,3.387209506263267,2.3048234774636587,1.469617755712346,-0.013515375554561743,-0.14484820328652848,-0.22165216971188784,0.20054651610553256,0.41712351795285924,-0.7299290886148809,0.2120021330192685,-0.5405524317175152
16,117,0.4372733741489093,4.535998001977234,2.3048234774636587,1.968045729458149,-0.6604394670575858,0.7557968841865655,-0.10967099107801914,-0.10687570180743944,-0.23823867551982403,0.13555997423827654,0.4936008779332042,-0.42429785337299103
16,119,0.40494603563751136,4.402178708758197,2.3048234774636587,1.9099851905372691,-0.14255535788834112,0.40698939654976096,0.014868618920445331,0.29147398658096785,0.3523567607626318,-0.41478021815419186,0.8340449621900916,-0.22109016124159092
16,120,0.28657438456876005,4.2256825486980425,2.3048234774636587,1.8334083238982761,-0.19154662732034933,0.16468019597232342,0.6970939543098211,-0.112484152428806,0.10084571503102768,-0.26291442941874266,-0.08169260993599903,0.09289317578077325
16,123,0.4714524300461777,4.28440689308374,2.3048234774636587,1.8588872141299568,-0.33494795765727786,0.45778613816946717,-0.0650031594559548,-0.6376496059820058,-0.09022426325827837,-0.6602772083133458,0.7682843785732985,-0.10578818991780276
17,18,0.39996763296020355,3.1557052316618663,2.3048234774636587,1.3691743695419833,0.38742346875369515,-0.29310576710849995,-0.7562987906858327,0.48657600581645943,0.16757162008434529,0.36798578966408957,-0.13316974230110645,0.2319760434329512
17,19,0.48452285595374206,4.116689890488631,2.3048234774636587,1.7861193843004584,0.6099233590066433,0.37212457880377764,-0.3746049590408806,-0.1324819764122368,-0.4728819867596031,0.5736632477492094,0.34314870461821556,0.7343552950769664
17,20,0.49420577495390605,4.51769603559798,2.3048234774636587,1.960105005772275,0.723069390282035,-0.15410892199724907,-0.0794866355136037,-0.29179913084954034,-0.6631782567128541,0.8830441581085323,-0.28099233098328114,0.13168882858008146
17,25,0.4098069858040201,3.912293200737131,2.3048234774636587,1.6974372393335784,0.19319866504520167,0.31154290959239017,-0.7878886284306648,-0.18902269657701254,-0.30846886616200214,0.3438964895904062,0.1769935982301831,0.5548934806138278
17,27,0.40880312859061163,3.4103953495707255,2.3048234774636587,1.4796774602989087,0.6740937335416675,-0.06829313933849335,-0.41236917022615704,0.17850423604249943,0.08582937344908712,0.7936707381159067,0.08067391905933619,-0.17942511290311802
17,30,0.25852162787817407,2.4242652839875007,2.3048234774636587,1.0518225398568404,0.07981558982282888,-0.22668396960943943,-0.5513640679419044,-0.10001784097403299,-0.2492222292348743,0.15962488111108541,-0.20077283401042223,0.1870931563898922
17,31,0.5500538120450641,2.4036698401918914,2.3048234774636587,1.042886738917207,0.9195029502734544,0.17289083264768115,0.07642159331589918,0.530772004276514,-0.1714445753023029,0.8289177529513835,0.2760338978841901,0.6817953335121275
17,33,0.29591856625799007,2.789062391344214,2.3048234774636587,1.2100980481218613,0.060551516711711995,0.02992877364158658,-0.714630495756865,0.07871296443045106,0.21272947918623675,-0.030590143986046425,0.3626359533518553,0.037326479330659024
17,34,0.3549519230882805,3.4994737746901063,2.3048234774636587,1.5183261576895684,0.45187156461179256,-0.2004339853301646,0.02132020238786926,0.596523681655526,-0.1111538875848056,0.33547290973365285,-0.5037109106779099,-0.16925794817507256
17,39,0.4027211844955591,3.3897388655704055,2.3048234774636587,1.4707151756804566,0.8020206391811373,-0.10894885472953314,-0.117987984791398,0.3569774394854903,-0.4577412577345968,0.45337492506951077,0.21490348689258099,0.19938508886843942
17,42,0.4816424679036449,2.481698872146188,2.3048234774636587,1.0767414061909728,0.27061969507485617,-0.5119679616764188,-0.8079805765300991,0.41043935995548964,-0.29462123010307567,-0.007446041330695152,-0.3193611754104495,0.7143862880766393
17,43,0.38333525798573115,3.685535231056964,2.3048234774636587,1.5990531453249117,0.7424558280035853,0.09025488793849967,-0.19773863721638946,0.03729035146534443,-0.1231006095185877,0.699115582741797,0.15744555275887254,0.2167582977563144
17,44,0.39805031144619585,2.9836615238948125,2.3048234774636587,1.294529300429628,0.5902472408488393,-0.3736849343404171,0.10116005316376686,0.19077813439071178,0.06518056150525808,0.5085092578083276,-0.22028892766684294,0.6492558298632504
17,45,0.31271289684031617,2.8686827625101223,2.3048234774636587,1.2446431540462102,0.37598715256899595,-0.02086795680224912,-0.5132360635325317,0.32152673508971913,-0.3568047368898987,0.18265358451753833,0.3033927408978343,0.14492491353303216
17,51,0.4860942671641069,2.9310827266653665,2.3048234774636587,1.271716795375095,0.5809642383828757,-0.008062200620770399,-0.763714843429625,0.47782473638653744,-0.6759761283174159,0.09126989543437947,-0.513024332933128,0.11256962455809116
17,52,0.5523702825769424,3.5960768263331344,2.3048234774636587,1.5602395851548834,0.6862934892997148,-0.5325871640816329,-0.5584478974342346,0.6291460171341896,-0.49109003785997635,0.4083375958725808,0.11424511205404997,0.7467301143333317
17,54,0.38319501306265175,2.4214525451026363,2.3048234774636587,1.0506021692243963,0.17317210417240847,-0.162640538997948,-0.6830542869865895,0.23055946175009012,-0.01865913532674318,0.7252926724031566,0.2679340234026313,-0.01896661426872026
17,55,0.40677259458090076,3.832421126482963,2.3048234774636587,1.6627829263091105,0.8260994600132106,0.2370819672942161,-0.32283336948603397,0.10742904990911473,-0.4096999671310186,0.024467526003718154,-0.2552593117579818,0.48548012133687746
17,58,0.38804690770690115,3.637851357927672,2.3048234774636587,1.5783644142374593,0.35579475760459933,-0.36184425558894845,-0.6070413244888186,0.15992581471800793,-0.5707371700555086,0.4229261791333555,0.21058674342930317,-0.06397158093750466
17,59,0.3534378917600906,4.316431242241669,2.3048234774636587,1.8727817051706201,0.6415346432477236,0.303472751751542,0.007083948701619949,0.2869493635371326,0.25749037973582733,0.24871998652815808,-0.313094861805439,0.4325539246201517
17,62,0.4340849973827451,2.4141285802316097,2.3048234774636587,1.0474245007640393,0.11280000582337413,-0.5972296381369233,-0.10366032365709545,0.541536957025528,-0.3273778827860951,0.6302920365706085,-0.09411818720400333,0.5663222549483181
17,64,0.451938780656622,2.403219475518689,2.3048234774636587,1.042691337977566,0.8902086932212114,-0.45148512255400425,-0.13090585917234426,0.6495488630607723,0.21712556853890408,0.03859566058963537,-0.3730477271601558,0.10407278500497352
17,65,0.45252979550653716,3.458949408586742,2.3048234774636587,1.5007437412921272,0.10520119965076458,-0.0991344843059776,-0.5009134178981189,-0.23148226365447067,-0.6426579914987087,0.7150669433176516,0.1350088817998767,0.6085351854562759
17,67,0.4107539600872191,4.176201422792926,2.3048234774636587,1.8119398138848462,0.4964967183768749,0.27884571440517897,-0.875392901711166,0.15171941090375185,-0.1155461771413685,0.3912806678563354,0.23206384386867285,-0.1258967127650975
17,68,0.36612285271337847,3.914899725476833,2.3048234774636587,1.6985681392767578,0.6487062033265829,-0.1946152495220304,-0.5806522462517028,0.060701080597936996,-0.0517488000914455,0.08202064130455233,-0.1464716112241149,0.49190629553049814
17,72,0.49909770550341337,4.449736015543073,2.3048234774636587,1.930619007942327,0.8332710424438118,-0.26103702839463944,-0.6569837378337984,0.3335436992347241,-0.59158971067518,0.3206816865131258,-0.203864686191082,0.43937708809971826
17,75,0.36746604821389395,3.194051676235144,2.3048234774636587,1.3858118452307835,0.6937703741714358,-0.030674451962113214,0.08867156691849232,-0.1603260077536106,-0.30682957917451875,-0.07866459526121627,-0.054334843531250954,0.6790730878710748
17,76,0.3644531415563035,3.708362216797401,2.3048234774636587,1.6089571514076495,0.5728161232545973,-0.51009436044842,-0.1750556146726015,-0.24929986894130718,-0.3680338859558104,0.2384378733113406,-0.4303835891187191,0.06298955623060465
17,77,0.46348402354201823,3.1279761887688724,2.3048234774636587,1.3571434946554135,0.42062109988182794,0.07666182145476347,-0.7989713326096536,0.6200032094493508,0.05395165085792536,0.437118327245116,0.07718474231660366,0.559500231407583
17,79,0.43874537519041706,4.447432320657188,2.3048234774636587,1.9296194976074097,0.9388735806569458,0.22807994484901423,-0.4244874529540542,0.2367878258228302,-0.5288304528221488,0.13578154891729344,0.17227512784302237,-0.20601190160959948
17,82,0.34732783102004294,2.462848268580081,2.3048234774636587,1.0685626438039935,0.3830366646870971,-0.5189561964944005,0.07443528156727552,0.03204603027552344,-0.6715831533074379,0.1624612547457216,0.25322270207107067,0.030878311023116223
17,84,0.5079346686505114,4.609489804099778,2.3048234774636587,1.9999318165451385,0.7352841189131141,-0.41161896195262665,-0.782049114815891,0.31043641828000534,0.18431520462036124,0.6471623219549655,0.3873047512024641,0.20770265255123388
17,90,0.40283023100320425,3.919267229871374,2.3048234774636587,1.7004630802287422,0.30723804980516434,-0.20943503919988854,-0.8311272561550141,-0.2828377317637206,0.2696998910978436,0.1928793117403983,-0.0800056541338563,0.5223104842007161
17,98,0.3536786634243738,3.816668618200801,2.3048234774636587,1.6559483429077404,0.4396722903475164,-0.4277939023450014,-0.6484349379315975,0.17202206049114455,-0.39699077326804405,0.06744092609733321,0.1100236028432846,0.008650209754705318
17,100,0.3965010851625686,2.5922496677367266,2.3048234774636587,1.124706379071323,0.6669221734628081,-0.5662576397880912,-0.05960688646882782,0.389851238578558,-0.09859320987015974,0.5526380827650428,-0.024181470274925232,-0.1449855165556072
17,106,0.2821812532842337,2.637574103551348,2.3048234774636587,1.1443714147054178,0.2505923956632615,-0.23735352698713535,-0.10819689556956301,-0.14187084883451473,0.03671831823885435,0.2879298133775591,0.3177636908367276,0.5484681855887175
17,107,0.4297974703298026,4.094940311203464,2.3048234774636587,1.7766828354723887,0.7155925054103134,0.3479272909462452,-0.4918839661404495,0.4813241744413972,-0.35373499058187,0.4623181596398352,-0.1741797598078847,0.04304625838994991
17,108,0.5543032659007185,3.5795958198422717,2.3048234774636587,1.553088926264078,0.6180714741349221,-0.12978312652558083,-0.728259766474366,0.577805628068745,-0.2901226710528136,0.7717272741720079,0.1972757326439023,0.6901357704773546
17,109,0.2650850062570791,2.917632305730711,2.3048234774636587,1.265881024841615,0.39502229727804694,0.20489592663943756,-0.34043378103524446,-0.3029274754226208,-0.14908166043460375,-0.02195536345243465,-0.31029265839606524,0.19361404981464148
17,111,0.519563625136166,4.306999491124167,2.3048234774636587,1.8686895257869387,0.9727211948484183,0.10082236863672722,0.03496651258319601,0.09511286485940207,-0.606864214874804,0.6533886101096869,-0.4632596308365464,0.427948315627873
17,112,0.5391372768926537,4.496428989008199,2.3048234774636587,1.9508778147106913,0.9507524017244577,-0.5421474529430268,-0.8533479310572147,0.569784983061254,-0.004396804608404747,-0.053884100168943405,-0.2643163213506341,-0.043063584715128056
17,113,0.3657453044386224,2.5955070626420214,2.3048234774636587,1.1261196738147796,0.0485650673508643,0.12122785113751888,-0.21554290782660274,-0.06089805252850067,-0.4259173655882477,0.7455347767099737,0.2281152242794633,0.46224526502192037
17,114,0.4704622447870028,3.7105349718366343,2.3048234774636587,1.609899850516921,0.40137228928506397,-0.14816691633313867,-0.4777692407369615,0.42174115590751154,-0.4684887435287238,0.6291646379977464,-0.3613760517910123,0.6599796172231437
17,115,0.26211509901077995,2.588887398297988,2.3048234774636587,1.1232475821302061,0.5609525032341482,0.2509281802922486,-0.089962392114103,0.04075127746909846,0.17196462489664546,0.29687823448330153,0.1310555012896657,0.16542060673236858
17,116,0.4137636927124473,3.802554732114004,2.3048234774636587,1.6498247129530816,0.7053443174809219,-0.2911973344162105,-0.357721706852317,0.1394607601687311,0.2312815953046083,0.11393073387443997,-0.4907741891220213,0.5766730764880778
17,117,0.4923072253311368,3.1036671370716364,2.3048234774636587,1.3465964606048983,0.30382831022143364,0.3584976345300673,-0.741366752423346,0.262362765148282,-0.6597589980810881,0.811604962684214,0.017282423563301563,0.07319099362939607
17,118,0.26178076432791414,2.633536914452636,2.3048234774636587,1.1426197885448086,0.16194904036819902,-0.4030833849683401,0.0168236475437879,-0.21249449066817783,-0.24114880058914429,0.42991687729954703,-0.15033009741455317,-0.22025506664067496
17,119,0.470336214236955,3.686595066247494,2.3048234774636587,1.5995129788873916,0.8217124193906784,0.009690146893262697,-0.6168271424248816,0.6607124535366893,-0.0691635617986322,0.26126477029174566,0.357726507820189,0.2763986857607962
17,120,0.45481392415356425,3.42763171737744,2.3048234774636587,1.4871558498481519,0.7727211499586701,-0.23261905368417485,0.06539819296449423,0.25675431452691544,-0.3206746075302363,0.41313055902719487,-0.5580110643059016,0.5903820227831603
17,124,0.3819495009259181,3.8639756756620374,2.3048234774636587,1.6764735839614697,0.5161727787926793,-0.4757567504420877,-0.39792613219469797,-0.17150246165692817,-0.577440713532269,0.20649783872067917,-0.33137391321361065,-0.025660094805061817
17,127,0.38048516620595896,3.294493614952861,2.3048234774636587,1.4293908610208554,0.8705173125490547,0.325162470340729,-0.13960555195808438,0.3458200041204691,-0.260453986003995,0.1058250768110156,0.06548183038830757,0.2687310716137292
18,19,0.49405323541646634,3.7457808483502806,2.3048234774636587,1.6251920743502328,0.2224998902529482,0.6652303459122776,0.38169383164495213,-0.6190579822286962,-0.6404536068439484,0.20567745808511978,0.476318446919322,0.5023792516440152
18,20,0.522405539098821,4.519951715528342,2.3048234774636587,1.9610836837284908,0.33564592152833983,0.13899684511125088,0.676812155172229,-0.7783751366659998,-0.8307498767971994,0.5150583684444427,-0.14782258868217468,-0.10028721485286973
18,21,0.32000980221533,3.060586449742571,2.3048234774636587,1.3279049261987694,-0.12880490161478475,0.5538829183205964,0.29876902047544707,0.09864817187190061,0.06029047816991803,-0.3098504161462189,0.37537079863250256,0.39539012406021345
18,22,0.30465149927734003,2.6940952198048014,2.3048234774636587,1.1688943843844894,-0.24278131499886502,-0.247036477550864,0.5512912441045044,-0.3957097865641115,-0.23331948462873708,-0.17593257315456867,-0.2421700693666935,0.1341105299070477
18,23,0.328233922374809,4.125559668085093,2.3048234774636587,1.7899677387116266,0.47904712893068807,0.40060894470661873,-0.0767462505027654,-0.2688726810738442,-0.40530496183782827,0.11549832951277489,0.28102332539856434,-0.3703482048586012
18,25,0.4013145009068513,2.836271587617581,2.3048234774636587,1.2305808298771557,-0.1942248037084935,0.6046486767008902,-0.03158983774483204,-0.675598702393472,-0.4760404862463474,-0.024089300073683373,0.3101633405312896,0.3229174371808766
18,26,0.410381601395858,2.9414862191978095,2.3048234774636587,1.2762305868364228,-0.052345649339258005,-0.18842725828289986,0.7258752780035138,-0.18512398656457654,-0.6915257470682262,-0.40797464177012444,-0.3098380034789443,0.08510585315525526
18,28,0.2644957117228919,2.3330607885929195,2.3048234774636587,1.0122513986018289,0.14227946754544996,-0.2955847140401603,0.08032834064215444,-0.46925070509314515,0.10297028999775651,0.10846065357327467,-0.40878722723573446,0.18954583723098023
18,29,0.36039720132716296,2.7090684297993928,2.3048234774636587,1.1753908515287188,0.04519922006875321,0.36730897706002,0.458119761198759,-0.08827608358114933,-0.7562402905896306,-0.09028179477900278,0.06801949720829731,-0.31589092034846555
18,31,0.48641715613158115,2.9186069991034977,2.3048234774636587,1.2663039176932007,0.5320794815197591,0.46599659975618113,0.8327203840017319,0.04419599846005462,-0.3390161953866482,0.46093196328729386,0.40920364018529654,0.4498192900791763
18,32,0.4332520352536909,4.219888175542871,2.3048234774636587,1.830894303535403,0.5202006064355377,-0.2641879953444002,0.40216005593538295,-0.28882389236241557,-0.8146254625171423,0.4006607932969928,-0.027387695387005806,0.30200809240341175
18,35,0.36669521036593267,3.2124989212962816,2.3048234774636587,1.3938156013715521,0.1541430260986093,0.4429807486012579,0.16712534707039595,-0.7592791067436335,-0.3569539515301584,0.3002017289400101,0.15265221521258354,0.10225193575024594
18,37,0.31600602064528743,3.4311433132108506,2.3048234774636587,1.488679435436266,-0.07215933687984888,0.5857026493176816,0.5138879837468264,0.018990164622664618,-0.21590020786970854,-0.2148299366235733,0.2537228874862194,0.17041797470301379
18,39,0.3792370133294416,3.73649029867079,2.3048234774636587,1.6211611584166126,0.4145971704274421,0.1841569123789668,0.6383108058944347,-0.12959856633096914,-0.6253128778189421,0.0853891354054212,0.34807322919368744,-0.032590954564511776
18,40,0.2558297446142271,2.8596289781735003,2.3048234774636587,1.240714964132688,0.45967600774019984,0.17622269690036796,0.32273867446929205,0.025083290413022097,0.11908766720443963,0.18358199950307613,-0.28250634390860796,-0.2207960914820435
18,41,0.4825169953767697,2.9263769369892914,2.3048234774636587,1.2696750816724676,-0.2547672456130381,0.5114683480933307,0.6829786095768215,-0.5978766502812505,-0.7713658800348638,0.006469951942563057,0.19430039171129465,0.281707104295492
18,43,0.36498056911197824,2.701436292209278,2.3048234774636587,1.1720794753366846,0.3550323592498902,0.3833606550469996,0.5585601534694433,-0.449285654351115,-0.290672229602933,0.33112979307770735,0.29061529505997896,-0.015217745676636807
18,45,0.2889741028099639,2.3085368470334524,2.3048234774636587,1.0016111297052042,-0.011436316184699202,0.2722378103062508,0.24306272715330102,-0.16504927072674033,-0.524376356974244,-0.18533220514655124,0.43656248319894075,-0.08705112989991903
18,46,0.4712182835581208,2.47999531529556,2.3048234774636587,1.0760022793696413,-0.37597183603793305,0.03409351967275143,0.48200319986790424,-0.6945712277665733,-0.7076350217685103,-0.301427819766104,-0.42830046731978655,-0.37954256217926774
18,49,0.3255825828180521,3.5452227571548596,2.3048234774636587,1.53817539252776,-0.35107289347797555,0.6723159505054354,0.368103427812457,-0.15752119850367294,-0.24566626455634832,0.17294009868055576,0.028952683322131634,0.1461496539413928
18,50,0.39272177765608596,2.8823520071004523,2.3048234774636587,1.2505738661914076,0.04079645965248391,-0.12835760600864876,0.6069456683471801,-0.6397256506606935,0.07797209732234474,0.5253656189888716,0.09646367747336626,0.3829846680164336
18,52,0.3478137296634726,2.5307258956247947,2.3048234774636587,1.0980128935556184,0.2988700205460196,-0.23948139697313298,0.1978508932515981,0.14257001131773012,-0.6586616579443216,0.040351806208491214,0.24741485435515642,0.5147540709003805
18,55,0.40859481884973703,2.9227237799811165,2.3048234774636587,1.2680900765543337,0.43867599125951545,0.530187734402716,0.43346542119979875,-0.3791469559073447,-0.5772715872153639,-0.3435182636603714,-0.12208956945687532,0.25350407790392626
18,56,0.36678469660767904,3.6907600505847062,2.3048234774636587,1.6013200519139976,0.3584496509283783,-0.1652472037822008,0.024654459208250268,-0.7252423493191598,-0.31959601305425167,-0.25322943553328514,0.18812590092420578,0.43842091411352146
18,58,0.33327453540076846,2.866277294764383,2.3048234774636587,1.2435994872451472,-0.03162871114909582,-0.0687384884804485,0.14925746619701408,-0.3266501910984515,-0.7383087901398538,0.05494038946926594,0.3437564857304096,-0.29594762437045585
18,59,0.3771598917328532,2.5203591179733515,2.3048234774636587,1.0935150316790763,0.2541111744940285,0.5965785188600419,0.7633827393874526,-0.1996266422793269,0.08991875965148208,-0.11926580313593149,-0.17992511950433254,0.2005778811872005
18,60,0.33127075298368136,2.5873591455847786,2.3048234774636587,1.1225845149894238,0.1175266895443205,0.07398435845971096,0.5271175783127546,-0.046443997882306326,-0.1001849127933383,-0.4285511802881957,0.4459247775375843,-0.4313748506829145
18,61,0.35803023207141277,3.5956831981947928,2.3048234774636587,1.5600688006491759,0.08936273679137274,0.4887072378769517,-0.08333416935056437,-0.41550174355506897,-0.6779630435630679,0.3647032594308257,-0.030881768092513084,0.0740431724116205
18,62,0.3577637210493541,3.3101145056212924,2.3048234774636587,1.4361683391319433,-0.274623462930321,-0.3041238710284233,0.6526384670287373,0.05496095120906852,-0.49494950287044037,0.26230624690651894,0.03905155509710312,0.3343462115153669
18,63,0.3574795563006907,3.56461098538286,2.3048234774636587,1.546587415581836,0.5109333768486979,0.3436218099668623,0.29218109417706706,-0.5642777523025868,-0.1357384454458952,-0.0605196012184025,-0.43775499798357487,-0.16033727582544088
18,65,0.459450425412351,2.810755182204166,2.3048234774636587,1.219509958002189,-0.2822222691029306,0.19397128280252235,0.2553853727877138,-0.7180582694709301,-0.810229611583054,0.34708115365356207,0.26817862410098314,0.3765591420233248
18,66,0.2553996683585744,2.565516194036634,2.3048234774636587,1.113107454484911,0.08231313526630424,-0.013166373595595138,0.5009114583954215,-0.20412325486540775,-0.3613460026681423,0.22878828272223461,-0.14282303024083376,0.13780818879604328
18,67,0.31770753807111224,2.9900768845011614,2.3048234774636587,1.2973127502985995,0.10907324962317977,0.5719514815136789,-0.1190941110253333,-0.3348565949127076,-0.2831177972257138,0.02329487819224585,0.3652335861697793,-0.3578727561980487
18,69,0.46211233760519926,3.398947338197783,2.3048234774636587,1.4747104806213411,-0.023053312674164772,0.4332564780488609,0.7998139765113594,-0.05268014222383491,-0.5470982529222964,0.5385173382237554,0.47912968788295984,-0.2424450358375908
18,70,0.34424048467131085,2.8640872828711093,2.3048234774636587,1.2426493008579087,-0.16101666167378426,-0.2660699337720871,0.05025195796042703,-0.5587721094489096,-0.6218962268903852,0.15490658022463316,-0.35374309215694666,0.02560946810990572
18,72,0.32780851923507753,3.724788959475008,2.3048234774636587,1.6160842667109367,0.4458475736901166,0.03206873871386051,0.09931505285203435,-0.15303230658173536,-0.7591613307595252,-0.04730410315096378,-0.07069494388997555,0.20740104466676706
18,73,0.4007965301095534,2.53507540704114,2.3048234774636587,1.0999000278454565,-0.20567600335925762,0.6324902353808284,0.4695743182674051,-0.5301125971600412,0.1312924548983574,0.2530008433386683,0.42124832049012184,-0.2872971687465907
18,75,0.4906423741689321,3.833808176484444,2.3048234774636587,1.6633847294472006,0.3063469054177407,0.26243131514638673,0.844970357604325,-0.64690201357007,-0.47440119925886404,-0.44665038492530584,0.0788348987698555,0.4470970444381236
18,76,0.41553577508801304,3.4086841836579778,2.3048234774636587,1.478935032113202,0.18539265450090214,-0.21698859333992015,0.5812431760132313,-0.7358758747577666,-0.5356055060401557,-0.12954791635274898,-0.29721384681761265,-0.16898648720234655
18,79,0.44331835855396684,3.9866811878295483,2.3048234774636587,1.7297121566189047,0.5514501119032507,0.5211857119575142,0.3318113377317785,-0.24978817999362926,-0.696402072906494,-0.23220424074679613,0.3054448701441288,-0.4379879450425507
18,80,0.3656791832026295,4.160537259718337,2.3048234774636587,1.8051435610577855,0.6046838657930496,0.12077099829912197,0.45619207806885265,-0.5877342429012058,-0.25006327778100973,0.10348833817988634,0.23148664459586143,0.09576852619647969
18,81,0.3221133758061075,2.7733612012561175,2.3048234774636587,1.2032857302842388,-0.36837288085371234,0.535975475795567,0.08230118919163965,0.031550238840282074,-0.39051616936922084,-0.10483649745583534,-0.2609450798481703,-0.4095523376017809
18,82,0.4852711542502682,3.835355045893056,2.3048234774636587,1.6640558738640017,-0.004386804066598082,-0.2258504293859006,0.8307340722531082,-0.454529975540936,-0.8391547733917831,-0.20552453491836797,0.3863924443721771,-0.20109773240983497
18,84,0.2540776019421967,3.7529208964431877,2.3048234774636587,1.6282899463403102,0.34786065015941897,-0.1185131948441267,-0.02575032413005829,-0.17613958753645412,0.01674358453601596,0.2791765322908759,0.5204744935035706,-0.024273390881717316
18,85,0.38703242204282323,2.7956240201488365,2.3048234774636587,1.2129449597698818,-0.12537926156073775,0.27910469006746996,0.5944726830348372,-0.30326994601637125,-0.6552421310916542,-0.015390029177069664,0.01241782121360302,0.47919687163084734
18,86,0.31229426107305736,3.6211122409054854,2.3048234774636587,1.5711017682318715,-0.2627932904288165,0.009467421099543571,0.34983162209391616,0.19065325614064946,-0.5806873142719268,-0.41276808362454176,0.11287647113204002,0.17895397450774897
18,88,0.3851586714160256,4.328178160921801,2.3048234774636587,1.8778783725705281,0.4074254985898737,-0.31774697825312603,0.30075021740049135,-0.4026264967396854,-0.44158450979739416,0.5080681452527642,0.46269615460187197,-0.0065036993473769344
18,89,0.3777603303814662,3.026096645147249,2.3048234774636587,1.3129407413349132,-0.18300194293260508,0.3455264056101442,0.674877554178238,-0.2794197928160427,-0.33180172462016355,-0.3223947212100028,-0.04487223271280527,0.4890453331172465
18,90,0.30398196103138986,2.620877989494463,2.3048234774636587,1.1371274265127698,-0.08018541894853082,0.08367072790861141,-0.07482846546918143,-0.7694137375801801,0.10212827101349832,-0.17510647792369127,0.053164088167250156,0.29033444076776493
18,91,0.420231512111765,2.4768678388594187,2.3048234774636587,1.074645352704011,0.26761965081095734,0.48292688000947226,0.5492970608174801,0.10348850768059509,-0.7260995171964169,0.1263953354209662,-0.4544043065980077,-0.21401132084429297
18,92,0.38322913959160787,2.897089813571859,2.3048234774636587,1.256968198171931,0.16229129023850009,-0.055025236681103706,0.7504212306812407,0.01469771470874559,-0.6667348183691502,0.3091861186549068,0.17352902237325907,0.10935541149228795
18,93,0.37804257679218195,2.749617192975871,2.3048234774636587,1.1929838531503008,0.0720470137894158,0.5945847323164346,0.1304346788674593,-0.6162919271737335,-0.0889569260179996,-0.3573983106762172,-0.31841443199664354,-0.3882578527554873
18,97,0.45018127920403184,4.247816080462522,2.3048234774636587,1.8430114592276838,-0.3000090727582567,0.5643924968317151,0.8671833882108333,0.20279149804264313,-0.6068906737491488,-0.19793433230370272,-0.10996229946613312,0.006612215191125759
18,98,0.2849396801291631,2.845345387592032,2.3048234774636587,1.2345177040296336,0.05224882159382127,-0.13468813523650147,0.10786385275423527,-0.3145539453253149,-0.5645623933523893,-0.30054486356675636,0.24319334514439106,-0.22332583367824588
18,100,0.33659794426763684,2.3847426522086557,2.3048234774636587,1.0346747486418977,0.279498704709113,-0.2731518726795912,0.6966919042170049,-0.09672476723790144,-0.266164829954505,0.18465229310095316,0.10898827202618122,-0.3769615599885584
18,101,0.3011793923725069,2.51325947455735,2.3048234774636587,1.0904346901755204,-0.060921047814189944,0.3134432537481189,0.3091024933382869,-0.47350512724369753,-0.37537594698369514,0.017122640274465084,-0.3834434635937214,0.12543337140232313
18,102,0.44388623892788315,3.357025117889474,2.3048234774636587,1.4565215734368124,-0.20225099753588383,0.10654899291694186,0.5722138509154322,0.05162232834845787,-0.7937410799786448,-0.38217784836888324,0.5165834259241819,0.3885678695514797
18,104,0.45398330256370195,3.0090929713255647,2.3048234774636587,1.3055633113547243,0.4718755465000873,-0.09738559648394562,0.523620399646461,-0.48010154720395815,-0.7121333722025155,0.4779889211058616,0.04139659088104963,-0.41792269796133064
18,106,0.38142042969774653,3.329911472059145,2.3048234774636587,1.4447577025393474,-0.13683107309043363,0.055752240121364594,0.6481018951162697,-0.6284468546509742,-0.13085330184549093,-0.0800559762865305,0.45093343313783407,0.3164921421557663
18,107,0.33663714569123754,2.7135512524358476,2.3048234774636587,1.1773358259184226,0.3281690366566183,0.6410330580547452,0.26441482454538323,-0.005251831375062299,-0.5213066106662153,0.09433236997574562,-0.04101001750677824,-0.18892978504300129
18,109,0.40765954778906466,2.308893289051231,2.3048234774636587,1.0017657801681414,0.007598828524351786,0.4980016937479375,0.41586500965058826,-0.7895034812390802,-0.31665328051894903,-0.3899411531165242,-0.17712291609495878,-0.03836199361830972
18,111,0.5130383847187402,4.204711434572846,2.3048234774636587,1.8243095298560206,0.5852977260947232,0.39392813574522717,0.7912653032690287,-0.39146314095705737,-0.7744358349591492,0.2854028204455972,-0.33008988853543997,0.1959722721949218
18,112,0.2949781947096894,3.0796265378542604,2.3048234774636587,1.3361659007583666,0.5633289329707626,-0.2490416858345268,-0.09704914037138201,0.08320897724479454,-0.17196842469275003,-0.421869889833033,-0.13114657904952765,-0.27503962814807925
18,113,0.4411583173929818,2.827029291565898,2.3048234774636587,1.2265708498756271,-0.33885840140283086,0.41433361824601883,0.54075588285923,-0.5474740583449601,-0.593488985672593,0.37754898704588413,0.36128496658056974,0.23026922158896918
18,114,0.3184015671797957,2.687126277426224,2.3048234774636587,1.165870750493773,0.01394882053136881,0.14493885077536128,0.27852954994887125,-0.06483484990894792,-0.6360603636130691,0.2611788483336568,-0.22820630948990583,0.4280035737901925
18,115,0.36196846109153236,2.803564837223012,2.3048234774636587,1.2163902635650834,0.17352903448045304,0.5440339474007486,0.6663363985717297,-0.445824728347361,0.0043930048123001775,-0.07110755518078804,0.26422524359077215,-0.06655543670058262
18,117,0.41999883263142085,2.546225420879893,2.3048234774636587,1.104737714526357,-0.08359515853226152,0.6516034016385672,0.01493203826248668,-0.22421324066817747,-0.8273306181654333,0.44361917302012444,0.15045216586440802,-0.15878504980355512
18,118,0.4366129513700536,2.5970334764607466,2.3048234774636587,1.126781943109435,-0.22547442838549614,-0.10997761785984017,0.7731224382296206,-0.6990704964846373,-0.40872042067348957,0.06193108763545746,-0.017160355113446712,-0.45223111007362615
18,119,0.28294291012639755,2.9731802029054673,2.3048234774636587,1.2899817413250672,0.43428895063698325,0.30279591400176264,0.13947164826095115,0.17413644772022985,-0.23673518188297749,-0.1067210193723439,0.49089625012129545,0.044422642327844986
18,120,0.42271212312097245,2.6429132683720016,2.3048234774636587,1.1466879325962063,0.38529768120497504,0.0604867134243251,0.821696983650327,-0.22982169128954402,-0.4882462276145816,0.0451447693631053,-0.4248413220047952,0.3584059793502091
18,121,0.2526167175559196,3.307625396249106,2.3048234774636587,1.4350883825120437,-0.14903079625219073,0.4758372185751795,0.18414378631860018,-0.3566435361281035,-0.16001796256750817,0.22256294451653952,0.08272700570523739,-0.13712437823414825
18,122,0.26414624872141756,4.459528520215353,2.3048234774636587,1.9348677084471728,-0.03505449835210972,-0.2935864273458719,0.44715501181781286,0.12214297708123928,-0.06953294388949871,0.3542835274711251,-0.08243266865611076,-0.3446023985743525
18,123,0.44001131590891324,3.918495625924416,2.3048234774636587,1.700128302335987,0.2418963508680465,0.35359265562146885,0.059599869884551016,-0.7549871448427438,-0.6793162059038876,-0.35221800953149784,0.4251356665045023,0.15972461365163315
18,124,0.40283666151562775,3.4892535657049115,2.3048234774636587,1.5138918879569285,0.12874931003898415,-0.18265098333358776,0.35837265849113475,-0.6580784674733876,-0.7450123336166142,-0.1614879509434104,-0.1982041709125042,-0.257636138238013
18,125,0.31452355277975375,2.9776633164550015,2.3048234774636587,1.2919268419340162,0.09374950546771299,0.21512986440211546,0.7422695374116304,-0.03909677732735872,0.11419848538935184,0.16406159847974777,0.2937391046434641,0.2399956369772553
18,127,0.4044294772140415,2.9594992847106067,2.3048234774636587,1.2840459643214783,0.4830938437953596,0.618268237449229,0.6166932387277484,-0.14075600169599037,-0.4280256060883403,-0.26216071285307396,0.19865157268941402,0.03675502818077803
19,21,0.42370985315264226,4.219411294757193,2.3048234774636587,1.8306873979782785,-0.35130479186773295,-0.11134742759168115,-0.08292481116950506,0.7177061541005969,0.7007440850138664,-0.5155278742313387,-0.10094764828681946,-0.10698912758380177
19,22,0.5111992107817507,3.900600900864259,2.3048234774636587,1.692364269543398,-0.4652812052518132,-0.9122668234631416,0.1695974124595523,0.22334819566458475,0.4071341222152113,-0.38161003123968845,-0.7184885162860155,-0.3682687217369675
19,26,0.5341309850118088,3.781126680413718,2.3048234774636587,1.6405276661684547,-0.2748455395922062,-0.8536576041951774,0.34418144635856174,0.4339339956641197,-0.05107214022427786,-0.6136520998552442,-0.7861564503982663,-0.41727339848875994
19,27,0.44168335523187946,2.9932000200538846,2.3048234774636587,1.298667793573393,0.06417037453502406,-0.440417718142271,-0.03776421118527645,0.31098621245473623,0.5587113602086902,0.2200074903666973,-0.2624747855588794,-0.9137804079800844
19,28,0.5574799628877364,4.487336590325727,2.3048234774636587,1.9469328710864284,-0.08022042270749824,-0.9608150599524379,-0.3013654910027977,0.1498072771355511,0.7434238968417048,-0.09721680451184511,-0.8851056741550565,-0.31283341441303497
19,29,0.4100359067360851,2.5919103213873727,2.3048234774636587,1.1245591459523132,-0.177300670184195,-0.29792136885225756,0.07642592955380689,0.530781898647547,-0.11578668374568224,-0.29595925286412256,-0.4082989497110247,-0.8182701719924808
19,30,0.4313759340876441,2.5708363055132932,2.3048234774636587,1.1154157056497742,-0.5301077691838145,-0.5988085484132171,-0.1767591089010238,0.03246413543820381,0.22365975752472878,-0.41403836663812393,-0.5439215386286378,-0.5472621386870742
19,37,0.35960891539689294,3.9998857444037483,2.3048234774636587,1.7354412533169004,-0.2946592271327971,-0.07952769659459599,0.13219415210187435,0.6380481468513609,0.4245533989742398,-0.4205073947086931,-0.2225955594331026,-0.3319612769410014
19,38,0.45959413130219967,3.552106645222441,2.3048234774636587,1.541162123674371,-0.39692632295191305,-0.8177018193528053,-0.10753311309963448,0.11239438224583875,0.6243516076356173,-0.2885122280567885,-0.6045636683702469,-0.02966514136642221
19,41,0.2568316255452673,2.5706083162638413,2.3048234774636587,1.1153167873370786,-0.4772671358659863,-0.15376199781894687,0.30128477793186936,0.02118133194744576,-0.13091227319091547,-0.19920750614255672,-0.28201805520802736,-0.22067214734852322
19,42,0.5229851342775704,3.2587737988769465,2.3048234774636587,1.4138930077469802,-0.3393036639317872,-0.8840925404801965,-0.43337561748921855,0.5429213363677264,0.1782607566565274,-0.5811092890799046,-0.6625098800286651,-0.01996900700032711
19,44,0.43386758612244086,3.9873644627450213,2.3048234774636587,1.7300086109557136,-0.019676118157804012,-0.7458095131441947,0.47576501220464745,0.3232601108029486,0.5380625482648611,-0.06515398994088178,-0.5634376322850585,-0.08509946521371609
19,46,0.5733734484655885,2.733958299933779,2.3048234774636587,1.1861898868465022,-0.5984717262908812,-0.6311368262395262,0.10030936822295211,-0.07551324553787708,-0.06718141492456198,-0.5071052778512237,-0.9046189142391086,-0.8819218138232829
19,52,0.4356640414643076,2.5815935720294845,2.3048234774636587,1.1200829899868936,0.07637013029307138,-0.9047117428854106,-0.18384293839335403,0.7616279935464264,-0.018208051100373268,-0.16532565187662857,-0.2289035925641656,0.012374819256365289
19,54,0.4338960837725405,2.691576393571717,2.3048234774636587,1.1678015344297257,-0.4367512548342349,-0.5347651178017256,-0.30844932794570895,0.3630414381623269,0.4542228514328599,0.1516294246539473,-0.07521468121558428,-0.7533219093456867
19,56,0.3949079443788874,2.770538278079776,2.3048234774636587,1.2020609409656884,0.1359497606754301,-0.8304775496944784,-0.35703937243670186,-0.10618436709046353,0.3208575937896967,-0.4589068936184049,-0.28819254599511623,-0.06395833753049374
19,60,0.5334536950341381,2.6795393991139536,2.3048234774636587,1.1625790110671081,-0.1049732007086277,-0.5912459874525666,0.14542374666780256,0.57261398434639,0.5402686940506101,-0.6342286383733156,-0.030393669381737716,-0.9337541023269297
19,63,0.4740729186168536,3.868757084539211,2.3048234774636587,1.6785481067715355,0.28843348659574963,-0.3216085359454153,-0.08951273746788507,0.054780229926109425,0.5047151613980532,-0.2661970593035223,-0.9140734449028969,-0.6627165274694561
19,64,0.6225407029366167,4.0568806736693395,2.3048234774636587,1.7601697975298876,0.2802853342145681,-0.8236097013577819,0.2436990998685363,0.7820308394730091,0.6900075552985072,-0.535067587159574,-0.7161964317783713,-0.6302825100719929
19,66,0.39701094118158675,4.608841367942711,2.3048234774636587,1.9996504777947277,-0.14018675498664396,-0.6783967195078727,0.11921762675046932,0.4149347273632885,0.27910760417580605,0.023110824637114835,-0.6191414771601558,-0.3645710628479719
19,69,0.4006222182814084,3.6336095365690877,2.3048234774636587,1.5765240037244375,-0.24555320292711297,-0.23197386786341667,0.4181201448664073,0.5663778400048614,0.09335535392165195,0.33283988013863564,0.002811240963637822,-0.744824287481606
19,70,0.5058565634352991,3.018487114518775,2.3048234774636587,1.30963917368651,-0.38351655192673245,-0.9313002796843647,-0.3314418736845251,0.06028587277978659,0.018557379953563213,-0.05077087786048662,-0.8300615390762687,-0.4767697835341095
19,71,0.39096608963409984,2.640236376196243,2.3048234774636587,1.1455265021431007,0.14342660829424847,-0.3285958319902418,0.04271985869854711,0.6831695213913918,0.6277680201455951,-0.34238583780825144,-0.337629989720881,0.020715040154755088
19,73,0.42197361092174596,2.6678784709343133,2.3048234774636587,1.1575196525983753,-0.4281758936122058,-0.032740110531449186,0.08788048662245296,0.08894538506865501,0.7717460617423058,0.04732338525354851,-0.05507012642920018,-0.7896764203906059
19,77,0.3979578620629772,3.6026624299973644,2.3048234774636587,1.563096898840128,-0.1893022591248154,-0.29546275734901417,-0.424366373568773,0.7524851858615876,0.5268336376175284,-0.13654492050409334,-0.2659639623016119,-0.1748550636693835
19,82,0.4724596422579992,3.1601251514313033,2.3048234774636587,1.371092052094532,-0.22688669431954628,-0.8910807752981782,0.4490402406081561,0.16452800668776024,-0.19870116654783476,-0.41120199300348775,-0.08992600254714489,-0.7034769840538502
19,85,0.2915348601430246,2.8212984658373044,2.3048234774636587,1.2240844010067098,-0.34787915181368595,-0.3861256558448076,0.21277885138988506,0.315788036212325,-0.014788524247705825,-0.22106748726218944,-0.463900625705719,-0.023182380013167893
19,88,0.4248489183144428,2.3731290892707304,2.3048234774636587,1.029635940658778,0.1849256083369255,-0.9829773241654036,-0.08094361424446078,0.2164314854890108,0.1988690970465542,0.3023906871676445,-0.013622292317450053,-0.5088829509913921
19,89,0.3731448897365467,3.8701335436402617,2.3048234774636587,1.6791453148069921,-0.4055018331855533,-0.3197039403021334,0.2931837225332859,0.3396381894126536,0.3086518822237848,-0.5280721792951226,-0.5211906796321273,-0.013333918526768712
19,90,0.44459199146854317,2.5433444814127664,2.3048234774636587,1.103487753522707,-0.302685309201479,-0.5815596180036662,-0.45652229711413356,-0.15035575535148382,0.7425818778574467,-0.38078393600881105,-0.42315435875207186,-0.2120448108762503
19,91,0.49730722297458224,2.713759144944882,2.3048234774636587,1.177426024803963,0.04511976055800915,-0.18230346590280536,0.1676032291725279,0.7225464899092914,-0.08564591035246849,-0.07928212266415358,-0.9307227535173297,-0.7163905724883082
19,92,0.4058252822043757,3.068439128326485,2.3048234774636587,1.3313119891086613,-0.06020860001444811,-0.7202555825933813,0.36872739903628854,0.6337556969374418,-0.026281211525201797,0.10350866056978703,-0.30278942454606295,-0.39302384015172726
19,93,0.5168175928897585,3.76736674994047,2.3048234774636587,1.6345576078938011,-0.1504528764635324,-0.07064561359584301,-0.25125915277749283,0.002766055054962746,0.5514966808259487,-0.563075768761337,-0.7947328789159656,-0.8906371043995025
19,94,0.48956111664542334,4.046334922569614,2.3048234774636587,1.755594283958961,-0.5423223525285725,-0.840315039269626,-0.005817947909235677,0.5005420120432973,0.49348337482661003,-0.21235922724008555,-0.14982531312853098,-0.596214503981173
19,95,0.3299303145425069,4.265198619678892,2.3048234774636587,1.850553268562036,0.306154044345021,-0.4273935724049804,-0.37579874042421585,0.11985873989760865,0.1342720789834858,-0.012846202589571531,-0.641768760047853,-0.0937260193750262
19,96,0.35398452593782437,2.4589901197548194,2.3048234774636587,1.0668886983313852,0.3177277436479926,-0.701111410744488,-0.14843207690864774,-0.04714413080364466,0.6117906617000699,-0.07207971531897778,-0.0782240778207779,0.008675914257764782
19,100,0.536722890871444,3.383984064808568,2.3048234774636587,1.468218324698979,0.05699881445616478,-0.9383822185918688,0.31499807257205276,0.5223332149907949,0.37428877688944334,-0.021025164984166622,-0.3673301748931408,-0.8793408116325736
19,101,0.3901337185530795,3.7271226781668814,2.3048234774636587,1.6170968035558153,-0.28342093806713814,-0.3517870921641587,-0.07259133830666525,0.1455528549849987,0.2650776598602532,-0.1885548178106547,-0.8597619105130434,-0.37694588024169207
19,102,0.4126580511717627,4.0824857233587375,2.3048234774636587,1.771279129736784,-0.424750887788832,-0.5586813529953357,0.19052001927048007,0.6706803105771542,-0.15328747313469648,-0.5878553064540031,0.04026497900485992,-0.1138113820925355
19,104,0.47416077917023225,2.7407968307647717,2.3048234774636587,1.1891569387261187,0.2493756562471391,-0.7626159423962232,0.14192656800150882,0.1389564350247381,-0.07167976535856713,0.27231146302074183,-0.4349218560382724,-0.9203019496053458
19,107,0.3831439829274717,2.36142365126189,2.3048234774636587,1.0245572705899877,0.10566914640367009,-0.024197287857532425,-0.1172790070995689,0.613806150853634,0.11914699617773306,-0.11134508810937416,-0.5173284644261003,-0.6913090366870165
19,108,0.34953943924436703,2.429909742652788,2.3048234774636587,1.054271516414255,0.008148115128278788,-0.5019077053293585,-0.3536548074334854,0.7102876044809818,0.1827593157067895,0.19806402642279855,-0.14587297197431326,-0.044219524599611794
19,110,0.5845201979881208,4.1724672754903604,2.3048234774636587,1.810319669288491,-0.6028737202286725,-0.8741526855155821,-0.22826019860804042,0.3586262045428157,0.7880037855356932,-0.2429183283820749,-0.29883995186537504,-0.8097723042592408
19,112,0.6384668562486646,2.6795580655029543,2.3048234774636587,1.1625871099038232,0.34082904271781445,-0.9142720317468044,-0.47874297201633415,0.7022669594734908,0.46848518215119833,-0.6275473479181528,-0.6074650259688497,-0.7774188797920945
19,113,0.25678769490181513,2.325244643851816,2.3048234774636587,1.0088601867291935,-0.5613582916557791,-0.25089672766625876,0.15906205121427786,0.07158392388373613,0.04696462117135536,0.17187152896076435,-0.11503348033875227,-0.272110030055046
19,114,0.376992956957638,2.6503920888009844,2.3048234774636587,1.1499327886565986,-0.20855106972157939,-0.5202914951369163,-0.10316428169608088,0.5542231323197484,0.004393243230879307,0.05550139024853701,-0.7045247564092278,-0.07437567785382274
19,116,0.49381555583029985,3.5941348760681633,2.3048234774636587,1.5593970259376768,0.0954209584742785,-0.6633219132199881,0.01688325218856357,0.2719427365809679,0.7041635820642114,-0.4597325138747694,-0.8339228937402369,-0.15768221858888867
19,118,0.5232604864083243,2.795585101780726,2.3048234774636587,1.21292807415218,-0.44797431863844434,-0.7752079637721178,0.3914286065846685,-0.08001251425594103,0.2317331861704588,-0.14374637044966232,-0.4934788020327687,-0.9546103617176414
19,120,0.4498723024974508,2.3098079862920526,2.3048234774636587,1.0021626423355767,0.16279779095202684,-0.6047436324879525,0.4400031520053748,0.38923629093915224,0.15220737922936678,-0.16053268872201448,-0.9011597689241172,-0.14397327229380608
19,125,0.4121512133568282,3.8531562626741698,2.3048234774636587,1.6717793359664892,-0.1287503847852352,-0.45010048151016213,0.3605757057666782,0.5799612049013375,0.7546520922333002,-0.04161585960537201,-0.1825793422758579,-0.2623836146667599
20,22,0.4393209772143293,3.9163949770972746,2.3048234774636587,1.6992168881441059,-0.5784272365272048,-0.3860333226621149,-0.1255209110677246,0.3826653501018883,0.5974303921684623,-0.6909909415990114,-0.09434748068451881,0.23439774475991743
20,25,0.47635900875947085,3.0985754636267675,2.3048234774636587,1.3443873224671385,-0.5298707252368333,0.4656518315896393,-0.7084019929170611,0.1027764342725278,0.35470939055085193,-0.5391476685181261,0.45798592921346426,0.42320465203374635
20,26,0.43933059878185393,3.825561941291074,2.3048234774636587,1.6598069130660327,-0.38799157086759783,-0.32742410339415073,0.04906312283128486,0.5932511501014233,0.13922412972897313,-0.9230330102145672,-0.16201541479676962,0.185393068008125
20,27,0.3772190016390038,3.732028531426253,2.3048234774636587,1.619225319386785,-0.04897565674036758,0.08581578265875572,-0.33288253471255336,0.4703033668920398,0.7490076301619412,-0.08937341999262563,0.3616662500426173,-0.3111139414831995
20,29,0.3751016425162974,3.0899925297114703,2.3048234774636587,1.3406634217002382,-0.2904467014595866,0.22831213194876915,-0.21869239397346998,0.6900990530848505,0.07450958620756876,-0.6053401632234455,0.215842085890472,-0.21560370549559582
20,30,0.4157359158729939,3.1372439739554747,2.3048234774636587,1.361164533696894,-0.6432538004592061,-0.07257504761219036,-0.4718774324283007,0.19178128987550735,0.41395602747797977,-0.7234192769974469,0.0802194969728589,0.05540432780981075
20,31,0.46152907529912757,2.7214423566066666,2.3048234774636587,1.1807595606417007,0.19643355999141937,0.32699975464493025,0.15590822882950287,0.8225711351260544,0.4917336814105512,-0.05412640515714886,0.5570262288674712,0.550106504932046
20,33,0.6162984629314615,2.8741870452185454,2.3048234774636587,1.2470313120818444,-0.662517873570323,0.18403769563883565,-0.6351438602432613,0.3705120952799914,0.8759077358990909,-0.9136343020945787,0.6436282843351364,-0.09436234924942244
20,35,0.3137371481398964,3.6231002217223587,2.3048234774636587,1.5719642988492102,-0.18150289542973053,0.30398390349000703,-0.5096868081018331,0.019096029922366253,0.47379592526704095,-0.2148566395044326,0.3004748038947582,0.20253915060311567
20,37,0.5212345964114905,4.465667181408562,2.3048234774636587,1.9375311059928988,-0.4078052584081887,0.4467058042064307,-0.16292417142540253,0.7973653012886645,0.6148496689274908,-0.729888305068016,0.4015454761683941,0.2707051895558835
20,38,0.49128964053612306,3.8997311146516878,2.3048234774636587,1.6919868930453381,-0.5100723542273047,-0.29146831855177857,-0.4026514366269114,0.2717115366831423,0.8146478775888683,-0.5978931384161115,0.01957736723124981,0.5730013251304628
20,41,0.361437561561648,3.149501384393971,2.3048234774636587,1.3664826895376117,-0.5904131671413779,0.37247150298207987,0.006166454404592514,0.1804984863847493,0.05938399676233552,-0.5085884165018797,0.34212298039346933,0.38199431914836174
20,42,0.5729781533494768,3.65490328011827,2.3048234774636587,1.5857627778680499,-0.4524496952071788,-0.35785903967916977,-0.7284939410164954,0.70223849080503,0.3685570266097784,-0.8904901994392275,-0.03836884442716837,0.5826974594965578
20,43,0.29735313752598863,2.6675895714109528,2.3048234774636587,1.1573943069802897,0.019386437721550354,0.24436380993574874,-0.11825200170278574,0.3290894823148848,0.5400776471942663,-0.18392857536673538,0.43843788374215364,0.08506946917623293
20,44,0.39901642435554263,4.495300496839087,2.3048234774636587,1.9503881927590987,-0.13282214943319565,-0.21957601234316804,0.18064668867737058,0.48257726524025213,0.7283588182181122,-0.37453490030020475,0.0607034033164382,0.5175670012831689
20,45,0.45119552497851223,2.8104536703786622,2.3048234774636587,1.2193791402504386,-0.34708223771303903,0.13324096519499995,-0.433749428018928,0.6133258659392595,0.30637351982295535,-0.700390573590994,0.5843850718811154,0.0132360849529507
20,46,0.41845497327491193,2.9341153822649924,2.3048234774636587,1.2730325818677608,-0.7116177575662729,-0.10490332543849945,-0.19480895530432477,0.08380390889942646,0.12311485502868902,-0.8164861882105467,-0.28047787863761187,-0.279255347326398
20,51,0.4721344245803547,2.9111397548910554,2.3048234774636587,1.263064084237209,-0.14210515189915923,0.14604672137647867,-0.6842282079160213,0.7696238672360778,-0.012797871604561806,-0.7917742626741529,-0.23203200194984686,-0.0191192040219903
20,52,0.5014468064382869,2.788166109306289,2.3048234774636587,1.2097091758083462,-0.03677590098232025,-0.37847824208438385,-0.47896126192063093,0.92094514798373,0.17208821885287773,-0.47470656223595153,0.3952374430373311,0.6150412857532502
20,54,0.46150837709090065,3.303444781645638,2.3048234774636587,1.4332745279395154,-0.5498972861096265,-0.008531617000698932,-0.6035676514729859,0.5223585925996305,0.6445191213861109,-0.15775148570537564,0.5489263543859124,-0.15065544284880172
20,55,0.40458031093577773,2.3720721340140183,2.3048234774636587,1.0291773566209779,0.10303006973117562,0.39119088929146517,-0.24334673397243026,0.39922818075865507,0.2534782895818355,-0.8585766321048142,0.02573301922529936,0.353791292756796
20,56,0.4711461374803818,2.97487402907772,2.3048234774636587,1.2907166462706368,0.02280372940003847,-0.3042440488934517,-0.6521576959639788,0.053132787346840016,0.5111538637429477,-0.7682878039777279,0.33594848960638046,0.5387081289663912
20,60,0.5585934775874638,2.9144341517455095,2.3048234774636587,1.2644934331164903,-0.21811923198401933,-0.06501248665153991,-0.14969457685947432,0.7319311387836935,0.7305649640038611,-0.9436095487326385,0.593747366219759,-0.33108763583004475
20,61,0.35044061812703325,3.29252446362728,2.3048234774636587,1.4285365000058643,-0.2462831847369671,0.3497103927657008,-0.7601463245227934,0.3628733931109308,0.15278683323413145,-0.15035510901361704,0.1169408205896616,0.17433038726449024
20,64,0.5592867181719081,4.302584590799376,2.3048234774636587,1.866774021034423,0.16713930293917645,-0.2973762005567552,-0.051419223658740576,0.9413479939103127,0.8803038252517582,-0.844448497518897,-0.09205539617687464,-0.02761604357510794
20,67,0.4924770995783374,2.831693823113503,2.3048234774636587,1.2285946628023932,-0.22657267190516006,0.43295463640242804,-0.7959062661975623,0.4435185417532922,0.5476320795714855,-0.4917634902521969,0.513056174851954,-0.25758554134517897
20,68,0.4395922993295592,2.7435059207015855,2.3048234774636587,1.190332338908954,-0.07436318695545213,-0.04050632752478134,-0.5011656107380991,0.35250021144747734,0.6114294566214086,-0.80102351680398,0.13452071975916624,0.3602174669504167
20,69,0.39549069447847035,4.016502868119266,2.3048234774636587,1.7426509697563581,-0.3586992342025046,0.29425963293761004,0.12300182133913042,0.7256949944421649,0.28365162387490295,0.023458969779312687,0.6269522765651345,-0.14215782098472107
20,70,0.367956922303853,3.458185685552974,2.3048234774636587,1.5004123827125069,-0.4966625832021241,-0.405066778883338,-0.626560197211802,0.21960302721709013,0.2088536499068142,-0.3601517882198096,-0.20592050347477198,0.12589668296277545
20,71,0.5452279918154741,3.2710916866191715,2.3048234774636587,1.4192374030391437,0.030280577018856836,0.19763766881078493,-0.25239846482872974,0.8424866758286953,0.8180642900988461,-0.6517667481675744,0.2865110458806157,0.62338150665164
20,73,0.4992695888909888,3.527281449542525,2.3048234774636587,1.5303911488371853,-0.5413219248875974,0.4934933902695775,-0.20723783690482392,0.24826253950595856,0.9620423316955568,-0.26205752510577446,0.5690709091722965,-0.187009953893721
20,82,0.3860314524139196,2.7862507588818435,2.3048234774636587,1.208878157535939,-0.3400327255949379,-0.3648472744971515,0.1539219170808792,0.3238451611250638,-0.008404896594583766,-0.7205829033628107,0.5342150330543518,-0.10081051755696524
20,85,0.377216188893714,3.1800580740903905,2.3048234774636587,1.3797404031955989,-0.4610251830890776,0.14010784495621909,-0.08233947213739182,0.47510519064962853,0.17550774570554517,-0.5304483976215124,0.1602404098957777,0.5794840864837171
20,89,0.48332168484496735,4.310290968271149,2.3048234774636587,1.870117607884837,-0.5186478644609449,0.20652956049889332,-0.0019346009939909814,0.49895534384995716,0.4989481521770358,-0.8374530896544455,0.10295035596936941,0.5893325479701162
20,90,0.5339230618936519,3.0355533288920795,2.3048234774636587,1.3170437383050921,-0.41583134047687065,-0.05532611720263947,-0.7516406206414105,0.008961399085819721,0.9328781478106977,-0.690164846368134,0.20098667684942484,0.39062165562063467
20,91,0.38499922109802986,3.4572200506965824,2.3048234774636587,1.4999934201039455,-0.06802627071738249,0.3439300348982214,-0.12751509435474898,0.8818636443465949,0.1046503596007825,-0.38866303302347655,-0.306581717915833,-0.11372410599142324
20,92,0.3388547718660266,3.157793158682807,2.3048234774636587,1.3700802640893777,-0.17335463128983974,-0.19402208179235458,0.07360907550901166,0.7930728513747454,0.1640150584280492,-0.20587224978953592,0.32135161105543375,0.20964262634515768
20,94,0.5023752556892661,4.174201175751454,2.3048234774636587,1.8110719612874435,-0.6554683838039641,-0.3140815384685993,-0.3009362714365126,0.6598591664806008,0.683779644779861,-0.5217401375994085,0.4743157224729657,0.006451962515711895
20,100,0.3886654196209463,3.503846718473181,2.3048234774636587,1.5202234586437773,-0.05614721681922685,-0.41214871779084206,0.01987974904477588,0.6816503694280984,0.5645850468426943,-0.3304060753434896,0.2568108607083559,-0.27667434513568867
20,102,0.556444031488249,4.3024695846410825,2.3048234774636587,1.8667241230012686,-0.5378969190642237,-0.03244785219430901,-0.10459830425679681,0.8299974650144577,0.03700879681855451,-0.897236216813326,0.6644060146063566,0.48885508440434944
20,107,0.40495669486972113,3.6224656678406277,2.3048234774636587,1.571688983239171,-0.007476884871721545,0.5020362129434943,-0.4123973306268458,0.7731233052909375,0.30944326613098405,-0.4207259984686971,0.10681257117539644,-0.08864257019013155
20,108,0.484884079594305,3.400672503187994,2.3048234774636587,1.4754589826246745,-0.10499791614711285,0.024325795471668243,-0.6487731309607623,0.8696047589182854,0.3730555856600405,-0.11131688393652439,0.47826806362718344,0.5584469418972732
20,109,0.4172423330517521,2.9225175803323995,2.3048234774636587,1.268000612154681,-0.32804709300398804,0.35900484863668664,-0.2609471455216408,-0.011128344573080429,0.5140965962782503,-0.904999521560967,-0.0293003274127841,0.06192522123456001
20,110,0.5686322971591221,4.4445198080696855,2.3048234774636587,1.928355837888572,-0.7160197515040642,-0.3479191847145554,-0.5233785221353173,0.5179433589801192,0.9783000554889442,-0.5522992387413979,0.32530108373612165,-0.20710583776235592
20,112,0.6006502729674951,2.7553368272590197,2.3048234774636587,1.1954654463564942,0.22768301144242278,-0.38803853094577767,-0.773861295543611,0.8615841139107944,0.6587814521044493,-0.9369282582774757,0.016676009632647038,-0.17475241329520952
20,113,0.3616373629803798,2.9678908092018217,2.3048234774636587,1.287686817763517,-0.6745043229311707,0.27533677313476795,-0.13605627231299902,0.23090107832103968,0.23726089112460635,-0.1375093813985586,0.5091075552627444,0.3305564364418389
20,114,0.3806580854063081,3.274669519952178,2.3048234774636587,1.4207897272704744,-0.321697100996971,0.005942005664110406,-0.3982826052233578,0.713540286757052,0.1946895131841303,-0.25387952011078596,-0.08038372080773115,0.5282907886430622
20,115,0.43488674193791604,2.626590982719471,2.3048234774636587,1.139606138345094,-0.1621168870478868,0.40503710228949774,-0.010475756600499292,0.3325504083186388,0.8351428816094996,-0.5861659236252308,0.41204783227294683,0.03373177815228712
20,116,0.48940276800503046,4.0393481105693,2.3048234774636587,1.752562896927099,-0.01772507280111313,-0.13708841241896141,-0.2782350713387133,0.43125989101827145,0.8944598520174624,-0.7691134242340923,-0.20978185813874017,0.4449842479079963
20,117,0.4001896951771332,3.0437280107583904,2.3048234774636587,1.3205905096505952,-0.41924108006060135,0.5126065565273163,-0.6618801169097424,0.5541618959978223,0.0034192586317660645,-0.07143919542431829,0.2982747545465827,-0.05849783495068539
20,118,0.3385224412778653,2.9235228657467593,2.3048234774636587,1.2684367780581391,-0.561120349913836,-0.24897446297109105,0.0963102830573916,0.07930464018136252,0.4220294561237098,-0.4531272808089853,0.13066223356872797,-0.3519438952207564
20,120,0.3456511968912575,2.6501790318013954,2.3048234774636587,1.1498403490395641,0.04965175967663521,-0.07851013168692578,0.14488482847809792,0.5485534453764558,0.3425036491826178,-0.46991359908133745,-0.2770187333226205,0.45869319420307886
20,123,0.44823628433885127,2.346682697389716,2.3048234774636587,1.0181615730381752,-0.09374957066029332,0.21459581051021798,-0.617212285287678,0.023387991823256016,0.15143367089331172,-0.8672763779759406,0.572958255186677,0.2600118285045029
20,125,0.4926995233142013,4.152958671077755,2.3048234774636587,1.801855418293411,-0.24189641606062684,0.07613301929086458,0.06545738223940131,0.7392783593386411,0.9449483621865512,-0.350996769964695,0.44156169332563877,0.340282851830125
20,127,0.44253469667834855,2.3753603206201164,2.3048234774636587,1.0306040110429975,0.14744792226701975,0.47927139233797805,-0.06011891644448067,0.6376191349700094,0.4027242707088591,-0.7772190812975167,0.3464741613715887,0.13704224303364776
21,25,0.36984232199587724,3.9887601670843,2.3048234774636587,1.7306141689747658,-0.06541990209370874,0.05076575838029371,-0.3303588582202791,-0.7742468742653726,-0.5363309644162655,0.2857611160725355,-0.065207458101213,-0.0724726868793368
21,26,0.4950328575103151,2.4145095315015035,2.3048234774636587,1.0475897851225244,0.07645925227552675,-0.7423101766034963,0.4271062575280668,-0.2837721584364772,-0.7518162252381443,-0.09812422562390555,-0.6852088021114469,-0.3102842709049582
21,27,0.4591508758611548,3.38448293924657,2.3048234774636587,1.4684347727015614,0.415475166402757,-0.32907029055058984,0.04516059998422861,-0.40671994164586067,-0.1420327248051762,0.735535364598036,-0.16152713727205992,-0.8067912803962827
21,30,0.4147176925480069,2.3994449284011132,2.3048234774636587,1.0410536650041333,-0.17880297731608152,-0.4874611208215359,-0.09383429773151875,-0.6852420186623931,-0.47708432748913765,0.10148950759321473,-0.44297389034181833,-0.44027301110327244
21,31,0.4315987375352016,2.6601414808648713,2.3048234774636587,1.1541627837773598,0.6608843831345439,-0.08788631856441534,0.5339513635262848,-0.054452173411845994,-0.39930667355656624,0.7707823794335128,0.033832841552793966,0.05442916601896283
21,33,0.3134343100571122,2.837853081209687,2.3048234774636587,1.2312669967821572,-0.1980670504271984,-0.2308483775705099,-0.25710072554647934,-0.506511213257909,-0.015132619068026557,-0.0887255175039171,0.12043489702045918,-0.5900396881625056
21,34,0.48248445575876847,3.5660996525882696,2.3048234774636587,1.547233307651214,0.19325299747288216,-0.4612111365422611,0.4788499725982549,0.011299503967165947,-0.3390159858390689,0.27733753621578217,-0.745911967009306,-0.7966241156682372
21,39,0.4197540283795793,3.639167812060147,2.3048234774636587,1.5789355877548015,0.5434020720422268,-0.36972600594162963,0.3395417854189876,-0.22824673820286975,-0.6856033559888601,0.3952395515516401,-0.027297569438815117,-0.42798107862472523
21,42,0.410922579176269,2.5312557995070124,2.3048234774636587,1.0982428043871417,0.012001127935945766,-0.7727451128885153,-0.3504508063197135,-0.17478481773287044,-0.522483328357339,-0.06558141484856583,-0.5615622317418456,0.08702012058347466
21,43,0.40937635754192403,3.870066830759301,2.3048234774636587,1.6791163699087763,0.48383726086467493,-0.17052226327359682,0.2597911329939962,-0.5479338262230157,-0.350962707772851,0.6409802092239263,-0.08475550357252357,-0.41060786973685026
21,44,0.4218885776648443,3.116550193824637,2.3048234774636587,1.352186067305355,0.33162867370992893,-0.6344620855525136,0.5586898233741525,-0.3944460432976483,-0.16268153674900523,0.4503738842904569,-0.46248998399823904,0.02188966237008569
21,45,0.30813409476106746,2.7217266254125887,2.3048234774636587,1.1808828971178786,0.11736858543008555,-0.2816451080143456,-0.05570629332214605,-0.2636974425986409,-0.5846668351441621,0.12451821099966764,0.0611916845664382,-0.4824412539601325
21,51,0.49179105998894257,3.0310514632021257,2.3048234774636587,1.3150905016542282,0.32234567124396535,-0.2688393518328669,-0.3061850732192394,-0.1073994413018226,-0.9038382265716792,0.033134521916508786,-0.7552253892645241,-0.5147965429350735
21,52,0.43223266568134167,3.7043579648800016,2.3048234774636587,1.6072198157910382,0.4276749221608043,-0.7933643152937294,-0.10091812722384896,0.0439218394458295,-0.7189521361142397,0.3502022223547101,-0.12795594427734613,0.11936394684016706
21,55,0.39437366625829323,3.9573916941570015,2.3048234774636587,1.7170042447293665,0.5674808928743003,-0.02369518391788039,0.13469640072435168,-0.4777951277792454,-0.6375620653852819,-0.03366784751415253,-0.4974603680893779,-0.1418860461562872
21,58,0.48089935290561403,3.8467607661653496,2.3048234774636587,1.669004504587273,0.09717619046568893,-0.6226214068010449,-0.149511554278433,-0.4252983629703522,-0.7985992683097719,0.3647908056154848,-0.031614312902092934,-0.6913377484306693
21,59,0.3234167405721803,4.216847679846126,2.3048234774636587,1.8295751154385813,0.38291607610881323,0.04269560053944549,0.4646137189120056,-0.2982748141512275,0.029628281481564045,0.1905846130102874,-0.5552959181368351,-0.19481224287301296
21,60,0.36954991071300725,2.424232194235089,2.3048234774636587,1.0518081831164066,0.24633159115910525,-0.4798985598608855,0.22834855783730762,-0.14509216975420694,-0.16047539096325633,-0.11870076414197683,0.07055397890508175,-0.8267649747431279
21,62,0.4523635897011757,2.6283020208144223,2.3048234774636587,1.1403485110741476,-0.14581856131553628,-0.8580067893490197,0.3538694465532902,-0.043687220662832094,-0.5552399810403584,0.5721566630527378,-0.33631924353539944,-0.06104391254484656
21,64,0.4568791664106293,2.351344878268129,2.3048234774636587,1.020184366073737,0.631590126082301,-0.7122622737661007,0.32662391103804134,0.0643246853724122,-0.010736529715359225,-0.01953971292823531,-0.6152487834915519,-0.5232933824881911
21,65,0.5028883957293914,3.533520562411124,2.3048234774636587,1.533098129623178,-0.15341736748814583,-0.3599116355180741,-0.043383647687733284,-0.8167064413428308,-0.870520089752972,0.656931569799781,-0.10719217453151941,-0.018830982036888655
21,67,0.3898511299051251,3.990321421578377,2.3048234774636587,1.73129155468753,0.23787815123796452,0.018068563193082463,-0.41786313150078036,-0.43350476678460825,-0.3434082753956318,0.33314529433846474,-0.010137212462723255,-0.7532628802582622
21,68,0.3350378347941741,4.177579522812018,2.3048234774636587,1.8125377338698547,0.39008763618767245,-0.4553924007341269,-0.1231224760413171,-0.5245230970904231,-0.27961089834570885,0.023885267786681652,-0.388672667555511,-0.1354598719626665
21,70,0.5609194460089513,4.602615829271017,2.3048234774636587,1.9969493864822838,-0.032211760058999506,-0.8199528520926835,-0.24851706251502004,-0.6574202813208103,-0.6821867050603032,0.46475699637085205,-0.7291138907894492,-0.36978065595030774
21,75,0.4364199065610867,3.588466030100484,2.3048234774636587,1.556937468395371,0.43515180703252543,-0.2914516031742097,0.546201337128878,-0.7455501854419707,-0.5346916774287821,-0.13679996877908696,-0.29653589986264706,0.05170692037791014
21,76,0.5731139835117567,4.022561680534253,2.3048234774636587,1.745279723096572,0.3141975561156869,-0.7708715116605166,0.28247415553778416,-0.8345240466296673,-0.5958959842100737,0.1803024997934699,-0.6725846454501152,-0.56437661126256
21,82,0.5463814744815317,3.3940039186634485,2.3048234774636587,1.4725656658089832,0.12441809754818667,-0.779733347706497,0.5319650517776612,-0.5531781474128367,-0.8994452515617012,0.10432588122785091,0.011021645739674568,-0.5964878564700484
21,90,0.39549496028886566,3.5745147515618405,2.3048234774636587,1.550884389417715,0.04861948266625393,-0.47021219041198503,-0.3735974859446285,-0.8680619094520807,0.04183779284358029,0.13474393822252761,-0.3222067104652524,-0.10505568329244852
21,92,0.46109536771750753,2.531938212965031,2.3048234774636587,1.0985388849610733,0.29109619185328484,-0.6089081550017001,0.4516522102057936,-0.08395045716315502,-0.7270252965390682,0.6190365348011257,-0.2018417762592435,-0.2860347125679255
21,93,0.4611739928039104,4.399821510449454,2.3048234774636587,1.9089624665274731,0.20085191540420055,0.04070181399583814,-0.16833434160798777,-0.7149400990456342,-0.14924740418791763,-0.0475478945299983,-0.6937852306291461,-0.7836479768157008
21,97,0.3885412499215283,2.609171992841909,2.3048234774636587,1.1320485140637193,-0.17120417114347197,0.010509578511118639,0.5684143677353862,0.10414332617074251,-0.6671811519190669,0.11191608384251617,-0.4853330980986357,-0.3887779088690877
21,98,0.4337192840900464,4.035698364793398,2.3048234774636587,1.7509793718495437,0.18105372320860602,-0.6885710535570979,-0.1909051677212118,-0.41320211719721556,-0.6248528715223074,0.009305552579462528,-0.1321774534881115,-0.6187159577384593
21,100,0.5081589760095961,2.9586581562488146,2.3048234774636587,1.283681021639309,0.4083036063238977,-0.8270347910001876,0.3979228837415578,-0.19537293910980205,-0.326455308124423,0.49450270924717205,-0.26638252660632133,-0.7723516840487719
21,101,0.4085458931918712,4.484073658547414,2.3048234774636587,1.9455171740448904,0.0678838538005948,-0.24043966457247756,0.01033347286283981,-0.5721532991155982,-0.4356664251536132,0.32697305642068397,-0.758814262226224,-0.2699567526578903
21,106,0.35358437101381673,3.1022019837944583,2.3048234774636587,1.345960770587201,-0.00802617147564888,-0.49813067819923185,0.34933287464082263,-0.7270950265228748,-0.19114378001540897,0.2297944398596884,0.07556263450533152,-0.07889798190444713
21,107,0.39446441333960336,3.759233806171472,2.3048234774636587,1.6310289455695401,0.45697393827140304,0.08715013973414872,-0.034354195930063836,-0.10390000324696291,-0.5815970888361334,0.4041827861219645,-0.4163808161392808,-0.5843199091032147
21,108,0.3772554536269948,3.436806679557092,2.3048234774636587,1.4911366155203885,0.35945290699601173,-0.3905602777376773,-0.2707299962639803,-0.0074185496196150225,-0.5179847693070769,0.7135919006541372,-0.0449253236874938,0.06276960298418997
21,109,0.4280982431386477,2.9164902992573842,2.3048234774636587,1.2653855394022773,0.13640373013913654,-0.05588122457265893,0.11709598917514119,-0.8881516531109809,-0.3769437586888671,-0.08009073697030533,-0.5524937147274613,-0.4337521176785232
21,111,0.5708356240179707,4.568943353460365,2.3048234774636587,1.9823398182702718,0.7141026277095079,-0.15995478257536927,0.49249628279358165,-0.49011131282895803,-0.8347263131290673,0.5952532365918162,-0.7054606871679425,-0.19941785186529165
21,112,0.5066033972826586,4.397065028628847,2.3048234774636587,1.9077665042997543,0.6921338345855473,-0.8029246041551232,-0.3958181608468291,-0.015439194627106079,-0.23225890286266807,-0.11201947368681409,-0.5065173776820302,-0.6704297522082927
21,113,0.42822845944364835,2.4417596451739843,2.3048234774636587,1.0594128656920039,-0.2100534997880461,-0.1395493000745776,0.24198686238378292,-0.6461222302168608,-0.6537794638425111,0.687399403192103,-0.014085832051932812,-0.16512090247124428
21,114,0.4169979149291124,3.451242660331583,2.3048234774636587,1.497399993568922,0.14275372214615356,-0.40894406754523516,-0.02023947052657582,-0.16348302178084853,-0.6963508417829871,0.5710292644798757,-0.6035771081224084,0.03261344972997904
21,115,0.3179876264020807,2.668295683117351,2.3048234774636587,1.1577006695773835,0.3023339360952378,-0.00984897091984785,0.36756737809628265,-0.5444729002192616,-0.055897473357617855,0.23874286096543085,-0.1111455550417304,-0.46194556076079607
21,116,0.39620918052114196,3.570925436117927,2.3048234774636587,1.5493270834118495,0.44672575034201145,-0.551974485628307,0.09980806335806863,-0.445763417519629,0.0034194970503449718,0.05579536035656929,-0.7329752454534174,-0.0506930910050869
21,117,0.48857986617592736,3.007776257800474,2.3048234774636587,1.3049920252940062,0.045209743082523235,0.09772048331797079,-0.2838369822129604,-0.32286141254007805,-0.8876210963353514,0.7534695891663433,-0.22491863276809454,-0.5541751738637686
21,118,0.5637106106735096,2.918506509237907,2.3048234774636587,1.2662603178832488,-0.09666952677071139,-0.6638605361804366,0.47435341775417356,-0.7977186683565379,-0.46901089884340763,0.37178150378167635,-0.39253115374594927,-0.8476212341338396
21,119,0.2909475039644965,3.8479953836521434,2.3048234774636587,1.6695401714176685,0.563093852251768,-0.2510870043188338,-0.1592973722144959,0.07548827584832923,-0.29702566005289555,0.20312939677387498,0.1155254514887929,-0.35096748173236847
21,120,0.4946853483081442,3.45130499454529,2.3048234774636587,1.497427038682926,0.5141025828197598,-0.49339620489627134,0.5229279631748799,-0.32846986316144466,-0.5485367057844996,0.3549951855093242,-0.8002121206372977,-0.0369841447100043
21,124,0.5712879905614753,4.231121183735419,2.3048234774636587,1.8357679992012026,0.2575542116537689,-0.7365339016541842,0.05960363801568769,-0.7567266393452883,-0.8053028117865323,0.1483624652028085,-0.5735749695450068,-0.6530262622982265
21,127,0.34233233735413254,3.314528927991013,2.3048234774636587,1.438083636512799,0.6118987454101443,0.06438531912863249,0.31792421825230127,-0.23940417356789098,-0.48831608425825834,0.047689703293144925,-0.17671922594308853,-0.35863509587943543
22,25,0.4427899622949813,3.889706213416863,2.3048234774636587,1.6876373620149372,0.04855651129037153,0.8516851542517542,-0.5828810818493364,-0.2798889158293605,-0.24272100161761034,0.1518432730808853,0.5523334098979831,0.18880690727382896
22,27,0.42486624988039556,3.013510498218423,2.3048234774636587,1.3074799557034358,0.5294515797868373,0.4718491053208706,-0.20736162364482874,0.08763801679015149,0.1515772379934789,0.6016175216063857,0.45601373072713614,-0.5455116862431169
22,28,0.27446487279274684,4.599891338929397,2.3048234774636587,1.995767304484135,0.385060782544315,-0.04854823648929629,-0.47096290346235,-0.07354091852903366,0.33628977462649357,0.28439322672784334,-0.16661715786904097,0.05543530732393254
22,31,0.5387802018197849,2.3932901057473157,2.3048234774636587,1.0383832554417616,0.7748607965186243,0.7130330773070451,0.28142913989722745,0.4399057850241661,-0.1056967107579111,0.6368645364418626,0.65137370955199,0.31570876017212857
22,32,0.4124314946890719,3.9811450171089033,2.3048234774636587,1.7273101632451051,0.7629819214344027,-0.017151517793536186,-0.14913118816912146,0.10688589420169597,-0.5813059778884052,0.5765933664515615,0.2147823739796877,0.16789756249636403
22,33,0.4140843179817878,2.529916799305478,2.3048234774636587,1.0976618487457976,-0.08409063704311814,0.5700710183009505,-0.5096229491755366,-0.012153254821896886,0.27847734373062855,-0.22264336049556732,0.7379757650196552,-0.32876009400933986
22,34,0.32450137570963994,3.264848105511721,2.3048234774636587,1.4165284836062675,0.3072294108569624,0.33970825932919935,0.22632774896919755,0.5056574624031781,-0.0454060230404138,0.14341969322413195,-0.1283710990101099,-0.5353445215150714
22,35,0.4050197145543182,4.368228248697978,2.3048234774636587,1.8952550125465537,0.3969243410974743,0.6900172261521219,-0.38416589703410847,-0.36356932017952204,-0.12363446690142132,0.4761343020945788,0.39482228457927704,-0.031858594156801756
22,39,0.4022726361528012,2.85664567592592,2.3048234774636587,1.2394205907124451,0.6573784854263072,0.4311933899298308,0.08701956178993028,0.2661112202331424,-0.391993393190205,0.2613217085599899,0.5902432985603809,-0.16670148447155947
22,43,0.4068577306012663,3.4099907877636273,2.3048234774636587,1.4795019319727467,0.5978136742487552,0.6303971325978637,0.007268909364938847,-0.05357586778700352,-0.0573527449741959,0.507062366232276,0.5327853644266725,-0.1493282755836845
22,44,0.2625607555916168,2.548532703414395,2.3048234774636587,1.1057387814440895,0.4456050870940092,0.16645731031894684,0.30616759974509516,0.09991191513836384,0.13092842604964988,0.31645604129880667,0.155050884000957,0.2831692565232514
22,45,0.36499455482858023,2.3538392443441354,2.3048234774636587,1.0212666034339497,0.23134499881416581,0.5192742878571148,-0.3082285169512034,0.23066051583737118,-0.2910568723455069,-0.009399631991982571,0.6787325525656343,-0.22116165980696673
22,48,0.4455993000777007,4.177605036847507,2.3048234774636587,1.8125488037134843,0.8026848444715144,0.27022407203912724,0.1811720794066789,-0.14260149747133277,-0.1527999099344014,0.017280520871281624,0.7474410282447934,-0.4854614837095142
22,50,0.33957233031256057,4.167467627502642,2.3048234774636587,1.8081504584848853,0.2835777746513489,0.11867887154221524,0.05565442424267569,-0.24401586409658205,0.3112915819510818,0.7012981921434402,0.33863374684005976,0.24887413810938594
22,51,0.4185003815354626,2.6407036243253303,2.3048234774636587,1.1457292283534402,0.4363220846280456,0.5320800440385935,-0.5587072968482967,0.3869585171341895,-0.6102282637730241,-0.10078332107514143,-0.13768452126532804,-0.2535169487819077
22,52,0.4062613492186705,2.638005876342192,2.3048234774636587,1.1445587491347422,0.5416513355448846,0.0075550805777310215,-0.3534403508529063,0.5382797978818417,-0.42534217331558455,0.2162843793630599,0.4895849237218499,0.3806435409933328
22,55,0.3964973117973611,3.6269043387873903,2.3048234774636587,1.5736148014157747,0.6814573062583804,0.77722421195358,-0.11782582290470567,0.01656283065676678,-0.3439521025866268,-0.16758569050580274,0.12008049990981817,0.11939354799687857
22,56,0.3614699242486184,4.363127610822907,2.3048234774636587,1.8930419849872009,0.6012309659272433,0.08178927376866318,-0.5266367848962541,-0.3295325627550483,-0.08627652842551459,-0.07729686237871647,0.4302959702908993,0.30431038420647377
22,58,0.36731329422295955,2.8827563842219437,2.3048234774636587,1.2507493143875257,0.2111526038497692,0.1782979890704155,-0.40203377790749034,0.06905959546565998,-0.5049893055111168,0.2308729626238346,0.5859265550971031,-0.43005815427750355
22,59,0.3804612723535493,4.213171576513784,2.3048234774636587,1.8279801545366787,0.4968924894928935,0.8436149964109059,0.21209149528294824,0.19608314428478463,0.3232382442802192,0.05666677001863718,0.062244949862360954,0.0664673512801528
22,61,0.4462378085960184,4.456463282402449,2.3048234774636587,1.9335377854214506,0.33214405179023776,0.7357437154278157,-0.6346254134550688,-0.019791956990957482,-0.44464355893433083,0.5406358325853944,0.2112883012741804,-0.06006735749542719
22,65,0.40514164716153206,2.857880460664873,2.3048234774636587,1.2399563301089875,-0.03944095410406556,0.44100776035338635,-0.29590587131679064,-0.3223484829068186,-0.5769101269543169,0.5230137268081307,0.5103486934676766,0.2424486121162771
22,67,0.4874449649599286,3.8143663221858928,2.3048234774636587,1.6549494395047595,0.3518545646220448,0.8189879590645429,-0.6703853551298378,0.060853191651403904,-0.0497983125969767,0.19922745134681452,0.6074036555364728,-0.4919832861050964
22,68,0.2729475094908394,3.5317389716822642,2.3048234774636587,1.5323251460319052,0.5040640495717528,0.34552699513733354,-0.37564469967037445,-0.03016513865441095,0.013999064452946297,-0.11003257520496856,0.22886820044368505,0.12581972219049925
22,70,0.26677351542423877,3.745874954925725,2.3048234774636587,1.6252329046248133,0.08176465332508076,-0.0190334562212231,-0.5010392861440773,-0.16306232288479816,-0.38857674226164807,0.33083915337920183,-0.11157302279025316,-0.10850106179714197
22,72,0.3780070193596924,3.9495355079106185,2.3048234774636587,1.7135956599404663,0.6886288886889816,0.2791052162647245,-0.45197619125247007,0.24267747998237615,-0.5258418461307881,0.1286284700036049,0.17147512547671795,0.07329051475971937
22,75,0.3610501117320085,2.8542377986286502,2.3048234774636587,1.2383758784727386,0.5491282204166057,0.5094677926972507,0.2936791134998206,-0.25119222700595856,-0.24108171463012695,-0.27071781177073717,0.321004968136549,0.3129865145310759
22,77,0.4192199252423185,3.0183265188207247,2.3048234774636587,1.3095694955963568,0.2759789461269978,0.6168040661141274,-0.5939637860283253,0.5291369901970029,0.11969951540231716,0.24506511073559512,0.4525245539844036,0.19341365806758404
22,79,0.5166265827041137,4.134933369196592,2.3048234774636587,1.7940347317820955,0.7942314269021157,0.7682221895083782,-0.2194799063727259,0.14592160657048225,-0.46308258827775695,-0.05627166759222746,0.5476149395108223,-0.5720984749495983
22,80,0.3878746587798199,4.533472809811748,2.3048234774636587,1.9669501174990653,0.8474651807919146,0.36780747584998597,-0.09509916603565177,-0.1920244563370943,-0.016743793152272646,0.279420911334455,0.47365671396255493,-0.03834200371056801
22,82,0.35605413816393633,2.3371025274868265,2.3048234774636587,1.0140049987943933,0.23839451093226693,0.02118604816496339,0.27944282814860383,-0.058820188976824506,-0.605835288763046,-0.0295919617637993,0.6285625137388706,-0.33520826231688267
22,84,0.4504070715800944,3.9528688190700354,2.3048234774636587,1.7150418926745605,0.5906419651582839,0.1285232827067373,-0.5770415682345627,0.2195701990276574,0.25006306916475307,0.4551091054454446,0.762644562870264,-0.158383920788765
22,88,0.43566437496929733,4.222376065440307,2.3048234774636587,1.831973731058492,0.6502068135887387,-0.07071050070226204,-0.25054102670401307,-0.006916710175573937,-0.20826502516865708,0.6840007184073329,0.7048662239685655,-0.14061422925442463
22,90,0.3338486313073877,2.9691583993866906,2.3048234774636587,1.2882367905476644,0.1625958960503342,0.3307072054594754,-0.6261197095736859,-0.37370395101606857,0.3354477556422354,0.0008260952308773994,0.29533415753394365,0.15622391086071724
22,93,0.41316948081664956,4.362158287032014,2.3048234774636587,1.8926214218506434,0.3148283287882808,0.8416212098672986,-0.4208565652370451,-0.220582140609622,0.1443625586107375,-0.18146573752164852,-0.07624436262995005,-0.5223683826625349
22,97,0.4020972917923185,2.8669974377677243,2.3048234774636587,1.2439119376390202,-0.057227757759391706,0.8114289743825791,0.3158921441063289,0.5985012846067547,-0.37357118912041176,-0.022001759149134048,0.13220776990056038,-0.12749831471592193
22,98,0.31453686968819333,3.0085683389941673,2.3048234774636587,1.3053356877052225,0.2950301365926863,0.11234834231436253,-0.44342739135026915,0.0811558412387966,-0.33124290872365225,-0.12461229041218769,0.48536341451108456,-0.35743636358529357
22,104,0.44483764676743315,4.041692796091223,2.3048234774636587,1.753580191980212,0.7146568614989524,0.14965088106691837,-0.027670844458043464,-0.08439176063984666,-0.4788138875737784,0.6539214942604303,0.28356666024774313,-0.5520332278683784
22,107,0.45417609949110405,3.722204412891734,2.3048234774636587,1.6149629024899692,0.5709503516554832,0.8880695356056092,-0.2868764195591212,0.39045795518904924,-0.2879871260374782,0.2702649431303143,0.20116005185991526,-0.323040314950049
22,108,0.4640440861852301,3.061005477861527,2.3048234774636587,1.3280867310628093,0.473429320380092,0.4103591181337831,-0.5232522198930376,0.4869394088163971,-0.2243748065084218,0.579674057662487,0.5726155443117023,0.32404919713735575
22,109,0.33126800503177634,2.779481064581486,2.3048234774636587,1.2059409719481702,0.2503801435232168,0.7450381712988015,-0.13542623445391616,-0.3937936946749687,-0.08333379589021195,-0.21400857996195555,0.06504715327173471,-0.1724725235253574
22,111,0.457076325219839,3.8917546801414034,2.3048234774636587,1.6885261358167358,0.8280790410935882,0.6409646132960911,0.2399740591645243,0.0042466456070541225,-0.5411163503304122,0.4613353936001659,-0.08791981916874647,0.06186174228787411
22,112,0.43924727841238803,3.4052538587611143,2.3048234774636587,1.4774467077662812,0.8061102479696276,-0.002005208283662796,-0.6483403844758864,0.4789187638089061,0.06135105993598705,-0.2459373166784643,0.11102349031716585,-0.40915015805512694
22,114,0.32466654128589384,2.911394588867411,2.3048234774636587,1.2631746497442193,0.2567301355302338,0.3919753283262253,-0.27276169415563317,0.3308749366551636,-0.402740878984332,0.43711142148822546,0.013963759876787663,0.2938930438831448
22,115,0.3839030109354389,2.496600015657072,2.3048234774636587,1.0832066056548737,0.41631034947931805,0.7910704249516126,0.1150451544672253,-0.05011494178324949,0.23771248944103726,0.10482501797378063,0.5063953129574656,-0.2006659666076303
22,116,0.26316461626111437,2.924089447618942,2.3048234774636587,1.2686826024684346,0.5607021637260917,0.24894491024315346,-0.15271416027098872,0.048594540916383155,0.2970294598490001,-0.07812248263508093,-0.11543437745422136,0.21058650314807886
22,117,0.5155845906579565,3.0715405442816817,2.3048234774636587,1.3326576088428934,0.1591861564666035,0.8986398791894312,-0.5363592058420177,0.17149654589593405,-0.5940111335366962,0.6195517461746931,0.3926222352311015,-0.2928955797106028
22,119,0.47503841499507166,3.251768404047551,2.3048234774636587,1.4108535581327717,0.6770702656358483,0.5498323915526266,-0.41181959584355327,0.5698462342843413,-0.003415697254240402,0.06921155378222477,0.733066319487989,-0.08968788757920271
22,120,0.31369410526786756,2.619295747858495,2.3048234774636587,1.1364409350519533,0.62807899620384,0.3075231909751891,0.27040573954582253,0.1658880952745675,-0.2549267429858445,0.22107734251767397,-0.1826712526381017,0.22429544944316146
22,123,0.4531074762044577,4.443086011585983,2.3048234774636587,1.9277337527277245,0.4846776658669115,0.6006291331723328,-0.4916913742199534,-0.3592773582786323,-0.44599672127515055,-0.17628543637692917,0.6673057358711958,0.02561408374458546
22,124,0.2884597185157635,3.0669047044845423,2.3048234774636587,1.3306462444835538,0.37153062503784917,0.06438549421727624,-0.19291858561336966,-0.2623686809092761,-0.5116928489878771,0.014444622211158276,0.0439658984541893,-0.3917466681450607
22,127,0.4463845635920802,3.128404894507081,2.3048234774636587,1.3573294983743103,0.7258751587942246,0.865304715000093,0.06540199462324392,0.25495378486812115,-0.1947061214596032,-0.08622813969850529,0.4408216420561075,-0.09735550172626967
23,28,0.4624168905505528,4.1162763723078175,2.3048234774636587,1.7859399700481926,-0.3367676613852381,-0.696193658746779,0.15707459114491984,-0.200378024019301,0.5082752518355848,-0.007037675939500221,-0.6898105526342988,0.5598940420895815
23,29,0.3003886999680942,3.6067564572768394,2.3048234774636587,1.5648731855360531,-0.43384790886193486,-0.033299967646598705,0.5348660117015245,0.18059659749269485,-0.35093532875180233,-0.20578012429177767,-0.21300382819026703,0.05445728451013565
23,30,0.3942212121715889,3.249708955040066,2.3048234774636587,1.4099600194181492,-0.7866550078615544,-0.3341871472075582,0.2816809732466937,-0.31772116571664827,-0.011488887481391319,-0.32385923806577904,-0.3486264171078801,0.3254653178155422
23,31,0.4670456404340574,3.371476579044962,2.3048234774636587,1.462791668000146,0.05303235258907113,0.06538765504956237,0.9094666345044973,0.31306867953389883,0.06628876645118009,0.34543363377451897,0.1281803147867322,0.8201674949377775
23,33,0.3925962076494319,2.868864518945743,2.3048234774636587,1.2447220132028431,-0.8059190809726713,-0.0775744039565322,0.11841454543173313,-0.13899036031216422,0.45046282093971973,-0.5140742631629109,0.2147823702543974,0.17569864075630903
23,38,0.4977041844613434,4.109275472242566,2.3048234774636587,1.782902470589468,-0.653473561629653,-0.5530804181471465,0.35090696904808305,-0.23779091890901333,0.38920296262949716,-0.1983330994844436,-0.4092685468494892,0.8430623151361942
23,39,0.3061035055295814,2.490058515121024,2.3048234774636587,1.0803684271132152,-0.06444995850324597,-0.21645203232765192,0.7150570563972001,0.13927411474287504,-0.2200079159811138,-0.030109194107353687,0.0670499037951231,0.33775725029408943
23,41,0.4762855754105999,3.750345122504552,2.3048234774636587,1.627172388330414,-0.7338143745437262,0.11085940338671199,0.759724860079587,-0.3290039692074063,-0.36606091819703557,-0.10902837757021183,-0.08672293368726969,0.6520553091540933
23,42,0.49576877867798436,3.7997443176270784,2.3048234774636587,1.648605350813462,-0.5958509026095271,-0.6194711392745376,0.025064464658498986,0.19273603521287436,-0.056887888349592686,-0.4909301605075596,-0.4672147585079074,0.8527584495022893
23,43,0.28233124932195747,2.4259403166448075,2.3048234774636587,1.052549290809217,-0.12401476968079789,-0.01724828965961911,0.6353064039722087,-0.18041297327727085,0.11463273223489528,0.21563146356493246,0.009591969661414651,0.3551304591819644
23,44,0.5036833476211104,4.4368715464350865,2.3048234774636587,1.9250374659137188,-0.2762233568355439,-0.4811881119385359,0.934205094352365,-0.026925190351903494,0.30291390325874107,0.025025138631463106,-0.3681425107643008,0.7876279912889004
23,45,0.2690810544282062,2.825830186340423,2.3048234774636587,1.2260505908461614,-0.4904834451153873,-0.1283711344003679,0.3198089776560664,0.10382341034710385,-0.11907139513641574,-0.30083053465932613,0.15553915780037642,0.28329707495868217
23,46,0.5156630254345717,3.559514681620623,2.3048234774636587,1.5443762684757483,-0.8550189649686211,-0.3665154250338673,0.5587494503706696,-0.42569854669272916,-0.30233005993068207,-0.4169261492788789,-0.7093237927183509,-0.009194357320666535
23,48,0.35400853504019225,2.3456780755213336,2.3048234774636587,1.017725695029206,0.08085640054196135,-0.3774213502183555,0.8092095740139487,-0.2694386029616001,0.019185567274689785,-0.27415038179606194,0.22424763347953558,0.0189972510561347
23,51,0.3558369008570293,2.782730518590945,2.3048234774636587,1.207350821353659,-0.2855063593015075,-0.11556537821888918,0.06933019775897309,0.2601214116439222,-0.4382427865639329,-0.392214223742485,-0.6608779160305859,0.2509417859837412
23,52,0.43892486539332204,2.9045989216684514,2.3048234774636587,1.2602261952246405,-0.1801771083846685,-0.6400903416797517,0.2745971437543635,0.41144269239157427,-0.25335669610649336,-0.07514652330428367,-0.03360847104340792,0.8851022757589817
23,54,0.29821234391323,3.43359100914587,2.3048234774636587,1.4897414238960993,-0.6932984935119748,-0.2701437165960668,0.14999075420200858,0.012856137007474844,0.2190742064267398,0.2418085532262922,0.1200804403051734,0.11940554715692975
23,58,0.2871242015347085,2.456248161333458,2.3048234774636587,1.065699037410203,-0.510675840079784,-0.46934743318706723,0.22600371669977948,-0.05777751002460735,-0.3330038283020256,-0.06055794004350895,0.06273316033184528,0.07440058048814535
23,60,0.3659766975428301,3.5185778254254103,2.3048234774636587,1.5266148838857831,-0.3615204393863676,-0.32662458624690777,0.60386382881552,0.22242868319153786,0.30512004904448997,-0.5440495098009706,0.16490145213901997,-0.061026645824313275
23,63,0.3339219772769315,3.5458528131886085,2.3048234774636587,1.5384487566443221,0.03188624791800977,-0.05698713473975642,0.36892734467983246,-0.29540507122874265,0.2695665163919331,-0.17601793073117739,-0.7187783233821392,0.21001092903316032
23,64,0.4646855808916354,4.585801237169114,2.3048234774636587,1.9896539938995916,0.023738095536828194,-0.558988300152123,0.7021391820162538,0.431845538318157,0.45485891029238706,-0.4448884585872291,-0.5209013102576137,0.24244494643062353
23,70,0.44194008029055376,2.384826400850706,2.3048234774636587,1.0347110848918835,-0.6400637906044724,-0.6666788784787059,0.12699820846319243,-0.2898994283750655,-0.21659126505255688,0.03940825071185827,-0.634766417555511,0.3959576729685069
23,71,0.42059269036467434,3.5904827981950977,2.3048234774636587,1.5578124890268135,-0.1131206303834914,-0.06397443078458293,0.5011599408462646,0.33298422023653973,0.392619375139475,-0.25220670923590655,-0.1423348682001233,0.8934424966573715
23,73,0.3909493911109005,3.6609556535333962,2.3048234774636587,1.5883887375019679,-0.6847231322899456,0.23188129067420965,0.5463205687701704,-0.26123991608619707,0.5365974167361857,0.1375025138258934,0.1402249950915575,0.08305103611201048
23,75,0.5088305794946385,2.88019781780546,2.3048234774636587,1.2496392222518367,-0.1727002235129474,-0.138177629560232,0.9217166081070904,-0.3780293324962259,-0.06909623742103577,-0.5621487144380808,-0.20218842662870884,0.8174452492967248
23,76,0.44309034078473497,2.4349408429842008,2.3048234774636587,1.056454373531343,-0.2936544744297859,-0.6175975380465388,0.6579894265159967,-0.46700319368392246,-0.1303005442023274,-0.24504624586552387,-0.578237172216177,0.20136171765625466
23,77,0.34314520652764385,4.059340923508087,2.3048234774636587,1.7612372327859074,-0.4458494978025553,-0.030841356143355314,0.03407370857894454,0.4022998847067355,0.29168499261140834,-0.046365791931748446,-0.07066884078085423,0.6978723928332329
23,82,0.4763374059254039,4.138702644350233,2.3048234774636587,1.795670117394268,-0.48343393299728615,-0.6264593740925193,0.9074803227558736,-0.18565729446709184,-0.43384981155395486,-0.32102286443114286,0.10536911897361279,0.16925047244876623
23,85,0.46169371325504427,3.8306749695774536,2.3048234774636587,1.6620253164866738,-0.6044263904914258,-0.12150425463914877,0.6712189335376026,-0.034397264942527095,-0.24993716925382592,-0.13088835868984455,-0.2686055041849613,0.8495450764894485
23,90,0.4321598276611794,2.463367321144788,2.3048234774636587,1.0687878465450198,-0.5592325478792188,-0.3169382167980073,0.0019177850335839741,-0.500541056506336,0.5074332328513266,-0.29060480743646616,-0.22785923723131418,0.6606826456263661
23,91,0.39534538985058637,3.68007005587856,2.3048234774636587,1.5966819549791686,-0.21142747811973073,0.0823179353028535,0.6260433113202455,0.37236118875443924,-0.3207945553585886,0.010897005908191315,-0.735427631996572,0.15633688401430823
23,92,0.4213202603363044,3.9037815162706204,2.3048234774636587,1.6937442517578543,-0.316755838692188,-0.45563418138772244,0.8271674811840061,0.2835703957825898,-0.2614298565313219,0.19368778914213192,-0.10749430302530527,0.47970361635088915
23,93,0.3623281424529204,3.658806784256217,2.3048234774636587,1.5874564017729238,-0.40700011514127227,0.19397578760981585,0.2071809293702247,-0.34741924609988933,0.3163480358198287,-0.4728966401889921,-0.5994377573952079,-0.017909647896886094
23,95,0.3374859150816427,3.1629869929569527,2.3048234774636587,1.3723337270226263,0.049606805667281165,-0.16277217119932152,0.08264134172350168,-0.23032656125724343,-0.10087656602263428,0.07733292598277336,-0.4464736385270953,0.7790014371275902
23,100,0.3833074384720468,3.9241948417421852,2.3048234774636587,1.7026010365273452,-0.1995484242215751,-0.67376081738621,0.7734381547197703,0.17214791383594275,0.13914013188332325,0.06915396358817827,-0.17203505337238312,-0.006613355129957199
23,101,0.3853255422242622,3.5014878818794024,2.3048234774636587,1.519200023826819,-0.5399681767448781,-0.08716569095849985,0.3858487438410523,-0.20463244616985338,0.02992901485413313,-0.0983756892383098,-0.6644667889922857,0.49578157626092434
23,106,0.46998867461370614,3.200485934726261,2.3048234774636587,1.3886034943761651,-0.6158782020211218,-0.34485670458525414,0.7248481456190351,-0.35957417357713,0.27445165999233734,-0.19555430579930538,0.16991010773926973,0.6868403470143676
23,108,0.3594018012059273,2.677839413208868,2.3048234774636587,1.1618414335815836,-0.2483991235494611,-0.2372863041236996,0.10478527471423216,0.3601023033261298,-0.0523893292993306,0.2882431549951434,0.049422149546444416,0.8285079319030046
23,109,0.40757087504536865,2.7706977298626776,2.3048234774636587,1.2021301227422805,-0.4714483004063363,0.09739274904131878,0.49261126015335366,-0.520630800165236,0.08865168131887924,-0.5054394826292992,-0.4581462414935231,0.3319862112402915
23,113,0.44712308614013185,3.1675402585234678,2.3048234774636587,1.3743092646770438,-0.817905530333519,0.0137246735394001,0.6175021333619954,-0.27860137727111595,-0.18818402383476474,0.26205065753310924,0.0802616411820054,0.6006174264475703
23,114,0.42140942337477205,2.7502776875065957,2.3048234774636587,1.1932704236999254,-0.46509830839931926,-0.25567009393125745,0.35527580045163665,0.20403783116489627,-0.2307554017752408,0.1456805188208819,-0.5092296348884702,0.7983517786487937
23,115,0.352250317501848,3.0786946980174053,2.3048234774636587,1.3357616008863953,-0.30551809445023503,0.14342500269412986,0.7430826490744951,-0.17695204727351682,0.4096979666501285,-0.18660588469356293,-0.016798081807792187,0.3037927681580186
23,116,0.45998067717752467,3.702206762478886,2.3048234774636587,1.6062864677831974,-0.16112628020346137,-0.39870051201432927,0.4753233343362811,-0.07824256457388418,0.4690149370580913,-0.3695533853024245,-0.6386277722194792,0.7150452379137278
23,117,0.3036323175573617,2.7971778535705325,2.3048234774636587,1.2136191256818873,-0.5626422874629495,0.2509944569319485,0.09167828876525208,0.04465944040566672,-0.422025656327605,0.32812084350734955,-0.13057115953415632,0.21156315505504608
23,118,0.46942726317824274,3.397288819461935,2.3048234774636587,1.4739908946087614,-0.7045215573161843,-0.510586562566459,0.849868688732386,-0.4301978154107931,-0.0034154588356613003,-0.05356724187731743,-0.29818368051201105,-0.08188290521502495
23,120,0.4967838758466836,2.5582732661956635,2.3048234774636587,1.1099649457801053,-0.09374944772571303,-0.34012223128229363,0.8984432341530924,0.03905098978430016,-0.08294126577675331,-0.07035356014966959,-0.7058646474033595,0.7287541842088103
23,124,0.393413874928958,2.366894409711694,2.3048234774636587,1.0269308833648039,-0.3502978188917039,-0.5832599280402064,0.43511890899390016,-0.38920578639954345,-0.33970737177878596,-0.2769862804561853,-0.47922749631106853,0.11271206662058819
23,127,0.32793385009953485,2.483028015656621,2.3048234774636587,1.0773180852830722,0.004046714864671522,0.2176592927426102,0.6934394892305138,0.12811667937785381,-0.022720644250512012,-0.37765904236584885,-0.08237175270915031,0.40710323303937923
24,47,0.3439970072345467,3.5142556471158843,2.3048234774636587,1.5247396086849758,0.193497134372592,0.6633287882432342,-0.4827562319114806,-0.011178860440850258,0.08121821004897362,0.21485756337642678,0.30889954045414925,0.2964248014613985
24,49,0.4254862089331768,3.0788866028497814,2.3048234774636587,1.3358448631553945,-0.7541113831102843,0.7168977959081528,-0.23225420247763423,-0.35505314450711006,-0.0978538049384951,-0.10321355704218149,0.2424710150808096,0.3265828154981135
24,50,0.4132032062560663,3.901390557381798,2.3048234774636587,1.6927068799538092,-0.3622420299798248,-0.08377576060593128,0.0065880380570889074,-0.8372575966641307,0.22578455694019794,0.24921196326613435,0.3099820092320442,0.5634178295731543
24,53,0.42750752800073843,3.387153567288848,2.3048234774636587,1.4695934853181203,-0.5144734457135197,0.4679093854501841,0.20770843606442213,-0.9279099544510245,0.16113675571978098,-0.06833227630704636,-0.06226014159619808,0.19952196720987547
24,57,0.27155148650980615,3.4847302242769573,2.3048234774636587,1.5119293335694959,-0.5720813451334834,0.276488094590604,-0.21157984249293837,-0.04593743011355387,-0.2815665770322084,0.17836204450577509,-0.12203738000243891,0.11548502556979645
24,103,0.4167186448323162,3.938719906583729,2.3048234774636587,1.7089030657211504,-0.007476847618818339,0.5020061722025273,-0.6657389942556622,-0.7729896716773509,0.18184968922287226,0.04218750726431611,0.23767002951353788,0.07149651926010836
24,121,0.37891602248877854,3.2614983734772043,2.3048234774636587,1.415075126302652,-0.5520692858844994,0.520419063977897,-0.416213843971491,-0.5541754821315407,-0.012205502949654945,-0.05359071120619774,0.29624533746391535,0.043308783322572486
24,126,0.49967163125420233,3.958750471006037,2.3048234774636587,1.7175937809182857,-0.6967123299837112,-0.0019005723297598198,-0.6175668956711888,-0.7075721891596916,-0.20243573095649475,0.25418475363403564,-0.0797733636572957,0.7196951108053325
25,26,0.5121249665377303,3.679971825202507,2.3048234774636587,1.5966393353698953,0.14187915436923548,-0.79307593498379,0.7574651157483459,0.49047471582889546,-0.2154852608218788,-0.38388534169644106,-0.6200013440102339,-0.2378115840256214
25,27,0.4412901050386132,2.6576002670726093,2.3048234774636587,1.1530602204717055,0.48089506849646574,-0.3798360489308835,0.3755194582045077,0.36752693261951197,0.39429823961108923,0.44977424852550046,-0.09631967917084691,-0.7343185935169458
25,28,0.48299344312383335,3.533386469870893,2.3048234774636587,1.5330399505298364,0.33650427125394344,-0.9002333907410505,0.11191817838698648,0.20634799730032682,0.5790107762441039,0.13254995364695804,-0.718950567767024,-0.13337159994989642
25,29,0.39497159411647204,2.715986311811558,2.3048234774636587,1.1783923317200686,0.2394240237772467,-0.23733969964087012,0.48970959894359106,0.5873226188123226,-0.2801998043432832,-0.0661924947053194,-0.24214384332299224,-0.6388083575293422
25,31,0.5113478790653281,2.6491544419570014,2.3048234774636587,1.149395807470801,0.7263042852282526,-0.13865207694470905,0.8643102217465639,0.7197947008535266,0.13702429085969925,0.48502126336097723,0.09904029965400697,0.12690185289829964
25,32,0.5015531980527577,3.1385876312168595,2.3048234774636587,1.3617475099093992,0.7144254101440312,-0.8688366720452904,0.433749893680215,0.38677481003105646,-0.33858497627079487,0.42475009337067615,-0.3375510359182954,-0.020909344777464922
25,34,0.5731156222642843,3.907948030956124,2.3048234774636587,1.695551988760815,0.2586728995665909,-0.5119768949225548,0.809208830818534,0.7855463782325386,0.19731497857719654,-0.00842357985675335,-0.680704508908093,-0.7241514287889004
25,37,0.3401755509529323,4.019530514343125,2.3048234774636587,1.7439645828176022,0.12206546682864461,-0.018946027383208566,0.5454778214916585,0.6945888670161366,0.2601402783766389,-0.19074063654988993,-0.056440453045070144,-0.15249946247786286
25,38,0.3750468172984419,3.159352046678646,2.3048234774636587,1.3707566230431463,0.019798371009528637,-0.7571201501414179,0.3057505562901497,0.1689351024106145,0.4599384870380163,-0.05874546989798535,-0.43840856198221445,0.14979667309671635
25,39,0.4266807489157524,2.7229800714574846,2.3048234774636587,1.1814267331457358,0.6088219741359355,-0.42049176432192337,0.6699006436392667,0.5460001360625029,-0.14927239157259464,0.10947843547910457,0.03790988866239789,-0.3555083917453884
25,40,0.5328960598460156,4.095377456970668,2.3048234774636587,1.7768725010895077,0.6539008114486933,-0.4284259798005222,0.3543285122141241,0.7006819928064941,0.5951281534507871,0.2076712995767595,-0.5926696844398975,-0.5437135286629201
25,41,0.28112946633831254,2.8030310870809267,2.3048234774636587,1.216158683946382,-0.06054244190454461,-0.09318032860755943,0.7145684473216536,0.0777220521122215,-0.2953253937885164,0.03055925201624643,-0.1158629488199949,-0.04121033288538464
25,42,0.4241700665116604,2.7793297860146726,2.3048234774636587,1.2058753363069628,0.0774210300296545,-0.8235108712688091,-0.020091948099434376,0.5994620565325022,0.013847636058926471,-0.35134253092110135,-0.49635477364063263,0.15949280746281147
25,44,0.4867352868465185,3.4892783117101716,2.3048234774636587,1.513902624573204,0.39704857580363767,-0.6852278439328073,0.8890486815944316,0.3798008309677243,0.3736494276672602,0.16461276821792137,-0.39728252589702606,0.0943623492494225
25,46,0.47329093398922545,2.8499506433514448,2.3048234774636587,1.2365157988097513,-0.18174703232943956,-0.5705551570281387,0.5135930376127362,-0.018972525373101345,-0.23159453552216291,-0.2773385196924206,-0.7384638078510761,-0.7024599993601444
25,48,0.5035287211678104,3.4048410525819266,2.3048234774636587,1.4772676024320879,0.7541283331811429,-0.5814610822126269,0.7640531612560153,0.1372874183580277,0.08992109168320894,-0.13456275220960368,0.19510761834681037,-0.6742683909833431
25,50,0.4554741955026197,4.479892775298876,2.3048234774636587,1.9437032029145984,0.2350212633609774,-0.7330062827095389,0.6385355060920122,0.03587305173277844,0.5540125835686922,0.549454919062555,-0.2136996630579233,0.060067230835556984
25,52,0.4685060025241084,2.638029609934185,2.3048234774636587,1.1445690464925333,0.49309482425451306,-0.8441300736740232,0.22944073099643014,0.8181687137112021,-0.1826211716979742,0.06444110628217459,-0.06274848617613313,0.19183663371950385
25,54,0.3498801099251634,2.5203624390886503,2.3048234774636587,1.0935164726203594,-0.020026560872793198,-0.47418344859033823,0.10483434144407522,0.41958215832710266,0.28980973083525896,0.38139618281275045,0.09094042517244819,-0.5738600948825481
25,56,0.35514625454399174,2.6744638576482673,2.3048234774636587,1.1603768721548164,0.5526744546368718,-0.769895880483091,0.05624429695308231,-0.04964364692568779,0.15644447319209576,-0.22914013545960177,-0.12203743960708377,0.11550347693264483
25,59,0.4533380606089198,3.9566499577427554,2.3048234774636587,1.7166824255438633,0.44833597820252197,-0.008070157840848219,0.7949725771322846,0.4759720601141451,0.5659592458978295,-0.09517650306224812,-0.4900884600356221,-0.12233955599367616
25,60,0.49737160141050063,2.82420250333512,2.3048234774636587,1.2253443836154478,0.311751493252814,-0.5306643182411792,0.5587074160575867,0.6291547045111656,0.37585557345300913,-0.40446188021451235,0.13576143700629476,-0.7542922878637911
25,63,0.44618559193380025,3.5466740600657762,2.3048234774636587,1.5388050732495624,0.7051581805571914,-0.26102686673402786,0.3237709319218991,0.11132095009088516,0.34030204080045223,-0.036430301144719124,-0.7479183385148644,-0.4832547130063175
25,64,0.6202928987742741,3.7201615260716694,2.3048234774636587,1.6140765496564269,0.6970100281760098,-0.7630280321463945,0.6569827692583204,0.8385715596377848,0.5255944347009063,-0.3053008290007708,-0.5500413253903389,-0.4508206956088543
25,66,0.40009051764335013,3.9825935920957,2.3048234774636587,1.7279386603950868,0.2765379389747977,-0.6178150502964853,0.5325012961402535,0.47147544752806425,0.11469448357820511,0.252877582795918,-0.45298637077212334,-0.18510924838483336
25,69,0.47535441884996327,3.7480435323188073,2.3048234774636587,1.626173791167443,0.17117149103432872,-0.17139219865202923,0.8314038142561915,0.6229185601696371,-0.07105776667594899,0.5626066382974388,0.1689663473516703,-0.5653624730184674
25,70,0.41262534667437734,2.719544313924142,2.3048234774636587,1.179936051726123,0.03320814203470923,-0.8707186104729773,0.08184179570525907,0.11682659294456232,-0.14585574064403772,0.17899588029831653,-0.6639064326882362,-0.2973079690709709
25,71,0.4239054671645308,2.559481145896466,2.3048234774636587,1.1104890118149287,0.5601513022556901,-0.26801416277885437,0.4560035280883313,0.7397102415561675,0.46335489954799414,-0.11261907964944828,-0.17147488333284852,0.20017685461789367
25,73,0.3714114947544778,2.6368194526144544,2.3048234774636587,1.1440439922610215,-0.011451199650764132,0.027841558679938247,0.5011641560122371,0.14548610523343075,0.6073329411447048,0.27709014341235166,0.11108497995883229,-0.6102146059274673
25,75,0.41598678089964725,2.908634825087426,2.3048234774636587,1.2619772635639026,0.5005717091262342,-0.34221736155450344,0.8765601953491571,0.028696688823401928,0.0016392869874833904,-0.42256108485162247,-0.23132844176143405,0.12417960725724694
25,76,0.47748571814028035,2.8359031055528297,2.3048234774636587,1.230420955566453,0.37961745820939563,-0.8216372700408103,0.6128330137580633,-0.06027717236429464,-0.05956501979380824,-0.10545861627906561,-0.6073771873489022,-0.49190392438322317
25,77,0.33755699600767386,2.5295073681269695,2.3048234774636587,1.0974842077322833,0.22742243483662627,-0.23488108813762673,-0.011082704178988823,0.8090259060263634,0.3624205170199275,0.09322183765470982,-0.09980885591357944,0.004606750793755082
25,80,0.39420369627735075,2.574039188846976,2.3048234774636587,1.116805349310124,0.798908669501543,-0.4838776784017682,0.4877819158136847,0.08786445949226618,0.2259772084653377,0.12757763825356971,-0.07867669593542811,-0.22714891098439696
25,81,0.42198721394455097,4.1776989968149865,2.3048234774636587,1.8125895703788701,-0.17414807714521885,-0.06867320090532306,0.11389102693647168,0.707148941233754,0.08552431687712658,-0.08074719738215197,-0.5711084203794599,-0.7324697747826575
25,82,0.4954057230280024,3.5631313939151523,2.3048234774636587,1.5459454612273378,0.1898379996418954,-0.8304991060867908,0.8623239099979403,0.22106872685253598,-0.3631142871454357,-0.1814352348446846,0.07622910384088757,-0.5240151695907116
25,85,0.31356142567929746,3.0116932151383478,2.3048234774636587,1.3066914861751422,0.06884554214775573,-0.3255439866334202,0.6260625207796693,0.3723287563771007,-0.17920164484530676,0.008699270896613709,-0.29774551931768656,0.15627943444997067
25,88,0.47617274614058575,3.129866494413972,2.3048234774636587,1.357963646681624,0.6016503022983672,-0.9223956549540162,0.3323400551453234,0.27297220565378655,0.03445597644895326,0.5321574453264476,0.15253281407058242,-0.32942113652825356
25,89,0.3512057603698199,3.712369816071148,2.3048234774636587,1.6106959393508185,0.01122286077588841,-0.2591222710907459,0.7064673919230701,0.39617890957742935,0.14423876162618388,-0.2983054211363194,-0.35503557324409485,0.16612789593636987
25,90,0.2998519241656864,2.3651252353078207,2.3048234774636587,1.0261632868780568,0.11403938475996267,-0.5209779487922788,-0.04323862772434939,-0.09381503518670808,0.5781687572598457,-0.1510171778500079,-0.2569992523640394,-0.032582996413111714
25,91,0.5160613200596196,2.704577971907183,2.3048234774636587,1.1734425644099364,0.46184445451945083,-0.12172179669141792,0.5808868985623121,0.7790872100740671,-0.2500590309500694,0.15048463549464958,-0.7645676471292973,-0.5369287580251696
25,92,0.4824466758865927,3.316225988075327,2.3048234774636587,1.4388199445645466,0.3565160939469936,-0.6596739133819939,0.7820110684260727,0.6902964171022176,-0.19069433212280273,0.3332754187285902,-0.13663431815803048,-0.2135620256885887
25,93,0.39726881478741294,3.118186885542836,2.3048234774636587,1.352896183170714,0.2662718174979093,-0.01006394438445557,0.16202451661229134,0.05930677521973848,0.38708356022834783,-0.3333090106025338,-0.6285777725279331,-0.7111752899363639
25,94,0.41573250198376405,3.9483688865333804,2.3048234774636587,1.7130894947661501,-0.1255976585671308,-0.7797333700582386,0.4074657214805485,0.5570827322080731,0.3290702542290091,0.017407530918717606,0.016329793259501485,-0.41675268951803446
25,95,0.3484157925444443,4.233184397963169,2.3048234774636587,1.836663171542132,0.7228787383064628,-0.3668119031935929,0.03748492896556832,0.17639946006238438,-0.030141041614115127,0.21692055556923162,-0.47561365365982056,0.08573579508811238
25,96,0.40125941318334385,3.101795751805067,2.3048234774636587,1.3457845176145273,0.7344524376094342,-0.6405297415331006,0.26485159248113643,0.00939658936113108,0.44737754110246897,0.15768704283982538,0.08793102856725457,0.18813772872090334
25,100,0.5565923056970841,3.3507072751515543,2.3048234774636587,1.4537804339093412,0.47372350841760646,-0.8778005493804814,0.7282817419618369,0.5788739351555705,0.2098756562918424,0.20874159317463653,-0.20117506850510833,-0.699878997169435
25,101,0.3145245808608324,2.9489314990342312,2.3048234774636587,1.2794608905491456,0.13330375589430354,-0.2912054229527713,0.3406923310831189,0.20209357514977444,0.10066453926265229,0.04121194034814846,-0.693606804125011,-0.1974840657785535
25,102,0.42096278686010274,4.072600792857288,2.3048234774636587,1.766990328187293,-0.008026193827390338,-0.4980996837839483,0.6038036886602642,0.7272210307419299,-0.3177005937322974,-0.35808854829519987,0.2064200853928924,0.06565043237060308
25,104,0.5258233312152536,2.447208245686801,2.3048234774636587,1.0617768647427306,0.6661003502085807,-0.7020342731848358,0.555210237391293,0.19549715518951383,-0.23609288595616806,0.502078221179545,-0.26876674965023994,-0.7408401351422073
25,106,0.33744063392297946,2.833861074275717,2.3048234774636587,1.2295349739296466,0.05739373061805986,-0.5488964365795256,0.6796917328611017,0.04715184774249781,0.3451871844008565,-0.05596667621284712,0.14077009260654452,-0.006425295025110328
25,110,0.46193632970699794,3.864315984219564,2.3048234774636587,1.6766212345563434,-0.18614902626723084,-0.8135710163041947,0.18502347078174375,0.4151669247075914,0.6235906649380922,-0.013151570223271736,-0.13268484547734258,-0.6303104897961023
25,111,0.502586628137108,2.5496524899899655,2.3048234774636587,1.1062246262762512,0.7795225298032167,-0.21072054095566298,0.8228551410138607,0.2841355614364146,-0.2983953487128018,0.3094921205192806,-0.6402532290667295,-0.12694516498595484
25,112,0.5794119030669065,2.62359003318139,2.3048234774636587,1.1383041082471608,0.7575537366792561,-0.853690362535417,-0.06545930262654998,0.7588076796382666,0.3040720615535974,-0.3977805897593496,-0.4413099195808172,-0.5979570653289559
25,113,0.2709794326981139,2.552493191195201,2.3048234774636587,1.1074571289963127,-0.14463359769433737,-0.19031505845487132,0.5723457206040621,0.12812464404851187,-0.11744849942624558,0.4016382871195675,0.051121626049280194,-0.09264821559190747
25,114,0.3761225122593906,2.577504259503165,2.3048234774636587,1.11830874889368,0.2081736242398623,-0.4597098259255289,0.3101193876937033,0.610763852484524,-0.16001987736672163,0.28526814840734016,-0.5383696500211954,0.10508613660931584
25,115,0.36497270878842625,2.337873743985993,2.3048234774636587,1.0143396085841265,0.3677538381889465,-0.06061472930014156,0.6979262363165617,0.229773974046111,0.48043349105864763,-0.04701825510710467,-0.0459380969405174,-0.38947287388145924
25,116,0.4622143592140611,3.196291841761311,2.3048234774636587,1.3867837919104624,0.5121456524357202,-0.6027402440086007,0.43016692157834774,0.32848345674574364,0.5397504614666104,-0.22996575571596622,-0.6677677873522044,0.021779595874249907
25,118,0.48473028873198565,2.9704072813198468,2.3048234774636587,1.2887786463320086,-0.031249624677002652,-0.7146262945607303,0.8047122759744526,-0.023471794091165288,0.06732006557285786,0.08602038770914083,-0.3273236956447363,-0.7751485472545028
25,120,0.5129824220990553,2.5474174398845904,2.3048234774636587,1.1052548990380358,0.5795224849134686,-0.5441619632765651,0.853286821395159,0.445777011103928,-0.012205741368234158,0.06923406943678867,-0.7350046625360848,0.035488542169332504
25,121,0.2717953293050997,4.411884906280518,2.3048234774636587,1.914196444725378,0.045194007456302754,-0.12881145812571063,0.21573362406343222,0.31895516626536846,0.31602252367883926,0.2466522445902229,-0.22743633482605216,-0.46004181541502487
25,124,0.4420456656988933,2.6772728472721363,2.3048234774636587,1.1615956160852454,0.32297411374747764,-0.7872996600344779,0.3899624962359668,0.017520234920084365,-0.2689718473702668,-0.13739865086972702,-0.5083675114437938,-0.5805535754188896
25,125,0.4513280023647047,3.83650403962417,2.3048234774636587,1.664554390883786,0.2879743091762065,-0.3895188122987747,0.7738593751564624,0.6365019250661132,0.5902389716356993,0.18815089855343115,-0.016424235887825434,-0.08292180020362136
26,27,0.5042672360095272,3.2841942300699456,2.3048234774636587,1.4249222390271878,0.33901591412723026,0.41323988605290646,-0.3819456575438382,-0.12294778320938349,0.609783500432968,0.8336595902219415,0.5236816648393869,-0.4965070094913245
26,32,0.39448759240070286,4.056245554352758,2.3048234774636587,1.7598942365930994,0.5725462557747957,-0.07576073706150033,-0.3237152220681309,-0.103699905797839,-0.12309971544891607,0.8086354350671172,0.2824503080919385,0.21690223924815646
26,33,0.5153670633304024,2.479806958647585,2.3048234774636587,1.0759205565610113,-0.27452630270272516,0.5114617990329864,-0.6842069830745461,-0.22273905482143186,0.7366836061701177,0.009398708119988441,0.805643699131906,-0.27975541725754743
26,34,0.30290036281097665,3.3008313062454135,2.3048234774636587,1.432140612294444,0.11679374519735541,0.2810990400612352,0.0517437150701881,0.29507166240364313,0.41280023939907534,0.3754617618396877,-0.060703164897859097,-0.486339844763279
26,39,0.3643653488489812,2.8103070742174614,2.3048234774636587,1.2193155361772268,0.4669428197667001,0.37258417066186666,-0.08756447210907917,0.0555254202336074,0.06621286924928416,0.49336377717554564,0.6579112326726317,-0.11769680771976704
26,43,0.4566511104802446,3.294380805117686,2.3048234774636587,1.4293419159123566,0.4073780085891482,0.5717879133298995,-0.1673151245340706,-0.2641616677865385,0.40085351746529324,0.7391044348478317,0.6004532985389233,-0.10032359883189207
26,44,0.3380419056159169,2.824905781021197,2.3048234774636587,1.2256495166084747,0.2551694214344022,0.1078480910509827,0.13158356584608571,-0.11067388486117113,0.5891346884891391,0.5484981099143624,0.22271881811320782,0.33217393327504385
26,45,0.37276955330236733,2.4794674565336874,2.3048234774636587,1.0757732558600173,0.0409093331545588,0.4606650685891507,-0.48281255085021285,0.02007471583783621,0.16714939009398222,0.2226424366235732,0.7464004866778851,-0.1721569830551743
26,48,0.4408438684700335,4.111392341219282,2.3048234774636587,1.7838209222615435,0.6122491788119074,0.2116148527711631,0.006588045507669449,-0.35318729747086774,0.30540635250508774,0.2493225894868374,0.8151089623570442,-0.43645680695772177
26,51,0.34287851413137826,2.657698523221254,2.3048234774636587,1.153102851132841,0.2458864189684386,0.4734708247706294,-0.7332913307473061,0.17637271713465455,-0.15202200133353494,0.13125874754041433,-0.07001658715307724,-0.2045122720301153
26,52,0.38880539313999923,2.9627709893624954,2.3048234774636587,1.2854654676734178,0.3512156698852776,-0.05105413869023312,-0.5280243847519157,0.3276939978823067,0.032864089123904594,0.44832644797861565,0.5572528578341007,0.42964821774512524
26,55,0.3466760502501519,3.4755861340057144,2.3048234774636587,1.5079619623757132,0.49102164059877346,0.7186149926856159,-0.2924098568037151,-0.1940229693427682,0.11425415985286236,0.06445637810975302,0.18774843402206898,0.168398224748671
26,56,0.43124905281498666,4.515994884233985,2.3048234774636587,1.9593669226259394,0.41079530026763633,0.023180054500699043,-0.7012208187952635,-0.5401183627545832,0.37192973401397456,0.1547452062368393,0.4979639044031501,0.3533150609582662
26,58,0.3801543845815738,2.919521536202856,2.3048234774636587,1.2667007103796257,0.020716938190162182,0.11968876980245136,-0.5766178118064997,-0.141526204533875,-0.04678304307162762,0.4629150312393904,0.6535944892093539,-0.3810534775257111
26,59,0.42367240424831065,4.200497112052537,2.3048234774636587,1.8224810503383848,0.3064568238332865,0.7850057771429417,0.03750746138393879,-0.014502655714750345,0.7814445067197083,0.28870883863419294,0.12991288397461176,0.11547202803194523
26,65,0.46201998175804726,2.914330981140916,2.3048234774636587,1.2644486702070519,-0.22987661976367257,0.3823985410854222,-0.4704899052158001,-0.5329342829063536,-0.11870386451482773,0.7550557954236865,0.5780166275799274,0.29145328886806954
26,67,0.5414525790771034,3.8864649634431783,2.3048234774636587,1.6862310721166534,0.16141889896243777,0.7603787397965788,-0.8449693890288472,-0.14973260834813107,0.40840794984251244,0.4312695199623703,0.6750715896487236,-0.44297860935330396
26,68,0.33499229166581274,3.3291964817439044,2.3048234774636587,1.4444474877562061,0.3136283839121457,0.2869177758693694,-0.5502287335693838,-0.24075093865394592,0.47220532689243544,0.1220094934105872,0.29653613455593586,0.17482439894229168
26,70,0.34297751039604524,4.174698224773625,2.3048234774636587,1.8112876172919188,-0.10867101233452625,-0.07764267548918724,-0.6756233200430868,-0.37364812288433313,0.06962952017784108,0.5628812219947577,-0.04390508867800236,-0.05949638504534954
26,72,0.33489287284434216,3.7800976966859205,2.3048234774636587,1.6400812182136075,0.49819322302937463,0.22049599699676037,-0.6265602251514795,0.03209167998284118,-0.06763558369129896,0.36067053861916065,0.23914305958896875,0.1222951915115118
26,73,0.5776258154601287,2.5751833351020443,2.3048234774636587,1.117301763142357,-0.15333035401999962,0.8209174936637282,-0.2563009597361088,-0.3449886105954647,0.8228182019665836,0.6609754851087928,0.7310863239690661,-0.372403021901846
26,75,0.3335602487111445,2.6822228601748517,2.3048234774636587,1.1637432915801873,0.3586925547569987,0.4508585734292866,0.11909507960081116,-0.46177802700549353,0.2171245478093622,-0.03867574315518141,0.3886729022487998,0.36199119128286833
26,76,0.26175756626987756,2.884752611548074,2.3048234774636587,1.2516154229401542,0.23773830384016015,-0.0285613350570203,-0.14463210199028265,-0.5507518881931901,0.15592024102807056,0.27842672541737545,0.012624156661331654,-0.2540923403576018
26,77,0.48759780743843567,3.1727375874516754,2.3048234774636587,1.3765642438453083,0.08554328046739079,0.5581948468461633,-0.7685478199273348,0.3185511901974679,0.5779057778418063,0.4771071793511509,0.5201924880966544,0.24241833481937647
26,79,0.46242660018626397,4.074796741832705,2.3048234774636587,1.7679430905124291,0.6037957612425087,0.709612970240414,-0.39406394027173536,-0.06466419342905272,-0.004876325838267803,0.1757704010233283,0.6152828736230731,-0.5230937981978059
26,80,0.4347046341081795,4.402632115147718,2.3048234774636587,1.9101819111946008,0.6570295151323076,0.3091982565820218,-0.2696831999346612,-0.4026102563366293,0.4414624692872165,0.5114629799500108,0.5413246480748057,0.010662673041224424
26,84,0.5483246834004313,3.86575557696246,2.3048234774636587,1.677245834555854,0.400206299498677,0.06991406343877316,-0.7516256021335721,0.008984399028122425,0.7082693316042422,0.6871511740610003,0.8303124969825149,-0.10937924403697258
26,88,0.4953481228871961,4.200745406285747,2.3048234774636587,1.8225887784293373,0.4597711479291317,-0.12931971997022618,-0.4251250606030225,-0.2175025101751089,0.24994123727083206,0.9160427870228887,0.7725341580808163,-0.0916095525026322
26,90,0.4893026847818549,3.5438009169877933,2.3048234774636587,1.5375584948863703,-0.027839769609272813,0.27209798619151127,-0.8007037434726954,-0.5842897510156035,0.7936540180817245,0.23286816384643316,0.36300209164619446,0.20522858761250967
26,97,0.3346477132169742,2.758867669294871,2.3048234774636587,1.1969973823465496,-0.24766342341899872,0.752819755114615,0.14130811020731943,0.3879154846072197,0.08463507331907738,0.21004030946642172,0.19987570401281118,-0.0784936379641295
26,98,0.3242593023133105,3.0162310236729217,2.3048234774636587,1.3086603174452782,0.10459447093307928,0.053739123046398385,-0.6180114252492785,-0.12942995876073837,0.1269633537158369,0.10742977820336808,0.5530313486233354,-0.30843168683350114
26,104,0.4433924356483772,4.355229455310118,2.3048234774636587,1.8896151908790981,0.5242211958393452,0.09104166179895423,-0.20225487835705291,-0.29497756063938163,-0.020607625134289265,0.8859635628759861,0.35123459435999393,-0.503028551116586
26,107,0.433985381442578,4.054225170165696,2.3048234774636587,1.7590176470378398,0.3805146859958763,0.829460316337645,-0.46146045345813064,0.17987215518951424,0.17021913640201092,0.5023070117458701,0.26882798597216606,-0.27403563819825655
26,108,0.503717740801563,3.3061087328343444,2.3048234774636587,1.4344303436515449,0.282993654720485,0.351749898865819,-0.6978362537920471,0.2763536088168621,0.23383145593106736,0.8117161262780428,0.6402834784239531,0.3730538738891482
26,109,0.37246999261278646,2.817400967681194,2.3048234774636587,1.2223933829334301,0.05994447786360979,0.6864289520308373,-0.3100102683529256,-0.6043794946745037,0.3748724665492772,0.018033488653600216,0.13271508738398552,-0.12346784677356498
26,111,0.40201468734517964,3.770890884165227,2.3048234774636587,1.6360866335477027,0.6376433754339812,0.582355394028127,0.06539002526551485,-0.20633915439248085,-0.08291008789092302,0.6933774622157216,-0.020251885056495667,0.11086641903966654
26,112,0.44211208420135667,3.791608568404839,2.3048234774636587,1.6450754712796105,0.6156745823100206,-0.06061442755162694,-0.8229244183748958,0.2683329638093711,0.5195573223754761,-0.013895248062908538,0.17869142442941666,-0.3601454813033345
26,113,0.4622112637685996,2.37613782984199,2.3048234774636587,1.0309413510733627,-0.28651275206357285,0.6027608765289187,-0.18511939514428388,-0.3623500717803836,0.09803676139563322,0.7855236288160086,0.671122970059514,0.1451633684337139
26,114,0.33637794565232365,3.2724302940641317,2.3048234774636587,1.4198181882741299,0.06629446987062682,0.33336610905826114,-0.4473457280546426,0.12028913665562863,0.05546538345515717,0.6691534901037812,0.08163169398903847,0.34289772063493723
26,115,0.4485198779423529,2.4135235411364295,2.3048234774636587,1.0471619908143204,0.22587468381971104,0.7324612056836485,-0.05953887943178415,-0.26070074178278446,0.6959187518805264,0.3368670865893364,0.5740632470697165,-0.15166128985583788
26,116,0.3482871803081606,3.416738463967151,2.3048234774636587,1.4824295645092518,0.3702664980664847,0.19033569097518932,-0.32729819416999817,-0.16199125908315182,0.7552357222884892,0.15391958598047484,-0.047766443341970555,0.2595911798998713
26,117,0.527802176754662,3.056466441128262,2.3048234774636587,1.326117366910783,-0.03124950919300351,0.8400306599214671,-0.7109432397410271,-0.03908925410360092,-0.13580487109720707,0.8515938147902489,0.4602901693433523,-0.24389090295881038
26,119,0.48624445848030834,3.1288729722407993,2.3048234774636587,1.357532584527456,0.48663459997624126,0.4912231722846625,-0.5864036297425628,0.35926043428480636,0.45479056518524874,0.30125362239778053,0.8007342536002398,-0.04068321082741028
26,120,0.27368504256417275,2.8160039517814544,2.3048234774636587,1.2217872558640908,0.43764333054423304,0.24891397170722496,0.09582170564681307,-0.04469770472496748,0.20327951945364464,0.45311941113322973,-0.11500331852585088,0.2733001261949539
26,123,0.46071181479081114,4.422212410597406,2.3048234774636587,1.9186772669739665,0.2942420002073045,0.5420199139043687,-0.6662754081189628,-0.5698631582781672,0.012209541164338589,0.05575663223862659,0.7349736699834466,0.07461876049637789
26,124,0.2704449008018264,3.122842586273399,2.3048234774636587,1.3549161646469903,0.18109495937824216,0.005776274949312099,-0.3675026195123791,-0.4729544809088111,-0.053486586548388004,0.24648669082671404,0.1116338325664401,-0.3427419913932683
26,127,0.4035678051664167,3.047180837862334,2.3048234774636587,1.3220885970910023,0.5354394931346176,0.8066954957321288,-0.10918203927576553,0.044367984868586174,0.26350014097988594,0.14581392891705047,0.5084895761683583,-0.048350824974477236
27,28,0.3985415390152907,3.171950668930692,2.3048234774636587,1.376222821376873,-0.1443907972425223,-0.5203973418101668,-0.26360127981752124,-0.16117893531918515,0.18471253663301468,-0.3172242948785424,-0.6226308885961771,0.6009469935670495
27,29,0.33382615055544357,2.8346586445003674,2.3048234774636587,1.22988101788158,-0.24147104471921904,0.14249634929001342,0.11419014073908335,0.2197956861928107,-0.6744980439543724,-0.5159667432308199,-0.14582416415214533,0.09551023598760366
27,31,0.4075387709273199,2.605039694958038,2.3048234774636587,1.1302556227970881,0.24540921673178695,0.2411839719861745,0.4887907635420562,0.3522677682340146,-0.25727394875139,0.03524701483547678,0.1953599788248539,0.8612204464152455
27,32,0.418674789425617,3.4458000785828062,2.3048234774636587,1.4950386058956386,0.23353034164756545,-0.4890006231144068,0.058230435475707276,0.01924787741154449,-0.7328832158818841,-0.025024155154824285,-0.24123135674744844,0.713409248739481
27,34,0.3570761963327399,3.062903799674082,2.3048234774636587,1.328910361085289,-0.22222216892987484,-0.13214084599167125,0.4336893726140263,0.4180194456130266,-0.19698326103389271,-0.4581978283822538,-0.584384829737246,0.010167164728045464
27,37,0.3813163344510478,3.5639252909345247,2.3048234774636587,1.546289911475756,-0.35882960166782113,0.36089002154767497,0.1699583632871508,0.3270619343966247,-0.13415796123445037,-0.6405148850753903,0.03987922612577677,0.581819131039083
27,39,0.29776588210682986,3.0275855275734695,2.3048234774636587,1.3135867267827268,0.12792690563946985,-0.04065571539103979,0.294381185434759,0.1784732034429909,-0.5435706311836839,-0.3402958130463959,0.1342295678332448,0.37881020177155744
27,40,0.2562648604124399,3.574888444592806,2.3048234774636587,1.5510465246244323,0.1730057429522276,-0.04858993086963864,-0.021190945990383625,0.33315506018698215,0.20082991383969778,-0.24210294894874096,-0.4963500052690506,0.19060506485402573
27,41,0.4618400879682742,2.923530750610583,2.3048234774636587,1.2684401990853462,-0.5414375104010103,0.2866557203233241,0.33904898911714587,-0.2898048805072905,-0.6896236333996056,-0.41921499650925403,-0.019543269649147987,0.6931082606315613
27,42,0.5379821776298184,2.3970696538113927,2.3048234774636587,1.0400230981893877,-0.40347403846681124,-0.4436748223379255,-0.3956114063039421,0.2319351239129902,-0.38045060355216276,-0.8011167794466019,-0.4000350944697857,0.8938114009797573
27,45,0.32515761136603066,2.48818932269781,2.3048234774636587,1.0795574355377255,-0.29810658097267145,0.047425182536244226,-0.10086689330637466,0.1430224990472197,-0.4426341103389858,-0.6110171535983684,0.22271882183849812,0.3243500264361502
27,46,0.49720635454874723,2.7106208740016293,2.3048234774636587,1.1760644146963177,-0.6626421008259054,-0.19071910809725517,0.13807357940822856,-0.3864994579926133,-0.6258927751332521,-0.727112768217921,-0.6421441286802292,0.03185859415680148
27,48,0.32440499735707906,3.967639284759263,2.3048234774636587,1.7214503945983095,0.2732332646846772,-0.20162503328174336,0.38853370305150764,-0.23023951426148426,-0.3043771479278803,-0.5843370007351041,0.2914272975176573,0.060050202533602715
27,49,0.3650383592487787,4.2210917195562025,2.3048234774636587,1.8314164884337694,-0.6377431582659479,0.44750332273542875,0.024173807352781296,0.1505505712702871,-0.16392401792109015,-0.2527448497712613,-0.184890978038311,0.557550810277462
27,50,0.36135624502122693,2.710453904243702,2.3048234774636587,1.1759919710755546,-0.24587380513548834,-0.35317023377865536,0.26301604788750443,-0.33165388088673353,0.15971434395760292,0.0996806705370545,-0.11737998388707638,0.7943858243525028
27,52,0.47174449552349856,2.72789611083801,2.3048234774636587,1.1835596684566583,0.012199755758047326,-0.4642940247431396,-0.14607872720807757,0.4506417810916902,-0.5769194113090634,-0.3853331422433259,0.03357119299471378,0.9261552272364497
27,55,0.4361194006971769,2.3801922998646603,2.3048234774636587,1.032700474955219,0.1520057264715432,0.30537510663270945,0.08953580074012307,-0.0710751861333847,-0.49552934058010567,-0.7692032121121886,-0.33593323081731796,0.6649052342399955
27,56,0.45738727888711667,3.100068856858999,2.3048234774636587,1.3450352650305644,0.07177938614040605,-0.3900598315522074,-0.3192751612514254,-0.41717057954519976,-0.2378537664189935,-0.6789143839851022,-0.02571776043623686,0.8498220704495907
27,58,0.3210270462442583,2.816683653464857,2.3048234774636587,1.2220821598730305,-0.3182989759370681,-0.2935511162504551,-0.1946721542626616,-0.0185784213244915,-0.6565665435045956,-0.37074455898255115,0.12991282436996698,0.11545353196561337
27,59,0.38454230174997833,3.748190687971928,2.3048234774636587,1.6262376379889283,-0.03255909029394377,0.3717658910900353,0.419453118927777,0.10844512749463314,0.17166100628674025,-0.5449507515877485,-0.3937687808647752,0.6119790375232697
27,60,0.3423605050470096,2.8110960224532486,2.3048234774636587,1.2196578392835173,-0.16914357524365176,-0.15082826931029564,0.183187957853079,0.2616277718916537,-0.01844266615808013,-0.8542361287400129,0.23208111617714167,-0.01997369434684526
27,61,0.3459427171542563,3.1911917672516616,2.3048234774636587,1.3845710087799896,-0.1973075279965995,0.26389461010694515,-0.42726378981024005,-0.10742997378110897,-0.5962207969278097,-0.06098168902099141,-0.24472542945295572,0.4854443287476897
27,62,0.448057282998605,3.7652506744981915,2.3048234774636587,1.6336395005146593,-0.5612937277182932,-0.52893649879843,0.3087088465690616,0.3630327209830285,-0.4132072562351822,-0.16337870154529816,-0.17479210626333952,0.7457473678514361
27,64,0.41356043419053135,2.7676330816041532,2.3048234774636587,1.2008004555081124,0.21611495967954403,-0.3831919832155109,0.2814633110538127,0.4710446270182729,0.131296195089817,-0.7550750775262713,-0.45372164621949196,0.28349789790809155
27,65,0.4556897292590778,2.5811968162193306,2.3048234774636587,1.1199108484697522,-0.5688925338909028,-0.030841344967484252,-0.0885442476719619,-0.4099864996969701,-0.7284873649477958,-0.078603794798255,0.054334962740540504,0.7879602983593941
27,66,0.29146891423272964,3.024454113353061,2.3048234774636587,1.3122280916199793,-0.204357129521668,-0.23797900136560174,0.15698183793574577,0.10394851490855228,-0.2796037560328841,-0.19689666572958248,-0.3566666916012764,0.5492093451321125
27,67,0.27281141983157375,2.7853102293678598,2.3048234774636587,1.2084700874502339,-0.17759701516479248,0.3471388537436723,-0.46302373148500897,-0.02678482513874758,-0.20137555059045562,-0.40239007025957124,0.15138992480933666,0.053528400138020515
27,68,0.3685195288794969,2.463988385795328,2.3048234774636587,1.069057309545815,-0.025387530215084553,-0.12632211018353706,-0.1682830760255457,-0.11780315544456244,-0.13757817354053262,-0.7116500968113544,-0.22714553028345108,0.6713314084336162
27,69,0.30427026842131827,3.5077516173551193,2.3048234774636587,1.5219176876900014,-0.309723577462137,0.20844385027885431,0.45588435605168376,0.2553916275501251,-0.4653560062870382,0.11283238977193832,0.2652860265225172,0.1689561204984784
27,70,0.4284721051082792,2.8738925371929938,2.3048234774636587,1.2469035330877343,-0.4476869264617565,-0.4908825615420937,-0.29367766249924865,-0.25070033967494965,-0.540153980255127,-0.27077836822718393,-0.5675867535173893,0.43701062444597494
27,72,0.4020035423641018,2.985742279258376,2.3048234774636587,1.2954320833906265,0.15917730890214435,-0.1927438890561461,-0.24461456760764133,0.15503946319222467,-0.677419084124267,-0.4729890516027809,-0.2845386052504182,0.6188022010028362
27,73,0.27552601401678745,2.4977706122957746,2.3048234774636587,1.08371449558664,-0.49234626814722987,0.4076776076108218,0.1256446978077294,-0.22204082738608122,0.21303470153361556,-0.1726841051131488,0.2074046591296792,0.12410398758947849
27,75,0.5047334202153388,3.1035755830673435,2.3048234774636587,1.3465567378212717,0.019676640629768427,0.03761868737638013,0.5010407371446494,-0.33883024379611004,-0.39265895262360584,-0.8723353333771229,-0.13500876259058714,0.8584982007741928
27,76,0.3998436553959632,2.9409070228218765,2.3048234774636587,1.2759792893372448,-0.10127761028707011,-0.44180122110992676,0.23731355555355554,-0.4278041049838066,-0.45386325940489747,-0.5552328648045661,-0.5110575081780553,0.24241466913372267
27,79,0.35021631318438584,3.1063151997218585,2.3048234774636587,1.3477453827137342,0.26477984711527836,0.2963730841875076,-0.012118282727897167,0.05828358978033077,-0.6146598262712358,-0.6578891891986132,0.09160120878368619,-0.026586788706481457
27,80,0.2721319202807657,3.0780128799542625,2.3048234774636587,1.3354657786380497,0.31801360100507736,-0.10404162947088463,0.11226245760917697,-0.2796624731272458,-0.16832103114575156,-0.32219661027193075,0.017642983235418797,0.5071696825325489
27,81,0.4049565551179709,4.215020266959055,2.3048234774636587,1.8287822508635112,-0.6550431456416845,0.3111628480255605,-0.26162843126803603,0.3396220086142421,-0.30877392273396265,-0.5305214459076524,-0.4747887412086129,0.0018488187342883267
27,82,0.44614175843500076,3.4943795742308508,2.3048234774636587,1.5161159231492376,-0.29105706885457033,-0.4506630571559072,0.48680445179343257,-0.146458205766976,-0.7574125267565249,-0.6312094833701851,0.17254878301173449,0.21030342392623425
27,84,0.26237873266314565,3.1033173838567634,2.3048234774636587,1.3464447122309804,0.06119038537144672,-0.3433258226141333,-0.36967994458973397,0.1319321822375059,0.09848583117127413,-0.14650841616094118,0.3066308321431279,0.3871277654543519
27,85,0.4461941552967569,2.9148674345207928,2.3048234774636587,1.26468142268685,-0.41204952634871,0.05429206229746336,0.2505430625751615,0.004801823757588752,-0.573499884456396,-0.44107497762888676,-0.20142584014683962,0.8905980279669166
27,86,0.48832730611464314,4.079837085784444,2.3048234774636587,1.7701299581840853,-0.5494635552167888,-0.21534520667046303,0.0059020016342404835,0.4987250259146095,-0.49894506763666857,-0.8384530320763588,-0.10096719022840261,0.5903551308438182
27,88,0.29195478446152756,3.688526436763903,2.3048234774636587,1.6003509478404563,0.12075523380190145,-0.5425596060231326,-0.04317940305918433,-0.09455472696572542,-0.35984226316213597,0.08238319680094719,0.24885249324142933,0.4048974569886923
27,89,0.4802866329583933,3.2453876005481064,2.3048234774636587,1.4080851016492988,-0.46967220772057733,0.12071377784013759,0.33094793371856235,0.02865197695791738,-0.25005947798490535,-0.7480796696618199,-0.2587158940732479,0.9004464894533157
27,90,0.4265718510883215,2.7210250818320394,2.3048234774636587,1.1805785165059102,-0.36685568373650307,-0.1411418998613952,-0.4187580859288571,-0.46134196780622005,0.1838705176487565,-0.6007914263755083,-0.16067957319319248,0.7017355971038342
27,91,0.3982512082638415,2.441513164167364,2.3048234774636587,1.0593059243105791,-0.019050613977014907,0.2581142522394656,0.20536744035780435,0.41156027745455515,-0.6443572705611587,-0.2992896130308509,-0.6682479679584503,0.19738983549177624
27,92,0.35210010798869545,2.9311757327580388,2.3048234774636587,1.2717571481802368,-0.12437897454947217,-0.2798378644511103,0.406491610221565,0.3227694844827056,-0.584992571733892,-0.11649882979691029,-0.04031463898718357,0.5207565678283572
27,93,0.39058930436150135,3.553670232410685,2.3048234774636587,1.5418405214794664,-0.21462325099855645,0.36977210454642795,-0.21349494159221638,-0.3082201573997735,-0.0072146793827414235,-0.7830832591280343,-0.5322580933570862,0.02314330358058192
27,94,0.32966591723921507,3.263556207721557,2.3048234774636587,1.4159679644156242,-0.6064927270635965,-0.39989732112735504,0.031946263276040776,0.1895557995885611,-0.06522798538208016,-0.43236671760678286,0.1126494724303484,0.3175659039989114
27,96,0.39461430501358696,4.064312149671581,2.3048234774636587,1.7633941121357157,0.25355736911296856,-0.26069369260221703,-0.11066786572337128,-0.3581303432583809,0.05307930149137968,-0.2920872056856751,0.18425070773810148,0.9224563222378492
27,98,0.3599864653332946,2.7658311217072846,2.3048234774636587,1.2000186342907881,-0.23442144319415098,-0.3595007630065081,-0.2360657677054404,-0.006482175551354885,-0.48282014671713114,-0.7262298120185735,0.02934968378394842,0.18807532265782334
27,102,0.5391788046159616,3.788809110428031,2.3048234774636587,1.6438608628706886,-0.4889212623238561,-0.11826363485306474,0.22828423045575652,0.3596940981224179,-0.7119988333433867,-0.8078627968207004,0.3027397645637393,0.7999690258875489
27,106,0.39486101322273365,3.0978020380688602,2.3048234774636587,1.3440517542271109,-0.4235013378784059,-0.169060387648642,0.304172274656594,-0.32037508487701416,-0.04911105521023276,-0.5057409247383475,0.23708977177739143,0.7278932984918356
27,107,0.2937769950532372,2.3292854274547485,2.3048234774636587,1.0106133724470774,0.041498771868646034,0.41622043028473854,-0.07951479591429245,0.30281993839889776,-0.4395643640309571,-0.33135257847607147,-0.2548536788672209,0.22247137129306793
27,110,0.3447186492794591,2.9055929409156214,2.3048234774636587,1.260657473045649,-0.6670440947636966,-0.43373496737331113,-0.19049598742276397,0.04763999208807945,0.22929242532700295,-0.4629258187487722,-0.036365166306495667,0.10400810372084357
27,111,0.43143820830991375,3.2478763736425855,2.3048234774636587,1.4091649123674794,0.2986274613067509,0.16911550797522057,0.44733568280935304,-0.08339137118309736,-0.692693588323891,-0.14028212800621986,-0.5439335498958826,0.6073734285309911
27,112,0.43484818028088296,3.233201898665522,2.3048234774636587,1.4027980581938089,0.2766586681827904,-0.4738543136045334,-0.4409787608310577,0.3912807470187546,-0.09022617805749186,-0.8475548382848501,-0.3449902404099703,0.13636152818798997
27,113,0.39066289168027596,2.6231443914185752,2.3048234774636587,1.1381107564494322,-0.625528666190803,0.18952099047601223,0.1968262623995543,-0.2394022885710001,-0.5117467390373348,-0.04813596140593296,0.1474413052201271,0.6416703779250383
27,114,0.415111052052653,2.5854376771473655,2.3048234774636587,1.1217508422781723,-0.27272144425660344,-0.07987377699464532,-0.06540007051080443,0.2432369198650121,-0.5543181169778109,-0.1645061001181603,-0.4420499708503485,0.8394047301262617
27,115,0.27688087340430495,2.5089074545494703,2.3048234774636587,1.088546467476284,-0.11314123030751921,0.31922131963074196,0.32240677811205404,-0.13775295857340097,0.08613525144755835,-0.49679250363260513,0.050381582230329514,0.3448457196354866
27,116,0.42376494840814816,2.7741665310163706,2.3048234774636587,1.2036351408868848,0.03125058393925445,-0.22290419507771714,0.05464746337384002,-0.03904347587376833,0.14545222185552117,-0.6797400042414667,-0.5714481081813575,0.7560981893911958
27,117,0.363760832401245,2.462442737823443,2.3048234774636587,1.0683866950770722,-0.37026542332023377,0.4267907738685606,-0.328997582197189,0.08385852910578256,-0.7455883715301751,0.017934224568307358,-0.06339149549603462,0.2526161065325141
27,118,0.35456394217665077,2.387420210614043,2.3048234774636587,1.0358364681538554,-0.5121446931734683,-0.33479024562984677,0.42919281776994495,-0.39099872671067726,-0.3269781740382314,-0.36375386081635963,-0.23100401647388935,-0.040829953737556934
27,119,0.3343300939335269,2.674266199378249,2.3048234774636587,1.1602911136262561,0.147618685849011,0.07798328623175604,-0.20445797219872452,0.48220821749418985,-0.15499293524771932,-0.532405967824161,0.2770525887608528,0.4558237986639142
27,123,0.4516943606982957,3.1256935334896907,2.3048234774636587,1.3561531128315987,-0.044773913919925745,0.12878002785146225,-0.28432975057512466,-0.44691537506878376,-0.5975739592686294,-0.777902957983315,0.21129200514405966,0.5711257699877024
27,124,0.4018403338150044,2.9009004496324478,2.3048234774636587,1.2586215291527407,-0.1579209547489881,-0.40746361110359436,0.014443038031459077,-0.3500066976994276,-0.663270086981356,-0.5871728993952274,-0.41204783227294683,0.1537650180980562
27,125,0.317386795408084,3.163431739399413,2.3048234774636587,1.3725266903652895,-0.19292075932025926,-0.009682763367891145,0.39833991695195464,0.2689749924466013,0.19594073202461001,-0.2616233499720693,0.07989544328302148,0.6513967933133245
27,127,0.369104097946178,2.483108254691981,2.3048234774636587,1.0773528988105048,0.19642357900738733,0.39345560967922233,0.27276361826807266,0.16731576807796966,-0.3462833594530821,-0.6878456613048911,-0.015192088671028614,0.44815618451684724
28,29,0.499659007573013,4.52350079989838,2.3048234774636587,1.9626235345694514,-0.09708024747669675,0.6628936911001804,0.3777914205566046,0.38097462151199585,-0.8592105805873871,-0.19874244835227745,0.47680672444403177,-0.5054367575794458
28,30,0.33627325312309436,3.3974243000161652,2.3048234774636587,1.4740496759234933,-0.44988734647631623,0.3620065115392208,0.12460638210177388,-0.11734314169734728,-0.5197641393169761,-0.3168215621262788,0.3411841355264187,-0.2344287242740392
28,31,0.5720698012037395,4.48154248833901,2.3048234774636587,1.9444189683761468,0.38980001397430925,0.7615813137963414,0.7523920433595774,0.5134467035531998,-0.44198648538440466,0.3524713097140192,0.817990867421031,0.26027345284819603
28,32,0.4131307113533251,4.433698839859604,2.3048234774636587,1.9236609151251203,0.3779211388900877,0.031396718695760106,0.3218317152932285,0.18042681273072964,-0.9175957525148988,0.29220013972371817,0.38139953184872866,0.1124622551724315
28,33,0.47885001850570486,3.6415869373490217,2.3048234774636587,1.5799851801910676,-0.4691514195874331,0.6186192547902468,-0.03866004571318671,0.061387663707136775,-0.05781243089586503,-0.5070365872234106,0.9045929228886962,-0.3841954013332724
28,34,0.4322231243370262,3.0558514584206216,2.3048234774636587,1.3258505426990144,-0.07783137168735255,0.38825649581849564,0.6972906524315475,0.5791983809322118,-0.3816957976669074,-0.1409735335037114,0.038246058858931065,-0.590779828839004
28,35,0.3886514025153749,3.2411191094419154,2.3048234774636587,1.406233119860703,0.011863558553159348,0.7385654626414182,0.08679700642824151,-0.2900284016504884,-0.4599242415279149,0.19174107536673546,0.561439442448318,-0.08729390148073429
28,42,0.3416605713781929,3.519188481066535,2.3048234774636587,1.526879830701492,-0.25908324122428894,0.0767225194722414,-0.13201012648642085,0.39311405923217535,-0.5651631401851774,-0.4838924845680594,0.2225957941263914,0.29286440741270786
28,43,0.42880107118404887,3.485062077218736,2.3048234774636587,1.5120733155034805,0.21275289170444023,0.6789453690871599,0.4782318128272888,0.019965050742030144,-0.3936425196006895,0.22266913950443268,0.6994025222957134,-0.20476358290761704
28,44,0.3321229235615055,3.44162475485624,2.3048234774636587,1.4932270468901911,0.06054430454969423,0.21500554680824313,0.7771305032074451,0.1734528336673975,-0.2053613485768437,0.03206281457096333,0.321668041869998,0.2277339491993189
28,45,0.4658422518683795,3.7783619484655047,2.3048234774636587,1.6393281244355427,-0.15371578373014916,0.5678225243464111,0.16273438651114658,0.30420143436640484,-0.6273466469720005,-0.2937928587198259,0.8453497104346752,-0.27659696713089926
28,46,0.4661968584787792,4.198429750104465,2.3048234774636587,1.8215840784148136,-0.518251303583383,0.3296782337129117,0.4016748592257498,-0.22532052267342817,-0.8106053117662668,-0.40988847333937867,-0.019513240084052086,-0.569088399410248
28,49,0.4581788049797804,3.3562941686264285,2.3048234774636587,1.4562044345017953,-0.4933523610234255,0.9679006645455956,0.28777508717030253,0.31172950658947224,-0.3486365545541048,0.0644794451072811,0.4377399105578661,-0.04339618328958744
28,50,0.31854806176761863,3.4568524060975196,2.3048234774636587,1.4998339091467474,-0.10148300789296605,0.16722710803151153,0.5266173277050257,-0.17047494556754839,-0.02499819267541177,0.4169049654155969,0.5052509047091007,0.1934388307854534
28,51,0.46098558736468853,3.3553670830574505,2.3048234774636587,1.4558021973768949,0.05126130208373064,0.5806282805278898,-0.08774439338594675,0.46049943566322316,-0.9465180383995176,-0.38517654780298477,0.028932636603712925,-0.30895225610584026
28,52,0.4383046784518585,3.4759806631287145,2.3048234774636587,1.508133137794073,0.15659055300056962,0.056103317067027314,0.11752255260944366,0.6118207164108753,-0.7616319479420781,-0.06810884736478345,0.6562020815908909,0.32520823366940027
28,54,0.41074125077205764,3.6303140211467526,2.3048234774636587,1.575094169529082,-0.35653083212673664,0.42604994215071224,-0.007083836942911259,0.21323416102677584,-0.28920104540884495,0.2488462291657924,0.8098909929394722,-0.4404884949326517
28,55,0.4549554477945108,3.559547487294811,2.3048234774636587,1.5443905019623942,0.2963965237140655,0.8257724484428763,0.3531370805576443,0.09010374918580044,-0.6802418772131203,-0.4519789172336461,0.28669765777885914,0.06395824067294603
28,56,0.3278671234752419,3.4494742238991587,2.3048234774636587,1.4966327172678449,0.21617018338292834,0.13033751025795948,-0.05567388143390417,-0.2559916442260146,-0.42256630305200815,-0.3616900891065598,0.5969131281599402,0.24887507688254124
28,58,0.44992086056027836,3.756385434231022,2.3048234774636587,1.629793114726831,-0.17390817869454578,0.2268462255597118,0.06892912555485964,0.14260051399469365,-0.8412790801376103,-0.05352026410400873,0.7525437129661441,-0.4854934616014361
28,59,0.4260650278405758,3.1624928856303756,2.3048234774636587,1.3721193473395796,0.11183170694857852,0.8921632329002023,0.6830543987452982,0.2696240628138183,-0.013051530346274431,-0.22772645670920616,0.22886210773140192,0.011032043956220261
28,60,0.4951400044229127,4.245681640933138,2.3048234774636587,1.8420853841723686,-0.02475277800112946,0.36956907249987125,0.44678923767060025,0.42280670721083885,-0.2031552027910948,-0.5370118338614704,0.8547120047733188,-0.6209206879138947
28,61,0.43000856974496793,3.755375095611286,2.3048234774636587,1.6293547563754798,-0.05291673075407721,0.784291951917112,-0.1636625099927188,0.05374896153807618,-0.7809333335608244,0.256242605857551,0.3779054591432214,-0.11550266481935972
28,63,0.3176468017881844,3.216202104991392,2.3048234774636587,1.3954223117037403,0.3686539093032479,0.6392065240070226,0.21185275353491262,-0.09502704720944166,-0.2387087354436517,-0.16898025479167716,-0.028967770747840405,-0.3498831130564211
28,64,0.38233863035624005,3.6811544192455905,2.3048234774636587,1.5971524306479705,0.3605057569220663,0.137205358594656,0.545064590871334,0.632223562337458,-0.0534163415431977,-0.43785078264772886,0.16890924237668514,-0.3174490956589579
28,65,0.4868967434693559,3.842976501186104,2.3048234774636587,1.6673626152988967,-0.42450173664838053,0.48955599684268264,0.17505703214555934,-0.24880756437778495,-0.9131999015808104,0.23862050008028743,0.6769658513367176,0.18701330479234457
28,66,0.28151840529309285,2.8080369888302488,2.3048234774636587,1.21833060808646,-0.05996633227914572,0.28241834044456515,0.420583117753267,0.2651274502277374,-0.4643162926658988,0.12032762914895995,0.2659641969949007,-0.051737648434936945
28,67,0.4830431335545865,3.5574907817568278,2.3048234774636587,1.5434981535643093,-0.03320621792227019,0.8675361955538392,-0.19942245166748773,0.13439411018043756,-0.3860880872234703,-0.08516577538102882,0.7740208134055138,-0.547418593429029
28,68,0.27414178211032775,2.9247806189367713,2.3048234774636587,1.2689824828387049,0.11900326702743774,0.39407523162662983,0.09531820379197553,0.04337577987462271,-0.32229071017354727,-0.3944258019328119,0.395485358312726,0.07038441486656671
28,70,0.2870696814847207,2.86128379136665,2.3048234774636587,1.241432942411428,-0.3032961292192342,0.029514780268073193,-0.03007638268172741,-0.0895214043557645,-0.7248665168881416,0.04644592665135849,0.055044135078787804,-0.1639363691210745
28,71,0.4088180358440056,4.047721645012875,2.3048234774636587,1.7561959449784794,0.2236470310017467,0.6322192279621961,0.3440853497013448,0.5333622442558407,-0.1156558766961098,-0.24516903329640632,0.5474756844341755,0.3335484545677901
28,72,0.3843864823333761,4.0358870576147945,2.3048234774636587,1.751061240514646,0.30356810614466667,0.3276534527540208,0.018986712209879908,0.3162183985114098,-0.8621316207572817,-0.15576475672423845,0.3380922833457589,0.017855207435786835
28,73,0.5093678676554706,4.421984249131376,2.3048234774636587,1.918578273941198,-0.3479554709047076,0.9280749494209887,0.38924597762525065,-0.06086189206689607,0.028322164900600882,0.14454018976539362,0.8300355477258563,-0.47684300597757096
28,76,0.34195429592221804,4.2030159413823,2.3048234774636587,1.8235739016367125,0.04311318695545219,0.07859612070024014,0.5009148353710768,-0.26662516966462146,-0.6385757960379121,-0.23800856992602365,0.11157338041812181,-0.3585323244333268
28,77,0.4005893998415486,2.910006353667396,2.3048234774636587,1.262572332380834,-0.10908183641731717,0.6653523026034237,-0.1230008825659753,0.6026779087260365,-0.21659025922417643,-0.039328115992248225,0.6191417118534446,0.1379783507436515
28,79,0.5706265114280341,4.540079354510321,2.3048234774636587,1.9698165169275559,0.40917064435780065,0.8167704259976745,0.25148299708962407,0.21946252509951591,-0.7993723629042505,-0.3406648943200708,0.7142320973798633,-0.627533782273531
28,80,0.36842299797145805,4.169146248521877,2.3048234774636587,1.8088787663295636,0.4624043982475996,0.41635571233928226,0.3758637374266982,-0.11848353780806065,-0.35303356777876627,-0.004972315393388327,0.6402738718315959,-0.09377731103450054
28,81,0.4838471002895728,3.1117084648544995,2.3048234774636587,1.3500853732533031,-0.5106523483991623,0.8315601898357274,0.0019728485494852066,0.5008009439334272,-0.4934864593669773,-0.21329715102911,0.14784214738756418,-0.5990981748327611
28,84,0.37359900291517933,3.96599496246431,2.3048234774636587,1.7207369680339624,0.20558118261396902,0.1770715191960336,-0.10607866477221273,0.29311111755669106,-0.08622670546174055,0.17071587871760124,0.929261720739305,-0.21381922811269755
28,88,0.4150245407840448,4.435655520573189,2.3048234774636587,1.924509865481934,0.26514603104442375,-0.022162264212965743,0.2204218767583369,0.06662420835345972,-0.5445547997951506,0.3996074916794896,0.8714833818376064,-0.19604953657835716
28,90,0.2764654553447527,3.2725011697957025,2.3048234774636587,1.4198489393196063,-0.22246488649398077,0.3792554419487717,-0.15515680611133587,-0.3001630324870349,-0.0008420189842581888,-0.28356713149696594,0.4619513154029846,0.1007886035367847
28,91,0.5027884776100674,4.384956080023917,2.3048234774636587,1.9025127619965667,0.1253401832655074,0.7785115940496325,0.4689687201753256,0.5727392127737403,-0.8290698071941733,0.017934681847691536,-0.045617079362273216,-0.4035571580752732
28,93,0.4209143297645576,2.775762023564639,2.3048234774636587,1.2043273815568836,-0.07023245375603415,0.8901694463565949,0.05010633822530486,-0.14704122208058834,-0.1919272160157561,-0.46585896424949186,0.09037279523909092,-0.5778036899864676
28,95,0.3401591862029163,4.542695175194545,2.3048234774636587,1.9709514501273437,0.38637446705251927,0.5334214875474574,-0.07443324942141816,-0.02994853723794244,-0.609151817858219,0.08437060192227358,0.24333691410720348,0.2191073950380088
28,98,0.39798077811360005,3.5177934406523894,2.3048234774636587,1.5262745607414336,-0.09003064595162868,0.16089657880365882,0.02753551211208083,0.15469675976783026,-0.6675326833501458,-0.409005517140031,0.6519805723801255,-0.4128716709092261
28,100,0.39829322893964875,3.873935584921306,2.3048234774636587,1.68079491674754,0.13721923716366302,0.02243284136056911,0.6163635635748504,0.37252593785524374,-0.36913511995226156,0.07619163952767849,0.5177754992619157,-0.5665073972195387
28,101,0.2971682389191084,2.6703386968194534,2.3048234774636587,1.1585870774615787,-0.2032005153596399,0.6090279677882792,0.22877415269613244,-0.004254422150552384,-0.4783462369814516,-0.09133801329880958,0.025343763642013073,-0.0641124658286571
28,104,0.4632993993890388,2.868037352919106,2.3048234774636587,1.244363128440203,0.32959607895463733,0.19819911755621467,0.4432920590043065,-0.010850842110812997,-0.815103662200272,0.36952826753258694,0.4501838181167841,-0.6074685351923108
28,105,0.3111354928125446,2.9770928218252384,2.3048234774636587,1.2916793198849996,-0.39363614376634337,0.5504497429355981,-0.19039300736039877,0.3620325662195681,-0.14358375687152153,-0.3377886740490795,-0.04175962507724762,-0.11278120335191494
28,107,0.4782018011555874,3.561565318806122,2.3048234774636587,1.5452659839813172,0.18588956911116833,0.9366177720949055,0.1840864839032288,0.4639988737180829,-0.6242769006639718,-0.014128283597529046,0.3677772097289562,-0.3784756222739815
28,108,0.44094093708670334,3.0346975000394703,2.3048234774636587,1.3166724175245736,0.08836853783577703,0.4589073546230794,-0.05228931643068768,0.5604803273454307,-0.5606645811349154,0.29528083093464363,0.7392327021807432,0.2686138898134232
28,109,0.417307379561997,3.5790988064863525,2.3048234774636587,1.5528732857342156,-0.13468063902109817,0.7935864077880979,0.3355366690084338,-0.32025277614593506,-0.4196235705167055,-0.4984018066897989,0.23166431114077568,-0.22790783084928995
28,110,0.3434200457675577,4.2929943110395845,2.3048234774636587,1.8626130603996653,-0.5226532975211743,0.08666237443685576,0.07310529239475727,0.2088189274072646,0.04457988869398827,-0.14570152387022978,0.5862657222896814,-0.4969388898462059
28,112,0.38175403459904134,3.2007395464816977,2.3048234774636587,1.3887135295948778,0.42104946542531263,0.046543028205633497,-0.17737748101353645,0.5524596823379397,-0.27493871469050657,-0.5303305434063077,0.2776406481862068,-0.4645854653790595
28,113,0.5130452871919612,4.451885937830816,2.3048234774636587,1.9315518005439145,-0.4811378689482808,0.7099183322861791,0.46042754221707555,-0.07822335325181495,-0.6964592756703495,0.26908833347260946,0.7700721938163042,0.040723384357988945
28,114,0.3661158258294123,3.734731305156411,2.3048234774636587,1.620397979139944,-0.12833064701408115,0.4405235648155216,0.1982012093067168,0.40441585518419726,-0.7390306536108255,0.15271819476038212,0.18058091774582863,0.23845773655921226
28,115,0.44866275246076825,4.304111031784755,2.3048234774636587,1.8674363021159481,0.03124956693500308,0.8396186614409089,0.5860080579295752,0.02342597674578417,-0.09857728518545633,-0.1795682087540627,0.6730124708265066,-0.25610127393156285
28,117,0.5504973690979205,3.9402596733009982,2.3048234774636587,1.7095711284740358,-0.22587462607771147,0.9471881156787275,-0.06539630237966776,0.2450374644249677,-0.9303009081631898,0.33515851944684977,0.5592393931001425,-0.34833088703453535
28,118,0.4375664751277303,4.059227358200236,2.3048234774636587,1.7611879598984341,-0.3677538959309461,0.18560709618032012,0.6927940975874661,-0.2298197913914921,-0.511690710671246,-0.04652956593781721,0.39162687212228775,-0.6417769473046064
28,119,0.48127018588810133,3.813744525749603,2.3048234774636587,1.654679659002101,0.2920094830915333,0.5983806280419229,0.059143307618796714,0.643387152813375,-0.33970547188073397,-0.21518167294561857,0.8996834773570299,-0.14512319490313524
28,120,0.38326162483347503,3.625854585843372,2.3048234774636587,1.5731593422648753,0.24301821365952508,0.3560714274644854,0.7413686430081725,0.23942901380360115,-0.5912165176123381,-0.06331588421016937,-0.016054094769060723,0.16886014211922892
28,121,0.3764793011937336,2.9063140420223643,2.3048234774636587,1.260970339134438,-0.2913102637976407,0.7714219326153398,0.10381544567644574,0.11260716896504164,-0.2629882525652647,0.11410229094326485,0.49151423294097185,-0.3266702154651285
28,122,0.35315851776590185,3.956305615540491,2.3048234774636587,1.7165330248606303,-0.17733396589755968,0.001998286694288365,0.3668266711756584,0.5913936821743845,-0.17250323388725522,0.24582287389785046,0.3263545585796237,-0.5341482358053327
28,123,0.50422508039743,4.075360886612012,2.3048234774636587,1.768187857534643,0.09961688332259655,0.6491773696616292,-0.020728470757603423,-0.2857364397495986,-0.7822864959016441,-0.4606786631047725,0.8339228937402368,-0.029821223579347078
28,124,0.3811439001634241,4.220999549700796,2.3048234774636587,1.8313764984491532,-0.0135301575064658,0.11293373070657253,0.2780443178489803,-0.18882776238024246,-0.8479826236143707,-0.26994860451668506,0.21058305632323027,-0.44718197546899324
28,127,0.5194373754312891,4.074697798175334,2.3048234774636587,1.7679001615600223,0.3408143762499096,0.9138529514893892,0.536364898085594,0.3284947033971548,-0.5309958960860968,-0.37062136642634863,0.6074387999251485,-0.1527908090502022
29,32,0.4035933644884525,3.5608138475100475,2.3048234774636587,1.5449399410962885,0.47500138636678446,-0.6314969724044202,-0.05595970526337607,-0.2005478087812662,-0.05838517192751169,0.49094258807599556,-0.09540719259530311,0.6178990127518773
29,34,0.2846368385459664,3.4935071222077005,2.3048234774636587,1.515737390028727,0.0192488757893442,-0.2746371952816847,0.31949923187494295,0.1982237594202159,0.4775147829204797,0.057768914848566055,-0.4385606655851007,-0.0853430712595582
29,35,0.3616681635052836,3.720424941462684,2.3048234774636587,1.6141908384050405,0.1089438060298561,0.07567177154123791,-0.2909944141283631,-0.6710030231624842,0.3992863390594722,0.3904835237190129,0.08463271800428623,0.4181428560987115
29,43,0.3104361862902199,2.533229635611159,2.3048234774636587,1.099099197999688,0.309833139181137,0.016051677986979596,0.10044039227068424,-0.3610095707699657,0.4655680609866976,0.4214115878567101,0.22259579785168168,0.30067317467182875
29,44,0.4287166121496449,3.0489867086619986,2.3048234774636587,1.3228721151423075,0.15762455202639097,-0.4478881442919372,0.39933908265084056,-0.20752178784459835,0.6538492320105433,0.23080526292324077,-0.1551386825740338,0.7331707067787647
29,48,0.352712054724502,3.5124628465947456,2.3048234774636587,1.5239617614707885,0.5147043094038962,-0.3441213825717568,0.2743435623124243,-0.45003520045429496,0.3701208960264921,-0.06837025750428427,0.4372514616698026,-0.03546003345400095
29,50,0.5167347877743025,4.504443738240045,2.3048234774636587,1.9543551956512337,-0.004402760416269302,-0.4956665830686688,0.1488259071484211,-0.5514495670795443,0.8342123879119754,0.6156474137678744,0.028444180265068952,0.6988755883648992
29,52,0.40347146105628745,2.4231400789925996,2.3048234774636587,1.0513343441204193,0.25367080047726637,-0.6067903740331531,-0.2602688679471609,0.23084609489887944,0.09757863264530897,0.130633600987494,0.1793953571468591,0.830644991248846
29,55,0.30064052187182566,2.4555229438030612,2.3048234774636587,1.0653843853175426,0.39347677119076224,0.16287875734269602,-0.024654339998960273,-0.2908708723261954,0.17896870337426674,-0.25323646888136864,-0.19010906666517263,0.5693949982523918
29,56,0.4711663931749189,4.035055083619798,2.3048234774636587,1.7507002697057614,0.3132504308596251,-0.5325561808422208,-0.43346530199050876,-0.6369662657380104,0.43664427753537893,-0.16294764075428236,0.12010640371590847,0.754311834461987
29,59,0.39478394838757114,3.7199702982575356,2.3048234774636587,1.6139935811271648,0.20891195442527527,0.2292695418000219,0.30526297818869363,-0.11135055869817756,0.8461590502411127,-0.028984008356928714,-0.24794461671262985,0.516468801535666
29,61,0.31462392815122836,3.5311871207916146,2.3048234774636587,1.5320857129924357,0.044163516722619534,0.1213982608169317,-0.5414539305493233,-0.32722565997391967,0.07827724702656269,0.4549850542098285,-0.09890126530081039,0.38993409276008606
29,62,0.39174316607270815,2.956054145794718,2.3048234774636587,1.28255121257603,-0.31982268299907424,-0.6714328480884433,0.19451870582997824,0.14323703479021785,0.26129078771919023,0.3525880416855217,-0.02896794211119419,0.6502371318638325
29,66,0.2892739397203503,4.382843844064989,2.3048234774636587,1.9015963204644575,0.03711391519755103,-0.38047535065561516,0.042791697196662426,-0.11584717128425842,0.3948942879214883,0.3190700775012374,-0.21084252744913107,0.45369910914450884
29,67,0.30959237166104026,2.6271408948031785,2.3048234774636587,1.1398447301891483,0.06387402955442656,0.2046425044536589,-0.5772138722240923,-0.24658051133155828,0.4731224933639168,0.11357667297124863,0.297214088961482,-0.04198183584958315
29,68,0.3495492910160786,2.7688443772781275,2.3048234774636587,1.2013260036404612,0.2160835145041345,-0.2688184594735505,-0.28247321676462905,-0.33759884163737314,0.5369198704138398,-0.19568335358053446,-0.08132136613130575,0.5758211724460125
29,70,0.3879575288673654,3.453337403521217,2.3048234774636587,1.4983088454658748,-0.20621588174253747,-0.6333789108321071,-0.407867803238332,-0.47049602586776035,0.13434406369924545,0.24518837500363594,-0.42176258936524397,0.3415003884583713
29,72,0.29596686873006517,3.260999615298225,2.3048234774636587,1.4148587287416863,0.4006483536213634,-0.3352402383461595,-0.3588047083467247,-0.06475622300058603,-0.0029210401698945843,0.042977691628038994,-0.13871444109827286,0.5232919650152326
29,76,0.35369488248412956,2.396452939952417,2.3048234774636587,1.0397555228783038,0.14019343443214893,-0.5842975703999402,0.1231234148144722,-0.6475997911766174,0.22063478454947494,-0.039266121573746204,-0.36523334402590996,0.146904433146119
29,77,0.38286933449709104,2.612637650336588,2.3048234774636587,1.1335521682604792,-0.012001588940620422,0.002458611503243391,-0.5007923031225798,0.22170328721404067,0.6426203213632107,0.15941433236002922,0.1423349874094128,0.6434151083230972
29,80,0.37303036967079856,3.8478807609451855,2.3048234774636587,1.6694904397535828,0.5594846457242963,-0.24653797876089806,-0.0019276831299063768,-0.4994581593200565,0.5061770128086209,0.19377013295888912,0.16346714738756413,0.41165944654494524
29,81,0.27523724841487607,4.308919289891398,2.3048234774636587,1.8695224740738694,-0.41357210092246555,0.16866649873554707,-0.3758185720071194,0.1198263224214314,0.36572412122040976,-0.014554702676832565,-0.3289645770564676,-0.09366141725331534
29,84,0.4462674664077572,3.363011332146913,2.3048234774636587,1.45911882841793,0.30266143009066576,-0.4858221719041467,-0.4838700853288173,-0.08786350395530479,0.7729838751256466,0.3694583270698787,0.45245499629527325,0.29161752946674824
29,86,0.29456275549224326,2.499216479760359,2.3048234774636587,1.0843418180166318,-0.3079925104975697,-0.35784155596047645,-0.10828813910484286,0.2789293397217988,0.17555297631770383,-0.322486288845539,0.044856973923742716,0.4948448948562145
29,88,0.42317430242478354,3.745412565082365,2.3048234774636587,1.625032286292051,0.3622262785211205,-0.6850559553131461,-0.15736954379826767,-0.3143504131585361,0.31465578079223644,0.598349940031767,0.39467665739357466,0.3093872210010886
29,90,0.49445373470938603,2.5225211734864335,2.3048234774636587,1.0944530885559791,-0.12538463901728403,-0.2836382491514086,-0.5329482266679404,-0.6811376539990308,0.8583685616031289,-0.0848246831446885,-0.014855409041047152,0.6062253611162305
29,93,0.3724479482874376,3.681016586907685,2.3048234774636587,1.5970926289584906,0.026847793720662594,0.22727575525641455,-0.3276850823312997,-0.5280158435925841,0.667283364571631,-0.2671165158972144,-0.38643392920494085,-0.07236693240702174
29,96,0.5201508255454657,4.392880770267418,2.3048234774636587,1.9059510688000976,0.4950284138321876,-0.40319004189223046,-0.22485800646245463,-0.5779260294511916,0.7275773454457521,0.22387953754514478,0.3300748718902468,0.8269460862502456
29,97,0.2691756481567768,3.4212621034554993,2.3048234774636587,1.4843922482169545,-0.34520829282700993,0.19708351977169505,0.40906362701207427,0.2910675816237925,0.14934961684048176,-0.10765253752469994,-0.17798179667443043,0.3225031355395913
29,98,0.261279739074774,2.3524638498074695,2.3048234774636587,1.020669857283924,0.007049601525068061,-0.5019971122965214,-0.35025590844452376,-0.2262778617441656,0.19167789723724127,-0.21026306878775358,0.17517384793609375,0.09256508667021968
29,100,0.32466235721958425,2.3376486689991167,2.3048234774636587,1.014241954690422,0.23429948464035977,-0.6404608497396111,0.23857214301824586,-0.00844868365675211,0.4900754606351256,0.27493408787995594,0.04096877481788391,-0.06107063964009285
29,101,0.30412782797086696,3.9725030666054777,2.3048234774636587,1.7235606567913895,-0.10612026788294315,-0.05386572331190115,-0.14901726786047215,-0.38522904366254823,0.38086434360593546,0.10740443505346786,-0.4514629608020187,0.4413242917507887
29,104,0.3338801340609543,3.7205126953017436,2.3048234774636587,1.6142289124006923,0.4266763264313341,-0.46469457354396565,0.06550063844770193,-0.39182546362280884,0.04410691838711511,0.5682707158848644,-0.026622906327247675,-0.10203177761286508
29,108,0.4022443177013785,2.5388922338722546,2.3048234774636587,1.1015560448326294,0.18544878531247377,-0.2039863364771009,-0.43008073698729227,0.17950570583343492,0.29854599945247173,0.49402327928692114,0.26242597773671145,0.774050647392869
29,111,0.3635396021466355,2.866232899274466,2.3048234774636587,1.243580225253784,0.54009850602597,0.026619158685207145,0.3331455420702697,-0.30318705737590806,-0.018195544369518646,0.3756846152246,-0.3981093857437373,0.5118631925433874
29,112,0.42991662076298326,3.033468533697859,2.3048234774636587,1.316139202571833,0.5181297129020094,-0.6163506628945468,-0.5551689015701411,0.17148506082594386,0.5842718658968806,-0.3315880950540302,-0.19916607625782495,0.0408512922003863
29,114,0.32831458645196954,2.334387767635239,2.3048234774636587,1.0128271385902898,-0.0312503995373844,-0.22237012628465874,-0.17959021124988778,0.02344123367220141,0.12017992697656155,0.35146064311265957,-0.29622580669820314,0.743894494138658
29,116,0.44652967316660763,2.834035749100795,2.3048234774636587,1.2296107605687474,0.2727216286584735,-0.36540054436773056,-0.059542677365243324,-0.25883916206657903,0.8199502658098936,-0.16377326101064682,-0.42562394402921216,0.6605879534035921
29,123,0.3657987205552271,3.609015530126019,2.3048234774636587,1.565853335587139,0.1966971307992933,-0.013716321438551171,-0.398519891314208,-0.6667110612615945,0.07692408468574297,-0.26193621475249507,0.357116169296205,0.4756155340000987
29,124,0.3007336574025977,2.686799502046425,2.3048234774636587,1.1657289715753467,0.08355008997023095,-0.5499599603936078,-0.09974710270762427,-0.5698023838922384,0.011227956973016373,-0.07120615616440762,-0.2662236681208015,0.05825478211045254
30,32,0.44346118162808446,3.121875422377474,2.3048234774636587,1.3544965386299084,0.827808485366404,-0.3306097928434607,0.19722533319145463,0.2977699544280769,-0.3978316131979227,0.6090217018499969,0.04021539632230997,0.34689097944647074
30,34,0.3906717068775886,2.8747368098735606,2.3048234774636587,1.2472698399606128,0.3720559747889637,0.02624998427927483,0.5726842703297736,0.696541522629559,0.1380683416500687,0.17584802862256743,-0.3029380766674876,-0.35635110456496477
30,35,0.2997161398247446,2.983535656903998,2.3048234774636587,1.2944746901776738,0.4617509050294756,0.3765589511021974,-0.037809375673532375,-0.1726852599531411,0.05983989778906118,0.5085626374930143,0.22025530692189932,0.14713482279330492
30,37,0.3495135335106124,2.500379507371765,2.3048234774636587,1.08484642395404,0.2354485420510174,0.519280851818621,0.30895326100289816,0.6055840114131571,0.20089364144951105,-0.006469028070569149,0.3213259791955352,0.21530086174607277
30,40,0.43398222856802715,4.098539459698568,2.3048234774636587,1.7782444077707862,0.7672838866710661,0.10980089940130744,0.11780395172536373,0.6116771372035146,0.5358815165236592,0.3919429080560803,-0.21490325219929218,-0.1759132044389845
30,48,0.4272853433099173,3.4418666585725277,2.3048234774636587,1.4933320023102712,0.8675114084035157,-0.04323420301079728,0.527528600767255,0.048282562755048164,0.030674454756081104,0.049708856269717105,0.5728740505874157,-0.3064680667594075
30,50,0.4057241822869411,3.6270135289313425,2.3048234774636587,1.5736621760390461,0.3484043385833502,-0.19477940350770928,0.4020109456032518,-0.05313180387020111,0.4947659466415643,0.7337265275418757,0.16406676918268204,0.4278675550594926
30,56,0.3277705039132788,3.088669362814112,2.3048234774636587,1.3400893356974288,0.6660575298592446,-0.23166900128126133,-0.18028026353567805,-0.13864850252866734,0.09719783626496792,-0.04486852698028099,0.25572899263352156,0.48330380115658045
30,59,0.417696822080981,3.291804693800887,2.3048234774636587,1.4282242115232837,0.5617190534248948,0.5301567213609815,0.5584480166435244,0.38696720451116556,0.5067126089707017,0.08909510541707266,-0.11232202779501677,0.24546076823025947
30,61,0.32794547502510196,3.063116691414925,2.3048234774636587,1.329002729001064,0.396970615722239,0.4222854403778912,-0.2882688920944927,0.17109210323542345,-0.2611691942438483,0.5730641679838299,0.03672132361680269,0.11892605945467949
30,62,0.37637233325782055,2.961918795226002,2.3048234774636587,1.2850957238970178,0.03298441600054525,-0.37054566852748383,0.44770374428480897,0.6415547979995609,-0.07815565355122078,0.4706671554595231,0.1066546468064189,0.3792290985584259
30,63,0.35463906185288596,3.838383726796566,2.3048234774636587,1.6653699358445067,0.8185412557795642,0.2772000124678018,0.08724637143313874,0.022316094487905613,0.2810554038733244,0.14784130733460166,-0.3701519062742591,-0.1154543887823819
30,66,0.2796128134358186,3.4998119855352248,2.3048234774636587,1.5184728981442823,0.3899210141971705,-0.07958817109465566,0.29597673565149313,0.3824705919250847,0.05544784665107727,0.43714919127523877,-0.07521993853151798,0.18269107583910227
30,69,0.4700050588214835,2.4324373734052616,2.3048234774636587,1.055368186409675,0.2845545662567015,0.3668346805498004,0.5948792537674311,0.5339137045666575,-0.13030440360307682,0.7468782467767596,0.5467327795922756,-0.19756214879453182
30,72,0.34907339919625346,2.7515294069255676,2.3048234774636587,1.19381351059192,0.7534554526209829,-0.03435305878520001,-0.10561966989189397,0.4335615402087571,-0.3423674814403056,0.16105680540204037,-0.003091852180659771,0.25228393170982605
30,75,0.379511481456261,2.3218752625101207,2.3048234774636587,1.007398304127493,0.613954784348607,0.19600951764732621,0.6400356348603967,-0.06030816677957762,-0.05760734993964445,-0.2382894763723017,0.14643799047917128,0.4919799314811826
30,79,0.4252605398138751,2.868519524400108,2.3048234774636587,1.2445723294856263,0.8590579908341169,0.45476391445845366,0.1268766149878502,0.3368056667968632,-0.27960822358727444,-0.023843332193791977,0.3730479618534446,-0.3931050579994917
30,80,0.3762725323502045,3.329135990815582,2.3048234774636587,1.4444212423934206,0.9122917447239158,0.05434920080006145,0.2512573553249243,-0.0011403961107133709,0.16673057153820986,0.3118492467328905,0.2990897363051772,0.14065141323953867
30,81,0.3168372786457475,3.878847473539173,2.3048234774636587,1.6829260511558344,-0.06076500192284606,0.46955367829650657,-0.12263353355228868,0.6181440856307745,0.026277679949998745,0.10352441109716881,-0.1933419881388545,-0.3646694505587219
30,82,0.35272928477080356,2.5511991476494766,2.3048234774636587,1.106895678820897,0.3032210748642682,-0.29227222688496113,0.6257993495091799,0.13206387124955643,-0.42236092407256354,0.00283637363463618,0.4539955360814929,-0.156214845366776
30,84,0.4268248607672733,2.8020660854906625,2.3048234774636587,1.2157399960947093,0.6554685290902853,-0.18493499234318722,-0.2306850468739866,0.41045425925403833,0.4335374338552356,0.48753744084388007,0.5880775852128863,0.020609496161341667
30,86,0.3125858868089321,2.9489821137672236,2.3048234774636587,1.279482850900334,0.04481458850204978,-0.05695437639951695,0.14489689934998784,0.7772471029311419,-0.16389346495270718,-0.2044071750715376,0.1804795628413558,0.22383686155080795
30,88,0.43279013285930734,3.3399996682719415,2.3048234774636587,1.4491346955331441,0.71503337752074,-0.38416877575218655,0.09581549465656303,0.183967350050807,-0.024790660478174575,0.7164290538057684,0.5302992463111877,0.03837918769568205
30,93,0.3041438900428914,3.016581839064659,2.3048234774636587,1.308812526668747,0.3796548927202821,0.5281629348173741,-0.07450004387646902,-0.029698080383241066,0.32783692330122,-0.14903740212321304,-0.25081134028732777,-0.3433749657124283
30,96,0.4373147309087641,3.9484388558143255,2.3048234774636587,1.7131198525274405,0.847835512831807,-0.10230286233127095,0.028327031992376073,-0.07960826624184847,0.38813090417534113,0.34195865131914616,0.4656974608078599,0.555938052944839
30,97,0.41085682436002674,3.840378437861101,2.3048234774636587,1.6662353865326132,0.007598806172609551,0.4979706993326546,0.662248665466905,0.7893853448331356,-0.19009682442992926,0.010426576249301434,-0.04235920775681734,0.05149510223418474
30,102,0.3962920478502392,2.5040596856711406,2.3048234774636587,1.0864431528729181,0.10535688139498245,0.040127195417881345,0.3672791281715039,0.6382161751389503,-0.37694723065942526,-0.1738169398158791,0.5841865176334977,0.4334507565945387
30,104,0.42671266637568267,2.7566283458015315,2.3048234774636587,1.1960258010019322,0.7794834254309535,-0.16380739398300614,0.31868567690253263,0.10649229958653428,-0.2953395228832959,0.6863498296588658,0.10899968259036541,-0.37303981091827165
30,105,0.28963254241771175,4.38296418668362,2.3048234774636587,1.9016485338421014,0.05625120270997286,0.18844323139637725,-0.31499938946217265,0.47937570791691536,0.3761803824454546,-0.020967111922800652,-0.3829437606036663,0.12164752092212427
30,107,0.38728052609166896,2.3854962870760645,2.3048234774636587,1.035001730241477,0.6357769155874846,0.5746112605556847,0.05948010180145491,0.5813420154154302,-0.10451276134699572,0.3026932785287498,0.026593074202537537,-0.1440468979999423
30,111,0.4723639088803978,2.9119293215478033,2.3048234774636587,1.2634066556594754,0.8929056050255895,0.32750633824616665,0.5863305805251005,0.19513070583343506,-0.35764198563992966,0.4937637289986014,-0.2624867968261242,0.2408551592379808
30,112,0.44164659092426933,2.3186263689026756,2.3048234774636587,1.0059886978651424,0.8709368119016289,-0.3154634833335873,-0.30198386311531034,0.669802824035287,0.24482542462646956,-0.21350898128002882,-0.06354348734021187,-0.23015674110502027
30,121,0.2571025915428121,4.4800733423300745,2.3048234774636587,1.9437815460211156,0.15857708267867554,0.409415421076119,-0.020790936425328144,0.2299503106623889,0.2567758867517114,0.43092385306954367,0.15033009741455317,-0.09224149119108926
30,123,0.31783822319726507,3.0367346374834083,2.3048234774636587,1.3175562758607358,0.5495042297989128,0.28717085812240833,-0.1453348528593773,-0.16839329805225134,-0.26252235658466805,-0.1438571009784937,0.4927387582138181,0.20460750069469213
31,32,0.3987311167552381,3.2549155493264275,2.3048234774636587,1.4122190185724317,-0.011878875084221502,-0.7301845951005813,-0.4305603280663489,-0.3330198908224702,-0.4756092671304941,-0.06027116999030106,-0.43659133557230234,-0.14781119767576456
31,34,0.4930550696940597,3.65344772224533,2.3048234774636587,1.5851312510343587,-0.4676313856616618,-0.3733248179778458,-0.05510139092802991,0.06575167737901194,0.06029068771749729,-0.4934448432177306,-0.7797448085620999,-0.8510532816872001
31,35,0.4249606397053042,3.6030268935658687,2.3048234774636587,1.5632550296349883,-0.3779364554211499,-0.02301585115492316,-0.6655950369313359,-0.8034751052036881,-0.01793775614351023,-0.16073023434728373,-0.256551424972713,-0.3475673543289304
31,37,0.36327926116170167,2.33201840043691,2.3048234774636587,1.0117991348314352,-0.6042388183996081,0.11970604956150048,-0.3188324002549054,-0.02520583383739,0.12311598751693964,-0.6757618999108672,-0.15548075269907713,-0.27940131537616253
31,38,0.5227833981941938,2.4230708277511024,2.3048234774636587,1.0513042978968477,-0.706505914218724,-0.6184680731967088,-0.5585596654564142,-0.5508595984429121,0.32291419617831707,-0.5437667332589626,-0.5374488616362214,0.022894820198416724
31,42,0.5870437098988636,2.5384650937801654,2.3048234774636587,1.1013707204048517,-0.6488832551985981,-0.6848587943241,-0.8844021698459983,-0.12033264432102445,-0.12317665480077278,-0.8363637942820786,-0.5953950732946396,0.032590954564511825
31,44,0.3408464536621684,3.0756382073631383,2.3048234774636587,1.3344354730140644,-0.329255709424615,-0.5465757669880983,0.02473845984786769,-0.33999386988580227,0.23662513680756098,-0.32040849514305586,-0.496322825551033,-0.032539503648877144
31,48,0.44489127298908177,3.126288117205431,2.3048234774636587,1.3564110864775434,0.027824047952890216,-0.4428090052679179,-0.10025706049054856,-0.5825072824954989,-0.04710319917649031,-0.619584015570581,0.0960673186928034,-0.8011702438816428
31,50,0.4173791826800123,4.362392570110945,2.3048234774636587,1.892723070884169,-0.4912830218672753,-0.5943542057648299,-0.22577471565455176,-0.6839216491207482,0.4169882927089929,0.06443365570157772,-0.3127399627119303,-0.06683462206274265
31,52,0.3991045603113852,2.4920662600470314,2.3048234774636587,1.081239532838074,-0.23320946097373962,-0.7054779967293141,-0.6348694907501338,0.0983740128576755,-0.31964546255767345,-0.42058015707880264,-0.1617887858301401,0.06493478082120423
31,56,0.5283264739061664,3.7643015434156157,2.3048234774636587,1.6332276984431098,-0.1736298305913809,-0.6312438035383819,-0.8080659247934816,-0.7694383477792144,0.019420182332396507,-0.714161398820579,-0.22107773926109076,-0.011398375965654808
31,59,0.3688468221398518,3.5637607365007664,2.3048234774636587,1.546218515798227,-0.2779683070257307,0.13058191910386083,-0.06933764461427921,-0.2438226407393815,0.4289349550381303,-0.5801977664232254,-0.5891287596896291,-0.2492414088919758
31,61,0.4617926529299976,3.5894128790392625,2.3048234774636587,1.5573482803070149,-0.44271674472838646,0.02271063812077062,-0.9160545533522962,-0.4596977420151236,-0.33894684817641973,-0.09622870385646819,-0.4400854082778096,-0.3757761176675558
31,62,0.4316414210159051,3.431187158140023,2.3048234774636587,1.488698458554349,-0.8067029444500802,-0.7701204707846044,-0.1800819169729946,0.0107649527490139,-0.1559333074837922,-0.19862571638077492,-0.3701520850881934,-0.1154730785638094
31,63,0.5099888875703381,4.412585809155099,2.3048234774636587,1.914500547352514,-0.021146104671061358,-0.12237478978931879,-0.5405392898246648,-0.6084737507626414,0.20327774994075298,-0.5214515645056964,-0.8469586381688714,-0.6101565659046172
31,64,0.49730048349210076,2.5825577748677992,2.3048234774636587,1.1205013312818963,-0.029294257052242936,-0.6243759552016854,-0.20732745248824344,0.1187768587842582,0.38857014384120697,-0.7903220923617481,-0.6490816250443459,-0.577722548507154
31,66,0.3640261351954728,4.3721635540364145,2.3048234774636587,1.8969624341243516,-0.44976634625345496,-0.47916297335177627,-0.3318089256063104,-0.24831925332546237,-0.02232980728149414,-0.23214368056505924,-0.5520266704261303,-0.31201110128313303
31,67,0.5109724878986758,2.675925253023554,2.3048234774636587,1.1610109317214496,-0.42300623189657943,0.1059548817574978,-0.9518144950270652,-0.3790525933727622,0.05589839816093439,-0.437637085095048,-0.04397005401551722,-0.807692046277225
31,68,0.4538523202104187,2.620330379840406,2.3048234774636587,1.1368898336300992,-0.2707967469468715,-0.3675060821697116,-0.6570738395676019,-0.47007092367857706,0.11969577521085739,-0.7468971116468311,-0.422505509108305,-0.18988903798162934
31,70,0.604963365303826,3.610240405578996,2.3048234774636587,1.566384775614956,-0.6930961431935434,-0.7320665335282682,-0.7824684260413048,-0.6029681079089643,-0.282880031503737,-0.3060253830626607,-0.7629467323422432,-0.4242098219692706
31,72,0.4324937579459336,2.971051405404002,2.3048234774636587,1.2890581141916748,-0.0862319078296426,-0.4339278610423206,-0.7334053311496975,-0.19722830504178998,-0.420145135372877,-0.5082360664382577,-0.4798985840752721,-0.24241824541240922
31,77,0.4017501452087749,2.9672214744939422,2.3048234774636587,1.287396411702305,-0.4988818503916264,-0.09622901119291769,-0.8753929259255527,0.08923120517283673,0.22539622616022825,-0.3917994257062674,-0.19884915556758642,-0.12229510210454456
31,79,0.46742481496112637,2.699561972043278,2.3048234774636587,1.1712662589735545,0.019370630383491426,0.055189112201333074,-0.5009090462699534,-0.29398417845368385,-0.35738587751984585,-0.69313620403409,-0.1037587700411677,-0.887807235121727
31,80,0.3460807976904406,3.3456239669451784,2.3048234774636587,1.4515749252202463,0.07260438427329038,-0.34522560145705916,-0.3765283059328792,-0.6319302413612604,0.08895291760563845,-0.3574436251074075,-0.1777169955894351,-0.35405076388269663
31,81,0.6009747793261436,4.606290102228755,2.3048234774636587,1.9985435532346032,-0.9004523623734715,0.06997887603938599,-0.7504191948100922,-0.012645759619772545,-0.05149997398257267,-0.5657684607431293,-0.6701487200334668,-0.8593716276809572
31,84,0.44128408305115174,3.202798802272148,2.3048234774636587,1.3896069844779027,-0.18421883136034023,-0.5845097946003078,-0.8584707081317902,-0.22033558599650874,0.35575977992266417,-0.18175543099641794,0.11127085331827404,-0.47409268096089363
31,86,0.5096331292250869,3.2025517240018315,2.3048234774636587,1.3894997839600616,-0.7948727719485758,-0.45652917865663756,-0.4828887619078157,0.14645725768059484,-0.2416711188852786,-0.8737000469118357,-0.2963271690532565,-0.27086531557142735
31,88,0.40869753645736073,3.529979403702442,2.3048234774636587,1.5315617175103602,-0.1246539829298855,-0.7837435780093072,-0.5319701666012405,-0.44682249519974004,-0.10256831441074599,0.047136181965470404,0.053492514416575446,-0.45632298942655325
31,90,0.5871541552351852,2.7618151498508894,2.3048234774636587,1.1982762137125256,-0.6122649004682901,-0.3823258718475697,-0.9075488494709133,-0.8136097360402347,0.4411444664001465,-0.6360384412109852,-0.3560395520180464,-0.15948484931141135
31,93,0.6246608802517793,3.7693573914473153,2.3048234774636587,1.6354212929118987,-0.4600324677303434,0.12858813256025348,-0.7022857051342726,-0.6604879256337881,0.2500592693686486,-0.8183302739635111,-0.7276180721819401,-0.8380771428346636
31,94,0.49115295129918907,2.5044061346903397,2.3048234774636587,1.0865934676465165,-0.8519019437953834,-0.6410812931135296,-0.4568445002660154,-0.16271196864545354,0.19204596336930985,-0.4676137324422596,-0.08271050639450549,-0.5436545424163342
31,96,0.4067099377727562,4.0548040248490995,2.3048234774636587,1.759268796285955,0.008148152381181592,-0.5018776645883916,-0.5994586292654275,-0.7103981114923955,0.3103532502427697,-0.32733422052115185,-0.0111092710867524,0.061235875822603716
31,97,0.4610071395349403,3.9143581968671293,2.3048234774636587,1.6983331847932588,-0.8320885542780159,0.09839589707553398,0.0344630042091014,0.1585954995825885,-0.26787447836250067,-0.6588662955909966,-0.5191659396514297,-0.44320707488805056
31,98,0.542745330135003,2.3700415621308295,2.3048234774636587,1.0282963469024273,-0.47983065992593793,-0.6006847349926826,-0.7248565312474966,-0.3587499437853695,-0.22554619796574116,-0.7614768268540503,-0.16601029504090548,-0.6731451237574222
31,101,0.4807437862625946,4.0038370272943045,2.3048234774636587,1.7371556071184784,-0.5930005293339491,-0.15255334600806222,-0.523617890663445,-0.5177011257037522,-0.03635975159704696,-0.44380932301282877,-0.7926471037790179,-0.3243859186768532
31,102,0.45678956708326185,2.4204133680711264,2.3048234774636587,1.05015129867328,-0.7343304790556431,-0.35944760683923926,-0.2605065330862997,0.007426329888403249,-0.45472488459199667,-0.8431098116561772,0.10737978573888542,-0.061251420527696554
31,104,0.46357581369197215,3.5576378680532588,2.3048234774636587,1.54356197029382,-0.06020393501967192,-0.5633821962401268,-0.3090999843552709,-0.5242975456640128,-0.3731171768158673,0.017056957818567753,-0.3678070493042469,-0.867741988040507
31,107,0.383397852090894,2.7988193896994584,2.3048234774636587,1.2143313434048395,-0.20391044486314092,0.17503645829856407,-0.5683055594563486,-0.04944782983511692,-0.18229041527956713,-0.36659959331154823,-0.4502136576920748,-0.6387490751221776
31,108,0.3270749848437626,2.660709797487768,2.3048234774636587,1.1544093608486425,-0.3014314761385322,-0.302673959173262,-0.8046813597902651,0.04703362379223097,-0.11867809575051069,-0.05719047877937554,-0.07875816524028777,0.008340436965227141
31,110,0.6076908420119158,2.8597273522601703,2.3048234774636587,1.2407576459639136,-0.9124533114954836,-0.6749189393594857,-0.6792867509648202,-0.30462777614593517,0.486566374078393,-0.49817283358424896,-0.23172514513134956,-0.757212342694402
31,111,0.3589807493351885,2.397098920049494,2.3048234774636587,1.0400357960113196,0.05321824457496394,-0.07206846401095393,-0.04145508073270316,-0.435659139417112,-0.43541963957250107,-0.17552914284169663,-0.7392935287207365,-0.25384701788425446
31,112,0.6126675831323976,3.204041855545352,2.3048234774636587,1.3901463113657786,0.031249451451003413,-0.7150382855907079,-0.9297695243731139,0.039012978784739916,0.16704777069389815,-0.8828018531203269,-0.5403502192348242,-0.7248589182272556
31,114,0.39138481394822916,2.621512800588308,2.3048234774636587,1.1374028537201253,-0.5181306609883904,-0.32105774898081985,-0.5541908340528606,-0.10903084836900254,-0.2970441682264209,-0.19975311495363707,-0.6374099496752024,-0.021815716288983794
31,116,0.4841599398461494,2.8122521383519685,2.3048234774636587,1.2201594464174363,-0.2141586327925325,-0.46408816706389167,-0.4341433001682162,-0.39131124410778295,0.4027261706069112,-0.7149870190769435,-0.7668080870062114,-0.10512225702404973
31,123,0.523769468381307,3.252054332756525,2.3048234774636587,1.4109776147955788,-0.2901831306517127,-0.11240394413471225,-0.7731205141171809,-0.7991831433027984,-0.34030001051723946,-0.8131499728187918,0.01593202631920579,-0.29009467642754316
31,124,0.5834478286874468,2.4517159272403974,2.3048234774636587,1.0637326247380934,-0.40333017148077505,-0.6486475830897689,-0.4743477255105971,-0.7022744659334422,-0.40599613822996605,-0.6224199142307043,-0.6074078110978007,-0.7074554283171893
32,33,0.6229861267522052,3.03207193654053,2.3048234774636587,1.3155332571833969,-0.8470725584775208,0.5872225360944867,-0.3604917610064152,-0.11903914902359286,0.8597833216190338,-0.7992367269471288,0.5231933910399675,-0.4966576565057039
32,35,0.38770596699620097,3.179255526823226,2.3048234774636587,1.3793921998407597,-0.36605758033692837,0.7071687439456581,-0.235034708864987,-0.470455214381218,0.4576715109869839,-0.10045906435698268,0.18003991059958935,-0.1997561566531658
32,38,0.42859446735942774,3.747666774533969,2.3048234774636587,1.6260103262476684,-0.6946270391345025,0.11171652190387249,-0.1279993373900653,-0.21783970762044197,0.7985234633088112,-0.4834955632686615,-0.10085752606391907,0.17070601787418127
32,41,0.44488849038750683,3.7090858597028444,2.3048234774636587,1.6092711203135197,-0.7749678520485758,0.7756563434377309,0.2808185536414386,-0.30905275791883496,0.04325958248227846,-0.3941908413544297,0.22168808709830046,-0.02030098810791972
32,42,0.4247542468940716,3.457277502486925,2.3048234774636587,1.5000183468677104,-0.6370043801143767,0.045325800776481295,-0.45384184177964937,0.21268724650144571,0.35243261232972134,-0.7760926242917775,-0.15880373772233725,0.1804021522402764
32,43,0.34962988584767113,2.6283149713165788,2.3048234774636587,1.1403541299435678,-0.16516824718564752,0.6475486503913999,0.1564000975340603,-0.1604617619886995,0.5239532329142094,-0.06953100021928546,0.31800299044698477,-0.31722583808004856
32,44,0.3416120913818833,4.145606382802735,2.3048234774636587,1.7986654610811084,-0.31737683434039354,0.18360882811248302,0.45529878791421663,-0.006973979063332136,0.712234403938055,-0.2601373251527548,-0.05973148997873068,0.11527169402688742
32,45,0.4191168935407857,3.0163685812236785,2.3048234774636587,1.3087199999121144,-0.5316369226202369,0.536425805650651,-0.15909732878208194,0.12377462163567521,0.2902491055428983,-0.585992998443544,0.46395017858594656,-0.3890592223033308
32,46,0.5235361087279164,3.2020810928294074,2.3048234774636587,1.3892955899395538,-0.8961724424734707,0.2982815150171516,0.07984314393252129,-0.4057473354041578,0.10699044074863195,-0.7020886130630968,-0.40091277193278074,-0.6815506545826795
32,51,0.42072170112750673,2.921865071247133,2.3048234774636587,1.267717506271889,-0.32665983680635713,0.5492315618321297,-0.40957610867917527,0.2800726229324936,-0.02892228588461887,-0.6773766875267029,-0.35246689524501573,-0.4214145112782718
32,52,0.26276537670686795,2.436122970766438,2.3048234774636587,1.0569672665115628,-0.22133058588951812,0.024706598371267208,-0.20430916268378485,0.43139390368014563,0.15596380457282066,-0.36030898708850156,0.2748025497421622,0.21274597849696877
32,54,0.4596944040430457,3.289883985138211,2.3048234774636587,1.4273908684575538,-0.7344519710168244,0.39465322345495213,-0.3289155522361398,0.0328073482960462,0.6283947071060538,-0.04335391055792573,0.42849146109074354,-0.5529507501050832
32,55,0.3981641872241553,2.530020249316594,2.3048234774636587,1.0977067328821004,-0.08152461517602225,0.7943757297471162,0.031305365264415796,-0.0903230635449292,0.23735387530177843,-0.7441790569573642,-0.09470187406986952,-0.048504014499485465
32,60,0.5374432823949257,3.2321127607720315,2.3048234774636587,1.4023255109882895,-0.40267391689121723,0.33817235380411115,0.12495752237737173,0.24237989448010921,0.714440549723804,-0.8292119735851885,0.4733124729245901,-0.7333829430863262
32,61,0.36677210178508624,3.0333958539482575,2.3048234774636587,1.3161076688121711,-0.43083786964416493,0.7528952332213519,-0.4854942252859473,-0.12667785119265346,0.13666241895407438,-0.035957533866167124,-0.0034940727055072784,-0.22796491999179122
32,63,0.43491785758325036,4.034741903720372,2.3048234774636587,1.7505643894951992,-0.009267229586839856,0.6078098053112625,-0.1099789617583159,-0.2754538599401713,0.6788870170712471,-0.4611803945153953,-0.41036730259656906,-0.46234536822885264
32,64,0.4710637270843512,4.225664850201913,2.3048234774636587,1.833400645003861,-0.017415381968021434,0.10580863989889588,0.22323287557810548,0.45179674960672833,0.8641794109717011,-0.730050922371447,-0.21249028947204351,-0.4299113508313894
32,67,0.5191916170580323,2.8691005574436956,2.3048234774636587,1.2448244238647705,-0.4111273568123579,0.8361394768580791,-0.5212541669607162,-0.04603270255029207,0.5315076652914286,-0.37736591510474693,0.3926212815567851,-0.6598808486014605
32,68,0.3702157744066153,2.4667465997146136,2.3048234774636587,1.0702540232838755,-0.25891787186265003,0.3626785129308697,-0.22651351150125298,-0.13705103285610692,0.5953050423413515,-0.68662594165653,0.014085826463997364,-0.04207784030586478
32,69,0.4526326364493379,4.544307573996471,2.3048234774636587,1.9716510259593722,-0.5432539191097024,0.6974444733932611,0.3976539205759765,0.23614375013858063,0.2675272095948459,0.1378565449267626,0.5065173832699656,-0.5444531282410026
32,70,0.3430042990640566,2.740751487965154,2.3048234774636587,1.1891372657229315,-0.6812172681093219,-0.0018819384276869133,-0.3519080979749559,-0.26994821708649414,0.19272923562675714,-0.24575421307235965,-0.32635539676994085,-0.27639862429350603
32,71,0.43562891599924275,3.497481828336834,2.3048234774636587,1.5174619065342199,-0.15427410788834103,0.600822509266436,0.022253634408116285,0.3529354315251111,0.801939875818789,-0.5373691730201244,0.16607615258544683,0.2210861993953586
32,73,0.5977889214433201,3.8962762400497954,2.3048234774636587,1.6904879172514546,-0.7258766097947953,0.8966782307252286,0.06741426233202213,-0.2412887047976257,0.9459179174154997,-0.14765994995832452,0.44863601587712765,-0.5893052611500025
32,77,0.457402408957612,4.507562924169471,2.3048234774636587,1.9557085252922775,-0.4870029753074049,0.6339555839076636,-0.4448325978592038,0.42225109599530686,0.7010054932907224,-0.33152825571596634,0.23774218000471592,0.025516095571220004
32,82,0.4000293314154799,3.1169316731313352,2.3048234774636587,1.3523515807645974,-0.5245874105021358,0.038337565958499575,0.4285740163177253,-0.16570608317852048,-0.02452931087464083,-0.6061853282153608,0.41378013975918293,-0.5031058248132467
32,85,0.3501097718655139,3.627717835554624,2.3048234774636587,1.5739677554598426,-0.6455798679962754,0.5432926854118701,0.19231262709945424,-0.014446053653955737,0.1593833314254881,-0.41605082247406244,0.039805516600608826,0.1771887792274356
32,90,0.5146022665886496,2.8326714555579384,2.3048234774636587,1.2290188308369496,-0.6003860253840685,0.3478587232530116,-0.4769885214045644,-0.48058984521776454,0.9167537335306406,-0.575767271220684,0.08055178355425596,-0.011673651635646792
32,91,0.4076171149237278,3.7502622993718986,2.3048234774636587,1.6271364536336952,-0.2525809556245804,0.7471148753538724,0.14713700488209708,0.3923124000430106,0.08852594532072544,-0.27426545787602663,-0.4270166112110019,-0.5160194132477047
32,93,0.589683633526358,4.585366557370206,2.3048234774636587,1.9894653981988109,-0.44815359264612187,0.8587727276608348,-0.27172537706792366,-0.327468034811318,0.7256685364991426,-0.75805910397321,-0.29102673660963774,-0.690265945158899
32,94,0.4523395938465409,4.316720648134718,2.3048234774636587,1.8729072704886927,-0.840023068711162,0.08910330198705174,-0.0262841721996665,0.17030792217701662,0.667655230499804,-0.40734256245195855,0.35388082917779684,-0.3958433447405696
32,95,0.2788703299286719,4.245620825496343,2.3048234774636587,1.842058998014214,0.008453328162431537,0.5020247688516974,-0.3962649647146467,-0.21037534996867208,0.30844393465667974,-0.20782953780144456,-0.13806261774152517,0.1066451398655773
32,100,0.35509431337014113,3.2716306919276,2.3048234774636587,1.4194712627310895,-0.24070190172642472,-0.008963877335190995,0.29453184828162193,0.1920991251245141,0.5484606325626373,-0.21600850019603965,0.13637596741318703,-0.6789696523919702
32,101,0.38924977510110687,4.220642359956953,2.3048234774636587,1.8312215235682847,-0.5811216542497276,0.5776312490925191,-0.09305756259709608,-0.18468123488128202,0.43924951553344715,-0.3835381530225277,-0.3560557682067156,-0.1765747210010886
32,104,0.2786157741629939,2.529725482379345,2.3048234774636587,1.0975788415532715,-0.048325059935450415,0.16680239886045456,0.121460343711078,-0.19127765484154263,0.1024920903146268,0.07732812780886882,0.06878428626805544,-0.7199307903647424
32,106,0.4524264300556007,2.5912320652132084,2.3048234774636587,1.124264869110379,-0.6570316795259713,0.3199402354657648,0.24594183918088675,-0.33962296228855865,0.6837721606716514,-0.4807167695835233,0.4783211285248399,0.014484049752354594
32,107,0.4148443625037686,3.4869102022673255,2.3048234774636587,1.5128751665201248,-0.19203156977891941,0.9052210533991454,-0.13774523138999972,0.2835720609873532,0.293318851850927,-0.3063284233212472,-0.013622322119772434,-0.49093787744641304
32,108,0.3222674618056775,3.058216496499609,2.3048234774636587,1.326876668171144,-0.2895526010543107,0.4275106359273193,-0.3741210317239162,0.38005351461470116,0.3569311713799834,0.0030806912109255236,0.35783317033201456,0.1561516346409917
32,109,0.513062099658292,3.079115483567254,2.3048234774636587,1.3359441682517328,-0.5126017779111859,0.7621896890923376,0.013704953715205304,-0.5006795888766646,0.49797218199819326,-0.790601946413517,-0.14973522070795298,-0.3403700860217215
32,110,0.5485935764406475,4.395798977491603,2.3048234774636587,1.9072171992663651,-0.900574436411262,0.055265655741095654,-0.24872642289847124,0.028392114676534963,0.9621756412088871,-0.4379016635939479,0.20486619044095278,-0.6094011450186374
32,113,0.4315858940273639,3.318070850412182,2.3048234774636587,1.4396203799796203,-0.8590590078383685,0.6785216135904191,0.13859582692384703,-0.2586501659825446,0.2211364768445493,-0.023111806251108674,0.38867266196757555,-0.07173887081444255
32,114,0.2731013833529222,3.1094919713718103,2.3048234774636587,1.3491236972271943,-0.5062517859041689,0.40912684611976147,-0.12363050598651171,0.22398904245346762,0.17856509890407324,-0.13948194496333602,-0.20081861410290003,0.12599548138678077
32,115,0.4977544695507779,3.1612120658109206,2.3048234774636587,1.3715636345780693,-0.3466715719550847,0.8082219427451488,0.26417634263634676,-0.15700083598494546,0.8190184673294425,-0.4717683484777808,0.29161293897777796,-0.36856352910399437
32,116,0.42221537184259794,3.810416329493474,2.3048234774636587,1.653235645484939,-0.202279757708311,0.26609642803668965,-0.0035829721018672545,-0.05829135328531282,0.8783354377374053,-0.6547158490866424,-0.33021675143390905,0.04268894065171483
32,117,0.44767838093988804,3.31657684862268,2.3048234774636587,1.4389721733798047,-0.6037957649677992,0.9157913969829674,-0.3872280176728963,0.06461065169423807,-0.012705155648291,0.04295837972313164,0.17783986125141382,-0.4607931422069669
32,118,0.4655917676576268,2.9172185215811033,2.3048234774636587,1.2657014951927488,-0.7456750348210338,0.15421037748456,0.37096238229423767,-0.41024660412222175,0.4059050418436527,-0.3387297056615354,0.010227340273559093,-0.7542392024770379
32,120,0.29520546116450724,2.5282993451581213,2.3048234774636587,1.096960079537365,-0.13490292523056266,0.3246747087687253,0.419536927714944,0.05900220107287152,0.3263792349025607,-0.3555160239338875,-0.3974536266177894,0.056397886946797426
32,125,0.4493474873470683,4.496556594390299,2.3048234774636587,1.9509331792031774,-0.4264511009678247,0.47931785974651564,0.34010948147624737,0.24972711503505682,0.9288239479064941,-0.23659919481724503,0.3211268000304699,-0.06201245542615644
32,127,0.44134726097955146,2.852290797023473,2.3048234774636587,1.2375311276168857,-0.037106762640178106,0.8824562327936292,0.21453318279236538,0.14806789066642517,0.386599856428802,-0.6628215061500667,0.22603926807641983,-0.2652530642226337
33,34,0.5059750930942751,3.1821733351935486,2.3048234774636587,1.3806581572552223,0.39132004790008057,-0.23036275897175118,0.7359506981447342,0.517810717225075,-0.32388336677104235,0.36606305371969927,-0.8663468640297651,-0.20658442750573158
33,35,0.39384073028235156,2.8397011018022393,2.3048234774636587,1.2320688024781778,0.48101497814059246,0.11994620785117141,0.12545705214142822,-0.35141606535762515,-0.40211181063204987,0.6987776625901461,-0.3431534804403782,0.2969014998525381
33,37,0.32265702479990704,2.7834801891265344,2.3048234774636587,1.2076760829378625,0.2547126151621343,0.26266810856759504,0.47221968881785875,0.42685320600867305,-0.2610580669716,0.1837459970265627,-0.24208280816674232,0.36506753880530596
33,40,0.4818559487135466,4.153942960214367,2.3048234774636587,1.8022824744850183,0.786547959782183,-0.14681184384971857,0.2810703795403243,0.4329463317990305,0.07392980810254815,0.5821579331532121,-0.7783120395615697,-0.026146527379751316
33,44,0.5181954508851327,2.7980706411957463,2.3048234774636587,1.214006481865102,0.5296957241371274,-0.4036137079820037,0.8157905489206319,0.11206516996026072,-0.14754891768097866,0.539099401794374,-0.5829248810186982,0.6119293505325913
33,48,0.4525900347504282,3.2665085190211176,2.3048234774636587,1.4172488917093748,0.8867754815146326,-0.2998469462618233,0.6907950285822155,-0.13044824264943589,-0.43127725366502995,0.23992388136684895,0.009465263225138187,-0.15670138970017433
33,50,0.5074585980789172,3.776698441947695,2.3048234774636587,1.6386063743605042,0.36766841169446707,-0.4513921467587353,0.5652773734182124,-0.23186260927468516,0.03281423822045326,0.9239415526390076,-0.39934201817959547,0.5776342321187258
33,56,0.42701287092602336,3.2557854343638555,2.3048234774636587,1.4125964379478997,0.6853216029703615,-0.48828174453228734,-0.017013835720717463,-0.3173793079331514,-0.36475387215614313,0.14534649811685085,-0.30767979472875595,0.6330704782158136
33,59,0.4568145676614566,3.4664365217364566,2.3048234774636587,1.5039921953377071,0.5809831265360117,0.2735439781099554,0.7217144444584849,0.2082363991066815,0.0447609005495906,0.2793101305142045,-0.6757308151572943,0.39522744528949266
33,61,0.45709369419621715,2.6307280399298976,2.3048234774636587,1.1414010945536186,0.4162346888333559,0.1656726971268652,-0.1250024642795321,-0.007638702169060596,-0.7231209026649594,0.7632791930809617,-0.5266874637454748,0.2686927365139127
33,62,0.5244628528273647,3.3605166503402546,2.3048234774636587,1.4580364540708048,0.05224848911166213,-0.6271584117785098,0.6109701720997696,0.4628239925950769,-0.5401073619723319,0.6608821805566549,-0.4567541405558586,0.5289957756176591
33,63,0.47556312513112114,3.892735614620508,2.3048234774636587,1.688951736514011,0.837805328890681,0.020587269216775783,0.2505127992480993,-0.15641471091657844,-0.18089630454778666,0.3380563324317335,-0.9335606936365366,0.03431228827685129
33,64,0.5168619245932611,2.649303044389733,2.3048234774636587,1.1494602820104716,0.8296571765094994,-0.48141389619559083,0.5837246365845207,0.5708358986303212,0.004396089352667332,0.0691858045756818,-0.735683680512011,0.0667463056743145
33,66,0.4486206263233323,3.4950743257911823,2.3048234774636587,1.5164173568890118,0.4091850873082874,-0.33620091434568167,0.4592431634664537,0.20373978652060065,-0.4065038617700338,0.6273642163723706,-0.6386287258937955,0.33245775289833546
33,69,0.5045874560251362,2.4631547463420365,2.3048234774636587,1.0686956161400323,0.3038186393678184,0.11022193729877439,0.7581456815823917,0.3551828991621735,-0.5922561120241879,0.9370932718738914,-0.01667600777000189,-0.047795471735298634
33,70,0.48976403965127446,2.5870732781728023,2.3048234774636587,1.1224604849217108,0.1658552903681989,-0.5891044745221736,0.008583663031459299,-0.15090906806290127,-0.6670540859922767,0.5534825138747692,-0.8495487878099084,0.2202590322121979
33,72,0.500363285548341,2.4872662969774306,2.3048234774636587,1.0791569598703241,0.7727195257320998,-0.290965802036226,0.057646757923066616,0.25483073480427304,-0.8043191898614167,0.3512718304991722,-0.5665006395429373,0.40205060876905924
33,79,0.446223832039737,2.371825230420269,2.3048234774636587,1.0290702318905318,0.8783220639452338,0.19815117120742765,0.2901430428028108,0.15807486139237914,-0.7415599320083855,0.16637169290333986,-0.1903608255088329,-0.2433383809402585
33,80,0.4480962060352368,3.1224455093729087,2.3048234774636587,1.3547438838175154,0.9315558178350327,-0.20226354245096456,0.4145237831398849,-0.17987120151519742,-0.2952211368829012,0.5020642718300223,-0.2643190510571003,0.29041809029877186
33,81,0.3769533932704745,3.8841054780963185,2.3048234774636587,1.6852073558234402,-0.041500928811729176,0.21294093504548056,0.040632894262671915,0.43941328022629045,-0.4356740284711123,0.29373943619430065,-0.756750775501132,-0.21490277349948872
33,82,0.4823593704081013,2.670771064766451,2.3048234774636587,1.1587746701129142,0.3224851479753851,-0.5488849701359871,0.7890657773241405,-0.04666693415492762,-0.8843126324936746,0.19305139873176802,-0.1094132512807846,-0.006448168307542801
33,84,0.38701774549407847,2.605310110191767,2.3048234774636587,1.130372948586405,0.6747326022014022,-0.44154773559421323,-0.06741861905902602,0.23172345384955428,-0.028414274565875516,0.6777524659410119,0.024668797850608826,0.17037617322057486
33,86,0.3927013498233744,3.394957853308204,2.3048234774636587,1.4729795520150561,0.06407866161316667,-0.31356711965054296,0.30816332716494843,0.5985162975266578,-0.6258451733738183,-0.014192149974405766,-0.3829292245209217,0.37360353861004114
33,88,0.5138532490746078,3.1039525568602686,2.3048234774636587,1.3467202964610596,0.7342974506318569,-0.6407815190032126,0.2590819224715236,0.005236544646322949,-0.4867423688992856,0.9066440789029002,-0.033109541051089764,0.18814586475491524
33,89,0.41023309489894244,2.5416364998053145,2.3048234774636587,1.102746706920157,0.14387000910937808,0.022491864860057664,0.6332092592492703,0.12844324856996575,-0.376959583722055,0.0761812124401332,-0.540677928365767,0.6836948972195387
33,93,0.35431604485163326,3.086788038622442,2.3048234774636587,1.3392730804787252,0.39891896583139896,0.2715501915663481,0.08876638393849157,-0.20842888578772512,-0.13411478511989106,0.041177622973918804,-0.8142201276496053,-0.19360828865319513
33,94,0.2900244419324065,2.5824992190878224,2.3048234774636587,1.1204759255271608,0.007049489766358885,-0.49811923410743497,0.3342075888067487,0.2893470712006095,-0.1921280911192298,0.3918941644951702,-0.1693125618621707,0.10081431176513433
33,96,0.4717459904373838,3.673882584269662,2.3048234774636587,1.5939973799262854,0.8670995859429239,-0.35891560558229696,0.19159345980733666,-0.2583390716463325,-0.07382080424576996,0.532173676416278,-0.09771132655441761,0.7057047300040722
33,97,0.49827639444731303,4.148342785190077,2.3048234774636587,1.7998527113907732,0.026862879283726437,0.24135795608162855,0.8255150932818656,0.6106545394286516,-0.6520485328510404,0.20064160134643327,-0.6057679951190948,0.20126177929341793
33,100,0.48333851123685917,2.3917110076947883,2.3048234774636587,1.0376981278960005,0.6063706567510961,-0.5961864134296777,0.6550236092880372,0.31113827414810696,-0.3113226890563965,0.5832282267510891,-0.3868174236267805,-0.18231199588626623
33,101,0.41410112989183356,3.056983900190005,2.3048234774636587,1.3263418782743661,0.2659509042277932,-0.009591287001967652,0.26743419840931915,-0.06564208585768916,-0.4205338060855866,0.4156985739246011,-0.8792491592466831,0.3200829355046153
33,102,0.44715718473539734,2.6545805508400124,2.3048234774636587,1.151750048017232,0.12462095450609934,-0.21648554783314466,0.5305455559864645,0.4594853697344663,-0.8388989390805364,0.01639808528125275,0.020777730271220207,0.5832174336537719
33,104,0.5755911495573837,2.811912217233595,2.3048234774636587,1.2200119639218365,0.7987474985420704,-0.42042013723403215,0.4819521047174932,-0.07223850581794977,-0.757291231304407,0.8765648547559977,-0.4544091047719121,-0.22327313385903846
33,105,0.37566778486229785,4.500817789630194,2.3048234774636587,1.9527819955145178,0.07551527582108974,-0.06816951185464876,-0.15173296164721206,0.3006449025124313,-0.0857713259756565,0.1692479131743312,-0.9463525479659438,0.27141419798135746
33,110,0.26813209379405184,2.6210814442628196,2.3048234774636587,1.1372156999837517,-0.05350187793374117,-0.5319568803533911,0.11176533810794398,0.14743126370012782,0.1023923195898533,0.3613350633531809,-0.31832720059901476,-0.11274348851293348
33,111,0.6493740976454644,2.524398875432866,2.3048234774636587,1.095267772181338,0.9121696781367064,0.07089359499514064,0.7495970083400609,0.01639990042895101,-0.8195936940610408,0.6839787540957332,-0.8258955841884017,0.390621836297214
33,112,0.4779305948174166,2.490334587664435,2.3048234774636587,1.0804882074547948,0.8902008850127457,-0.5720762265846133,-0.13871743530034975,0.49107201863080296,-0.2171262837946415,-0.02329395618289698,-0.6269522747024894,-0.08039006404578708
33,116,0.45967216575744574,2.6449285787485755,2.3048234774636587,1.1475623207635777,0.6447928007692099,-0.32112610805779707,0.35690878890454797,0.06074779573828004,0.01855211611837153,0.1445208778604864,-0.8534101424738766,0.5393465971574187
33,121,0.29149455682626224,4.278925615652437,2.3048234774636587,1.8565090374561688,0.17784115578979243,0.152802677825093,0.14247549138963245,0.05121950525790486,-0.20517582166939963,0.6211388781666756,-0.41307868994772434,0.057525185868143924
33,123,0.37128743990234164,2.828099261305078,2.3048234774636587,1.2270350805421584,0.5687683029100297,0.030558114871382325,0.017931574955583285,-0.3471241034567354,-0.7244740650057792,0.04635792411863815,-0.07067002914845942,0.3543741777539253
33,125,0.4132903711124928,2.526768263613679,2.3048234774636587,1.09629578504392,0.42062145750969615,-0.10790467634797107,0.7006012424826626,0.36876626405864965,0.06904062628746037,0.5626375321298838,-0.20206659100949761,0.43464520107954746
34,35,0.48773293668014844,4.258432509135689,2.3048234774636587,1.8476176378686833,0.0896949302405119,0.35030896682292256,-0.610493646003306,-0.8692267825827001,-0.07822844386100752,0.33271460887044685,0.5231933835893869,0.5034859273582697
34,37,0.36966986126797513,3.893775249918103,2.3048234774636587,1.689402805894274,-0.1366074327379463,0.4930308675393462,-0.2637310093268755,-0.09095751121640194,0.06282529979944235,-0.18231705669313658,0.6242640558630228,0.5716519663110375
34,38,0.4534357680717125,2.8972950475222583,2.3048234774636587,1.257057243581441,-0.23887452855706226,-0.24514325521886304,-0.5034582745283843,-0.6166112758219241,0.2626235084608198,-0.050321890041232,0.24229594692587852,0.8739481018856168
34,40,0.27896330651566326,3.20066291197869,2.3048234774636587,1.3886802799756521,0.39522791188210243,0.08355091512203261,-0.4548803186044099,-0.08486438542604446,0.3978131748735905,0.21609487943351285,0.08803482446819544,0.18043790012598027
34,41,0.47656712580259875,3.562006005426515,2.3048234774636587,1.5454571858779926,-0.3192153414711355,0.4187965663149954,-0.09464038349688045,-0.7078243261203171,-0.49264037236571295,0.03898283187299978,0.564841560088098,0.6829410959035158
34,42,0.47675182868672583,2.8279063993936524,2.3048234774636587,1.2269514030226818,-0.1812518695369364,-0.31153397634625424,-0.8293007789179684,-0.1860843217000364,-0.18346734251827007,-0.342918951064348,0.18434973526746035,0.8836442362517118
34,43,0.39499731914314723,3.5930363335129605,2.3048234774636587,1.5589203983061275,0.2905842633917928,0.29068887326866427,-0.2190588396042587,-0.5592333301901816,-0.0119467219337821,0.36364267300814407,0.6611564634367824,0.38601624593138695
34,44,0.35907795305956286,2.370423013682002,2.3048234774636587,1.0284618483193049,0.13837567623704677,-0.1732509490102525,0.0798398507758976,-0.40574554726481427,0.17633444909006368,0.17303634807467472,0.2834219830110669,0.8185137780383229
34,45,0.39261962914974474,3.31103750436814,2.3048234774636587,1.4365688030962651,-0.07588441204279661,0.17956602852791548,-0.534556265920401,-0.27499694656580687,-0.24565084930509312,-0.15281932521611452,0.8071036515757442,0.3141828617081047
34,46,0.38602554376798454,3.2826961727748976,2.3048234774636587,1.424272272854205,-0.44041993189603046,-0.05857826210558392,-0.29561579320579773,-0.8045189036056399,-0.42890951409935946,-0.2689149398356673,-0.05775929894298315,0.021691429428756015
34,49,0.395350427593532,3.37161210576977,2.3048234774636587,1.4628504693470314,-0.41552098933607295,0.5796441687271,-0.409515565261245,-0.26746887434273947,0.03305924311280256,0.2054529786109925,0.39949385169893503,0.5473836455494165
34,50,0.48888992926743785,3.233292648791823,2.3048234774636587,1.4028374321967154,-0.023651636205613502,-0.2210293877869841,-0.17067332472652186,-0.7496733264997602,0.3566976049914956,0.5578784989193083,0.46700484585016966,0.7842186596244574
34,51,0.37785812171189315,3.1590824390909105,2.3048234774636587,1.3706396476693827,0.1290926737710832,0.1923717847093942,-0.7850350458174943,-0.11869894526898855,-0.5648222407326102,-0.24420301429927338,-0.00931342225521814,0.2818275727331637
34,52,0.48386970828069437,3.400671930040944,2.3048234774636587,1.4754587339518126,0.23442192468792217,-0.3321531787514683,-0.5797680998221039,0.032622335478663556,-0.37993615027517075,0.07286468613892794,0.6179560227319598,0.9159880625084043
34,54,0.43123559124768096,2.8096570272893313,2.3048234774636587,1.2190334985572155,-0.2786994604393841,0.037793446332216596,-0.7043744893744588,-0.36596421990543593,0.09249475225806242,0.3898197626695038,0.7716449340805411,0.1502913339063523
34,55,0.41312622364866275,4.047493624443163,2.3048234774636587,1.756097013076778,0.37422789540141804,0.4375159526243807,-0.3441535718739032,-0.4890946317464113,-0.298546079546213,-0.3110053837299347,0.24845159891992807,0.65473806951195
34,58,0.4124486573664804,3.7878750664606367,2.3048234774636587,1.6434556066866348,-0.09607680700719323,-0.16141027025878385,-0.6283615268766879,-0.4365978669375181,-0.45958328247070296,0.08745326939970266,0.714297654107213,0.1052863672375679
34,59,0.3405638130860337,2.760665030770716,2.3048234774636587,1.1977772084344993,0.18966307863593107,0.5039067370817065,-0.014236253686249312,-0.3095743181183934,0.36864426732063293,-0.08675292320549477,0.19061604887247086,0.6018118727952242
34,60,0.3439883833244091,3.321059295788324,2.3048234774636587,1.4409169848629715,0.053078593686223086,-0.018687423318624385,-0.2505014147609473,-0.1563916737213729,0.17854059487581259,-0.396038300357759,0.8164659459143877,-0.030140859074890725
34,61,0.47870011807051555,4.604294050543839,2.3048234774636587,1.9976775208879036,0.024914640933275334,0.39603545609861635,-0.8609531624242663,-0.5254494193941356,-0.39923753589391703,0.39721613936126243,0.3396594002842903,0.47527716401964426
34,62,0.37642654526499153,3.0887609538126415,2.3048234774636587,1.340129074531845,-0.33907155878841844,-0.39679565280675866,-0.12498052604496471,-0.05498672462999804,-0.2162239952012895,0.29481912683695566,0.4095927234739065,0.7355802031233907
34,63,0.3599190025882273,4.376304370969254,2.3048234774636587,1.8987590215738148,0.4464852809906004,0.25095002818852696,-0.4854378988966349,-0.6742254281416534,0.1429870622232557,-0.028006721287965775,-0.06721382960677147,0.24089671578258287
34,64,0.266654414715953,2.739727913709445,2.3048234774636587,1.1886931647903798,0.43833712860941887,-0.25105113722383965,-0.15222606156021354,0.05302518140524626,0.3282794561237097,-0.2968772491440175,0.13066318351775408,0.2733307331800461
34,65,0.5621695813222758,3.7674185671224913,2.3048234774636587,1.634580089954804,-0.346670364961028,0.101299501024187,-0.5222336202859882,-0.8280059453099967,-0.531504103913903,0.3795940335839988,0.6387197924777865,0.7777931336313486
34,66,0.27483061840789297,2.704870521673615,2.3048234774636587,1.1735694937688625,0.01786503940820683,-0.10583815537393049,-0.2767075346782805,-0.31407093070447434,-0.08262049499899143,0.26130116265267134,0.22771813813596964,0.539042180404067
34,67,0.47170225639532065,4.14956108246029,2.3048234774636587,1.8003812973246316,0.04462515376508236,0.47927969973534357,-0.8967131040990353,-0.4448042707517742,-0.0043922895565629005,0.05580775812268257,0.7357747545465827,0.04336123540997505
34,68,0.4063218417139573,3.6906420314187787,2.3048234774636587,1.6012688466190665,0.1968346387147903,0.00581873580813419,-0.601972448639572,-0.535822601057589,0.0594050874933601,-0.2534522684291005,0.35723929945379496,0.6611642437055707
34,69,0.4024687554982237,3.6662668876191185,2.3048234774636587,1.5906931370091992,-0.08750140853226218,0.34058469627052557,0.022194983437657453,-0.16262781806290147,-0.26837274525314553,0.5710302181541922,0.8496708562597632,0.15878895577043295
34,70,0.43173322802025854,3.7204745618119595,2.3048234774636587,1.6142123673202744,-0.22546475753188167,-0.35874171555042245,-0.7273670351132749,-0.6687197852879763,-0.34317071922123427,0.18741946015506988,0.01679807621985674,0.4268434597179295
34,71,0.4290386795006936,3.1934443315480796,2.3048234774636587,1.3855483349476738,0.30147840268909926,0.24396273214370046,-0.35320530273020273,-0.04583613667637104,0.2660399209707976,-0.10419549979269493,0.5092296255752444,0.9243282834067941
34,73,0.46883961498881555,3.4947796856042768,2.3048234774636587,1.5162895205536975,-0.27012409921735503,0.539818453602493,-0.3080446748062969,-0.6400602729991078,0.4100179625675083,0.285513723269105,0.7917894888669252,0.11393682286143303
34,76,0.35341494834336723,4.323489308535242,2.3048234774636587,1.8758440074955427,0.12094455864280473,-0.3096603751182555,-0.19637581706047075,-0.8458235505968332,-0.2568799983710048,-0.09703503642231226,0.07332732155919075,0.2322475044056772
34,81,0.33601962828281845,2.716336926338359,2.3048234774636587,1.178544453793724,-0.43282097671180975,0.44330369401723174,-0.6953178038820623,-0.07839743699878449,-0.11179066170006996,-0.07232361752539862,0.10959608852863312,-0.008318345993757137
34,82,0.4160330341438428,4.384686950029808,2.3048234774636587,1.9023959938376425,-0.06883489992469549,-0.31852221116423596,0.05311507917940626,-0.5644776513800026,-0.5604292657226322,-0.17301165498793125,0.7569336127489805,0.20013625919818878
34,85,0.4091083415785989,3.405565940171265,2.3048234774636587,1.4775821113723284,-0.18982735741883516,0.1864329082891346,-0.18314631003886478,-0.41321762185543787,-0.3765166234225033,0.017122850753367058,0.3829589895904064,0.8804308632388711
34,86,0.3724263280827626,3.7654290371176087,2.3048234774636587,1.6337168871870709,-0.3272413862869139,-0.08320436067879178,-0.4277873709797858,0.0807055803015829,-0.3019618066027759,-0.38025520369410504,0.4834176395088434,0.5801879661157727
34,89,0.3988790402181955,3.4785384825605226,2.3048234774636587,1.509242905833499,-0.2474500387907025,0.25285462383180884,-0.10274143889546394,-0.3893674686551092,-0.05307621695101267,-0.28988184127956607,0.3256689356639981,0.8902793247252703
34,90,0.5413084395206538,3.9697679140418223,2.3048234774636587,1.7223739487461098,-0.14463351480662823,-0.00900105386972394,-0.8524474585428834,-0.8793614134192467,0.3808537786826492,-0.14259359799325455,0.42370525654405355,0.6915684323757887
34,91,0.25328615925143705,3.171555303582439,2.3048234774636587,1.3760512831431997,0.20317155495285993,0.3902550982311369,-0.22832193225622194,-0.006459168158471473,-0.44737400952726597,0.15890821535140293,-0.08386313822120428,0.18722267076373078
34,92,0.32886610405454353,3.2742746378953558,2.3048234774636587,1.4206183987237622,0.09784319438040268,-0.14769701845943906,-0.0271977623924613,-0.09524996113032097,-0.3880093106999993,0.3416989985853435,0.5440701907500625,0.5105894031003118
34,93,0.40967885067579296,3.855498383720327,2.3048234774636587,1.6727955183635614,0.007598917931318394,0.5019129505380993,-0.6471843142062427,-0.7262396030128001,0.1897685816511513,-0.32488543074578047,0.052126736380159855,0.012976138852536456
34,94,0.3590487532234299,3.277513044066095,2.3048234774636587,1.4220234547735655,-0.3842705581337217,-0.2677564751356838,-0.4017431093379855,-0.22846364602446548,0.13175527565181255,0.025831110775470956,0.6970343021675944,0.3073987392708659
34,97,0.3044026374353512,3.862026511087839,2.3048234774636587,1.6756278946523935,-0.36445716861635413,0.47172071505337976,0.08956439513713131,0.09284382220357656,-0.32816516607999796,-0.165421452373266,0.2605788689106703,0.4078462067991495
34,98,0.39409392340647714,3.8060227957232295,2.3048234774636587,1.6513294110972718,-0.012199274264276139,-0.22735991701483682,-0.6697551403194667,-0.4245016211643815,-0.28583688568323845,-0.26803198363631964,0.6137345135211945,0.17790815792977788
34,100,0.2517917098314331,2.836630605563651,2.3048234774636587,1.2307365979650724,0.21505060885101557,-0.36582365445792653,-0.08092708885669708,-0.206672443076968,0.012560677714645863,0.21716517303138988,0.4795294404029846,0.02427243161946535
34,101,0.3379593765784081,3.1756579263990115,2.3048234774636587,1.3778312992080686,-0.12536914367228735,0.22077147196978353,-0.4685164997354151,-0.5834528030827641,-0.09665043931454426,0.049635520204901806,-0.012902295216917992,0.5266673630103469
34,102,0.4892849064668451,3.5389332306906174,2.3048234774636587,1.5354465386585847,-0.26669909339398123,0.013877211138606516,-0.20540514215826977,-0.05832534749060869,-0.515015572309494,-0.3496649684384465,0.8871245943009853,0.7898018611595035
34,104,0.39262227426116253,3.9905421408805166,2.3048234774636587,1.7313873187685096,0.4074274506419899,-0.19005737826228097,-0.253998593427241,-0.5900492230430248,-0.4334078645333646,0.5105018010362984,0.41193775925785303,-0.01668870635330688
34,105,0.4017928124931059,3.68403131000376,2.3048234774636587,1.598400635027308,-0.3158047720789908,0.16219324711710242,-0.8876836597919463,-0.21716581471264365,0.23811204079538587,-0.19681514054536808,-0.08000568393617868,0.47799862548708905
34,106,0.476701607011284,4.078382704994806,2.3048234774636587,1.7694989420547118,-0.20127916894853104,-0.036919541656970756,-0.12951709795743227,-0.7383945304900408,0.14787220582365995,-0.04754309635609377,0.8214746015146375,0.7177261337637901
34,107,0.3308129066153428,3.5308646475325656,2.3048234774636587,1.5319458006467823,0.2637209407985209,0.5483612762764098,-0.5132041685283187,-0.11519950721412886,-0.24258110299706442,0.12684524990618234,0.32953115087002516,0.21230420656502247
34,108,0.5058559556271021,3.0238459647453975,2.3048234774636587,1.3119642325376635,0.16619990952312957,0.07065085880458377,-0.7495799688622352,-0.01871805358678097,-0.17896878346800799,0.4362543644383551,0.7009866433218122,0.8593937186524272
34,109,0.41917816899445054,3.5114176525814833,2.3048234774636587,1.5235082803155149,-0.05684926733374562,0.40532991196960216,-0.3617539834231137,-0.8994511570781468,-0.03792777284979815,-0.3574282731860875,0.19341825228184462,0.36287199798971403
34,110,0.4041161421926453,3.0780799834389834,2.3048234774636587,1.3354948930085762,-0.44482192583382174,-0.3015941213816399,-0.6241853600367903,-0.37037945352494717,0.42627568636089563,-0.0047279903665183864,0.5480196634307504,0.0938409389927981
34,112,0.4134670827205019,4.266702070473626,2.3048234774636587,1.8512055748273246,0.4988808371126652,-0.34171346761286214,-0.874668133445084,-0.026738698594272026,0.10675708297640085,-0.38935700990259625,0.23939458932727575,0.1261943634599445
34,113,0.4944722589853185,3.465323182285218,2.3048234774636587,1.5035091477368283,-0.40330649726092827,0.3216618364676835,-0.23686311021447198,-0.6574217341840267,-0.3147634780034421,0.41006186697632085,0.7318261349573731,0.6315032131969929
34,114,0.3883874369268234,3.2840348240479,2.3048234774636587,1.4248530771049823,-0.0504992753267286,0.052267068997025934,-0.4990894431248307,-0.17478252574801448,-0.3573348559439182,0.2936917282640935,0.14233485888689756,0.8292375653982162
34,115,0.37641018363695566,3.704665667485928,2.3048234774636587,1.6073533195534457,0.10908093862235563,0.45136216562241327,-0.11128259450197225,-0.5557724041864276,0.28311851248145103,-0.03859467525035132,0.6347664119675756,0.33467855490744114
34,116,0.37881214887603465,3.052457648785087,2.3048234774636587,1.3243780613273524,0.2534727528691293,-0.09076334908604589,-0.37904190924018627,-0.45706292148679495,0.3424354828894139,-0.22154217585921288,0.012936721555888542,0.7459310246631503
34,117,0.48548443754996834,3.5765658687672772,2.3048234774636587,1.5517743131908335,-0.14804325439035892,0.5589316198602319,-0.7626869548112153,-0.334160916507244,-0.5486051104962824,0.47613205295056116,0.5209933342412114,0.24244894180446863
34,118,0.3414947871278567,3.0561798077741735,2.3048234774636587,1.325993004521693,-0.28992252424359355,-0.20264939963817552,-0.00449655484408136,-0.8090181723237039,-0.12999491300433869,0.09444396756589418,0.3533808132633567,-0.0509971184656024
34,119,0.43878253977798864,3.9537241128864666,2.3048234774636587,1.7154129813174845,0.36984085477888584,0.2101241322234273,-0.6381473448127508,0.06418877188116329,0.0419903257861734,-0.07420813944190718,0.8614374184980989,0.44565663393586874
34,120,0.3262088023559764,3.293420448562637,2.3048234774636587,1.428925243414684,0.32084958534687763,-0.03218506835401025,0.04407799057662497,-0.3397693671286106,-0.2095207199454307,0.07765764929354202,-0.05430015362799179,0.7596399709582329
34,121,0.3736091293792023,3.4953084349667654,2.3048234774636587,1.516518930470621,-0.21347889211028814,0.38316543679684417,-0.5934752067551018,-0.4665912119671701,0.11870754510164272,0.25507582444697624,0.4532681740820408,0.2641096133738755
34,122,0.26173411439631333,4.061812714285391,2.3048234774636587,1.7623096753401737,-0.09950259421020713,-0.3862582091242073,-0.3304639812558891,0.012195301242172718,0.20919256377965217,0.38679640740156185,0.28810849972069263,0.05663159303367127
34,124,0.37582364118506073,4.430165703569804,2.3048234774636587,1.9221279837208949,0.06430121418088675,-0.2753227651119231,-0.4192463345825672,-0.7680261433124542,-0.46628682594746335,-0.12897507101297367,0.1723369974642992,0.14359785337001074
34,125,0.36823784691810546,3.4112346570608563,2.3048234774636587,1.4800416129111749,0.02930140960961558,0.1224580826237801,-0.03534945566207165,-0.14904445316642528,0.39292399305850273,0.1965744784101845,0.6642802730202675,0.641229628585279
34,127,0.37601674386143424,3.950580620898015,2.3048234774636587,1.7140491059408285,0.41864574793726217,0.5255964556708936,-0.16092575434595363,-0.25070367753505696,-0.1493000984191894,-0.22964783292263724,0.5691927410662174,0.4379890197888018
35,36,0.29788355418583456,4.494311469161541,2.3048234774636587,1.9499590806439124,0.12095336057245726,-0.4581793015822768,-0.26738164667040065,0.15138233825564362,-0.18672385066747677,0.1828247094526887,-0.37524777092039585,-0.4263892462477089
35,38,0.3565170067071812,3.5713357308078035,2.3048234774636587,1.5495050990793782,-0.32856945879757415,-0.5954522220417856,0.1070353714749217,0.25261550676077604,0.3408519523218273,-0.38303649891167885,-0.2808974366635084,0.3704621745273471
35,39,0.3405643112009571,3.3461566609171802,2.3048234774636587,1.4518060465955753,0.2604541443288328,-0.2588238362222911,0.4711854588240387,0.6296805404126644,-0.26835892628878366,-0.21481259353458892,0.1954210139811039,-0.1348428903147577
35,40,0.408945125030861,3.589826983129784,2.3048234774636587,1.5575279487695113,0.30553298164159054,-0.26675805170088995,0.1556133273988961,0.7843623971566557,0.47604161873459805,-0.116619729436934,-0.4351585591211915,-0.3230480272322894
35,41,0.3074101158091646,3.9057952037989283,2.3048234774636587,1.6946179358156563,-0.4089102717116474,0.06848759949207278,0.5158532625064256,0.16140245646238305,-0.41441192850470543,-0.29373177699744707,0.04164817649871111,0.17945516854524607
35,42,0.4680945048728446,3.3979989682010356,2.3048234774636587,1.4742990087641596,-0.2709467997774483,-0.6618429431691768,-0.21880713291466236,0.6831424608826637,-0.10523889865726255,-0.6756335599347949,-0.3388436483219266,0.38015830889344215
35,44,0.3896941553069183,3.3250763090777657,2.3048234774636587,1.4426598572906084,0.04868074599653488,-0.5235599158331751,0.6903334967792036,0.4634812353178859,0.2545628929510712,-0.15967826079577213,-0.23977140057832003,0.31502785068005323
35,45,0.315368714206482,2.8849184432586075,2.3048234774636587,1.2516873727932145,-0.1655793422833085,-0.1707429382950071,0.07593738008290507,0.5942298360168932,-0.1674224054440856,-0.48553393408656137,0.2839102679863572,-0.18930306565016497
35,46,0.4480670972772248,3.6847896423082305,2.3048234774636587,1.5987296547166183,-0.5301148621365424,-0.4088872289285065,0.3148778527975083,0.06470787897706021,-0.35068107023835193,-0.6016295487061141,-0.5809526825323701,-0.4817944979295137
35,48,0.395410334339863,3.8499653053670175,2.3048234774636587,1.670394866683547,0.4057605033740401,-0.41979315411299467,0.5653379764407873,0.22096782270818927,-0.029165443032980076,-0.4588537812232972,0.3526187436655164,-0.45360288955271244
35,49,0.30743934055247396,4.200544359150862,2.3048234774636587,1.8225015495648056,-0.5052159195765848,0.2293352019041774,0.20097808074206103,0.6017579082399607,0.11128768697381008,-0.12726163025945436,-0.12369953189045191,0.04389771819114685
35,50,0.3295522279423564,3.821853667622608,2.3048234774636587,1.6581979943333292,-0.1133465664461254,-0.5713383546099067,0.43982032127678417,0.11955345608293999,0.43492604885250313,0.22516389004886148,-0.05618853773921728,0.28073273226618767
35,51,0.43625629824175755,2.6554547745502415,2.3048234774636587,1.1521293498244103,0.039397743530571294,-0.1579371821135284,-0.17454139981418826,0.7505278373137115,-0.48659379687160276,-0.5769176231697202,-0.5325068058446051,-0.22165835462510597
35,52,0.45258478014261744,2.9954592128713418,2.3048234774636587,1.29964799567544,0.14472699444741027,-0.6824621455743909,0.030725546181202157,0.9018491180613637,-0.3017077064141632,-0.2598499227315189,0.09476263914257288,0.41250213515013456
35,54,0.2988204309123631,2.9568241205279504,2.3048234774636587,1.282885283597417,-0.368394390679896,-0.31251552049070597,-0.09388084337115277,0.5032625626772642,0.17072319611906994,0.05710515379905695,0.2484515504911542,-0.3531945934519174
35,55,0.328876325926499,2.441837481422145,2.3048234774636587,1.0594466367156512,0.28453296516090615,0.08720698580145811,0.2663400741294028,0.3801321508362888,-0.22031763568520546,-0.6437199926003816,-0.27474178466945887,0.15125214215368032
35,56,0.3269343449997491,2.6847146370897472,2.3048234774636587,1.1648244055740613,0.204306624829769,-0.6082279523834587,-0.14247088786214568,0.03403675742447376,0.03735793847590674,-0.5534311644732952,0.03547368571162224,0.33616897836327553
35,58,0.33251374506161896,2.95665225229358,2.3048234774636587,1.282810714661422,-0.18577173724770513,-0.5117192370817064,-0.01786788087338187,0.432628915645182,-0.38135483860969543,-0.2452613394707442,0.19110427051782608,-0.3981995601207018
35,59,0.38701478818224383,4.5812626506746374,2.3048234774636587,1.9876848250938872,0.09996814839541918,0.153597770258784,0.5962573923170567,0.5596524644643066,0.4468727111816405,-0.4194675320759416,-0.3325773347169161,0.09832594543695455
35,60,0.46677147459897317,3.73430950896633,2.3048234774636587,1.6202149732853937,-0.03661633655428881,-0.36899639014154695,0.35999223124235874,0.7128351088613272,0.2567690387368201,-0.7287529092282059,0.29327256232500076,-0.5336267864331604
35,64,0.5376370956622541,4.159144403020925,2.3048234774636587,1.8045392385528163,0.348642198368907,-0.6013601040467622,0.45826758444309246,0.9222519639879464,0.4065078999847172,-0.6295918580144644,-0.39253020007163286,-0.2301551941782236
35,65,0.2641393272263323,2.6522533965328896,2.3048234774636587,1.150740359279731,-0.4363652952015399,-0.2490094657987356,0.08826002571731784,0.041220837272703426,-0.45327566005289555,0.04687942471355197,0.1155264088883996,0.27430720627307886
35,66,0.30135733700083617,3.2505655717341613,2.3048234774636587,1.4103316820215854,-0.07182989083230507,-0.45614712219685305,0.3337861113250255,0.5551558518782258,-0.00439205113798391,-0.07141344621777551,-0.2954752454534173,0.03555625304579735
35,68,0.28642651805111713,2.5624929033356785,2.3048234774636587,1.1117957311661768,0.1071397084742784,-0.3444902310147884,0.008521197363734023,0.3334041815251111,0.13763353135436762,-0.5861668772995474,-0.16595408413559198,0.157678316347301
35,71,0.4010993694587171,3.31476443079809,2.3048234774636587,1.438185814753076,0.21178347244858736,-0.10634623467922213,0.2572883432731033,0.823390645906329,0.3442683648318051,-0.4369101086631418,-0.013963758014142513,0.4208423560485244
35,72,0.3481280313140386,2.776683737373955,2.3048234774636587,1.2047272880218813,0.2917045475915073,-0.4109120098873974,-0.0678102942183616,0.6062468001618981,-0.4022073792293668,-0.3475058320909739,-0.2233471591025591,0.10514910891652113
35,73,0.31102272794941643,3.320873668656592,2.3048234774636587,1.440836446316941,-0.3598190294578669,0.18950948677957047,0.30244897119700914,0.2291665095835923,0.4882464064285158,-0.047200885601341835,0.2685961052775383,-0.38954910449683666
35,75,0.39112269004646233,3.698262270667182,2.3048234774636587,1.6045750604453806,0.15220387931913137,-0.1805494334548712,0.6778450105339291,0.11237709317356348,-0.11744724772870563,-0.7468521138653159,-0.07381731644272804,0.34484510868787766
35,76,0.3710000422007592,3.2325631027064063,2.3048234774636587,1.4025209020621736,0.03124962840229284,-0.6599693419411781,0.4141178289428353,0.023403231985866912,-0.17865155450999726,-0.4297496452927591,-0.4498660620301962,-0.2712384229525925
35,77,0.3584008237706164,3.000510199092827,2.3048234774636587,1.3018394807374734,-0.12094539497047652,-0.07321316003799452,-0.2097978889942168,0.8927063103765249,0.24333398230373848,-0.23106919135898368,0.05770226940512657,0.2252722522243858
35,79,0.3815359230382092,2.7380219666915697,2.3048234774636587,1.1879530009407158,0.3973070858046413,0.07820496335625624,0.16468599066138256,0.5094909267500043,-0.3394481213763356,-0.5324059696868062,0.15279265493154529,-0.5402398807927966
35,81,0.4348082634782561,4.401815562071511,2.3048234774636587,1.9098276311014872,-0.5225159069523216,0.09299472719430915,-0.0848241578787563,0.7908293455839156,-0.033562217839062436,-0.40503822639584547,-0.4135972950607538,-0.5118042733520268
35,84,0.3573248668652907,2.752015774844809,2.3048234774636587,1.1940245323573597,0.19371762406080967,-0.5614939434453846,-0.19287567120045424,0.5831395192071794,0.3736975360661744,-0.021025196649134215,0.367822278290987,-0.12652532663196325
35,85,0.32517021271285823,3.9317396976383825,2.3048234774636587,1.7058745435746179,-0.27952228765934706,-0.16387605853378798,0.42734733596444124,0.4560091607272623,-0.2982881795614958,-0.3155917581170798,-0.14023439399898052,0.3769449358806014
35,88,0.3439188106244221,3.285783772631308,2.3048234774636587,1.4256118981602646,0.2532824724912644,-0.760727726854384,0.1336248703300954,0.3566526100039481,-0.08463055826723576,0.20786641631275415,0.3100439393892884,-0.10875563509762287
35,90,0.3009578799344799,2.4687883370341788,2.3048234774636587,1.0711398773805252,-0.23432844504714012,-0.3593100206926465,-0.24195381253957737,-0.010134630836546532,0.4590822225436567,-0.4753082068637014,-0.09948812704533339,0.188082505017519
35,91,0.438735824882406,3.386419296506231,2.3048234774636587,1.4692749052664171,0.11347662471234804,0.03994613140821429,0.3821717137470841,0.8627676144242287,-0.36914556566625845,-0.17380639351904392,-0.6070565218105912,-0.3162632565945389
35,92,0.40060606721743197,3.981660550611565,2.3048234774636587,1.727533839161158,0.008148264139890782,-0.4980059852823616,0.5832958836108447,0.7739768214523791,-0.30978086683899175,0.008984389714896679,0.020876807160675526,0.007103475742042009
35,93,0.35677004468730017,3.1383985647258763,2.3048234774636587,1.361665479119262,-0.0820960123091935,0.15160398371517664,-0.03669066820293665,0.14298717956990004,0.2679970255121588,-0.6576000396162274,-0.4710666472092271,-0.49050978850573324
35,94,0.3980803707498818,4.559610404711679,2.3048234774636587,1.9782905065377498,-0.4739654883742336,-0.6180654419586064,0.2087505366653205,0.6407631365582347,0.20998371951282008,-0.3068834980949759,0.1738409185782075,-0.19608718808740377
35,95,0.25120894279639094,2.6293878197542995,2.3048234774636587,1.140819609598826,0.3745109084993599,-0.20514397509396073,-0.16123025584965966,0.26007986441254594,-0.14922757633030415,-0.10737047344446188,-0.3181025283411145,0.3064012965187431
35,96,0.30706292451499245,3.432499885733951,2.3048234774636587,1.489268015228326,0.3860846078023315,-0.47886181343346834,0.06613640766590845,0.09307699371129263,0.32829100638627995,-0.16660398617386812,0.24544215388596058,0.4088032301515341
35,98,0.3646183751288576,2.7998546245264198,2.3048234774636587,1.214780503540999,-0.10189420450478803,-0.5776688838377594,-0.05926149431616068,0.44472516141831864,-0.20760844182223093,-0.6007465925067665,0.09054112993180752,-0.3255777694284918
35,100,0.43317511179378465,3.4799361405067604,2.3048234774636587,1.5098493114692904,0.12535567861050367,-0.7161326212808491,0.5295665571466089,0.6625543395057321,0.09078912157565339,-0.11554943583905697,-0.04366394318640232,-0.47921349573880434
35,106,0.3189152197912154,3.84155285535414,2.3048234774636587,1.6667449342287914,-0.29097409918904293,-0.3872285084798933,0.48097654804587375,0.13083225209265936,0.22610064968466748,-0.3802577052265406,0.29828121792525053,0.21424020640552038
35,109,0.29447680190897274,2.663599958137431,2.3048234774636587,1.1556633226717161,-0.14654419757425752,0.05502094514667957,0.2487396625801923,-0.030224374495446682,0.04030067101120938,-0.6901428820565343,-0.3297751313075423,-0.14061392936855566
35,110,0.432512906228521,4.220674005500636,2.3048234774636587,1.8312352537059688,-0.5345168560743336,-0.6519030882045624,-0.013691714033484237,0.498847329057753,0.5045041302219032,-0.33744259923696523,0.02482627984136343,-0.4096449883654716
35,111,0.37574482275979193,3.0776093434367486,2.3048234774636587,1.3352906951570545,0.43115469999611383,-0.04905261285603077,0.6241399561986327,0.36781596578657616,-0.41748188342899084,-0.014798908494412899,-0.4827421037480235,0.09372033644467587
35,112,0.5249285945741982,2.7492813804598795,2.3048234774636587,1.192838153265136,0.4091859068721533,-0.6920224344357847,-0.26417448744177796,0.8424880839884281,0.18498552683740838,-0.7220716187730432,-0.2837987942621112,-0.3772915638983252
35,113,0.26224504107018215,3.1596947272970466,2.3048234774636587,1.3709053028104914,-0.49300142750144016,-0.02864713035523911,0.37363053578883404,0.21180504839867342,-0.2365350341424346,0.077347258105874,0.2086327513679862,0.12801728583872324
35,114,0.3416389963113179,2.363321354273934,2.3048234774636587,1.0253806321318149,-0.1401942055672405,-0.29804189782589663,0.1114042028784753,0.6944442568346856,-0.27910641208291065,-0.03902288060635334,-0.3808585247024894,0.32575163803994656
35,115,0.28884242342775374,3.305416527974725,2.3048234774636587,1.4341300148557008,0.019386008381843733,0.10105319879949065,0.49921105150133377,0.31345437839627255,0.3613469563424586,-0.37130928412079817,0.11157302837818861,-0.16880737245082855
35,116,0.3949868869556156,3.366694997666525,2.3048234774636587,1.46071707034649,0.1637778226286174,-0.44107231590896845,0.23145173676311975,0.4121638610959052,0.4206639267504214,-0.5542567847296598,-0.5102566620334984,0.24244509730488062
35,117,0.2998893670802659,2.7066348930508726,2.3048234774636587,1.1743350063534528,-0.23773818463087082,0.20862265303730929,-0.15219330880790927,0.5350658660754561,-0.4703766666352749,0.1434174440801143,-0.0022000493481755257,-0.26103698555380106
35,118,0.38994716645546684,3.3546039463713475,2.3048234774636587,1.4554710931975228,-0.37961745448410544,-0.5529583664610981,0.6059970911592246,0.060208610258996265,-0.05176646914333116,-0.23827064130455267,-0.16981257032603025,-0.5544830458238721
35,119,0.3981134859023703,2.6411670637663733,2.3048234774636587,1.1459303020779898,0.28014592453837395,-0.1401848345994953,-0.027653698809444793,0.9334155544638634,0.12021876964718092,-0.40692274831235403,0.3382440349087119,-0.05782929342240095
35,120,0.4168226148024517,2.512051112256701,2.3048234774636587,1.0899104147537952,0.23115465510636574,-0.3824940351769328,0.654571636579931,0.5294574154540895,-0.13129227608442318,-0.25505695957690483,-0.5774935372173787,0.2561540435999632
35,123,0.28160040493599076,2.549392094852611,2.3048234774636587,1.1061116479332673,0.0877533247694372,-0.08938809297978909,-0.10752547718584493,0.0042919619008897625,-0.32236225437372923,-0.652419738471508,0.27248345129191875,0.057472677901387215
35,124,0.36318784847438573,3.128719424859129,2.3048234774636587,1.3574659645094063,-0.02539371605962515,-0.6256317319348457,0.1912473114207388,0.10120063927024592,-0.3880583820864558,-0.4616896798834205,-0.35085638612508774,-0.35988807398825895
35,127,0.36251292161583093,2.8736923721377963,2.3048234774636587,1.2468166869335038,0.3289508176967503,0.175287488847971,0.4495678916573524,0.6185231050476432,-0.07107165455818187,-0.5623624417930841,0.04599935747683048,-0.06549690756946791
36,57,0.3821187469900548,3.6656771745368597,2.3048234774636587,1.5904372765981851,-0.44413924217224127,0.24710480216890546,0.48903408739715754,0.7594912843778732,0.11429876554757357,-0.02851073816418649,-0.11296015605330456,0.2591891745105387
36,95,0.3117026527018249,3.0942358498468336,2.3048234774636587,1.3425044824915977,0.25355754792690266,0.2530353264883161,0.10615139082074099,0.10869752615690231,0.03749627433717262,-0.29019518289715057,0.05714524257928133,0.7327905427664521
36,101,0.33164864673797434,4.218981782401942,2.3048234774636587,1.8305010442902627,-0.3360174344852565,0.3286418067291378,0.4093587929382916,0.13439164124429237,0.16830185521394003,-0.46590379811823374,-0.16084790788590908,0.4495706818997861
36,103,0.2975366047780672,4.339630996043379,2.3048234774636587,1.8828474451409714,0.12046525534242383,0.47262287978082873,0.03487493563443378,0.03243904281407617,0.5777150318026543,-0.16468527540564545,0.24674725346267223,0.2152006682008506
36,126,0.3760087472274552,3.1985957028743286,2.3048234774636587,1.3877833743667958,-0.568770227022469,-0.03128386475145839,0.08304703421890702,0.0978565253317355,0.1934296116232872,0.047311970964074065,-0.07069613970816135,0.8633992597460748
37,38,0.3846695455768142,2.5532673313034255,2.3048234774636587,1.1077930072602205,-0.10226709581911597,-0.7381741227582093,-0.23972726520150883,-0.5256537646055222,0.19979820866137743,0.13199516665190458,-0.3819681089371443,0.30229613557457924
37,39,0.30487607395563376,3.2843265266620403,2.3048234774636587,1.4249796389076508,0.486756507307291,-0.40154573693871476,0.12442282214760822,-0.14858873095363376,-0.40941266994923353,0.3002190720289945,0.09435034170746803,-0.20300892926752556
37,42,0.4116358840354426,2.697374463907556,2.3048234774636587,1.1703171588983812,-0.044644436798990106,-0.8045648438856005,-0.5655697695910928,-0.09512681048363444,-0.24629264231771242,-0.16060189437121142,-0.43991432059556246,0.3119922699406743
37,43,0.3130889301336681,3.791025582125419,2.3048234774636587,1.6448225294447496,0.42719169612973906,-0.20234199427068195,0.044672169722616784,-0.4682758189737797,-0.07477202173322445,0.5459597297012806,0.036892407573759584,-0.1856357203796506
37,44,0.36279368358703784,3.3727665501309287,2.3048234774636587,1.463351351246425,0.27498310897499306,-0.6662818165495987,0.3435708601027731,-0.3147880360484123,0.11350914929062134,0.3553534047678113,-0.3408420728519559,0.24686181172728536
37,51,0.4056953634021437,3.0373502017418534,2.3048234774636587,1.317823352391526,0.2657001065090295,-0.300659082829952,-0.5213040364906187,-0.02774143405258661,-0.6276475405320526,-0.0618859576061368,-0.6335774781182409,-0.2898243935778738
37,52,0.4052014124753281,3.657289234469007,2.3048234774636587,1.5867979783396116,0.37102935742586846,-0.8251840462908145,-0.3160370904952284,0.1235798466950655,-0.4427614500746131,0.2551817428320645,-0.0063080331310629845,0.3443360961973667
37,54,0.357895470532298,2.3747222322844834,2.3048234774636587,1.030327161929878,-0.1420920277014378,-0.4552374212071296,-0.4406434800475833,-0.275006708689034,0.02966945245862007,0.5721368193626404,0.14738087821751833,-0.42136063240468524
37,55,0.30089530077509,3.890818252765676,2.3048234774636587,1.6881198455368582,0.5108353281393643,-0.05551491491496553,-0.08042256254702773,-0.3981371205300094,-0.36137137934565533,-0.1286883270367981,-0.37581245694309473,0.08308610320091248
37,58,0.3958611310766051,3.671843853584807,2.3048234774636587,1.5931128303263749,0.040530625730753056,-0.6544411377981301,-0.3646305175498124,-0.3456403557211162,-0.5224085822701453,0.26977032609283924,0.09003359824419022,-0.46636559907346964
37,59,0.2520490108375888,4.44539952830659,2.3048234774636587,1.9287375244886547,0.32627051137387736,0.010875869542360347,0.24949475564062618,-0.2186168069019915,0.30581896752119064,0.09556413348764181,-0.43364800699055195,0.030159906484186705
37,62,0.3923984338646498,2.612098881949692,2.3048234774636587,1.1333184113623203,-0.20246412605047215,-0.8898265203461049,0.13875048328191078,0.0359707865864039,-0.27904929500073183,0.47713618353009224,-0.2146713323891163,0.1639282368123531
37,64,0.4082907930794177,2.5972753425642523,2.3048234774636587,1.1268868822103557,0.5749445613473652,-0.7440820047631859,0.11150494776666195,0.1439826926216482,0.26545415632426733,-0.1145601924508809,-0.4936008723452687,-0.29832123313099146
37,65,0.4357921746312179,3.3663978177515266,2.3048234774636587,1.4605881320924745,-0.2100629322230817,-0.3917313665151592,-0.2585026109591127,-0.7370484340935948,-0.5943294037133454,0.5619110902771354,0.014455736614763737,0.20614116732031101
37,67,0.3375750973096879,4.035455743408192,2.3048234774636587,1.7508741050525076,0.18123258650302865,-0.013751167804002679,-0.6329820947721598,-0.35384675953537226,-0.06721758935600525,0.23812481481581915,0.1115106986835599,-0.5282907309010625
37,68,0.3052167427192515,4.198100565386298,2.3048234774636587,1.8214412541502287,0.3334420714527366,-0.48721213173121203,-0.3382414393126965,-0.4448650898411871,-0.0034202123060822487,-0.07113521173596393,-0.26702475640922785,0.08951227739453316
37,75,0.35855610809872646,3.155308379154342,2.3048234774636587,1.369002186070492,0.37850624229758956,-0.32327133417129483,0.33108237385749856,-0.6658921781927347,-0.2585009913891555,-0.23182044830173254,-0.1748879887163639,0.2766790697351098
37,76,0.476079942507677,3.7581276911042614,2.3048234774636587,1.6305490324317116,0.257551991380751,-0.8026912426576017,0.06735519226640474,-0.7548660393804313,-0.3197052981704471,0.08528202027082432,-0.550936734303832,-0.33940446190536033
37,79,0.3712246150910133,4.43293245688617,2.3048234774636587,1.9233284024702781,0.6236094487830995,-0.0645169373601674,-0.18207664601504797,-0.2687783446162939,-0.4805018650367855,-0.017374304123222828,0.05172198265790942,-0.6084059197455645
37,82,0.43760459586828415,2.9468886052613072,2.3048234774636587,1.2785745346989474,0.0677725328132508,-0.8115530787035822,0.31684608850628176,-0.47352014016360067,-0.6232545655220746,0.00930540170520533,0.13266955688595772,-0.37151570711284876
37,90,0.41496868798482944,3.7274065035251156,2.3048234774636587,1.6172199476321447,-0.008026082068681939,-0.5020319214090702,-0.588716449216008,-0.7884039022028447,0.31802847888320684,0.03972345869988203,-0.20055879931896925,0.11991646606475115
37,97,0.25574118890808656,2.520258684166451,2.3048234774636587,1.0934714561914598,-0.22784973587840784,-0.021310152485966502,0.3532954044640068,0.1838013334199785,-0.3909904658794403,0.016895604319870583,-0.3636851869523525,-0.16380575951188803
37,98,0.3698994739759744,3.893331992825489,2.3048234774636587,1.6892104887398591,0.12440815847367015,-0.720390784554183,-0.4060241309925912,-0.33354410994797956,-0.3486621854826808,-0.08571492694318306,-0.010529542341828346,-0.39374380838125966
37,100,0.4169512463967826,2.9461701564808362,2.3048234774636587,1.2782628193821364,0.35165804158896186,-0.8588545219972727,0.1828039204701784,-0.11571493186056606,-0.050264622084796484,0.39948222972452646,-0.14473461546003819,-0.5473795346915722
37,106,0.3177744081745137,2.684756729522828,2.3048234774636587,1.1648426683319222,-0.06467173621058475,-0.529950409196317,0.13421391136944322,-0.6474370192736388,0.0850469060242176,0.1347739603370428,0.19721054565161467,0.14607416745275253
37,107,0.28084726559383455,3.8888569767190266,2.3048234774636587,1.6872689013904512,0.40032837353646716,0.055330408737063574,-0.24947315920144325,-0.024241995997726917,-0.30540640279650677,0.3091623065993189,-0.29473290499299765,-0.35934775974601507
37,108,0.3607529560233798,3.625463016663703,2.3048234774636587,1.5729894510851397,0.30280734226107586,-0.42238000873476245,-0.4858489595353597,0.07223945762962097,-0.24179408326745033,0.6185714211314917,0.07672258745878935,0.28774175234138966
37,109,0.34412127274255483,2.9601661184031816,2.3048234774636587,1.2843352852604115,0.07975816540420066,-0.08770095556974407,-0.09802297409623822,-0.8084936458617449,-0.1007530726492405,-0.17511121649295092,-0.4308458035811782,-0.2087799683213235
37,111,0.44973917228452875,4.234591984825194,2.3048234774636587,1.8372738850634875,0.6574570629745721,-0.1917745135724544,0.27737731952220224,-0.41045330557972204,-0.5585356270894407,0.5002327570691705,-0.5838127760216594,0.025554297491908018
37,112,0.48339479177405875,4.445882383839768,2.3048234774636587,1.9289470223256473,0.6354882698506115,-0.8347443351522084,-0.6109371241182084,0.06421881262212992,0.043931783176958505,-0.20703995320945967,-0.38486946653574705,-0.44545760285109304
37,114,0.3474608931025833,3.482623709324805,2.3048234774636587,1.51101537422608,0.08610815741121769,-0.4407637985423203,-0.23535843379795524,-0.08382501453161254,-0.4201601557433605,0.4760087849572301,-0.48192919697612524,0.2575855990871787
37,116,0.3748537678130203,3.8174903847188175,2.3048234774636587,1.6563048849709618,0.3900801856070756,-0.5837942166253921,-0.11531089991331078,-0.366105410270393,0.27961018308997154,-0.039225119166076294,-0.6113273343071343,0.17427905835211277
37,117,0.39354486227209473,2.956346548418212,2.3048234774636587,1.2826780780936515,-0.011435821652412637,0.06590075232088564,-0.4989559454843398,-0.24320340529084208,-0.6114304102957248,0.6584491096436977,-0.10327072162181139,-0.3292030245065689
37,118,0.4562258322028577,2.749685384384268,2.3048234774636587,1.1930134395412169,-0.15331509150564726,-0.6956802671775217,0.25923445448279414,-0.7180606611073019,-0.19282021280378103,0.27676102425903076,-0.2708832425996661,-0.6226490847766399
37,119,0.2704236750242177,3.661519703621745,2.3048234774636587,1.5886334634403594,0.5064482875168321,-0.2829067353159189,-0.37441633548587533,0.15514628309756523,-0.020834974013268948,0.1081089172512294,0.23717336263507605,-0.1259953323751688
37,120,0.399893814232697,3.3702788075654673,2.3048234774636587,1.4622719876466583,0.4574570180848239,-0.5252159358933565,0.30780899990350047,-0.24881185591220864,-0.27234601974487305,0.2599747059866786,-0.6785642094910146,0.18798800464719537
37,124,0.47217739475491693,3.9884792659178676,2.3048234774636587,1.7304922936254479,0.20090864691883303,-0.7683536326512693,-0.15551532525569173,-0.6770686320960523,-0.5291121257469057,0.05334198568016291,-0.4519270583987236,-0.4280541129410268
38,39,0.449541495976195,2.956665125532686,2.3048234774636587,1.2828163000085135,0.5890236031264069,0.3366283858194945,0.364150087349117,0.37706503365188837,-0.609210878610611,0.16822390537708992,0.4763184506446123,-0.5053050648421048
38,40,0.41672043546051124,4.414406979612468,2.3048234774636587,1.9152907035077147,0.6341024404391646,0.32869417034089565,0.0485779559239744,0.5317468903958796,0.13518966641277075,0.26641676947474485,-0.1542611224576831,-0.6935102017596365
38,41,0.40951813655686564,2.4780733213034996,2.3048234774636587,1.0751683786345727,-0.08034081291407325,0.6639398215338584,0.4088178910315039,-0.091213050298393,-0.7552638808265327,0.08930472191423178,0.3225456131622195,-0.19100700598210102
38,43,0.40495293688708783,2.81818856914399,2.3048234774636587,1.2227351017116779,0.529458791948855,0.5358321284875274,0.2843994349241256,0.05737794563174248,-0.2745702303946019,0.41396456304937607,0.41886051651090384,-0.48793185595422983
38,48,0.5005280422777519,4.107980195055479,2.3048234774636587,1.7823404851707354,0.7343299621716143,0.17565906792879094,0.45830260496586567,-0.03164768405258678,-0.3700173953548074,-0.07581728231161833,0.6335161803290248,-0.8240650640800595
38,50,0.27673471388993337,3.713070552973953,2.3048234774636587,1.6109999699673307,0.21522289235144876,0.024113867431878933,0.33278494980186246,-0.13306205067783605,0.09407409653067585,0.6082003889605403,0.22470889892429113,-0.08972944226115938
38,52,0.39208631533054866,2.5742417423344413,2.3048234774636587,1.1168932317399265,0.4732964532449844,-0.08700992353260528,-0.07630982529371955,0.6492336113005877,-0.6425596587359905,0.12318657618015993,0.3756600758060813,0.0420399606227875
38,55,0.4053570617140383,2.930116061489651,2.3048234774636587,1.2712973857391001,0.6131024239584804,0.6826592078432437,0.1593047026544811,0.12751664407551278,-0.5611695880070328,-0.2606834936887027,0.006155651994049549,-0.21921003237366676
38,56,0.277614807729565,3.4481940411745198,2.3048234774636587,1.4960772809243865,0.5328760836273432,-0.01277573034167312,-0.24950625933706738,-0.21857874933630228,-0.30349401384592056,-0.17039466556161642,0.31637112237513065,-0.03429319616407153
38,58,0.4227291049236425,2.8505748591578617,2.3048234774636587,1.236786629011075,0.14279772154986903,0.0837329849600792,-0.12490325234830357,0.18001340888440598,-0.7222067909315227,0.13777515944093466,0.4720017071813345,-0.7686617346480489
38,59,0.382038416155669,3.648018560890003,2.3048234774636587,1.5827756861035025,0.42853760719299333,0.7490499923005696,0.489222020842135,0.3070369577035306,0.10602075885981319,-0.03643103316426277,-0.05167989805340767,-0.27213622909039253
38,61,0.42183771068842574,3.9337058322604217,2.3048234774636587,1.706727595724279,0.2637891694903376,0.6411787113174794,-0.357494887895882,0.09116185642778851,-0.6618610443547368,0.44753802940249443,0.09736345335841179,-0.3986709378659725
38,62,0.33302713427480823,2.805256358908191,2.3048234774636587,1.2171241686566094,-0.10019703023135618,-0.15165239758789562,0.37847774848341964,0.561624551191926,-0.47884750366210926,0.34514101687818766,0.167296776548028,-0.1383678987622261
38,63,0.39224226316647526,4.084643962362706,2.3048234774636587,1.7722155307345486,0.6853598095476627,0.49609328340739,0.018020375631749408,-0.05761415231972933,-0.11963644623756409,0.022315168753266224,-0.30950977653265,-0.6330513861030339
38,65,0.3805500550125201,2.7473378983722925,2.3048234774636587,1.1919949294319054,-0.10779583640396573,0.34644275624305004,-0.018775345757603867,-0.21139466948807262,-0.7941276123747228,0.4299159236252308,0.396423845551908,-0.09615496825426821
38,66,0.26385235281685027,3.857022194903338,2.3048234774636587,1.6734566584456156,0.2567395679652691,0.13930509984493256,0.2267507398501038,0.30254034511744976,-0.3452440034598112,0.31162305269390334,-0.014577808789908886,-0.33490592148154974
38,67,0.4750374341112486,3.167932995560778,2.3048234774636587,1.374479662558335,0.2834996823221446,0.7244229549542066,-0.39325482957065094,0.1718070050701499,-0.2670157980173827,0.10612964816391457,0.4934788076207042,-0.8305868664756417
38,69,0.5473567998491543,2.791292203387282,2.3048234774636587,1.2110655027078072,0.15137312002480008,0.5857279514893886,0.5256532579660418,0.4539834577590226,-0.5309962537139653,0.6213521081954241,0.6073749093338847,-0.7151591461151838
38,70,0.3041780540655807,3.2596921355934634,2.3048234774636587,1.4142914489835852,0.013409771025180595,-0.1135984603315594,-0.22390876058489062,-0.052108509466052166,-0.605794227682054,0.23774135019630188,-0.22549787070602179,-0.4471046421676873
38,72,0.38754414056811237,3.4438649538290393,2.3048234774636587,1.494199008081451,0.6202740063890815,0.1845402121543882,-0.1748456656932833,0.35363129340112215,-0.7430593315511941,0.03553066682070494,0.057550277560949326,-0.26531306561082596
38,75,0.3766158772564458,2.9862852658199097,2.3048234774636587,1.2956676704396317,0.48077333811670553,0.41490278858691443,0.5708096390590074,-0.14023841358721256,-0.45829920005053293,-0.3638156149536371,0.20708012022078037,-0.02561706583946942
38,76,0.35229004415489845,2.7992002635371875,2.3048234774636587,1.2144965941676216,0.359819087199867,-0.06451711989939246,0.30708245746791357,-0.22921227477490913,-0.5195035068318246,-0.04671314638108026,-0.16896862536668777,-0.6417005974799396
38,79,0.5648676941234465,3.7366757831592348,2.3048234774636587,1.6212416350736139,0.7258765446022155,0.6736571853980419,0.05765061918646086,0.25687541998922825,-0.6803000736981629,-0.1493694707751274,0.4336900915950537,-0.9107020553201437
38,80,0.36781981660220925,3.943299833405019,2.3048234774636587,1.7108901709663338,0.7791102984920144,0.27324247173964966,0.182031359523535,-0.08107064291834831,-0.23396127857267862,0.18632310815155506,0.3597318660467863,-0.37694558408111334
38,81,0.4710005342712966,4.279204255558967,2.3048234774636587,1.8566299317065331,-0.19394644815474749,0.6884469492360947,-0.191859529353678,0.5382138388231396,-0.37441417016088974,-0.022001727484166622,-0.1326998583972454,-0.8822664478793739
38,82,0.46879269582613553,2.8177688281368733,2.3048234774636587,1.2225529875449226,0.17003962863236677,-0.07337895594537291,0.5565733537077906,0.05213362444192149,-0.823052774183452,-0.12268976494669925,0.514637665823102,-0.673811842687428
38,84,0.39891956867030226,3.4578107261788293,2.3048234774636587,1.5002496980740472,0.5222870828583839,0.03395827859640099,-0.29991104267537594,0.3305240124464034,0.03284558374434707,0.36201130226254463,0.6487197149544954,-0.49698750115931034
38,86,0.3704822951290582,2.6820857621741934,2.3048234774636587,1.1636838084995962,-0.08836685772985164,0.16193889454007127,0.07567090354859851,0.6973168561235069,-0.5645853150635957,-0.32993331365287304,0.2411216925829649,-0.29376013576984406
38,88,0.4310541473769628,4.0298027942429595,2.3048234774636587,1.748421444698903,0.5818519312888386,-0.16527550481259834,0.0265894988551737,0.10403710324317206,-0.42548251058906306,0.590902915224433,0.5909413760527968,-0.47921780962496996
38,93,0.43440299650803493,3.572719594097403,2.3048234774636587,1.5501055195901596,0.24647344648838065,0.7470562057569623,-0.14372603967785835,-0.10962832719087601,-0.07285492680966849,-0.27456354070454847,-0.19016921054571867,-0.8609719630330803
38,96,0.3310878342171617,4.599079134288359,2.3048234774636587,1.9954149110583566,0.7146540665999056,0.11659040860831726,-0.040898963809013256,-0.1595385130494834,-0.01256094593554738,0.21643251273781072,0.526339590549469,0.03834105562418699
38,97,0.495546640497208,3.610105274497144,2.3048234774636587,1.5663261459267508,-0.12558264005929187,0.7168639702722428,0.5930226696655156,0.7094550980255007,-0.5907886745408177,-0.115099562332034,0.018282921984791756,-0.46610189508646727
38,98,0.3685958806988392,2.8332079569676676,2.3048234774636587,1.2292516041555899,0.22667525429278612,0.017783338204026222,-0.16629686579108238,0.1921096546575426,-0.5484603941440582,-0.21771009359508764,0.37143856659531593,-0.6960399439558389
38,101,0.26388437930960496,3.4651468795099087,2.3048234774636587,1.5034326547745545,0.11350538488477491,0.46591472718864657,0.03494177479296923,0.03315847273915995,-0.35927394777536403,0.0999574102461338,-0.2551982421427965,-0.3472807388752699
38,102,0.44519631185556313,2.7223164866776575,2.3048234774636587,1.1811388218213694,-0.027824564836918975,0.25902046635746956,0.29805313237011455,0.5582859283313154,-0.7776390807703137,-0.2993430783972145,0.6448286473751068,-0.08414624072611328
38,104,0.5129170901138518,3.2082077787513157,2.3048234774636587,1.3919537917419105,0.6463019791990521,0.05508587695658207,0.2494596811011433,0.026562052778899337,-0.6960313729941844,0.5608236910775304,0.1696418123319745,-0.8906368082389237
38,106,0.267502918445014,2.5687617621608703,2.3048234774636587,1.1145156179108615,0.03759535960853122,0.2082237135618923,0.37394117657095205,-0.12178325466811668,-0.11475130263715982,0.0027787936851382256,0.579178654588759,-0.1562219681218267
38,107,0.4829289429365089,3.2132286759667235,2.3048234774636587,1.3941322220054433,0.5025954693555832,0.7935045314952729,-0.009745893999934419,0.5014117686077952,-0.5052046114578842,0.17716713994741434,0.08723520394414663,-0.6616438953205943
38,108,0.4068526461140674,2.383780189544839,2.3048234774636587,1.0342571623611143,0.40507443808019183,0.3157941140234468,-0.2461216943338509,0.5978932222351431,-0.44159229192882776,0.4865762544795871,0.45869069639593363,-0.014554383233189583
38,111,0.4980459406133957,3.740232754315271,2.3048234774636587,1.6227849077757606,0.759724158793688,0.5463996091857548,0.517104584723711,0.11520045902580012,-0.7583338357508181,0.36823759041726595,-0.2018446670845151,-0.2767418380826712
38,112,0.4660657717153003,2.8813506406761604,2.3048234774636587,1.2501394006307767,0.7377553656697274,-0.0965702123939991,-0.37120985891669966,0.5898725772276521,-0.15586642548441892,-0.33903511986136425,-0.0029013575986027718,-0.7477537384256723
38,113,0.3976167476902505,2.4457566300411826,2.3048234774636587,1.0611470483338765,-0.164431968703866,0.5668050916865466,0.26659516431391234,-0.04081045836210262,-0.5773869864642619,0.46038375701755285,0.4895301880314946,-0.24244488868862385
38,114,0.32284959006272307,2.833841267932396,2.3048234774636587,1.2295263804978656,0.18837525323033366,0.297410324215889,0.004368831403553597,0.4418287500739096,-0.619958364404738,0.3440136183053255,-0.09996108803898096,-0.04471053648740052
38,115,0.388763781699768,2.38803025958912,2.3048234774636587,1.036101151753724,0.3479554671794179,0.6965054208412763,0.39217568002641207,0.060838871635496505,0.020495004020631286,0.01172721479088068,0.392470465041697,-0.5392695469781756
38,117,0.526007781364095,2.73388843674044,2.3048234774636587,1.1861595751137288,0.09083127416670334,0.8040748750790949,-0.25922868028283097,0.28245035931468004,-0.8112286189571022,0.5264539429917932,0.2786973873153329,-0.6314991600811481
38,119,0.4576368593289459,3.0083892019071845,2.3048234774636587,1.305257965012472,0.6087153833359481,0.45526738744229034,-0.1346890702843665,0.6808000477030873,-0.22063318267464638,-0.023886249400675186,0.6191414715722203,-0.42829146794974804
38,120,0.36664257247658183,2.4497361201204,2.3048234774636587,1.0628736404647399,0.55972411390394,0.2129581868648528,0.5475362651050093,0.2768419086933135,-0.4721442284062505,0.12797953933477402,-0.2965961005538703,-0.11430813092738386
38,123,0.4262833197272008,3.715121447624995,2.3048234774636587,1.6118897971801718,0.41632278356701136,0.5060641290619965,-0.21456084866076663,-0.24832354485988628,-0.6632142066955565,-0.2693832395598291,0.5533808879554272,-0.3129894966259599
38,124,0.3870798989435916,2.987076875025876,2.3048234774636587,1.2960111280682556,0.303175742737949,-0.030179509893060064,0.0842119399458171,-0.15141486749053013,-0.7289103344082831,-0.07865318097174168,-0.06995894946157932,-0.730350248515606
38,127,0.47121521102191977,2.7632068491261292,2.3048234774636587,1.198880034043604,0.6575202764943244,0.7707397108897567,0.3425325201824307,0.36590759828686714,-0.4119236068800092,-0.17932594288140524,0.3268967941403389,-0.435959082096815
39,42,0.4627888812158474,2.7999729895717786,2.3048234774636587,1.2148318589035751,-0.531400944106281,-0.4030191069468857,-0.6899925917387011,0.05346192046999931,0.16312002763152111,-0.4608209664002059,-0.5342646623030305,0.5150011992081999
39,44,0.3276515642835182,3.598842897536161,2.3048234774636587,1.5614397079539057,-0.2117733983322979,-0.26473607961088397,0.21914803795516488,-0.16619930509477854,0.5229218192398548,0.055134332738816794,-0.4351924145594239,0.44987074099481095
39,54,0.3624287487755508,2.338570052356924,2.3048234774636587,1.014641717781529,-0.6288485350087287,-0.05369168426841486,-0.5650663021951915,-0.1264179777354002,0.4390821224078536,0.2719177473336459,0.0530305365100503,-0.21835170313715968
39,56,0.404994147275492,3.0975054787906866,2.3048234774636587,1.343923085250474,-0.0561475194990638,-0.3494041161611676,-0.6136563466861844,-0.5956437829881907,0.3057168647646904,-0.33861857093870634,-0.15994732826948166,0.47101186867803324
39,61,0.3600011426134302,3.1088420498606193,2.3048234774636587,1.3488417140221698,-0.32523443363606935,0.3045503254979849,-0.721644975244999,-0.28590317722409986,-0.05265016574412584,0.27931412402540445,-0.3789549972862005,0.10663412697613228
39,62,0.358144917432393,3.864757357172613,2.3048234774636587,1.6768127342340258,-0.6892206333577631,-0.4882807834073901,0.01432766113430256,0.18455951754003766,0.1303633749485017,0.17691711150109773,-0.3090216740965843,0.3669371660798787
39,63,0.3934271056627999,4.4292273292164674,2.3048234774636587,1.9217208487005728,0.09633620642125575,0.1594648975878955,-0.3461297117173676,-0.4346791859716177,0.4895744323730469,-0.1459087366238237,-0.7858282271772623,-0.1277463212609291
39,64,0.38618830799278875,3.388674918572305,2.3048234774636587,1.4702535581168974,0.08818805404007417,-0.3425362678244711,-0.01291787438094627,0.292571423575282,0.6748668262735009,-0.4147792644798754,-0.5879512140527368,-0.0953123038634659
39,67,0.3685407811206341,2.492745939466418,2.3048234774636587,1.081534427187265,-0.30552392080426233,0.3877945691347121,-0.757404916919768,-0.20525802858173847,0.3421950805932283,-0.06209425721317535,0.01716035697609186,-0.3252818016335369
39,68,0.32626224971754114,2.5043452129649912,2.3048234774636587,1.0865670353726595,-0.1533144358545544,-0.08566639479249727,-0.4626642614603047,-0.2962763588875533,0.4059924576431513,-0.37135428376495844,-0.3613750981166959,0.2925212066620587
39,69,0.2641603404162616,2.875815061764994,2.3048234774636587,1.2477376640269573,-0.43765048310160687,0.2490995656698941,0.1615031706169247,0.07691842410713423,0.07821462489664566,0.4531282028183342,0.1310564586892724,-0.20985408127307903
39,70,0.4422692084859966,3.136769152667932,2.3048234774636587,1.3609585216997995,-0.5756138321012263,-0.4502268461510539,-0.5880588479340076,-0.42917354311794054,0.003416650928556919,0.06951744481921196,-0.7018163213506341,0.058200422674417496
39,73,0.42505885378420516,2.483071855320227,2.3048234774636587,1.0773371061165697,-0.6202731737866998,0.4483333230018616,-0.1687364876270296,-0.4005140308290721,0.7566053327172995,0.1676117079332471,0.0731750912964344,-0.25470621418207895
39,77,0.3747634396410001,3.777862173784893,2.3048234774636587,1.6391112858422627,-0.3813995392993093,0.1856106761842966,-0.6809833478182555,0.2630257699638605,0.5116929085925221,-0.01625659782439476,-0.13771874457597733,0.3601151425391435
39,86,0.3580112693613109,3.8654604409547972,2.3048234774636587,1.677117783097446,-0.6773904608562586,-0.17468949127942324,-0.2884791838005185,0.3202518224716186,0.0446255635470153,-0.49815721902996296,-0.23519675806164742,0.21154492907226075
39,89,0.3684249184107059,3.1791858629784517,2.3048234774636587,1.3793619745998875,-0.5975991133600471,0.16136949323117739,0.036566748283803324,-0.1498212264850735,0.2935111531987785,-0.407783856615424,-0.3929454619064927,0.5216362876817583
39,90,0.4951160419197856,2.5839897911350325,2.3048234774636587,1.121122644055406,-0.4947825893759729,-0.1004861844703554,-0.7131392713636161,-0.639815171249211,0.7274411488324404,-0.2604956133291125,-0.2949091410264373,0.3229253953322767
39,93,0.478936760897413,4.361833586401683,2.3048234774636587,1.8924805431093834,-0.3425501566380263,0.4104278199374678,-0.5078761270269754,-0.4866933608427644,0.5363559518009424,-0.4427874460816384,-0.666487661190331,-0.3556668981909755
39,94,0.3498083302474013,3.029222622918976,2.3048234774636587,1.314297017770958,-0.7344196327030663,-0.35924160573631525,-0.2624349221587182,0.011082596145570223,0.47834264580160374,-0.09207090456038697,-0.021580095402896404,-0.06124429777264606
39,96,0.38284726975397687,2.9106036078410695,2.3048234774636587,1.2628314646655896,0.1256304634734987,-0.22003797721117724,-0.4050490511581303,-0.5366035467013718,0.5966499326750636,0.0482086073607208,0.05002113990485668,0.5436461204662918
39,97,0.3725003347826775,4.550955744653735,2.3048234774636587,1.9745354857552175,-0.7146062431856988,0.3802355844527483,0.2288725823163986,0.3323900643736123,0.018422204069793224,-0.2833234677091239,-0.45803552865982056,0.039203169755637535
39,100,0.2613582754151326,2.517986297557784,2.3048234774636587,1.0924855296635125,-0.13509846571832912,-0.457308785058558,0.058381098322570185,0.0328737990930677,0.35914804786443705,0.09926315769553196,-0.23908495716750622,-0.3443706054240466
39,101,0.3702532094418481,4.193612591175418,2.3048234774636587,1.8194940446329868,-0.47551821824163204,0.12928634136915207,-0.3292083125561478,-0.3439065609127284,0.24993693083524693,-0.06826649513095612,-0.7315166927874088,0.1580243259668349
39,102,0.33100072823566207,3.1863740476218747,2.3048234774636587,1.382480731725415,-0.616848167963326,-0.07760791946202494,-0.0660969549790025,0.181220894679427,-0.16842820215970278,-0.46756698377430445,0.1685101967304945,0.4211588241159915
39,104,0.27900643551751875,3.088140488128669,2.3048234774636587,1.3398598714062957,0.05727837607264519,-0.28154250886291243,-0.11469040624797375,-0.35050298087298903,-0.08682049438357342,0.3925997857004404,-0.3066766383126378,-0.38533174339681886
39,107,0.2641474110198245,3.000587048925561,2.3048234774636587,1.30187282378239,-0.08642813377082381,0.45687614567577833,-0.37389598134905144,0.12434673495590684,0.10400626715272676,0.008943234570324421,-0.3890832467004657,-0.1563388304784895
39,108,0.3213369097601612,2.6932530881928622,2.3048234774636587,1.168529006462851,-0.1839491650462151,-0.020834271796047688,-0.6102717816829679,0.22082818858325473,0.1676185866817832,0.3183523491024971,-0.017627754248678684,0.4907506816089152
39,110,0.46846659040421246,3.41026777313823,2.3048234774636587,1.4796221083668657,-0.7949710004031665,-0.39307925198227134,-0.48487717285752296,-0.13083321135491144,0.7728630565106869,-0.12263000570237631,-0.17059473413974047,-0.27480209805071387
39,112,0.43975694418329564,2.6469860053394374,2.3048234774636587,1.1484549820068264,0.14873176254332052,-0.4331985982134936,-0.7353599462658167,0.21280754357576367,0.45334445312619204,-0.5072590252384541,-0.4792198082432151,-0.24244867358356748
39,114,0.32995397512435415,2.4448144046659492,2.3048234774636587,1.0607382424602614,-0.4006483498960733,-0.039218061603605525,-0.3597812559455634,0.06476371642202122,-0.010747485794126987,0.1757897129282356,-0.5762795386835933,0.46059452835470427
39,116,0.41497720446031255,3.465370877417963,2.3048234774636587,1.5035298413531555,-0.0966763217002154,-0.18224847968667734,-0.239733722060919,-0.21751667931675922,0.6890228530392051,-0.3394441911950708,-0.7056776760146023,0.37728798761963833
39,117,0.368845123849159,2.34868258032214,2.3048234774636587,1.0190292676586,-0.4981923289597036,0.4674464892596004,-0.623378767631948,-0.09461467433720833,-0.20201774034649123,0.35823003761470323,-0.19762106332927942,-0.12619409523904335
39,123,0.35740235301437817,2.55103760839141,2.3048234774636587,1.1068255913458056,-0.1727008195593956,0.16943574324250205,-0.5787109360098837,-0.6253885785117747,-0.05400332808494557,-0.43760714493691905,0.07706243731081487,0.19231556821614493
39,125,0.30684332306529516,2.9855306923750997,2.3048234774636587,1.2953402816169353,-0.3208476649597291,0.030972952023148648,0.10395873151719562,0.09050178900361042,0.7395113632082939,0.07867246307432657,-0.05433412455022332,0.27258659154176706
40,42,0.47342058233787543,4.357109496925889,2.3048234774636587,1.8904308896231252,-0.5764797814190388,-0.39508489146828685,-0.37442046031355847,-0.10121993627399192,-0.5812805173918606,-0.5590138304978609,0.09631491079926491,0.7032063361257316
40,43,0.33445823474827097,3.8453091955680327,2.3048234774636587,1.6683747077236477,-0.10464364849030966,0.20713795814663166,0.2358214790001512,-0.47436894476413716,-0.4097598968073726,0.14754779357463121,0.5731216389685869,0.20557834580540668
40,44,0.35655197354967094,3.901159696819702,2.3048234774636587,1.6926067158569256,-0.25685223564505566,-0.2568018641322851,0.5347201693803075,-0.3208811618387698,-0.22147872578352684,-0.04305853135883814,0.19538715854287148,0.6380758779123427
40,45,0.41212190320544895,4.2720812237470245,2.3048234774636587,1.8535394426163314,-0.47111232392489905,0.09601511340588287,-0.07967594731599104,-0.19013256113976243,-0.6434640241786836,-0.3689142046496274,0.7190688271075487,0.13374496158212446
40,50,0.4209586968322026,3.491772619114177,2.3048234774636587,1.5149848364772367,-0.41887954808771594,-0.3045803029090167,0.28420699387788806,-0.6648089410737157,-0.04111556988209489,0.34178361948579544,0.3789700213819742,0.6037807594984771
40,51,0.41096145031632025,4.006317407841701,2.3048234774636587,1.7382317765395423,-0.26613523811101925,0.10882086958736159,-0.33015472721308436,-0.03383455984294409,-0.9626354156062008,-0.46029789373278623,-0.09734824672341358,0.10138967260718346
40,52,0.45761992491829045,4.306180743578164,2.3048234774636587,1.868334293573275,-0.16080598719418027,-0.41570409387350093,-0.12488778121769395,0.11748672090470802,-0.7777493251487613,-0.14323019329458492,0.5299211982637644,0.735550162382424
40,54,0.3855462973122684,4.183931341652292,2.3048234774636587,1.815293614700808,-0.6739273723214865,-0.045757468789816014,-0.24949417077004887,-0.28109983447939146,-0.3053184226155281,0.17372488323599095,0.6836101096123457,-0.030146566219627968
40,55,0.40540717861739195,4.143527989735823,2.3048234774636587,1.7977637030561513,-0.02100001648068439,0.3539650375023481,0.1107267467305067,-0.40423024632036686,-0.6963592544198035,-0.5271002631634476,0.16041677445173264,0.47430016938596975
40,57,0.32017142629750533,4.158275388540004,2.3048234774636587,1.8041621968880566,-0.6287188632413745,0.05568355228751859,0.06603911332786078,0.12651122547686117,-0.5484667038545012,0.2709337007254362,-0.05304936785250891,0.1558479554951192
40,58,0.44787396586085454,4.464814664584099,2.3048234774636587,1.9371612222109962,-0.49130471888929567,-0.24496118538081646,-0.17348120827227798,-0.35173348151147366,-0.8573964573442935,-0.1286416100338102,0.6262628296390176,-0.07515153288841236
40,59,0.30501315805542895,3.0077451714579637,2.3048234774636587,1.3049785377784484,-0.20556483324617136,0.42035582195967397,0.4406440649181606,-0.22470993269234898,-0.02916890755295755,-0.3028478026390076,0.10258122440427542,0.421373972669244
40,61,0.42013817647524704,4.186695907711225,2.3048234774636587,1.8164930844588894,-0.3703132709488271,0.31248454097658374,-0.4060728438198564,-0.4405850339680911,-0.7970507107675076,0.18112125992774955,0.2516245758160949,0.294839263893664
40,63,0.2576842393010961,3.348745213215335,2.3048234774636587,1.4529291487868994,0.051257369108498,0.16739911306649435,-0.030557580292224995,-0.589361042715609,-0.25482611265033484,-0.24410160072147863,-0.1552486540749669,0.060458815656602605
40,64,0.25071190341640803,4.413171757572944,2.3048234774636587,1.9147547743783901,0.04310921672731642,-0.33460205234587226,0.30265425704419635,0.13788956683129072,-0.06953371874988082,-0.5129721285775304,0.04262835904955864,0.09289283305406582
40,65,0.5764084595370922,4.441951727182696,2.3048234774636587,1.9272416176838143,-0.7418982768431304,0.01774858590215439,-0.06735330168157827,-0.7431415598839523,-0.9293172787874936,0.16349915415048596,0.5506849680095911,0.5973552335053682
40,66,0.28361962115133993,2.810915432158893,2.3048234774636587,1.2195794860837512,-0.3773628724738956,-0.1893890704959631,0.1781727839261294,-0.22920654527842985,-0.48043366987258196,0.04520628321915848,0.1396833136677742,0.3586042802780868
40,67,0.39212796416798607,4.127569053977975,2.3048234774636587,1.7908395564072246,-0.3506027581170201,0.39572878461331096,-0.44183278549462535,-0.35993988532572974,-0.4022054644301534,-0.16028712131083028,0.6477399300783873,-0.13707666471600521
40,68,0.33707658883715336,3.8309825281863388,2.3048234774636587,1.6621587577726953,-0.19839327316731215,-0.07773217931389842,-0.14709213003516208,-0.4509582156315446,-0.3384080873802304,-0.46954714786261337,0.2692044749855995,0.48072634357959043
40,70,0.44884408271562976,3.652490245294502,2.3048234774636587,1.5847158279183629,-0.620692669413984,-0.44229263067245506,-0.272486716508865,-0.5838553998619318,-0.7409838940948248,-0.02867541927844297,-0.0712367482483387,0.2464055595919492
40,77,0.3491821945544213,3.1422580118583108,2.3048234774636587,1.3633399878919172,-0.42647837661206706,0.19354489166289546,-0.3654112163931129,0.10834391321986925,-0.23270763643085957,-0.11444946192204969,0.4928608285263181,0.5483202794566753
40,81,0.3955872435014752,2.483518250700448,2.3048234774636587,1.077530784888322,-0.8280488885939121,0.35975277889519913,-0.2404374852776524,0.0064669484272599775,-0.5096038365736605,-0.2884184969589115,0.02156126406043768,-0.1887562461197374
40,90,0.4461187468272028,4.1742818457323185,2.3048234774636587,1.8111069617903683,-0.5398614266887307,-0.09255196899175655,-0.3975671399384735,-0.7944970279932022,-0.016959396190941306,-0.3586884774267674,0.3356704320758581,0.5111305322498084
40,93,0.37730973800337025,3.0469552369530017,2.3048234774636587,1.3219907150138983,-0.38762899395078404,0.41836203541606665,-0.19230399560183276,-0.6413752175867556,-0.20804459322243923,-0.5409803101792934,-0.035908088088035583,-0.1674617612734438
40,98,0.4186749762598434,4.296881216691445,2.3048234774636587,1.8642994826744583,-0.4074271861463786,-0.31091083213686943,-0.21487482171505679,-0.33963723573833704,-0.683650060556829,-0.4841268630698325,0.525699689052999,-0.002529742196202389
40,100,0.29898911042367865,4.563303525532806,2.3048234774636587,1.979892850863568,-0.18017730303108687,-0.44937456957995914,0.37395322974771283,-0.12180805765092353,-0.38525249715894466,0.0010702935978770256,0.3914946159347892,-0.15616546850651492
40,101,0.3429455602317029,2.80580793757712,2.3048234774636587,1.2173634835865041,-0.5205970555543897,0.13722055684775092,-0.013636181131005176,-0.4985884176567197,-0.4944636141881348,-0.16645935922861105,-0.10093711968511343,0.3462294628843666
40,104,0.4018630638368437,3.7106615891064734,2.3048234774636587,1.6099547862944663,0.01219953875988744,-0.2736082933843136,0.2008817251771689,-0.5051848376169803,-0.8312210394069551,0.2944069216027855,0.3239029347896576,-0.19712660647928715
40,105,0.35870489767773683,2.8163368414839978,2.3048234774636587,1.2219316876202744,-0.7110326839610932,0.07864233199506981,-0.4328033411875364,-0.1323014292865992,-0.15970113407820463,-0.41291001997888094,-0.16804050840437412,0.2975607253611088
40,107,0.29897134290257954,3.8796880763383514,2.3048234774636587,1.6832907657673426,-0.13150697108358156,0.4648103611543772,-0.05832384992390882,-0.030335121788084396,-0.640394277870655,-0.08924962952733051,0.24149632640182972,0.0318663064390422
40,108,0.4125654524509188,3.6648451417403005,2.3048234774636587,1.5900762802769073,-0.22902800235897286,-0.012900056317448838,-0.2946996502578253,0.0661463318392635,-0.5767819583415985,0.2201594850048422,0.6129518188536167,0.6789558185264469
40,109,0.43922182161602447,4.218530054075477,2.3048234774636587,1.8303050516986903,-0.45207717921584806,0.32177899684756955,0.0931263351812962,-0.8145867716521024,-0.43574094772338867,-0.5735231526196003,0.10538342781364918,0.18243409786373377
40,112,0.3256401210902693,4.258748250600127,2.3048234774636587,1.8477546294723897,0.10365292523056277,-0.42526438273489475,-0.41978781484067407,0.05812568683177244,-0.2910560918971897,-0.6054518893361092,0.15135976485908031,-0.05424353666603576
40,114,0.38888469401072595,4.17971579848802,2.3048234774636587,1.8134646055790726,-0.44572718720883103,-0.031283846125006676,-0.044209124520420806,-0.08991814032197001,-0.7551480308175087,0.07759684883058066,0.054300034418702126,0.648799665272236
40,116,0.29891016256738406,3.3883408093348657,2.3048234774636587,1.4701085972378078,-0.14175515901297314,-0.1743142642080785,0.07583840936422365,-0.3721985360607505,-0.05537769198417662,-0.43763705529272573,-0.0750981029123069,0.56549312453717
40,117,0.47862425283443943,4.323755801931087,2.3048234774636587,1.8759596317064424,-0.5432711662724614,0.47538070473819927,-0.3078066362068054,-0.24929653108119956,-0.9464182853698729,0.2600371735170483,0.432958509773016,0.062011041678488366
40,119,0.3449360847445197,4.381887453503095,2.3048234774636587,1.901181368702969,-0.025387057103216593,0.12657321710139469,-0.1832670262083409,0.14905315730720775,-0.3558228490874171,-0.29030301887542004,0.7734025940299034,0.2652187338098885
40,120,0.3668474663701882,4.19669353168541,2.3048234774636587,1.8208307806303927,-0.0743783265352248,-0.11573598347604286,0.4989583091810349,-0.25490498170256615,-0.6073338948190212,-0.13843723013997083,-0.14233497809618723,0.5792020708322526
40,122,0.2762365649320522,3.170473331956746,2.3048234774636587,1.3755818451856847,-0.49473050609230956,-0.4698091242462399,0.12441633734852081,0.09705968666821718,-0.18862061109393835,0.170701527968049,0.2000736752524972,-0.123806307092309
40,127,0.3717743991650914,4.499009517469429,2.3048234774636587,1.951997435578173,0.02341783605515975,0.44204554054886097,0.2939545642584563,-0.16583929210901246,-0.5471132732927799,-0.4457427123561501,0.481157916598022,0.2575511196628215
41,42,0.47313421238607034,2.4390462827607755,2.3048234774636587,1.0582356117982719,0.1379634719341991,-0.7303305426612496,-0.734660395421088,0.5217400044202807,0.3091730298474429,-0.3819017829373478,-0.3804918248206377,0.2007031403481961
41,43,0.3278219220380555,2.4699828731768174,2.3048234774636587,1.0716581540096546,0.6097996048629283,-0.1281076930463311,-0.12441845610737826,0.14859099593013547,0.48069365043193085,0.3246598411351443,0.09631490334868434,-0.2969248499721288
41,44,0.3944425382942341,3.1978871536318914,2.3048234774636587,1.3874759541893438,0.4575910177081823,-0.5920475153252479,0.17448023427277806,0.3020787788555028,0.6689748214557767,0.13405351620167494,-0.28141957707703114,0.13557268213480714
41,48,0.4445852934623022,3.585888396784596,2.3048234774636587,1.5558191036524343,0.8146707750856875,-0.4882807536050675,0.049484713934361796,0.05956536624580622,0.38524648547172535,-0.1651220042258501,0.31097056716680527,-0.6330580580979586
41,50,0.4351327933838664,4.560996966706784,2.3048234774636587,1.9788920979431925,0.295563705265522,-0.6398259541019795,-0.07603294122964141,-0.04184900037944306,0.8493379773572086,0.5188956670463085,-0.09783671423792839,0.10127756372094163
41,52,0.46435871888372593,2.629155348118374,2.3048234774636587,1.1407187465009798,0.5536372661590576,-0.7509497450664637,-0.48512771632522345,0.7404466615989806,0.1127042220905422,0.03388185426592816,0.05311446264386177,0.2330469666048885
41,55,0.3264153436104685,2.441659023458906,2.3048234774636587,1.0593692086761577,0.6934432368725536,0.018719386309385327,-0.24951318837702277,0.21872969437390577,0.19409429281949997,-0.34998821560293447,-0.31638996116817,-0.028203026391565744
41,56,0.4443715697047882,4.198383577623161,2.3048234774636587,1.8215640454353879,0.6132168965414164,-0.6767155518755316,-0.6583241503685713,-0.12736569903790929,0.45176986698061217,-0.2596993874758482,-0.006174490787088871,0.15671380981802946
41,58,0.37153685784809637,2.414959982016882,2.3048234774636587,1.0477852233067424,0.22313853446394227,-0.5802068365737792,-0.5337211433798075,0.271226459182799,0.033057089895009995,0.04847043752670288,0.14945609401911497,-0.5776547286659479
41,59,0.4085823471673566,3.6418448729630772,2.3048234774636587,1.5800970914140213,0.5088784201070666,0.08511017076671121,0.08040412981063114,0.3982500080019236,0.8612846396863459,-0.12573575507849455,-0.3742255112156272,-0.08112922310829151
41,61,0.3482681978075719,3.7582308904846284,2.3048234774636587,1.6305938078261728,0.34412998240441084,-0.022761110216379,-0.7663127789273859,0.1823749067261815,0.09340283647179592,0.35823330748826265,-0.22518215980380774,-0.2076639318838715
41,62,0.3970884183170235,3.131084449421024,2.3048234774636587,1.3584920841168382,-0.01985621731728293,-0.8155922191217541,-0.03034014254808426,0.652837601490319,0.27641637716442347,0.2558362949639559,-0.15524883661419153,0.05263910721987489
41,64,0.5860666179114025,2.593594563853246,2.3048234774636587,1.1252898927892583,0.7575524700805544,-0.669847703538835,-0.05758567806333309,0.7608495075255634,0.8209198284894227,-0.33586008101701725,-0.43417837657034397,-0.4096103627234697
41,66,0.3407630771267821,4.472791736924128,2.3048234774636587,1.9406222561765156,0.33708038087934233,-0.5246347216889259,-0.18206715118140007,0.39375339541584276,0.4100198773667215,0.22231833077967156,-0.3371234219521284,-0.14389891549944872
41,67,0.43667610100180804,2.8383232728142156,2.3048234774636587,1.2314710000861526,0.36384049523621786,0.06048313342034818,-0.8020727206021548,0.2630200553685429,0.48824808280915005,0.016824926249682792,0.17093319445848465,-0.6395798604935408
41,68,0.380406706013181,2.933957352564999,2.3048234774636587,1.2729640170941292,0.5160499801859257,-0.4129778305068612,-0.5073320651426916,0.17200172506272804,0.552045459859073,-0.2924351003021003,-0.2076022606343031,-0.021776852197945062
41,70,0.4221284463631514,3.7757999846335935,2.3048234774636587,1.6382165582540273,0.09375058393925384,-0.7775382818654178,-0.6327266516163945,0.03910454083234083,0.1494696531444787,0.1484366282820701,-0.5480434838682413,-0.2560976361855863
41,72,0.40896504534046896,3.376400156548888,2.3048234774636587,1.4649278738970695,0.7006148193031547,-0.47939960937947024,-0.5836635567247872,0.44484434369951514,0.01220454927533865,-0.05377405509352684,-0.2649953356012702,-0.07430605962872494
41,76,0.398838769448992,2.5840705895356613,2.3048234774636587,1.1211577002761617,0.44015990011394024,-0.7284569414332509,-0.1017354335635903,-0.13799922447651614,0.23576037399470817,-0.13601786829531204,-0.4915142385289073,-0.45069359149783855
41,77,0.4476732929536724,2.849748352739067,2.3048234774636587,1.2364280304342745,0.2879648767411709,-0.1417007595300673,-0.7256511515006424,0.7313038539141419,0.6577459108084439,0.06266258563846339,0.016054092906415462,0.045817083679139725
41,79,0.43119947420627935,3.118915830769501,2.3048234774636587,1.353212452609043,0.8062173575162888,0.009717363864183454,-0.35116727184504304,0.34808847028762124,0.07496380712836981,-0.2386741926893592,0.11114447843283418,-0.7196950493380427
41,80,0.3968564875915579,3.8816058520629384,2.3048234774636587,1.6841228363112861,0.8594511114060877,-0.3906973497942088,-0.22678653150796887,0.010142407380044682,0.521302602253854,0.09701838623732328,0.037186252884566784,-0.18593857809901232
41,81,0.4490298006474303,4.455198538098984,2.3048234774636587,1.9329890473875702,-0.11360563524067424,0.02450712770223637,-0.6006774203851819,0.6294268891215326,0.380849710665643,-0.1113064493983984,-0.45524547155946493,-0.6912594418972728
41,82,0.3478947676032512,2.3294576958120374,2.3048234774636587,1.0106881149854858,0.25038044154644,-0.7373187774792314,0.1477554626762867,0.14334667474031448,-0.06778889335691929,-0.21199448686093103,0.19209205266088247,-0.482804836705327
41,84,0.5403349646274124,3.5609646176655523,2.3048234774636587,1.5450053561517054,0.6026278957724571,-0.6299815429374575,-0.7087289337068798,0.4217370627447964,0.7881094645708798,0.27270658034831285,0.3261741017922759,-0.3059804951772093
41,86,0.38957389913852053,2.729366761936149,2.3048234774636587,1.1841977438288154,-0.0080260448157784,-0.5020009269937872,-0.3331469874829054,0.7885299064218999,0.19067856576293707,-0.4192380355671048,-0.08142392057925463,-0.10275312978774304
41,88,0.477725955272528,3.9225208469991033,2.3048234774636587,1.7018747358976223,0.6621927442029119,-0.8292153263464568,-0.3822283921763302,0.19525015354156505,0.3297813702374697,0.5015981933102012,0.2683957628905773,-0.28821080364286894
41,90,0.45182160089151346,2.954171350288193,2.3048234774636587,1.2817343189939687,0.17458182666450728,-0.42779762018471934,-0.757807075046003,-0.17153708729892958,0.8734941510483621,-0.18157642986625433,-0.1411363035440445,0.008627336472272928
41,93,0.4649155082447319,3.894770608435668,2.3048234774636587,1.6898346647881535,0.3268142594024539,0.08311638422310386,-0.5525439307093623,-0.018415276892483012,0.6824089540168643,-0.36386826261878025,-0.5127148237079382,-0.6699649570509794
41,96,0.47439744676120743,4.515119914053539,2.3048234774636587,1.9589872969457076,0.7949948795139788,-0.5473494129255412,-0.44971685484051716,-0.06832546275109042,0.7427029348909854,0.12712779082357895,0.20379397738724947,0.229348061606288
41,97,0.3385511151971681,3.4982481779556043,2.3048234774636587,1.5177944047173837,-0.04524182714521863,0.05292414873838436,0.18420477863401177,0.8006681483238937,0.164475206285715,-0.20440428424626578,-0.30426269117742777,-0.27509488910436625
41,98,0.40578325087277806,2.594588084917522,2.3048234774636587,1.1257209544623064,0.30701606720685937,-0.6461564833298322,-0.5751147568225863,0.2833227049559356,0.2068034866824745,-0.3070148155093194,0.04889295343309641,-0.5050329379737379
41,100,0.4848337183541702,2.4406209464800046,2.3048234774636587,1.0589188154078437,0.5342659503221511,-0.7846202207729219,0.013713294640183366,0.501151883043349,0.5052010500803588,0.1781823411583901,-0.08531211968511343,-0.6586686642840505
41,101,0.30560858569611254,4.1442647134397035,2.3048234774636587,1.7980833473634417,0.19384619779884815,-0.19802509434521184,-0.3738761162385347,0.12437152303755294,0.3959899330511687,0.010652688331902027,-0.577743855305016,-0.15627373289316887
41,104,0.45780439981414667,3.9117213762164753,2.3048234774636587,1.6971891402812012,0.7266427921131253,-0.6088539445772764,-0.15935820993036057,0.11777510307729233,0.05923250783234835,0.47151896916329855,-0.15290380083024502,-0.6996298022568226
41,107,0.39212897342099073,2.9392911123931587,2.3048234774636587,1.275278189906196,0.5829362822696564,0.12956470996141445,-0.4185637850314383,0.5926248189061882,0.25005926936864853,0.08786241803318257,-0.2353104092180729,-0.4706368893384933
41,108,0.44251161890275253,2.7513852368463985,2.3048234774636587,1.1937509591294855,0.4854152509942651,-0.34814570751041163,-0.6549395853653548,0.6891062725335361,0.31367158889770497,0.3972715325653553,0.1361450832337141,0.17645262274891144
41,110,0.5151050877273409,2.6462313081962505,2.3048234774636587,1.1481275395147805,-0.12560658436268624,-0.7203906876966353,-0.5295449765399098,0.3374448725953699,0.9189160587266086,-0.043710822239518166,-0.01682189665734768,-0.5891001569107177
41,111,0.3764980080091141,2.8589826596507173,2.3048234774636587,1.2404345441659952,0.8400649717077613,-0.11754021234810355,0.1082866936922072,0.2064135093241931,-0.003069954924285412,0.27893286850303417,-0.5243902802467346,-0.0857348321005702
41,112,0.6401770044504396,3.4502059923737916,2.3048234774636587,1.4969502116364106,0.8180961785838007,-0.7605100339278575,-0.7800277499482036,0.6810856275260451,0.5993974553421137,-0.42833984177559603,-0.3254469707608223,-0.5567467324435713
41,114,0.3423016895970277,2.610674221138335,2.3048234774636587,1.1327002899203586,0.2687160661444069,-0.36652949731796947,-0.4044490596279503,0.5330418003723025,0.13530551642179478,0.25470889639109373,-0.4225067012012005,0.1462964694947005
41,116,0.4750236989200981,3.0603978899119504,2.3048234774636587,1.327823115234735,0.5726880943402648,-0.5095599154010413,-0.2844015257433058,0.25076140463352214,0.8350758552551268,-0.26052500773221265,-0.5519048385322095,0.06298992875963455
41,123,0.333575154813583,3.6741286049134896,2.3048234774636587,1.5941041215688594,0.4966635964810846,-0.15787569247186187,-0.6233787396922705,-0.15711049456149329,0.0920496741309762,-0.3586879614740609,0.23083527479320765,-0.12198249064385885
41,124,0.3891874883155529,2.8289089109649845,2.3048234774636587,1.2273863654313584,0.38351655565202225,-0.6941193314269185,-0.3246059510856868,-0.06020181719213713,0.026353546418249607,-0.16795790288597345,-0.39250456262379885,-0.539343242533505
42,43,0.5124163381281635,2.809634666162741,2.3048234774636587,1.219023796674703,0.47183613292872917,0.6022228496149185,0.6102419393137097,-0.3731490084901452,0.17152062058448797,0.7065616240724921,0.476806728169322,-0.4976279903203249
42,48,0.5669070075742878,3.9064600702049965,2.3048234774636587,1.6949064032026686,0.6767073031514884,0.24204978905618213,0.7841451093554497,-0.46217463817447446,0.07607345562428247,0.21677977871149767,0.691462391987443,-0.8337611984461546
42,50,0.49717265324579274,3.541951994013009,2.3048234774636587,1.5367562976713285,0.1576002333313229,0.09050458855927013,0.6586274541914465,-0.5635890047997237,0.5401649475097657,0.9007974499836563,0.2826551105827093,-0.09942557662725449
42,55,0.39805547657253537,2.8730063950993943,2.3048234774636587,1.2465190602193068,0.5554797649383545,0.7490499289706349,0.48514720704406517,-0.3030103100463749,-0.11507873702794291,0.031913567334413306,0.06410186365246773,-0.22890616673976186
42,56,0.3227269807019352,3.4285934677722456,2.3048234774636587,1.4875731270948518,0.4752534246072173,0.053614990785718075,0.07633624505251668,-0.64910570345819,0.14259683713316929,0.12220239546149958,0.37431733403354883,-0.04398933053016663
42,59,0.49142883853185576,3.8402255734895037,2.3048234774636587,1.6661690628539922,0.37091494817286746,0.8154407134279609,0.815064525231719,-0.12348999641835706,0.5521116098389031,0.25616602785885323,0.0062663136050105095,-0.2818323634564876
42,61,0.4249369307385651,3.4307885575350103,2.3048234774636587,1.4885255166310694,0.20616651047021173,0.7075694324448706,-0.031652383506297954,-0.33936509769409917,-0.21577019337564696,0.7401350904256104,0.15530966501682997,-0.4083670722320676
42,62,0.3580974766553722,2.519285275482572,2.3048234774636587,1.093049120731327,-0.15781968925148204,-0.08526167646050442,0.7043202528730037,0.13109759707003835,-0.032756652683019416,0.6377380779013037,0.22524298820644617,-0.14806403312832123
42,63,0.4675890822404658,4.197892357138134,2.3048234774636587,1.8213509182740977,0.6277371505275369,0.5624840045347812,0.3438628800213335,-0.488141106441617,0.32645440474152576,0.3149122297763822,-0.2515635648742318,-0.642747520469129
42,66,0.3353322247402041,3.4244483992271433,2.3048234774636587,1.4857746949868695,0.19911690894514322,0.20569582097232375,0.5525932442396879,-0.12798660900443792,0.10084684751927864,0.6042201137170193,0.04336840286850929,-0.3446020558476448
42,67,0.4935943514364876,2.7914922594919793,2.3048234774636587,1.2111523015913892,0.22587702330201875,0.7908136760815978,-0.06741232518106688,-0.2587199490517378,0.17907505296170717,0.39872670918703057,0.5514250192791224,-0.8402830008417368
42,68,0.26552698508773465,2.469746945567766,2.3048234774636587,1.0715557914593952,0.3780865082517267,0.3173527121543884,0.22732833027839638,-0.34973827935755264,0.24287243001163017,0.08946668263524749,0.1728895641863346,-0.22247999254614118
42,69,0.6093257068263457,2.7317540926896102,2.3048234774636587,1.185233541483952,0.09375046100467421,0.6521186726167798,0.8514957623556259,0.023456503637134918,-0.08490540273487546,0.9139491692185402,0.6653211209923029,-0.7248552804812789
42,70,0.3144470018502611,2.6807637533315285,2.3048234774636587,1.1631102249451108,-0.04421288799494527,-0.04720773920416821,0.10193374380469344,-0.48263546358793985,-0.1597033767029642,0.5303384112194178,-0.1675516590476036,-0.45680077653378237
42,72,0.29433897194283587,3.118523770092611,2.3048234774636587,1.353042348182078,0.5626513473689556,0.2509309332817794,0.15099683869630076,-0.07689566072076554,-0.29696848057210423,0.32812772784382094,0.1154964892193675,-0.275009199976921
42,75,0.44960610760269576,2.971831700296866,2.3048234774636587,1.2893966628486517,0.42315067909657966,0.4812935097143056,0.8966521434485915,-0.5707653677091002,-0.012208349071443081,-0.07121855393052112,0.26502633187919855,-0.03531320020556452
42,76,0.4227392880366927,2.4709691928732185,2.3048234774636587,1.0720860912057328,0.30219642817974113,0.0018736012279987335,0.6329249618574977,-0.6597392288967968,-0.07341265585273471,0.24588391464203574,-0.1110224137082696,-0.6513967318460346
42,79,0.5403312844397336,3.4073639699796936,2.3048234774636587,1.4783622274315449,0.6682538855820896,0.7400479065254331,0.3834931235760449,-0.17365153413265944,-0.23420922271907307,0.1432275902479886,0.49163630325347185,-0.9203981896862388
42,80,0.46822448696139746,3.822796148397828,2.3048234774636587,1.658606911018028,0.7214876394718885,0.33963319286704086,0.5078738639131191,-0.511597597040236,0.21212957240641123,0.47892016917467106,0.4176780777052045,-0.3866417184472084
42,81,0.4390557430374869,4.1321328656448255,2.3048234774636587,1.7928196697267367,-0.25156910717487335,0.754837670363486,0.13398297503590606,0.1076868847012519,0.07167668081820011,0.2705953335389494,-0.07475364673882723,-0.891962582245469
42,82,0.4874076709111417,2.6631688628032815,2.3048234774636587,1.1554762821723612,0.1124169696122409,-0.00698823481798172,0.8824158580973747,-0.3783933296799662,-0.37696192320436217,0.16990729607641675,0.5725838774815202,-0.6835079770535231
42,84,0.4542374425494542,3.084443440033184,2.3048234774636587,1.3382558231433226,0.46466442383825796,0.10034899972379219,0.025931461714208126,-0.10000294167548429,0.47893643472343694,0.6546083632856606,0.7066659266129136,-0.5066836355254054
42,86,0.2506988915928744,2.703474937932536,2.3048234774636587,1.1729639880740772,-0.1459895167499775,0.22832961566746246,0.4015134079381826,0.2667899020016193,-0.11849446408450581,-0.03733625262975704,0.2990679042413831,-0.3034562701359391
42,88,0.4945310060834661,3.5696728670295568,2.3048234774636587,1.5487836278714935,0.5242292722687127,-0.09888478368520714,0.35243200324475776,-0.3264898508787156,0.02060834039002679,0.883499976247549,0.648887587711215,-0.488913943991065
42,93,0.49212178086872965,3.498297153828496,2.3048234774636587,1.517815654011905,0.1888507874682548,0.8134469268843535,0.1821164647117257,-0.5401552813127637,0.37323592416942136,0.01803352031856753,-0.1322229988873005,-0.8706680973991754
42,96,0.45877720041408343,4.299356215867286,2.3048234774636587,1.8653733172652813,0.6570314075797797,0.18298112973570846,0.2849435405805708,-0.5900654671713711,0.4335299050435425,0.5090295737609267,0.5842858022078872,0.028644921258091892
42,97,0.4813787072819026,3.6288353917825633,2.3048234774636587,1.5744526326050412,-0.18320529907941774,0.783254691399634,0.9188651740550997,0.278928143903613,-0.1446978235617279,0.177497498691082,0.07622913364320993,-0.47579802945256233
42,101,0.3358787010613817,3.2204023096538807,2.3048234774636587,1.397244665868195,0.05588272586464904,0.5323054483160378,0.3607842791825533,-0.39736848138272773,0.08681690320372581,0.3925544712692498,-0.19725203048437834,-0.35697687324136496
42,102,0.37607020975887295,2.4700396223160865,2.3048234774636587,1.0716827759122967,-0.08544722385704484,0.32541118748486075,0.6238956367596986,0.1277589742094277,-0.3315482297912239,-0.006746017374098523,0.702774859033525,-0.09384237509220839
42,104,0.5599836061105616,3.0195375386772447,2.3048234774636587,1.31009492405904,0.5886793201789262,0.12147659808397326,0.5753021854907274,-0.40396490134298835,-0.24994052201509454,0.8534207521006464,0.22758802399039268,-0.9003329426050187
42,105,0.2916342390088256,4.498236664290567,2.3048234774636587,1.9516621156777907,-0.13455290254205443,0.47372722346335666,-0.058382880873977916,-0.031081493012607264,0.42157938331365596,0.14610381051897992,-0.26435541920363903,-0.4056456107646228
42,106,0.43316389090872887,2.3170289594436935,2.3048234774636587,1.0052956254999044,-0.020027299411594646,0.2746144346892835,0.6997836809605361,-0.5523102087900044,0.33133954834193,0.2953758547082542,0.6371248662471771,-0.1659181024879218
42,107,0.46614245294932,2.816131393039633,2.3048234774636587,1.2218425491476868,0.44497281033545727,0.8598952526226641,0.31609661038964965,0.07088481448590753,-0.05911376047879435,0.46976420097053034,0.1451814156025648,-0.6713400296866894
42,111,0.5379824223524646,3.522247072501846,2.3048234774636587,1.52820687004538,0.7021014997735622,0.6127903303131461,0.8429470891132951,-0.31532649509608757,-0.3122429847717283,0.660834651440382,-0.14389845542609692,-0.2864379724487663
42,112,0.3798169758285701,2.544451065765302,2.3048234774636587,1.1039678702706297,0.6801327066496016,-0.030179491266607905,-0.0453673545271156,0.15934562310576436,0.2902244254946709,-0.04643805883824825,0.05504485405981541,-0.7574498727917673
42,115,0.5163667762946865,2.4230409863469067,2.3048234774636587,1.0512913505260457,0.290332808159292,0.7628961419686675,0.7180181844159961,-0.3696880824863912,0.46658585499972116,0.3043242758139967,0.4504166767001152,-0.5489656813442707
42,116,0.32663838409232665,2.504814723719922,2.3048234774636587,1.086770743274597,0.4347246224060657,0.22077062726020835,0.4502588696777821,-0.27097859978675853,0.525902825407684,0.12137677520513512,-0.1714130137115718,-0.13771321158856156
42,119,0.42548856635877064,2.4958979921722353,2.3048234774636587,1.0829020168255334,0.5510927243158222,0.5216581085696815,0.19115343410521757,0.25027309358119965,0.22545766830444347,0.2687108116224408,0.6770876832306385,-0.4379876023158431
42,120,0.41328645243189444,2.333425824865508,2.3048234774636587,1.0124097778773604,0.5021014548838141,0.279348907992244,0.8733787694945934,-0.1536850454285742,-0.02605337742716063,0.42057660035789,-0.23864988889545213,-0.12400426529347897
42,123,0.42648567004067994,3.574431808458547,2.3048234774636587,1.5508484026690095,0.3587001245468855,0.5724548501893878,0.11128165572881743,-0.678850498981774,-0.21712335571646668,0.023213821463286877,0.6113270996138453,-0.32268563099205494
42,124,0.39401464098869354,2.540509523399615,2.3048234774636587,1.1022577426169387,0.24555308371782314,0.03621121123433113,0.41005444433540117,-0.5819418216124178,-0.2828194834291933,0.21394388005137432,-0.012012737803161144,-0.7400463828817011
42,127,0.4837710982644368,2.7842946192919693,2.3048234774636587,1.2080294419579343,0.5998976174741986,0.8371304320171478,0.6683750245720148,-0.06461935583502054,0.034167244099080674,0.11327111814171076,0.3848430057987571,-0.44565521646291006
43,44,0.3067622374832794,2.575513047196949,2.3048234774636587,1.1174448162213144,-0.152208587154746,-0.4639398222789168,0.2988986903801563,0.15348778292536736,0.18828117102384578,-0.19060632493346935,-0.37773448042571545,0.432497532106936
43,46,0.4931962330029448,2.512677559474306,2.3048234774636587,1.0901822131035304,-0.7310041952878232,-0.3492671353742482,-0.07655695360153902,-0.2452855734154583,-0.41696279216557736,-0.6325576128438113,-0.7189157623797655,-0.36432481650263093
43,48,0.2779216864042526,2.9816562534813924,2.3048234774636587,1.2936592683282426,0.20487117022275925,-0.3601730605587364,0.17390317004174005,-0.08902562968432925,-0.0954471649602055,-0.4897818453609944,0.21465566381812093,-0.3361332081258297
43,49,0.32113788492863243,4.580943169495531,2.3048234774636587,1.9875462109300563,-0.7061052527278657,0.28895529545843573,-0.1904567256569863,0.2917644558474421,0.04500596504658466,-0.15818969439715158,-0.26166261173784733,0.1613673996180296
43,50,0.3100593770276212,3.5367342416149494,2.3048234774636587,1.5344924573169247,-0.3142358995974063,-0.5117182610556483,0.048385514877736846,-0.19043999630957853,0.3686443269252777,0.19423582591116426,-0.19415161758661273,0.3982024136930704
43,52,0.41445675149922534,2.4430926066644494,2.3048234774636587,1.0599912013014328,-0.05616233870387061,-0.6228420520201325,-0.36070926021784516,0.5918556656688452,-0.36798942834138865,-0.29077798686921613,-0.04320044070482257,0.5299718165770173
43,56,0.39063954795186356,2.804325611338642,2.3048234774636587,1.2167203426896103,0.0034172916784881158,-0.5486078588292005,-0.533905694261193,-0.27595669496804476,-0.028923783451318685,-0.5843592286109924,-0.10248939413577321,0.45363865979015827
43,59,0.3113700743276659,3.7915062921185942,2.3048234774636587,1.6450310963904944,-0.1009211847558617,0.2132178638130423,0.2048225859180094,0.24965901207178814,0.38059098925441504,-0.45039559621363884,-0.4705404145643115,0.2157956268638373
43,60,0.3751834621730959,2.462401141991657,2.3048234774636587,1.068368647780959,-0.2375056697055697,-0.30937629658728866,-0.03144257515668858,0.4028416564688087,0.1904873168095947,-0.7596809733659031,0.15530948247760532,-0.41615710500627767
43,61,0.3076721368687239,2.6764928255365645,2.3048234774636587,1.1612571859437621,-0.26566962245851744,0.1053465828299521,-0.6418943228200076,0.033783910796046035,-0.3872908139601349,0.033573466353118336,-0.32149706315249205,0.08926091808825731
43,62,0.4129409698450771,4.211546705801235,2.3048234774636587,1.8272751674830334,-0.6296558221802112,-0.687484526075423,0.094078313559294,0.5042466055601835,-0.2042772732675074,-0.06882354617118841,-0.25156373996287584,0.3495639571920037
43,63,0.32385219936378973,2.6640276910682807,2.3048234774636587,1.1558489043160511,0.15590101759880765,-0.03973884508013731,-0.2663790592923762,-0.1149920979514718,0.1549337841570378,-0.39164939429610984,-0.7283702930435538,-0.14511953014880408
43,64,0.4388624240592597,3.334084234950271,2.3048234774636587,1.446568150468192,0.1477528652176261,-0.5417400104925039,0.06683277804404517,0.6122585115954279,0.3402261780574918,-0.6605199221521616,-0.5304932799190283,-0.11268551275134087
43,66,0.255389829266355,3.5582859184914293,2.3048234774636587,1.5438431416913292,-0.27271922398358595,-0.39652702864259476,-0.057648695074021816,0.24516239948570728,-0.07067377306520933,-0.10234151035547273,-0.4334383253008127,0.1530259344726801
43,69,0.2638350632643844,3.373734611784188,2.3048234774636587,1.4637713667759111,-0.37808567192405496,0.049895823001861295,0.24125382304191617,0.3966055121272801,-0.2564260233193634,0.20738754514604807,0.18851439282298085,-0.227227290160954
43,70,0.4353245537600955,2.7195140388577603,2.3048234774636587,1.1799229162011347,-0.5160490209236744,-0.6494305888190868,-0.5083081955090163,-0.10948645509779464,-0.33122399728745217,-0.17622321285307418,-0.6443583872169256,0.04082721378654253
43,71,0.3340817096402152,2.3115784184247947,2.3048234774636587,1.002930784516552,0.010894139297306482,-0.046726141124963816,-0.13414646312594403,0.5133971935138105,0.2779866429045797,-0.467838172800839,-0.15192683786153796,0.5383120374754071
43,73,0.2885657240543939,2.5469335263801614,2.3048234774636587,1.1050449421761932,-0.5607083626091478,0.24912958033382876,-0.08898583520203818,-0.08082694280892622,0.4219646845012904,-0.07812894973903906,0.13063302543014285,-0.2720794230699539
43,77,0.3585912171469522,2.6902396374711577,2.3048234774636587,1.1672215524425453,-0.3218347281217574,-0.013593066483736205,-0.6012326953932641,0.5827128579840064,0.17705226037651306,-0.2619972554966809,-0.08026081044226888,0.34274193365126854
43,81,0.4561230944746196,4.393439341964354,2.3048234774636587,1.9061934178139797,-0.7234052401036025,0.15261482074856747,-0.4762589642778036,0.4808358931913971,-0.09984393976628786,-0.4359662905335427,-0.5515603749081492,-0.3943345919251441
43,82,0.3884234200138661,3.1085711296653016,2.3048234774636587,1.348724169143802,-0.35941916331648827,-0.6092110844329002,0.272173918783665,-0.0052443211898209885,-0.5484825437888501,-0.5366543279960754,0.09577714931219813,-0.18587998673319817
43,84,0.3197806245250414,2.3147456598776426,2.3048234774636587,1.0043049641376018,-0.007171709090471212,-0.5018738498911264,-0.5843104775995016,0.2731460668146609,0.3074158141389489,-0.051953260786831434,0.22985919844359157,-0.00905564520508051
43,85,0.32386374006917995,2.6378011846528437,2.3048234774636587,1.144469938997502,-0.48041162081062794,-0.10425596497952966,0.035912529565393925,0.14601570833474375,-0.3645699014887212,-0.346519822254777,-0.27819747384637594,0.49441461730748415
43,86,0.4584458309757684,4.461910948533786,2.3048234774636587,1.9359013790695558,-0.6178256496787067,-0.37389323394745605,-0.2087285313755271,0.6399389104917644,-0.2900150846689938,-0.743897876702249,-0.17773882392793897,0.19417172018438578
43,88,0.28432143962742873,2.7962927802413886,2.3048234774636587,1.2132351165211868,0.05239313933998352,-0.7011076333001256,-0.2578099360689519,0.04665915761142958,-0.15091228019446118,0.17693835217505693,0.17208085954189298,0.008714046329259872
43,89,0.37565202472489384,3.523532618906122,2.3048234774636587,1.5287646335430385,-0.5380343021824953,-0.03783424943685543,0.11631740070879476,0.16986586153507238,-0.041129495017230566,-0.6535245142877102,-0.33548752777278423,0.5042630787938833
43,90,0.40975668219364714,2.6825563553503207,2.3048234774636587,1.163887986034548,-0.435217778198421,-0.2996899271383882,-0.6333886189386246,-0.32012808322906505,0.3928005006164313,-0.5062362710013986,-0.23745120689272883,0.30555218644440174
43,91,0.3790260062253031,2.444080679013103,2.3048234774636587,1.0604198989254874,-0.08741270843893284,0.09956622496247261,-0.009263092651963234,0.5527741620317101,-0.43542728759348387,-0.20473445765674114,-0.7450196016579866,-0.19879357516765617
43,92,0.2856034864366884,2.7038453717688995,2.3048234774636587,1.1731247092052117,-0.1927410690113901,-0.4383858917281033,0.1918610772117974,0.4639833690598606,-0.3760625887662172,-0.02194367442280054,-0.11708627268671992,0.12457315716892475
43,93,0.4124189279446911,3.577666168649442,2.3048234774636587,1.5522517032785879,-0.2829853454604744,0.21122407726943496,-0.42812547460198397,-0.16700627282261848,0.2017153035849334,-0.6885281037539246,-0.6090297270566225,-0.3730401070788505
43,94,0.36268223195650234,3.6071493998701656,2.3048234774636587,1.5650436726024894,-0.6748548215255145,-0.5584453484043481,-0.1826842697337268,0.3307696841657161,0.14370199758559465,-0.3378115622326731,0.035877838730812045,-0.07861750666052103
43,95,0.3186857536959185,4.476131895547401,2.3048234774636587,1.9420714598382856,0.17362157534807904,-0.14552388153970242,-0.552665062248707,-0.049913587979972585,-0.21550929825752957,-0.1382985375821591,-0.45606560818850994,0.42387097794562584
43,96,0.3080412741350484,3.0841342524336244,2.3048234774636587,1.3381216750827085,0.18519527465105062,-0.41924171987921005,-0.32529839873313887,-0.2169164586812259,0.26200928445905447,-0.19753205031156534,0.10747907403856513,0.5262729115784168
43,100,0.3094343276534843,2.321283371644188,2.3048234774636587,1.0071414988355822,-0.0755336545407772,-0.6565125277265909,0.13813175074756162,0.3525608871132136,0.024507399648427963,-0.1464774999767542,-0.18162702303379777,-0.3617438143119216
43,101,0.3202800621177028,2.7575813603393207,2.3048234774636587,1.1964392879987056,-0.4159534070640801,-0.06991740129888074,-0.2494576601311564,-0.024219472892582528,-0.08470371738076216,-0.31400715280324226,-0.6740587586537004,0.14065111707895994
43,102,0.449204177605181,3.808126593944664,2.3048234774636587,1.6522421917253785,-0.557283356785774,-0.27681166213005776,0.013653697445988933,0.5009079826995729,-0.5030688503757119,-0.7133076414465906,0.22596813086420295,0.4037856152281165
43,106,0.29994219244578174,2.4283371247210415,2.3048234774636587,1.053589200416035,-0.4918634323403238,-0.327608414925635,0.08954174164682643,-0.17916120029985916,0.15981892775744205,-0.41118576936423784,0.16031813807785508,0.3317098878324031
43,110,0.4355050033380027,3.6113947346585316,2.3048234774636587,1.5668856074967998,-0.7354061892256145,-0.5922829946503041,-0.40512652043253156,0.18885387666523445,0.43822240829467773,-0.36837066337466245,-0.11313680000603202,-0.29217530693858884
43,112,0.497893546234084,2.8970774906748735,2.3048234774636587,1.2569628516032647,0.20829657372087243,-0.6324023408815265,-0.6556092938408253,0.5324946315959096,0.11870380491018295,-0.7529996829107404,-0.4217618741095066,-0.25982188247144244
43,114,0.3516407240075516,2.3316445747829047,2.3048234774636587,1.0116369420832008,-0.3410835387185214,-0.23842180427163834,-0.280030603520572,0.3844508044421671,-0.34538813401013607,-0.06995094474405056,-0.5188216045498848,0.4432213194668293
43,116,0.3874067586675373,2.9870437186502787,2.3048234774636587,1.29599674242184,-0.03711151052266348,-0.38145222235471016,-0.15998306963592757,0.10217040870338667,0.354382204823196,-0.585184848867357,-0.6482197418808938,0.35991477873176336
43,123,0.3575628572595759,2.3523107070725833,2.3048234774636587,1.0206034128310693,-0.11313600838184368,-0.029767999425530767,-0.49896028358489225,-0.30570149049162876,-0.38864397630095465,-0.6833478026092052,0.13452037144452333,0.17494235932826996
43,125,0.2635218414952855,3.4215724581482965,2.3048234774636587,1.4845269026474701,-0.2612828537821772,-0.16823079064488417,0.18370938394218705,0.4101888770237563,0.40487071499228483,-0.16706819459795957,0.0031238095834851265,0.2552133826538921
44,45,0.41500160615648524,2.9473659549530025,2.3048234774636587,1.2787816437015946,-0.21426008827984339,0.352816977538168,-0.6143961166962986,0.13074860069900734,-0.4219852983951568,-0.32585567329078924,0.5236816685646772,-0.5043309163302182
44,46,0.4951152681072656,2.7849736745422775,2.3048234774636587,1.208324065497198,-0.5787956081330772,0.11467268690466859,-0.37545564398169534,-0.39877335634082567,-0.6052439631894231,-0.441951287910342,-0.34118128195405006,-0.7968223486095669
44,49,0.39382810113556294,4.316450688651547,2.3048234774636587,1.872790142437104,-0.5538966655731197,0.7528951177373525,-0.4893554160371426,0.13827667292207474,-0.14327520597726112,0.03241663053631777,0.11607186868786812,-0.2711301324889064
44,51,0.5076044868875005,2.6758444584448617,2.3048234774636587,1.160975877158928,-0.009283002465963586,0.3656227337196467,-0.8648748965933919,0.28704660199582566,-0.741156689822674,-0.4172393623739481,-0.29273540526628505,-0.5366862053051592
44,52,0.3712494867015598,3.044594091337708,2.3048234774636587,1.3209662783755263,0.0960462484508754,-0.15890222974121582,-0.6596079505980015,0.4383678827434778,-0.5562705993652344,-0.10017166193574678,0.3345340397208929,0.09747428447008137
44,55,0.3713544962068612,3.4034706993475683,2.3048234774636587,1.4766730435655382,0.23585221916437127,0.6107669016346332,-0.42399342264980083,-0.08334908448159706,-0.47488052863627667,-0.4840417318046094,-0.03497038409113884,-0.16377570852637288
44,56,0.38532452871839307,3.879316283092928,2.3048234774636587,1.68312945482572,0.15562587883323412,-0.08466803655028365,-0.8328043846413493,-0.4294444778934121,-0.21720495447516447,-0.39375290367752314,0.27524508628994226,0.021141127683222335
44,58,0.45602525062213844,3.3139130549563607,2.3048234774636587,1.4378164260124398,-0.23445248324424,0.011840678751468658,-0.7082013776525855,-0.030852319672703854,-0.6359177315607667,-0.08558307867497206,0.4308756710961461,-0.713227410800755
44,59,0.2826920446864462,3.9666139210514855,2.3048234774636587,1.7210055172713457,0.051287402398884296,0.677157686091959,-0.09407610446214691,0.09617122914642079,0.19230981823056928,-0.2597892712801695,-0.09280593413859606,-0.21670190524309865
44,60,0.4374170726810218,2.930238266101054,2.3048234774636587,1.2713504069845873,-0.08529708255082369,0.15456352569162812,-0.3303412655368449,0.24935387354344135,0.002206145785748903,-0.5690746484324337,0.5330439629033208,-0.8486546371132137
44,61,0.46622079496833463,4.095192928002785,2.3048234774636587,1.7767924390067984,-0.11346103530377144,0.5692864051088689,-0.940793013200164,-0.11970387212932132,-0.5755719849839807,0.2241797912865877,0.0562374172732234,-0.34323661401867867
44,62,0.28165613925289157,2.8712698583190956,2.3048234774636587,1.2457656243066313,-0.4774472350254652,-0.22354470379650615,-0.20482037682086232,0.35075882263481617,-0.39255844429135317,0.12178277876228094,0.1261707404628396,-0.08293357491493225
44,63,0.3815454897448327,3.1899437656104084,2.3048234774636587,1.3840295349302758,0.30810960475355365,0.42420097719877947,-0.5652777496725325,-0.26847988087683916,-0.03334738686680799,-0.2010430693626405,-0.3506358126178384,-0.57761706225574
44,64,0.3400038214096476,2.432588820529714,2.3048234774636587,1.0554338951834414,0.2999614523723721,-0.07780018821358714,-0.23206591233611115,0.4587707286700605,0.151945007033646,-0.4699135972186922,-0.15275879949331284,-0.5451830448582768
44,65,0.43632558354746803,3.2289972090658625,2.3048234774636587,1.4009737581375257,-0.48504604119807476,0.2745504500344395,-0.6020734710618858,-0.42226039804518245,-0.7078385530039668,0.2065576855093241,0.3552978094667196,-0.04072064440697434
44,67,0.5293458057114627,3.6877265212253025,2.3048234774636587,1.6000038863208121,-0.09375052247196441,0.6525306487455961,-0.9765529548749329,-0.039058723486959934,-0.18072673864662658,-0.11722858995199215,0.4523527715355158,-0.7751525426283479
44,68,0.30476309275501307,3.1630270436449344,2.3048234774636587,1.372351103923015,0.058458962477743515,0.1790696848183867,-0.6818122994154696,-0.1300770537927748,-0.11692936159670358,-0.42648861650377523,0.07381731644272804,-0.1573495343327522
44,69,0.4314966578174492,3.3237575004361717,2.3048234774636587,1.4420876622160228,-0.22587708476930896,0.5138356452807781,-0.05764486733824015,0.24311772920191277,-0.4447071943432092,0.3979938700795174,0.5662488732486963,-0.65972482226789
44,70,0.41564881991121017,3.3038721721778908,2.3048234774636587,1.4334599610264447,-0.36384043376892844,-0.18549076654016994,-0.8072068858891726,-0.262974238023162,-0.5195051683112979,0.014383112080395166,-0.2666239067912102,-0.39167031832039345
44,71,0.2882756957470216,2.47188920745825,2.3048234774636587,1.0724852604236914,0.16310272645205248,0.41721368115395296,-0.43304515350610034,0.35990941058844317,0.08970547188073391,-0.27723184786736965,0.2258076425641775,0.10581450536847117
44,72,0.38370877011412396,3.7565151801994334,2.3048234774636587,1.6298494079612933,0.24302380159497242,0.11264790594577767,-0.7581437909975652,0.14276556484401232,-0.656770272180438,-0.18782757129520178,0.016424241475760937,-0.20987874176353208
44,73,0.4613598360484323,2.918255711762068,2.3048234774636587,1.2661515037036417,-0.4084997754544018,0.7130694026127455,-0.3878845255821945,-0.23431472573429357,0.2336835134774446,0.1124773751944303,0.5083675058558583,-0.7045769551768899
44,75,0.3089089300440005,3.6688984585610704,2.3048234774636587,1.5918349038159343,0.1035231333225965,0.3430104823783039,-0.012488486245274545,-0.3511041421443224,-0.37201014067977684,-0.5871738530695438,0.16595408413559198,0.02981725800782445
44,76,0.34229671707261006,3.4305905258180407,2.3048234774636587,1.4884395960740697,-0.01743111759424204,-0.136409426108003,-0.27621566783636836,-0.44007800333201896,-0.43321444746106846,-0.270071384496987,-0.21009466145187616,-0.5862662736326457
44,79,0.5171373061530581,4.124750151168351,2.3048234774636587,1.7896165114160627,0.3486263398081064,0.6017648791894313,-0.5256475061178211,0.046009691432118416,-0.5940110143274069,-0.3727277088910341,0.3925640555098653,-0.8552677314728498
44,80,0.2907604548625075,4.017625534612218,2.3048234774636587,1.7431380641060683,0.40186009369790543,0.20135016553103913,-0.40126676578074694,-0.29193637147545815,-0.14767221920192253,-0.037035129964351654,0.3186058299615979,-0.3215112602338195
44,81,0.5328597158445422,4.230580276773789,2.3048234774636587,1.8355333144338357,-0.5711966529488566,0.6165546430274842,-0.7751576546579599,0.3273481102660297,-0.28812511079013364,-0.24535996560007334,-0.1738258944824338,-0.8268321240320801
44,82,0.41217776322343136,3.3950689991723433,2.3048234774636587,1.4730277751719383,-0.20721057616174227,-0.14527126215398345,-0.026724771596491337,-0.15873210411518834,-0.736763714812696,-0.34604800306260597,0.4735116297379136,-0.6183775188401341
44,84,0.42047714684329984,3.8056246925239705,2.3048234774636587,1.6511566849847727,0.1450368780642748,-0.03793402761220954,-0.8832091679796579,0.11965828388929356,0.11913464311510316,0.13865306414663792,0.607593678869307,-0.4415531773120165
44,85,0.28504427930701187,2.987923564545693,2.3048234774636587,1.2963784835417207,-0.32820303365588194,0.3596838572993871,-0.2629861608147624,-0.007472074590623601,-0.552851072512567,-0.15591349732130766,0.0995370065793395,0.061917085200548186
44,86,0.4109324819049664,3.3950935396446904,2.3048234774636587,1.4730384226130926,-0.4656170625239607,0.09004658833146073,-0.5076272217556834,0.48645112756639713,-0.47829625569283957,-0.5532915517687798,0.1999956564977765,-0.23832581192255017
44,88,0.3793873226862467,4.3319454569223215,2.3048234774636587,1.8795128994821797,0.20460172649472952,-0.23716781102120887,-0.5567086264491082,-0.10682862531393778,-0.33919345121830696,0.3675446771085263,0.5498153399676085,-0.4237834857776761
44,89,0.2823759047813953,2.920775142568158,2.3048234774636587,1.2672446159661315,-0.38582571502774926,0.42610557284206135,-0.18258128967136156,0.016378078609705027,-0.22941066604107635,-0.4629181893542408,0.04224695265293121,0.07176554668694737
44,90,0.41499831064555115,3.3692568039869286,2.3048234774636587,1.4618285681880614,-0.283009191043675,0.16424989514052857,-0.932287309318781,-0.4736158661544324,0.2045193295925855,-0.31562994606792927,0.14028327353298664,-0.1269453456625342
44,91,0.43283506329276206,2.6386395948516217,2.3048234774636587,1.1448337022995405,0.06479587871581316,0.5635060472413894,-0.30816178303211955,0.3992863791063428,-0.6237084586173296,-0.014128132723271791,-0.3672851212322712,-0.6312911072745921
44,92,0.2783537144676761,2.7732114115604163,2.3048234774636587,1.2032207406235704,-0.0405324818566441,0.025553930550813453,-0.1070376131683589,0.31049558613449324,-0.5643437597900629,0.1686626505106688,0.26064820773899555,-0.30792437493801117
44,93,0.5067943839720059,4.258297931858586,2.3048234774636587,1.8475592484612429,-0.13077675830572838,0.6751638995483518,-0.7270241649821403,-0.32049405574798584,0.013434132561087608,-0.4979217788204552,-0.23129524663090706,-0.8055376391857865
44,94,0.3538028792199628,2.742253930257588,2.3048234774636587,1.189789134426598,-0.5226462343707685,-0.09450552612543128,-0.48158296011388313,0.17728190124034876,-0.04457917343825113,-0.14720523729920376,0.4136123191565275,-0.511115038767457
44,97,0.42657919102705594,3.8597514867791087,2.3048234774636587,1.6746408236983812,-0.502832844853401,0.6449716640636323,0.009724544361233711,0.49858936946839083,-0.5044996151700616,-0.3384578004479407,-0.022843114100396633,-0.4106675712391734
44,98,0.43523995987436276,3.294952770833134,2.3048234774636587,1.4295900762253007,-0.1505749505013229,-0.05410896800458431,-0.7495949910953643,-0.018756073899567238,-0.46217133477330213,-0.44106833171099435,0.33031253051012754,-0.640605620108545
44,101,0.32012116370771376,2.7242156438269514,2.3048234774636587,1.1819628142736607,-0.2637448199093341,0.39402242098003604,-0.5483563505113127,-0.17770725581794988,-0.27298488840460794,-0.12340082786977291,-0.2963242782279849,-0.29184641502797604
44,102,0.43555004791934226,3.357330848395119,2.3048234774636587,1.4566542215587337,-0.405074769631028,0.18712816014885902,-0.2852449929341674,0.3474201997742056,-0.6913500213995576,-0.5227013165131212,0.6037026112899184,-0.02871191687881941
44,104,0.42098624988704997,3.000822349167646,2.3048234774636587,1.301974914135246,0.2690517744049431,-0.016806429252028465,-0.33383844420313863,-0.1843036757782105,-0.6097423136234283,0.3374654529616236,0.12851577624678612,-0.8352024843916298
44,106,0.282303361790728,3.365368686429587,2.3048234774636587,1.4601416201005575,-0.3396548451855778,0.13633140735328175,-0.20935694873332988,-0.3326489832252265,-0.02846224326640373,-0.2205794444307685,0.5380526185035706,-0.10078764427453282
44,107,0.43586032832917815,3.120229061670631,2.3048234774636587,1.3537822276542777,0.1253452645614741,0.7216122252866624,-0.5930440193042164,0.2905460400506854,-0.4189155520871281,-0.04619109816849237,0.046109167858958244,-0.6062095714733005
44,108,0.39836310763144267,2.3411904412673126,2.3048234774636587,1.0157786330099665,0.0278242332860828,0.24390180781483628,-0.8294198196381328,0.38702749367803324,-0.35530323255807167,0.26321801636368036,0.41756466031074524,0.040879940614104285
44,109,0.41149575518453424,2.7452663366859062,2.3048234774636587,1.1910961353565057,-0.1952249435707924,0.5785808609798546,-0.4415938341990113,-0.49370560981333256,-0.21426222193986183,-0.5304646212607622,-0.0900037307292223,-0.4556417800486089
44,110,0.43913652621444454,2.422102100180385,2.3048234774636587,1.0508839934439516,-0.5831976020708685,-0.12834317237138737,-0.7040252108126879,0.0353660937398671,0.24994123727083198,-0.1777643384411931,0.26459768041968346,-0.7246728390455248
44,111,0.34742317879543816,4.128378024011731,2.3048234774636587,1.7911905464251872,0.38247395399957895,0.47450730297714433,-0.06619354058057085,-0.09566526953130972,-0.6720447763800621,0.14487935230135923,-0.24297070316970348,-0.22130751423537734
44,112,0.5019271805553157,3.789908578973161,2.3048234774636587,1.6443378922639937,0.36050516087561846,-0.16846251860260963,-0.9545079842209816,0.37900684867054224,-0.06957736611366283,-0.562393357977271,-0.04402739368379116,-0.6923194145783784
44,113,0.39296905354117484,2.9009628929588698,2.3048234774636587,1.2586486216077737,-0.5416821734979751,0.494912785477936,-0.3167029609903696,-0.25167618691921245,-0.4910979270935058,0.23702551890164614,0.44840415194630623,-0.18701056484132997
44,114,0.31512227637295626,2.8433178442947153,2.3048234774636587,1.2336380083318321,-0.18887495156377537,0.22551801800727844,-0.5789292939007283,0.23096302151679976,-0.5336693050339818,0.12065538018941879,-0.14108712412416935,0.01072378735989335
44,115,0.3285889393753734,3.1276164998378237,2.3048234774636587,1.356987435445428,-0.029294737614691146,0.6246131146326658,-0.19112244527786987,-0.15002685692161333,0.10678406339138738,-0.21163102332502604,0.35134442895650864,-0.4838352231308818
44,117,0.5406937799382106,3.1746496346194326,2.3048234774636587,1.3773938289247962,-0.2864189306274057,0.7321825688704844,-0.8425268055871129,0.07158463075757021,-0.7249395595863461,0.30309570487588644,0.2375713512301445,-0.5760648362338543
44,118,0.38971190229026736,2.3057185008186036,2.3048234774636587,1.000388326205324,-0.4282982004806403,-0.029398450627923012,-0.08433640561997896,-0.4032726250588896,-0.30632936209440237,-0.07859238050878053,0.06995883025228977,-0.8695108965039253
44,119,0.431450885497398,3.443471106764416,2.3048234774636587,1.4940281285896053,0.23146517854183907,0.3833750812336798,-0.7179871955886484,0.4699343191459775,-0.13434412330389028,-0.2472444875165819,0.5780154354870319,-0.3728571441024542
44,121,0.39317922685429024,4.406603313031829,2.3048234774636587,1.9119049055683313,-0.3518545683473349,0.5564163858070967,-0.6733150575309994,-0.06084566470235586,-0.05762690398842096,0.08203947637230152,0.16984619107097387,-0.5544041646644474
44,123,0.49267662556907504,4.123276105275724,2.3048234774636587,1.7889769631352332,0.03907257877290232,0.434171822853386,-0.7978589739650486,-0.4591892734169961,-0.5769251473248005,-0.49274147767573584,0.5122548518702388,-0.257555172778666
44,124,0.41356140898820887,3.458144727281268,2.3048234774636587,1.5003946120363112,-0.07407446205616003,-0.1020718161016706,-0.49908618535846483,-0.36228059604763996,-0.6426212750375271,-0.3020114190876484,-0.11108498554676771,-0.6749159246683122
44,127,0.37808753815365154,3.3710604093557706,2.3048234774636587,1.4626111033307643,0.2802700717002154,0.6988474046811461,-0.24076560512185124,0.1550418697297573,-0.3256345475092531,-0.40268418099731196,0.2857707580551505,-0.38052475824952114
45,48,0.3281948303383394,3.225347289316996,2.3048234774636587,1.3993901575778493,0.5713398456573486,-0.24905021581798759,0.4894005963578823,-0.37326201330870395,0.13825696241110552,0.026680152863264195,0.06870847567915916,-0.26429982390254747
45,50,0.46441486270445936,4.058557586766186,2.3048234774636587,1.7608973643536567,0.05223277583718311,-0.4005954163148996,0.3638829411938791,-0.47467637993395323,0.6023484542965888,0.7106978241354228,-0.3400988057255745,0.47003579791635264
45,56,0.3664208391028942,3.374332391210393,2.3048234774636587,1.464030726953404,0.36988596711307753,-0.43748501408845164,-0.21840826794505075,-0.5601930785924194,0.20478034391999234,-0.0678972303867339,-0.24843658227473497,0.5254720440134405
45,59,0.40189419423468964,3.5344458694695917,2.3048234774636587,1.5334995951009098,0.2655474906787277,0.3243407085537911,0.5203200122341516,-0.034577371552586555,0.6142951166257261,0.06606640201061975,-0.6164876027032733,0.2876290110871195
45,61,0.31560739500202095,2.5792718328735935,2.3048234774636587,1.1190756507357134,0.10079905297607195,0.2164694275707009,-0.3263968965038654,-0.25045247282832866,-0.1535866865888239,0.550035464577377,-0.46744425129145384,0.16109430231153954
45,62,0.37987725438372844,3.2962246573947245,2.3048234774636587,1.430141913090044,-0.2631871467456218,-0.5763616813346741,0.4095757398754363,0.22001022193580885,0.029426854103803635,0.4476384520530702,-0.39751092810183764,0.42139734141528595
45,63,0.4147561475659803,4.090273463900482,2.3048234774636587,1.7746580178025697,0.5223696930333971,0.07138399966061149,0.04911836702376604,-0.3992284815758465,0.3886379115283488,0.12481260392814875,-0.8743174811825156,-0.07328614592552185
45,64,0.4348877904246357,2.5142890222006535,2.3048234774636587,1.0908813827979142,0.5142215406522155,-0.4306171657517551,0.3823302043601874,0.3280221279710531,0.5739303054288029,-0.14405792392790295,-0.6764404680579901,-0.04085212852805864
45,66,0.3046681008823004,3.6979025500328455,2.3048234774636587,1.6044189874802037,0.09374945145100344,-0.28540418390184596,0.25784873124212043,-0.03907398413866742,0.1630303543061017,0.41412048786878586,-0.5793855134397745,0.22485931869596232
45,69,0.33524140920785644,2.464982557192649,2.3048234774636587,1.0694886533806212,-0.01161699648946557,0.1610186677426101,0.5567512493580584,0.11236912850290542,-0.022721895948052406,0.7238495433703067,0.04256720468401909,-0.15539390593767177
45,70,0.3979464540647061,2.4944595504853497,2.3048234774636587,1.0822779162378091,-0.14958034548908505,-0.5383077440783379,-0.192810769192874,-0.39372283872216934,-0.09751986991614114,0.3402387853711844,-0.7903055753558874,0.11266059800982475
45,72,0.2970238756149612,2.6854040348349315,2.3048234774636587,1.1651235164395681,0.45728388987481583,-0.24016907159239032,-0.14374767430126667,0.012016964145004971,-0.23478497378528118,0.13802810199558746,-0.5072574270889163,0.2944521745666861
45,79,0.26599142341072035,2.6040456594292243,2.3048234774636587,1.1298243379119188,0.5628864280879499,0.24894790165126335,0.0887486105784775,-0.08473890926688893,-0.17202571593225002,-0.04687203560024489,-0.13111761305481193,-0.35093681514263164
45,80,0.3280200217977411,3.2956211881528725,2.3048234774636587,1.429880084256837,0.6161201819777488,-0.15146681200712886,0.21312935091555163,-0.4226849721744655,0.2743130791932343,0.2888205433264376,-0.20507583860307932,0.18281965609639872
45,81,0.3309793885018793,3.8325093905579197,2.3048234774636587,1.6628212216821923,-0.35693656466901313,0.26373766548931626,-0.16076153796166137,0.1965995095670224,0.13386018760502316,0.0804957076907159,-0.697507563047111,-0.32250120770186186
45,82,0.31470524312754755,2.721138809413733,2.3048234774636587,1.180627859799575,0.00704951211810112,-0.49808823969215144,0.5876713450998072,-0.2894807048141957,-0.3147784164175391,-0.02019232977181673,-0.05017003882676363,-0.11404660250991594
45,84,0.3304779754315535,2.715668781693259,2.3048234774636587,1.1782545640682707,0.3592969663441182,-0.39075100515037753,-0.2688130512833593,-0.011090316809713785,0.54111994151026,0.46450873743742715,0.0839120103046298,0.06277773901820172
45,86,0.2501454185072238,3.2755021640654465,2.3048234774636587,1.4211509888253875,-0.2513569742441173,-0.26277038920670726,0.10676889494061514,0.3557025268673898,-0.05631095729768276,-0.22743587847799052,-0.32368601206690073,0.266005104407668
45,88,0.3671047957840493,3.12932798834026,2.3048234774636587,1.357730003593996,0.4188618147745729,-0.5899847885593769,0.05768749024719033,-0.23757722601294512,0.08279184717684984,0.6934003503993155,0.026133671402931213,0.0805474305525421
45,89,0.32670481446682886,2.6200590040372,2.3048234774636587,1.136772091075904,-0.17156562674790587,0.07328859530389337,0.431814827024937,-0.11437052208930232,0.19257463235408045,-0.13706251606345154,-0.481434715911746,0.5760964630171655
45,93,0.3884415134014806,3.0190808674582934,2.3048234774636587,1.3098967868813272,0.083483329974115,0.3223469220101838,-0.11262804828584172,-0.4512426564469932,0.4354194309562444,-0.17206610552966595,-0.7549769151955843,-0.30120672285556827
45,94,0.2503789047215959,2.3451529694034394,2.3048234774636587,1.0174978658166747,-0.3083861460909251,-0.44732250366359927,0.13281315658241544,0.046533300541341416,0.3774061249569057,0.17865043599158548,-0.11006934940814972,-0.006784122437238804
45,95,0.389272796019538,4.57154634459885,2.3048234774636587,1.9834691850803274,0.5400902507826685,-0.03440103679895362,-0.23716763593256474,-0.3341499716043473,0.018194829113781452,0.3781634606420995,-0.6020127963274717,0.49570436216890806
45,96,0.41188281414076816,3.789758654829725,2.3048234774636587,1.6442728442701227,0.55166395008564,-0.30811887513846126,-0.009800972416996623,-0.5011528423056006,0.49571341183036555,0.31892994791269325,-0.03846811410039663,0.598106295801699
45,97,0.3549457024999494,4.105586961294673,2.3048234774636587,1.7813021263618258,-0.2885727565735575,0.2921546865254643,0.6241206610575323,0.3678407687693835,-0.08251431677490484,-0.012602127157151477,-0.5465247826650739,0.09366334509104479
45,100,0.35132879964488534,2.393780524365726,2.3048234774636587,1.0385960346950127,0.2909350208938122,-0.545389682985842,0.45362917706370387,0.0683245034888389,0.258211527019739,0.3699844982475044,-0.32757421117275953,-0.28991043008863937
45,101,0.33249086379400206,3.1922004548541367,2.3048234774636587,1.3850086508000132,-0.04948473162949074,0.04120544344186805,0.06603976618498586,-0.3084558565169572,0.14900040999054887,0.20245484542101633,-0.8200059467926621,0.21248450130224217
45,102,0.26529992841012423,2.5909438704772207,2.3048234774636587,1.1241398292802982,-0.19081468135118462,-0.16568881738930896,0.3291511237621312,0.2166715990751982,-0.26936472300440084,-0.196845643222332,0.08002094272524118,0.47561899945139874
45,104,0.40141344868325857,2.906501491837711,2.3048234774636587,1.2610516684931414,0.4833118626847865,-0.36962340679019645,0.28055767249315994,-0.31505227647721784,-0.18775701522827148,0.6633211262524129,-0.3951658923178911,-0.3308715680614116
45,105,0.3930120437129636,4.4782530024520675,2.3048234774636587,1.9429917502316307,-0.2399203600361942,-0.017372781410813054,-0.35312739387154535,0.05783113185316324,0.483762890100479,-0.04399581532925356,-0.8871093355119228,0.16381576377898432
45,110,0.3489005167483006,2.4611303006555247,2.3048234774636587,1.0678172644110142,-0.36893751379102513,-0.48116014990955536,-0.08962909411638931,-0.09538250695914025,0.6719265356659888,0.14809133484959613,-0.2590839881449938,-0.22034192271530662
45,111,0.4575298719321214,2.545046780185962,2.3048234774636587,1.104226334498578,0.5967340422794224,0.12169032543897634,0.5482025761157276,-0.22641387023031706,-0.25005947798490524,0.47073502559214847,-0.7666523717343807,0.28302340209484084
45,116,0.41930937297302995,2.498745011150589,2.3048234774636587,1.0841372606549162,0.3293571649119259,-0.27032937761396136,0.15551435668021468,-0.18206597492098803,0.588086332194507,-0.06872285064309835,-0.7941669300198556,0.4317481629550456
45,121,0.25676037762414305,4.4890823300561475,2.3048234774636587,1.9476902999079804,-0.13759448006749153,0.2035994082689287,-0.05891894083470084,-0.1915942654013632,0.36435839440673584,0.40789514966309076,-0.35383547749370337,-0.050073248334229215
45,123,0.26584004462335636,2.9931125219487003,2.3048234774636587,1.2986298305336896,0.2533326670527457,0.08135484531521803,-0.18346285726875,-0.5899378741160035,-0.15493984892964363,-0.1668858043849466,-0.011426816694438444,0.24677574355155218
45,125,0.342163851294752,2.47298892519724,2.3048234774636587,1.072962397935411,0.10518582165241219,-0.05710794590413537,0.4992068102583293,0.1259524933993816,0.6385748423635959,0.349393803626299,-0.14282337855547664,0.3270467668771743
46,48,0.49487835316337536,3.2937643251746254,2.3048234774636587,1.4290744420910038,0.9358753655105825,-0.010905925184488185,0.2504601236432791,0.15625994373112906,0.32151562720537186,0.14277576748281695,0.9335714261978865,0.028191608376801236
46,50,0.5450110043235995,4.206159212929313,2.3048234774636587,1.8249376813698452,0.41676829569041696,-0.1624511256814002,0.12494246847927587,0.054845577105879784,0.7856071190908551,0.8267934387549756,0.5247641447931528,0.7625272301957013
46,55,0.4365902444900842,2.518026648699582,2.3048234774636587,1.0925030369226119,0.8146478272974484,0.4960942147299646,-0.04853777866810549,0.3154242718592286,0.13036343455314647,-0.042090443894267415,0.3062108978629112,0.633046640083194
46,56,0.4988941903559909,3.74737932588945,2.3048234774636587,1.6258856101263126,0.7344214869663114,-0.19934072345495224,-0.457348740659654,-0.030671121552586444,0.38803900871425867,0.04819838423281886,0.6164263682439923,0.8179634762927892
46,59,0.512962430301842,3.702238712375884,2.3048234774636587,1.6063003299714778,0.6300830105319615,0.5624849991872904,0.2813795395195484,0.49494458548724646,0.7975537814199924,0.1821620166301725,0.248375347815454,0.5801204433664682
46,61,0.4512467032545998,3.5519156996159897,2.3048234774636587,1.5410792775873199,0.4653345728293058,0.45461371820420027,-0.5653373692184687,0.27906948421150435,0.02967197820544243,0.6661310791969297,0.39741869922727346,0.45358573459088825
46,62,0.47521885744410886,2.6419843337192224,2.3048234774636587,1.1462848932043126,0.10134837310761202,-0.33821739070117474,0.17063526716083302,0.7495321789756418,0.21268551889806997,0.5637340666726229,0.46735202241688967,0.7138887736946347
46,66,0.3878385159286291,4.137756372531285,2.3048234774636587,1.795259555879167,0.4582849713042373,-0.047259893268346564,0.018908258527517208,0.4904479729011656,0.346289019100368,0.5302161024883386,0.2854774370789528,0.517350750975311
46,67,0.49131177671790793,2.7421987799093404,2.3048234774636587,1.1897652061957436,0.4850450856611128,0.5378579618409275,-0.6010973108932376,0.35971463285386573,0.42451722454279656,0.32472269795834985,0.7935340534895658,0.021669805981219037
46,68,0.41775172435944635,2.5930801483087955,2.3048234774636587,1.1250667019247602,0.6372545706108208,0.06439699791371811,-0.30635665543377427,0.2686963025480509,0.48831460159271955,0.015462671406566764,0.4149985983967781,0.6394728142768147
46,70,0.3013414916243339,3.138813747075263,2.3048234774636587,1.3618456154088503,0.2149551743641488,-0.3001634534448385,-0.4317512419074772,0.13579911831766367,0.08573879487812519,0.45633439999073716,0.07455737516283989,0.40515203028917346
46,72,0.45479723433053676,3.0468174282943767,2.3048234774636587,1.321930923598212,0.8218194097280497,-0.002024780958890915,-0.3826881470158699,0.541538921184838,-0.051526308991014846,0.2541237166151402,0.357605523429811,0.5869436068460347
46,77,0.5743425771809064,2.666040688275248,2.3048234774636587,1.1567222888622648,0.40916946716606584,0.335674068890512,-0.5246757417917252,0.8279984313994647,0.5940150525420904,0.37056035734713044,0.6386549519374967,0.7070667501538994
46,79,0.482762363177572,3.1128420754112036,2.3048234774636587,1.3505772159335727,0.9274219479411837,0.48709219228476275,-0.15019186213612573,0.4447830477729441,0.011232948862016312,0.06922357901930787,0.7337453374639153,-0.058445382863282935
46,80,0.5019770420326417,3.661727393190429,2.3048234774636587,1.5887235742756205,0.9806557018309826,0.08667747862637054,-0.025811121799051595,0.10683698486536752,0.4575717439875006,0.40491615794599034,0.659787111915648,0.4753110883757474
46,81,0.37200105014954615,4.362190864307009,2.3048234774636587,1.8926355562411135,0.007598955184220713,0.5018819561228156,-0.3997020106762646,0.7261214666068554,0.3171188523992895,0.19659132231026866,0.16735538747161627,-0.030009775422513152
46,84,0.6084840973038368,3.0978726461064965,2.3048234774636587,1.3440823891274953,0.723832486197352,-0.15260671451687813,-0.5077535239979625,0.5184316402301192,0.7243786063045263,0.5806043520569799,0.9487749608233571,0.3552691712975504
46,86,0.42541314856786505,2.449643780859749,2.3048234774636587,1.0628335769798118,0.11317854560911655,-0.024626098573207855,-0.13217157777398808,0.8852244839072227,0.12694770749658357,-0.11134026385843776,0.5411769384518266,0.5584965366870167
46,88,0.5606566524254187,3.387311455306859,2.3048234774636587,1.4696619886198068,0.7833973346278067,-0.35184049792587746,-0.1812529824674129,0.2919447310268879,0.2660505119711162,0.8094959650188682,0.8909966219216585,0.3730388628318908
46,90,0.4687519863848548,2.3078973709566144,2.3048234774636587,1.001333678489052,0.29578641708940223,0.04957720823585998,-0.5568316653370857,-0.07484250981360674,0.8097632927820086,0.12632134184241273,0.4814645554870367,0.6698770029470327
46,93,0.36101342464204417,3.6752788852911498,2.3048234774636587,1.594603196829463,0.44801884982734885,0.5604912126436832,-0.35156852100044494,0.07827930059283983,0.6186780957505107,-0.05597049091011319,0.109886035323143,-0.008715290576219559
46,96,0.6157655889423691,4.158980073070022,2.3048234774636587,1.8044679402722712,0.9161994699388738,-0.06997458450496186,-0.24874144513159985,0.028369114734232426,0.6789720766246319,0.435025562532246,0.8263948364183307,0.8905977280810478
46,97,0.434730665548789,3.4431509836247907,2.3048234774636587,1.4938892358966265,0.07596276327967633,0.5302989771589637,0.38518018834292905,0.8973627258092165,0.1007443480193615,0.10349348746240128,0.31833816785365343,0.3861547773703935
46,101,0.30102771484865193,3.8854399211584787,2.3048234774636587,1.6857863342463901,0.3150507882237431,0.27934973407536745,-0.17290070652961737,0.22106610052287579,0.3322590747848152,0.3185504600405691,0.04485700372606516,0.5049759335815909
46,104,0.4490907800313359,3.4728605832985235,2.3048234774636587,1.5067794203138847,0.8478473825380204,-0.13147911615669705,0.04161719977855671,0.21446968056261517,-0.0044983504340051494,0.7794167408719657,0.4696970582008362,-0.038380135782062896
46,107,0.469623177539692,2.9807753179445746,2.3048234774636587,1.293277054442697,0.7041408726945513,0.6069395383819938,-0.217588375322521,0.6893193963915111,0.18632841110229503,0.3957601897418496,0.3872904498130083,0.19061277713626645
46,108,0.6169915815022443,2.4301626348798178,2.3048234774636587,1.0543812394492305,0.60661984141916,0.1292291209101677,-0.4539641756564375,0.7858008500188589,0.24994073063135147,0.7051693042740224,0.7587459422647953,0.8377022892236712
46,111,0.49126531454503536,2.8394546821259925,2.3048234774636587,1.231961887706328,0.9612695621326562,0.35983461607247574,0.3092621034011245,0.30310808680951595,-0.06680081319063891,0.5868306402117012,0.09821057878434658,0.5755148343741896
46,112,0.536581940539151,2.6633293138984766,2.3048234774636587,1.1555458975232826,0.9393007690086956,-0.2831352055072782,-0.5790523402392862,0.7777802050113679,0.5356665970757604,-0.12044207006692897,0.2971538882702589,0.10450293403118849
46,116,0.46595958997365466,2.529370264379508,2.3048234774636587,1.097424722158311,0.6938926847651598,-0.03218508698046196,-0.08342611603438854,0.347455982118845,0.7713449969887733,0.0473727639764544,0.07069602049887169,0.7242395952343943
46,123,0.4594098620286688,3.537622374620961,2.3048234774636587,1.5348777939879088,0.6178681869059796,0.3194991359487174,-0.4224033299833532,-0.060415917076170444,0.028318815864622704,-0.050790189765393845,0.8534361338242888,0.5392671758309009
47,103,0.3114205254870357,2.56876622517027,2.3048234774636587,1.1145175542888286,-0.20097398199141034,-0.1613226160407068,-0.18298276234418154,-0.7618108112365006,0.10063147917389866,-0.17267005611211067,-0.07122951094061136,-0.22492828220129013
47,126,0.5184557771943231,3.184475102379163,2.3048234774636587,1.3816568312136062,-0.8902094643563033,-0.665229360572994,-0.1348106637597083,-0.6963933287188413,-0.28365394100546837,0.03932719025760885,-0.38867290411144495,0.42327030934393406
48,51,0.5112571268081992,3.238289648636614,2.3048234774636587,1.4050054940433823,-0.36636275984346883,0.2618559719994663,-0.7398793762549756,0.5295600146055223,-0.4574283538386227,-0.11806384194642305,-0.8851255495101215,0.23194453492760647
48,52,0.4765832543069722,3.0357087715851483,2.3048234774636587,1.317111180647028,-0.26103350892662985,-0.2626689914613962,-0.5346124302595852,0.6808812953531744,-0.27254226338118315,0.19900385849177826,-0.2578561045229435,0.866105024702847
48,54,0.42605542245447126,3.6401391326195767,2.3048234774636587,1.5793570172347278,-0.7741548940539361,0.1072776336222887,-0.6592188198119402,0.28229473996907495,0.19988863915205002,0.5159589350223541,-0.10416719317436218,0.10040829610079505
48,55,0.3899717626937109,2.6582577809093975,2.3048234774636587,1.153345497779585,-0.12122753821313396,0.5070001399144528,-0.29899790231138457,0.15916432812809955,-0.19115219265222538,-0.18486621137708437,-0.6273605283349752,0.6048550317063928
48,56,0.41074913006291847,2.883596662974385,2.3048234774636587,1.2511138884039992,-0.2014538785442711,-0.18843479827046405,-0.707808864302933,-0.1869310652837155,0.06652338150888681,-0.09457738324999809,-0.31714505795389414,0.789771867915988
48,58,0.3431664760310635,2.4813053019182676,2.3048234774636587,1.0765706468110166,-0.5915322406217453,-0.09192608296871174,-0.5832058573141692,0.21166109293699276,-0.35218939557671536,0.213592441752553,-0.1615144731476903,0.05540332943201065
48,60,0.28436502564224214,3.2940719159176846,2.3048234774636587,1.4292078973191664,-0.44237683992832894,0.05079676397144772,-0.20534574519842863,0.49186728615313796,0.2859344817698002,-0.2698991280049087,-0.059346181340515614,-0.08002389688044798
48,61,0.4932314765359683,3.5810956546584376,2.3048234774636587,1.5537396636549587,-0.4705407926812767,0.46551964338868845,-0.8157974928617477,0.12280954048037529,-0.29184364899992943,0.5233553117141128,-0.536152726970613,0.425394126214087
48,64,0.41286062226423026,4.521923000662322,2.3048234774636587,1.9619389705447068,-0.05711830500513315,-0.18156694993376754,-0.10707039199769489,0.7012841412797571,0.4356733430176973,-0.17073807679116715,-0.7451489437371492,0.22344769537448883
48,65,0.5024883970356243,2.4765912870113573,2.3048234774636587,1.0745253644052257,-0.84212579857558,0.1707836883142591,-0.47707795072346953,-0.17974698543548584,-0.42411021701991547,0.5057332059368491,-0.23709233477711678,0.7279100958257914
48,67,0.40839635068121977,3.1563729715605753,2.3048234774636587,1.3694640836590244,-0.45083027984946966,0.5487638870254157,-0.8515574345365167,0.20345468912273668,0.1030015973374247,0.1819469304755329,-0.14003737270832062,-0.006521802395582199
48,68,0.3715078704295603,2.930805493978607,2.3048234774636587,1.271596511678981,-0.29862079489976173,0.0753029230982063,-0.5568167790770533,0.11243635881692182,0.1667989743873477,-0.1273130960762502,-0.5185728278011084,0.6112812059000134
48,69,0.39888471115455315,4.416973626864866,2.3048234774636587,1.916404301697552,-0.5829568421468142,0.4100688835605977,0.0673506530001761,0.4856311418116094,-0.16097885835915793,0.6971693905070424,-0.026141270995140076,0.1089059179648757
48,70,0.512730541143156,3.664778137785189,2.3048234774636587,1.5900472090895619,-0.7209201911464337,-0.28925752826035034,-0.6822113655507562,-0.02046082541346539,-0.23577683232724667,0.3135586325079202,-0.8590140510350466,0.3769604219123722
48,71,0.45175428137817397,3.610421961076253,2.3048234774636587,1.5664635475899173,-0.19397703092545276,0.31344691943377256,-0.3080496331676841,0.6024228231981398,0.3734338078647852,0.02194367256015539,-0.3665825016796589,0.8744452456012368
48,73,0.42937096379661704,3.9297737448505776,2.3048234774636587,1.7050215703178684,-0.765579532831907,0.6093026408925651,-0.26288900524377823,0.008198686875403038,0.5174118494614959,0.41165289562195534,-0.08402263838797808,0.06405378505587578
48,82,0.2831223634360949,3.012568115374858,2.3048234774636587,1.3070710815086093,-0.5642903335392475,-0.24903802387416385,0.09827074874192492,0.08378130849450827,-0.45303537882864464,-0.046872482635080925,-0.1188785145059228,0.15025322139263153
48,85,0.45208639538697454,3.5955399928554983,2.3048234774636587,1.5600066677610416,-0.6852827910333872,0.2559170955792067,-0.13799064047634613,0.235041338019073,-0.2691227365285157,0.14326202310621738,-0.4928531376644969,0.8305478254333138
48,90,0.49665351945819486,3.2334612677155987,2.3048234774636587,1.4029105913455284,-0.6400889484211802,0.06048313342034817,-0.8072917889803648,-0.2311024535447358,0.4882476655766368,-0.016454425640404224,-0.45210687071084976,0.6416853945702314
48,91,0.4846292675571046,3.8598962509570955,2.3048234774636587,1.6747036329240779,-0.2922838786616921,0.459739285521209,-0.18316626269370329,0.6417997917160394,-0.33998012263327837,0.28504738770425325,-0.9596752654761076,0.13733963295817353
48,92,0.3691671058941346,3.5237644394534606,2.3048234774636587,1.5288652141513175,-0.39761223923414935,-0.07821283116936695,0.017957907170057352,0.5530089987441899,-0.2806154238060117,0.46783817093819385,-0.33174193650484085,0.46070636529475445
48,94,0.4023641951897676,4.48026082960463,2.3048234774636587,1.9438628916323473,-0.8797259917482737,-0.19827228784561168,-0.35658743977546686,0.41979531385004537,0.23914916254580015,0.15197028312832128,-0.17877782508730888,0.25751570146530867
48,98,0.32784914112251523,2.348513359991264,2.3048234774636587,1.0189558475756606,-0.5076547078788282,-0.1578757297247647,-0.624599470756948,0.22375733871012937,-0.17844299878925085,-0.1418928112834693,-0.26207761373370886,0.12802512012422063
48,100,0.28562760589306824,3.742837842860663,2.3048234774636587,1.6239151845934274,-0.28040482476353645,-0.2963394671678544,-0.03577141929417843,0.44158651679754285,0.11995456460863346,0.3433043453842402,-0.3962826868519187,-0.0256106061860919
48,104,0.3163263009727737,3.4490911994421456,2.3048234774636587,1.4964665334100533,-0.08802798297256213,-0.12057319097220887,-0.20884292386472236,0.058209736831486114,-0.326013977639377,0.6366409733891487,-0.4638743679970503,-0.06657174415886413
48,106,0.35742935019053734,2.4487893884295446,2.3048234774636587,1.0624628794237696,-0.6967346025630831,0.03256464563310135,-0.08436142839491362,-0.0901355706155299,0.25526609271764755,0.07859607599675655,-0.054337525740265846,0.6678430959582329
48,107,0.41014264469659695,3.9729835929759814,2.3048234774636587,1.7237691440682685,-0.23173449281603115,0.617845463566482,-0.4680484989658001,0.533059452660382,-0.13518721610307682,0.25298442225903267,-0.5462809763848782,0.16242116875946522
48,108,0.5034708687828728,3.701238641505566,2.3048234774636587,1.6058664265163558,-0.32925552409142245,0.14013504609465588,-0.7044242992997165,0.6295409062877299,-0.07157489657402039,0.5623935367912054,-0.17482548393309116,0.80951068084687
48,109,0.40554971994554506,3.2197539520992535,2.3048234774636587,1.3969633612212373,-0.5523047009482976,0.47481409925967427,-0.31659831386059506,-0.25119219720363595,0.06946611404418945,-0.23128910083323717,-0.6823938749730587,0.3129889601841568
48,112,0.45750598988952523,2.871339247251734,2.3048234774636587,1.245795730270631,0.003425403498113197,-0.27222928032279003,-0.8295124638825653,0.6215202612802389,0.21415096987038845,-0.2632178375497459,-0.6364175379276276,0.07631132565438725
48,113,0.4592291932986387,3.428646219189308,2.3048234774636587,1.4875960144949405,-0.8987619308754803,0.3911460237577556,-0.19170744065195333,-0.009162774309515842,-0.20736959110945452,0.5362010393291712,-0.14398599229753017,0.5816201753914356
48,114,0.5156593561997261,3.6657560396302284,2.3048234774636587,1.5904714940096876,-0.5459547089412806,0.12175125628709804,-0.45393377356231207,0.47347643412649637,-0.24994096904993057,0.41983090061694384,-0.7334772683680058,0.779354527592659
48,115,0.30266900307231365,3.0434911633700277,2.3048234774636587,1.3204877480331967,-0.3863744949921964,0.5208463529124854,-0.0661269249394536,0.09248655568808328,0.3905123993754387,0.08754449710249901,-0.24104571528732777,0.2847955171018839
48,116,0.4538074106125919,4.226986929367018,2.3048234774636587,1.8339742590693335,-0.24198268074542273,-0.021279161795973778,-0.3338862396776676,0.19119603838771593,0.4498293697834015,-0.09540300350636255,-0.8628754056990148,0.6960479868575931
48,117,0.517552133873719,3.4565338104517216,2.3048234774636587,1.4996956791916498,-0.643498688004911,0.628415807150304,-0.7175312852486966,0.3140980433672668,-0.4412112236022948,0.6022712253034115,-0.3548187930136919,0.19256590399891138
48,118,0.3525491473241708,3.2699843388261938,2.3048234774636587,1.4187569550552503,-0.7853779578581456,-0.1331652123481034,0.04065911471843729,-0.160759212449193,-0.022601026110351086,0.2205831399187445,-0.5224313139915466,-0.10088015627115965
48,119,0.3766690488645399,2.34349132674629,2.3048234774636587,1.0167769244199054,-0.12561457883566618,0.2796083195134994,-0.5929916752502322,0.7124477317556741,0.149384212680161,0.05193103291094314,-0.014374708756804466,0.3957735961303115
48,120,0.440997972672041,3.005856010060446,2.3048234774636587,1.3041588822100327,-0.1746058482676744,0.03729911893606186,0.08923366013914362,0.30848959274590027,-0.1021268330514431,0.20379682164639235,-0.9301122808828951,0.7097569331526756
48,123,0.37098547422162825,2.3963109382358065,2.3048234774636587,1.039693912209201,-0.3180071786046029,0.3304050611332056,-0.6728634536266322,-0.2166758608072995,-0.29319681134074915,-0.1935659572482108,-0.08013529237359761,0.5110755674540997
48,125,0.3956563047308609,4.484397448498724,2.3048234774636587,1.9456576576673785,-0.46615402400493644,0.19194226991385221,0.009806213900447003,0.49921450670808554,0.5003178799524903,0.3227136507630348,-0.2115318542346358,0.5913465907797217
48,127,0.313963670092317,2.775584867097702,2.3048234774636587,1.204250518201113,-0.07680968567728982,0.5950806429609656,-0.11577008478343498,0.3975552823394539,-0.0419062115252018,-0.10350866056978691,-0.3066193861886859,0.38810598198324453
49,50,0.4143972397402672,3.910196420352279,2.3048234774636587,1.696527503553223,0.39186935313045945,-0.8006735565140841,0.23884224053472314,-0.4822044521570206,0.32363836187869305,0.3524255203083158,0.06751099415123463,0.23683501407504085
49,57,0.2769339819348871,3.1646291309494856,2.3048234774636587,1.3730462058777706,0.18203003797680084,-0.4404097013175488,0.020674359984695856,0.3091157143935562,-0.18371277209371328,0.2815756015479566,-0.3645083950832485,-0.21109778992831707
49,59,0.3111664512760454,3.8250244398427236,2.3048234774636587,1.6595737058579292,0.605184067972004,-0.07573743164539341,0.3952793115749957,-0.04210544377565395,0.33558502420783043,-0.29220590181648726,-0.20887780282646418,0.0544282272458077
49,63,0.41842675549444225,4.123194388689297,2.3048234774636587,1.7889415085387206,0.8620062703266734,-0.32869414053857304,-0.07592233363538992,-0.4067565537989139,0.10992781911045313,-0.23345969989895826,-0.4667076813057065,-0.30648692976683367
49,66,0.30074833509334664,3.0260325061286895,2.3048234774636587,1.3129129131653434,0.4333860287442798,-0.6854823241010305,0.13280803058296448,-0.04660205636173481,-0.115679738111794,0.05584818404167885,-0.1717757135629654,-0.008341465145349503
49,70,0.4303460053834571,4.367084152029693,2.3048234774636587,1.8947586202286726,0.1900562318041913,-0.9383858842775225,-0.31785146985202994,-0.40125091094523674,-0.3762299623340368,-0.018033518455922604,-0.3826957754790783,-0.12054018583148707
49,77,0.27078653640238254,3.3930552023798524,2.3048234774636587,1.4721540437073894,0.38427052460610833,-0.30254836194217194,-0.41077596973627784,0.29094840213656425,0.1320462953299284,-0.10380756109952932,0.18140180129557848,0.18137453403323894
49,93,0.3814612619847054,3.9854006657406824,2.3048234774636587,1.7291565730345708,0.42311990726739135,-0.07773121818900076,-0.23766874894499768,-0.4587707286700606,0.15670933853834873,-0.5303384093567729,-0.3473671153187752,-0.5344075066968801
49,101,0.25688229014560193,3.0635859549588162,2.3048234774636587,1.329206329644879,0.2901518456637856,-0.3588726967573165,-0.0590009344741701,-0.3159839287400246,-0.12970968242734682,-0.15581745840609068,-0.412396146915853,-0.020716282539069653
49,105,0.326723142657273,3.4830520182097304,2.3048234774636587,1.5112012057611686,0.09971621725708213,-0.4174509216099976,-0.4781680945307013,0.05030305963009585,0.2050527976825833,-0.40226811915636057,-0.4794995356351137,-0.0693850200623275
49,107,0.2948760949490782,4.209852824804055,2.3048234774636587,1.8265402387504246,0.6792419301345938,-0.03128289245069018,-0.10368860326707374,0.15226936712861064,-0.275640346109867,-0.07860772870481014,-0.06996270082890987,-0.3350794389843941
49,108,0.36425738084707754,4.182337309011928,2.3048234774636587,1.8146020074450029,0.5817208988592025,-0.5089933099225162,-0.3400644036009902,0.24875082075595853,-0.21202802658081055,0.23080138582736257,0.3014927916228771,0.31201007310301065
49,114,0.30285056237900854,4.3927559920581585,2.3048234774636587,1.9058969309407432,0.36502171400934436,-0.5273770997300741,-0.08957387786358573,0.09268634859472502,-0.39039409905672073,0.08823874965310102,-0.25715899281203747,0.2818539198487997
49,116,0.41844345642072217,4.570391322105664,2.3048234774636587,1.9829680523452267,0.6689937422052022,-0.6704075178131459,0.030473656021058726,-0.18959404714405542,0.30937623977661133,-0.42699515447020536,-0.3865571301430465,0.19854737911373377
49,122,0.42344552381836364,2.743603380542861,2.3048234774636587,1.190374624074056,0.3160183951258658,-0.9659023778513073,0.07905158400535589,0.2796641755849122,0.1761333206668496,0.18134342879056936,-0.1113853519782424,-0.4907520525157453
50,51,0.6063837300332372,3.579095293522009,2.3048234774636587,1.5528717615548684,0.1527443099766967,0.4134011724963783,-0.6143617210909724,0.6309743812307715,-0.921519845724106,-0.8020815132185817,-0.4763182681053878,-0.5023910868912936
50,52,0.45775438540168223,3.497059307521388,2.3048234774636587,1.5172785862845013,0.25807356089353567,-0.11112379096448421,-0.409094775095582,0.7822956619784237,-0.7366337552666664,-0.48501381278038036,0.15095117688179016,0.13176940288394687
50,54,0.38026710803219244,3.22406093889516,2.3048234774636587,1.3988320452389158,-0.2550478242337706,0.2588228341192007,-0.5337011646479369,0.3837091065943242,-0.2642028527334332,-0.16805873624980452,0.3046400882303715,-0.6339273257181051
50,55,0.49229322714882495,4.366611340933304,2.3048234774636587,1.8945534803986541,0.39787953160703154,0.6585453404113648,-0.17348024714738136,0.2605786947533488,-0.6552436845377086,-0.868883882649243,-0.21855324693024158,-0.12948059011250737
50,58,0.4644905479089509,3.900122095591156,2.3048234774636587,1.692156529003706,-0.07242517080157973,0.05961911752820026,-0.45768820215016603,0.31307545956224203,-0.8162808874621986,-0.47042522951960564,0.24729280825704336,-0.6789322923868895
50,59,0.405362591266924,4.12414048239395,2.3048234774636587,1.7893519927748904,0.21331471484154457,0.7249361248686907,0.15643707104027255,0.4400990083813667,0.01194666232913734,-0.6446314221248031,-0.2763887969776988,-0.18240678682923314
50,60,0.5162590324387626,4.422147105388123,2.3048234774636587,1.9186489328260712,0.07673022989183659,0.20234196446835973,-0.07982809003442543,0.5932816527783873,-0.17815701011568302,-0.9539167992770673,0.34946110006421804,-0.8143595186993481
50,61,0.4498336304820854,4.591188228209759,2.3048234774636587,1.991991262281886,0.048566277138888836,0.6170648438856005,-0.6902798376977445,0.22422390710562456,-0.7559351408854127,-0.16066235955804592,-0.12734544556587934,-0.3089414956048131
50,62,0.3567495722849978,4.281213997891686,2.3048234774636587,1.8575019040516476,-0.31541992258280493,-0.17576626501977455,0.04569279868155715,0.694686601869762,-0.5729216001927852,-0.26305937208235264,-0.05741212237626314,-0.04863845650106674
50,63,0.4356151437549542,3.1933912039886985,2.3048234774636587,1.3855252843496992,0.4701369171962139,0.4719794159755111,-0.31476457417011305,0.07544789835810672,-0.21371054276823992,-0.5858852202072741,-0.5342186754569411,-0.5433219438418745
50,64,0.4955485959526812,3.9316712419755873,2.3048234774636587,1.705844842530931,0.46198876481503237,-0.030021749436855538,0.01844726316630832,0.8026985079050064,-0.02841814886778593,-0.8547557480633258,-0.3363416623324156,-0.5108879264444113
50,65,0.3853865898086165,4.010333458958631,2.3048234774636587,1.7399742315067876,-0.3230187287554145,0.3223288888111711,-0.35156029555946633,-0.07833261881023657,-0.8882017089053987,-0.1782844653353095,0.17171494662761688,-0.006425525993108833
50,68,0.37176213079175024,4.262073611393422,2.3048234774636587,1.8491974127596174,0.2204862749204038,0.2268481235951183,-0.43129912391305014,0.2138507254421711,-0.2972925174981355,-0.8113307673484088,-0.1097655463963747,-0.12305441591888669
50,70,0.4082911528162263,3.9127857061953666,2.3048234774636587,1.6976509240096724,-0.20181312132626816,-0.13771232776343834,-0.5566937103867531,0.08095354121178389,-0.6998683242127299,-0.3704590387642384,-0.4502067696303129,-0.3573751999065279
50,71,0.4059874321797856,3.7751484208164188,2.3048234774636587,1.6379338624972608,0.32513003889471276,0.46499211993068457,-0.18253197800368087,0.703837189823389,-0.09065768402069803,-0.6620739987120032,0.04222477972507477,0.14010962378233668
50,73,0.4034712596132982,4.1073973879559125,2.3048234774636587,1.7820876210771226,-0.24647246301174153,0.7608478413894771,-0.13737135007977502,0.10961305350065231,0.05332035757601265,-0.2723647756502033,0.3247846430167556,-0.6702818367630243
50,76,0.40368805385984774,4.383597174039833,2.3048234774636587,1.9019231697794745,0.14459619484841824,-0.0886309873312714,-0.02570249233394889,-0.09615022409707308,-0.6135776033625004,-0.6549135353416206,-0.3936775242909789,-0.5519711552187802
50,77,0.4371582568438523,3.444195540795995,2.3048234774636587,1.494342440743513,-0.00759882852435112,0.4981251945719122,-0.649618210271001,0.7731528542935849,-0.19159206654876465,-0.45623308140784513,0.11389080714434385,-0.0554604800418019
50,81,0.5817122388697593,4.583375654730225,2.3048234774636587,1.9886015998821729,-0.40916934050619624,0.6643330818042159,-0.5246444791555405,0.6712758895009756,-0.46848826669156557,-0.6302021164447069,-0.35740875732153654,-0.7925370056182145
50,85,0.3796936560316664,4.482255872243454,2.3048234774636587,1.944728486181488,-0.16617572121322166,0.4074622960761187,-0.012472985312342921,0.3364557046443223,-0.733214228413999,-0.5407556481659412,-0.08404585625976324,0.0962122036144137
50,89,0.40726584031970964,4.560278686386619,2.3048234774636587,1.9785804557167104,-0.22379840258508898,0.47388401161879296,0.06793188583105791,0.3603058578446509,-0.4097738219425083,-0.8477603401988744,-0.14133591018617153,0.10606066510081288
50,90,0.36106287490671796,4.374708201526127,2.3048234774636587,1.8980664872176118,-0.12098187860101473,0.21202833391726017,-0.6817741338163615,-0.12968808691948652,0.024156173691153582,-0.7004720969125628,-0.043299589306116104,-0.0926502272486687
50,91,0.5529891867205151,4.087004538057748,2.3048234774636587,1.7732397201000787,0.22682319115847344,0.611284486018121,-0.05764860752970008,0.7432141583412887,-0.8040716145187616,-0.39897028356790537,-0.5508679840713739,-0.5969959888607266
50,92,0.37932964101700706,4.290124920975926,2.3048234774636587,1.8613681103669557,0.12149483058601618,0.07333236932754505,0.14347556233406056,0.6544233653694391,-0.7447069156914949,-0.2161795003339648,0.07706534489989281,-0.2736292565241457
50,93,0.5391324524274342,4.392921425801928,2.3048234774636587,1.9059687081268868,0.031250554136931896,0.7229423383250834,-0.4765109894797208,0.023433723486960045,-0.16692902334034432,-0.8827639296650888,-0.4148781094700098,-0.7712425207719209
50,94,0.36592800963874156,4.5287246507763985,2.3048234774636587,1.9648900208878601,-0.3606189219281082,-0.04672708734869968,-0.23106978461146366,0.5212096804752946,-0.22494232933968306,-0.5320473881438373,0.23002945631742477,-0.47681992035359144
50,98,0.4794673145197988,4.00708208683867,2.3048234774636587,1.7385635498855039,0.011452361941337363,-0.00633052922785271,-0.49908181559294484,0.32517170533537865,-0.6425344906747341,-0.8259104825556279,0.1467296676710248,-0.6063105016946795
50,100,0.3861734418929324,3.460496580236014,2.3048234774636587,1.5014150168429015,0.23870224505662907,-0.14479426667094242,0.08974623586982478,0.5430008834227922,-0.34413692727684975,-0.3407133258879184,0.01252459455281496,-0.759946228004992
50,101,0.36782352756363496,3.0627278186747544,2.3048234774636587,1.3288340077328313,-0.10171750746667385,0.44180085975676764,-0.29784317500889324,0.166220523416996,-0.45334804430603987,-0.5082429787144065,-0.47990714106708765,-0.25755129661411047
50,104,0.43159697587540785,3.785041328782553,2.3048234774636587,1.642226125250945,0.4310790868476034,0.030972009524703137,-0.08332526870071916,0.1596241034567354,-0.7901054695248603,-0.047376697883009966,-0.05506708659231663,-0.8009073659777642
50,107,0.5105559700352879,3.600486609498927,2.3048234774636587,1.562152869711775,0.2873725770041344,0.769390664063394,-0.3425308438017969,0.6344738192856313,-0.5992787079885601,-0.43103324901312595,-0.1374736949801445,-0.5719144530594349
50,108,0.41119933884803367,3.4104092365867436,2.3048234774636587,1.4796834854961327,0.18985154572874308,0.2916802465915679,-0.5789066441357134,0.7309552729129791,-0.5356663884595037,-0.12162413448095326,0.2339817974716425,0.0751750590279698
50,109,0.46074282158192886,4.092407151548134,2.3048234774636587,1.7755837666369227,-0.03319763112813212,0.6263592997565863,-0.19108065869659185,-0.14977783057838667,-0.39462537784129376,-0.9153067721053958,-0.27358659356832504,-0.4213466616347433
50,110,0.4089566093147799,4.008972615727853,2.3048234774636587,1.739383798771229,-0.42117028962820824,-0.08056473359465577,-0.4535120353102684,0.379293872974813,0.06957808136940004,-0.5626064892858267,0.08101481758058071,-0.6903777206316593
50,113,0.3566695052480891,4.406194386878833,2.3048234774636587,1.9117274836716027,-0.37965486105531476,0.5426912242546675,-0.06618978548795013,0.09225159231573343,-0.6714610829949378,-0.14781663194298747,0.2648212891072035,-0.15271544642746446
50,114,0.3874342905578279,3.9776428488251456,2.3048234774636587,1.725790668013474,-0.026847639121115097,0.27329645678401004,-0.32841611839830886,0.5748908007517457,-0.7140324609354138,-0.2641867706552148,-0.3246699869632721,0.04501890577375886
50,115,0.3711936056832594,4.315567704080871,2.3048234774636587,1.872407039531693,0.13273257482796913,0.6723915534093974,0.059390730224549604,0.19390092231333256,-0.07357909251004456,-0.5964731741696596,0.1677615661174059,-0.4495401047170162
50,116,0.36023417468416996,3.944843978395559,2.3048234774636587,1.7115601333324926,0.2771243890747428,0.13026603870093822,-0.2083685845136644,0.2926104050129652,-0.014262122102081734,-0.7794206747785212,-0.4540681242942811,-0.03828763496130708
50,117,0.5326382239982513,3.9789953522891133,2.3048234774636587,1.7263774823518354,-0.12439161818474542,0.779961007647216,-0.5920136300846934,0.4155124099925161,-0.9053027154877781,-0.08174644596874714,0.053988488391041756,-0.5417697178199887
50,118,0.39757256067777597,3.937567771594632,2.3048234774636587,1.7084031857952633,-0.26627088803798005,0.01837998814880859,0.1661767698824405,-0.059344845823943726,-0.4866925179958343,-0.4634345313534141,-0.11362403258681297,-0.8352157780900598
50,119,0.49879964195290344,4.204870125842214,2.3048234774636587,1.8243783816665473,0.39349249098449934,0.4311535200104114,-0.46747402008622896,0.8138620983809234,-0.3147072792053222,-0.6320866383612155,0.3944325726479292,-0.3385620256885886
50,120,0.386015045414843,3.9473064276577614,2.3048234774636587,1.7126285228583196,0.34450122155249113,0.18884431943297386,0.21475131530314684,0.40990395937114954,-0.5662183249369264,-0.4802208496257663,-0.5213049994781614,-0.02457868866622448
50,121,0.36725562156525615,3.147575270453287,2.3048234774636587,1.3656470012692834,-0.18982725590467464,0.6041948245838282,-0.42280188202857993,0.28308211453259,-0.2379900598898529,-0.30280267447233206,-0.013736671768128872,-0.5201090462505819
50,122,0.3955130295628422,3.701253899071907,2.3048234774636587,1.6058730463579576,-0.07585095800459363,-0.16522882133722316,-0.15979065652936725,0.7618686277419329,-0.14750504121184344,-0.17108209151774648,-0.17889634612947702,-0.7275870665907861
50,124,0.46356016332853306,4.248668562429859,2.3048234774636587,1.843381327886031,0.08795285038650025,-0.054293377324938996,-0.24857300985604536,-0.018352816812694073,-0.822984430938959,-0.686853569932282,-0.29466784838587046,-0.6406208062544466
50,125,0.2939114798714158,4.486701001716713,2.3048234774636587,1.9466571065364624,0.05295304581522908,0.3434874704107642,0.1353238690644502,0.6006288733333348,0.036226388067007106,-0.3613040205091238,0.19727542717009786,-0.14298903103917834
50,127,0.5010852697502981,4.399528623850267,2.3048234774636587,1.908835391026008,0.44229738414287567,0.7466258434578776,0.009747570380568227,0.4989696489647032,-0.5059977034106851,-0.7875263318419455,0.10218789521604776,-0.3462296398356556
51,56,0.4545870253802485,2.8886078203351886,2.3048234774636587,1.2532880928104546,0.1649088812991977,-0.45029077026993036,0.03207051195204258,-0.7164910798892378,0.5239517353475095,0.02348645869642496,0.5679804915562273,0.5578273329883815
51,59,0.47034548272528554,3.4417394447123635,2.3048234774636587,1.493276807688467,0.06057040486484788,0.3115349523723124,0.7707987921312449,-0.1908753728494049,0.9334665080532433,0.1574500910937786,0.199929471127689,0.3199843000620605
51,61,0.32046510391130273,2.573293956356284,2.3048234774636587,1.1164820132724713,-0.10417803283780785,0.20366367138922217,-0.07591811660677206,-0.406750474125147,0.16558470483869325,0.6414191536605358,0.34897282253950845,0.19344959128648054
51,62,0.4742713685415969,3.5105160830660824,2.3048234774636587,1.5231171139098372,-0.4681642325595016,-0.5891674375161529,0.6600545197725296,0.06371222063899051,0.3485982455313208,0.539022141136229,0.41890614572912466,0.45375263039022695
51,63,0.3631976459222272,3.6144979051773807,2.3048234774636587,1.5682319884883125,0.31739260721951723,0.05857824347913276,0.29959714692085937,-0.5555264828726648,0.707809302955866,0.2161962930113076,-0.05790040735155333,-0.04093085695058085
51,64,0.43907050532532027,2.6099470110742096,2.3048234774636587,1.1323847733216965,0.3092444548383357,-0.44342292193323385,0.6328089842572807,0.1717241266742348,0.89310169685632,-0.052674234844744094,0.13997660577297222,-0.008496839553117641
51,66,0.35501129168831436,3.3269168817385486,2.3048234774636587,1.443458431532315,-0.11122763436287636,-0.2982099400833247,0.5083275111392138,-0.19537198543548576,0.48220174573361885,0.5055041769519447,0.23703156039118778,0.2572146076709033
51,69,0.5277203506954503,2.778743839620525,2.3048234774636587,1.2056211101591137,-0.21659408230334537,0.14821291156113137,0.8072300292551517,-0.043928872793912915,0.29644949547946475,0.8152332324534655,0.8589842785149814,-0.12303861696273077
51,70,0.35221164827549867,2.486397736966873,2.3048234774636587,1.0787801153878507,-0.35455743130296485,-0.5511135002598166,0.05766801070421934,-0.5500208400189877,0.22165152151137602,0.43162247445434326,0.02611149847507488,0.14501588698476575
51,75,0.4800396637883797,2.364262116442463,2.3048234774636587,1.0257888031599771,0.11280613578856008,-0.022612251341342815,0.8523864103481174,-0.638150744140148,0.36914654914289713,-0.16993449069559574,0.45868948940187704,0.5665034633129836
51,80,0.4559324707117147,2.8994813232107615,2.3048234774636587,1.258005808931404,0.411143096163869,-0.16427256818860758,0.46360813081264496,-0.5789829734712838,0.5934844706207514,0.38020423240959644,0.611341235227883,0.21517494507133972
51,81,0.3003105545352289,3.9799628873093043,2.3048234774636587,1.726797269389607,-0.561913650482893,0.25093190930783754,0.08971724193543196,0.04030150827020407,0.4530315790325403,0.17187939677387476,0.11890951078385126,-0.29014591872692086
51,82,0.4743808838281985,2.7886048565932096,2.3048234774636587,1.2098995362811593,-0.19792757369577868,-0.5108939958736302,0.8381501249969006,-0.445778706111014,0.00439297500997804,0.07119135931134213,0.7662470350041987,-0.08169131353497494
51,84,0.5103660450886823,2.4288679519632628,2.3048234774636587,1.0538195118682618,0.15431988053023837,-0.40355676133185625,-0.018334271386265977,-0.16738831810653212,0.8602913329377772,0.555892426520586,0.9003290841355921,0.09513302799314272
51,86,0.3299582704501466,3.625253567264788,2.3048234774636587,1.5728985767075732,-0.4563340600579971,-0.275576145388186,0.3572476748377085,0.19940452557057145,0.2628604341298344,-0.13605218939483166,0.49273106176406156,0.298360393382609
51,88,0.5195318179670466,3.013692001375438,2.3048234774636587,1.3075587049693944,0.2138847289606931,-0.6027905447408556,0.30816627014428366,-0.39387522730976343,0.401963238604367,0.7847840394824743,0.8425507452338935,0.1129027195274831
51,89,0.4228808736689839,2.667316442384907,2.3048234774636587,1.157275803750556,-0.3765427125617857,0.060482839122414644,0.6822936069220303,-0.2706685233861207,0.5117460237815976,-0.045678826980292686,0.33498235791921627,0.6084517519921065
51,93,0.3792522065213408,2.947482366803319,2.3048234774636587,1.2788321516261514,-0.1214937558397648,0.30954116582870506,0.1378507316112516,-0.6075406577438115,0.7545908223837616,-0.08068241644650709,0.061440158635377995,-0.26885143388062727
51,94,0.4598832024104755,2.8083061031707652,2.3048234774636587,1.218447369453718,-0.5133632319048049,-0.460128259845078,0.38329193647950877,-0.10976470075547692,0.6965775163844228,0.27003412507474434,0.7063477244228126,0.025571166537702195
51,95,0.35608152108590146,4.4832527498406485,2.3048234774636587,1.9451610041625578,0.3351131649687886,-0.047206792980432344,0.013311143964528593,-0.4904479729011656,0.3373662205412986,0.46954714972525835,0.21440427750349056,0.5280596511438491
51,96,0.5644059639040555,3.484774314300769,2.3048234774636587,1.5119484630274533,0.3466868642717602,-0.32092463131994,0.2406778074800967,-0.6574508436024189,0.8148848032578827,0.4103136369958521,0.7779489597305657,0.63046158477664
51,97,0.4003494484257396,4.318005202440046,2.3048234774636587,1.873464603541696,-0.4935498423874373,0.27934893034398556,0.8745994409546256,0.21154276747256512,0.23665707465261232,0.07878156192600738,0.2698922911658884,0.1260186340659858
51,100,0.4574401463803623,2.369814428005601,2.3048234774636587,1.028197799604793,0.08595793507993238,-0.5581954391673207,0.7041079569607972,-0.08797349780797944,0.5773829184472561,0.46136818733066326,0.48884286265820276,-0.25755514111369837
51,101,0.3056188026067932,2.8732310482337575,2.3048234774636587,1.2466165310827197,-0.25446181744337054,0.028399687260389328,0.3165185460820792,-0.46475385781377554,0.468171801418066,0.2938385345041752,-0.0035888729616998516,0.24483979027718317
51,102,0.44768420168327067,2.973819712185267,2.3048234774636587,1.2902592069470782,-0.3957917671650644,-0.17849457357078768,0.5796299036592245,0.06037359777837986,0.04980666842311632,-0.10546195413917314,0.8964380165562035,0.5079742884263397
51,104,0.44459345673887934,2.5251073544755065,2.3048234774636587,1.0955751619010143,0.2783347768709067,-0.3824291629716752,0.5310364523902533,-0.47135027777403615,0.13141437619924567,0.7547048153355718,0.42125118151307117,-0.2985162790864706
51,105,0.3371769736755438,4.461842912640084,2.3048234774636587,1.9358718601522213,-0.444897445850074,-0.030178537592291776,-0.10264861397445202,-0.0984668694436551,0.8029342815279962,0.047387873753905296,-0.07069226168096054,0.19617105275392532
51,110,0.5059864764390495,2.677440397032214,2.3048234774636587,1.1616683113531112,-0.5739145996049049,-0.4939659060910341,0.16084968578070402,-0.25168050825595856,0.991097927093506,0.239475023932755,0.5573330856859685,-0.18798663374036562
51,111,0.41418350367551243,2.54329431272251,2.3048234774636587,1.1034659866972878,0.39175695646554254,0.10888456925749762,0.798681356012821,-0.38271187152713537,0.06911191344261192,0.5621187146753073,0.04976470209658157,0.31537869106978184
51,112,0.3529601537689595,2.341685417199162,2.3048234774636587,1.0159933895571334,0.36978816334158204,-0.5340852523222563,-0.0896330876275897,0.09196024667471653,0.6715793237090111,-0.14515399560332287,0.2487080115824939,-0.15563320927321922
51,116,0.42048687391510375,2.4863440540062447,2.3048234774636587,1.078756823816434,0.1243800790980461,-0.2831351337954401,0.405993136577308,-0.33836397621780634,0.9072577236220242,0.022660838440060505,0.022250143811106682,0.4641034519299866
51,121,0.39406054149291214,4.168221138311942,2.3048234774636587,1.808477386259037,-0.34257156588137133,0.19079365208744997,0.1915598390623925,-0.3478922666981815,0.6835297858342531,0.4992788387462496,0.4625815963372589,-0.017717959359288216
51,123,0.4072763760438344,2.565669570961643,2.3048234774636587,1.113174000546468,0.04835558123886591,0.0685490891337393,0.06701592262834333,-0.7462358754128218,0.16423154249787353,-0.07550211530178774,0.8049902571365238,0.2791310325264932
51,125,0.5329465858043849,2.7153435116626845,2.3048234774636587,1.1781134382797862,-0.09979126416146761,-0.0699137020856141,0.7496855901554227,-0.03034550789743673,0.957746233791113,0.4407774927094579,0.6735936952754856,0.3594020558521153
52,55,0.40286547586050336,2.488532058344028,2.3048234774636587,1.0797061391801386,0.13980597071349588,0.769669131375849,0.23561452794820065,-0.5217169672250749,0.08139007072895776,-0.38387006986886263,-0.36950442381203175,-0.26124999299645424
52,56,0.3540220921259818,2.9342883771057493,2.3048234774636587,1.2731076396075178,0.05957963038235872,0.07423419319093216,-0.17319643404334784,-0.8678123606368899,0.33906564489006996,-0.29358124174177636,-0.05928895343095064,-0.07633315678685904
52,59,0.5006372077352261,3.9954270094546387,2.3048234774636587,1.7335067299172966,-0.0447588460519911,0.836059915833175,0.5655318461358545,-0.342196653597057,0.7485804175958037,-0.1596176093444227,-0.42733997385948896,-0.31417618971318
52,61,0.40955961527219426,2.7230807595921043,2.3048234774636587,1.181470418979208,-0.20950728375464683,0.7281886348500847,-0.28118506260216247,-0.5580717548727991,-0.01930138561874628,0.3243514532223345,-0.2782966224476695,-0.44071089848876
52,62,0.2957211975381392,3.2347967321786175,2.3048234774636587,1.4034900129264334,-0.5734934834763405,-0.06464247405529033,0.4547875737771392,-0.0876090601086616,0.16371215507388126,0.22195444069802772,-0.2083632992580533,-0.1804078593850136
52,63,0.5126331466989411,3.943222940658034,2.3048234774636587,1.710856809302095,0.21206335630267825,0.5831032069399953,0.09433020092546895,-0.706847763620317,0.5229232124984264,-0.10087140742689371,-0.6851698523387313,-0.6750913467258214
52,64,0.4359054685473591,2.8767028628838545,2.3048234774636587,1.2481228567011649,0.2039152039214967,0.08110204152762868,0.4275420382618903,0.020402845926582702,0.7082156063988805,-0.3697419352829454,-0.48729283921420574,-0.6426573293283582
52,66,0.301752384102645,3.093376260995775,2.3048234774636587,1.3421315303503758,-0.21655688527971534,0.22631502337753784,0.30306056514382335,-0.3466932661831379,0.2973156552761793,0.1884364765137434,-0.3902378845959902,-0.3769458821043372
52,67,0.49238188858725473,2.486458577209008,2.3048234774636587,1.0788065123083654,-0.1897967709228398,0.8114328784868119,-0.3169450042769314,-0.47742660623043776,0.37554386071860785,-0.017056928016245365,0.11781873181462288,-0.8726268270984292
52,69,0.4801497942017761,3.281444178087014,2.3048234774636587,1.4237290665305427,-0.32192333322018435,0.6727378750219939,0.6019630832597613,-0.19525015354156502,0.11156340502202522,0.4981655320152642,0.23171483352780342,-0.7571991067379713
52,73,0.6004152841655339,2.573166034862302,2.3048234774636587,1.1164265116276673,-0.5045460239052773,0.8719716323539614,0.271723425015807,-0.6726826084777714,0.789954112842679,0.21264903713017708,0.17383346613496542,-0.8020512396469712
52,75,0.44695101508416324,2.577819261783223,2.3048234774636587,1.118445419785459,0.007476884871721101,0.5019127121195197,0.6471194643527269,-0.7894720248878002,0.1842604586854576,-0.48700219113379706,-0.16857995558530092,-0.06765702646225692
52,77,0.3228832086996297,3.007851251107259,2.3048234774636587,1.3050245628429846,-0.2656723894178868,0.6092489855363964,-0.24052343517541896,-0.009142807684838772,0.5450416887179017,0.02878073137253523,-0.03706036973744631,-0.18722988292574877
52,79,0.4744862318158272,2.587916446791344,2.3048234774636587,1.1228263127722105,0.25258009135723103,0.7606671089306472,0.1339604444801804,-0.3923581913113594,-0.0377404149621724,-0.27255604695528735,0.058030015788972406,-0.9527420159429312
52,80,0.38244767946505576,3.0602648038627303,2.3048234774636587,1.3277653728303724,0.30581384524703004,0.36025239527225494,0.25834118481725454,-0.730304254218936,0.4085983801633119,0.06313653197139513,-0.015928209759294987,-0.4189855447039008
52,81,0.5336170655356834,4.46150533205675,2.3048234774636587,1.9357253931508933,-0.6672429013997319,0.7754568727687001,-0.11554970405995846,-0.11101977247744804,0.2681454885751008,-0.14518830366432656,-0.5083599342033267,-0.9243064085021614
52,82,0.42924519976938263,2.845658274203526,2.3048234774636587,1.2346534569905667,-0.30325682461261766,0.013630967587232368,0.6328831790015101,-0.5970999868586662,-0.1804931154474615,-0.2458763411268592,0.1389775900170207,-0.7158518033102155
52,84,0.36175412281305763,2.409228536554925,2.3048234774636587,1.0452985055524333,0.048990629613399395,0.12096820212900627,-0.2236012173816564,-0.31870959885418426,0.6754052424803376,0.2388247260823847,0.27305963914841413,-0.5390274617820978
52,85,0.3287491178900691,2.4393439205455865,2.3048234774636587,1.0583647487095023,-0.42424928210675733,0.5185860870406029,0.3966217897832391,-0.4458399573341014,0.0034195268526674427,-0.05574183538556088,-0.2349970331415534,-0.035557199269533185
52,86,0.30518667308267505,3.880588881840391,2.3048234774636587,1.6836816006884754,-0.5616633109748361,0.24894881807267655,0.15198072884231806,0.04808324482291934,0.07797434367239486,-0.453119889833033,-0.1345383832231164,-0.33580009639263153
52,88,0.33720803290974627,2.5051107340401377,2.3048234774636587,1.086899174073359,0.10855547804385413,-0.07826558127999306,0.10289932414889325,-0.5451965080574156,0.21707714814692747,0.46771633904427307,0.21528130024671555,-0.5212577702477574
52,89,0.40382231363708476,3.3175298137356513,2.3048234774636587,1.4393856389324984,-0.48187196347862465,0.5850078025832772,0.4770266609266399,-0.42198980413377274,0.3268599333241581,-0.362746527418494,-0.2922870870679617,-0.025708737783134
52,91,0.4587336593207509,2.3574867904073904,2.3048234774636587,1.0228491741162256,-0.03125036973506223,0.7224082769826052,0.35144616756588193,-0.03908150363713503,-0.06743785925209522,0.08604352921247499,-0.7018191609531641,-0.7287653917446735
52,93,0.6068250700051661,3.437753744935506,2.3048234774636587,1.4915475213392826,-0.22682300675660377,0.8340661292895676,-0.0674162143841388,-0.7588619384914637,0.569704731926322,-0.3977501168847084,-0.5658292863518,-0.9030119236558678
52,94,0.3754098963011624,2.932980465150108,2.3048234774636587,1.2725401723075573,-0.6186924828216438,0.06439670361578453,0.17802499048411835,-0.261085981503129,0.5116914259269834,-0.04703357536345698,0.07907827943563461,-0.6085893232375383
52,95,0.34597024707606416,4.281174391547758,2.3048234774636587,1.857484719940016,0.22978391405194964,0.4773181704804302,-0.19195580203086182,-0.6417692536488178,0.15248013008385908,0.15247944928705703,-0.4128651674836874,-0.10610083863139148
52,96,0.3846076006602888,3.4305467813697725,2.3048234774636587,1.4884206165519085,0.24135761335492123,0.20360033214092255,0.03541086148470629,-0.8087721243500711,0.6299987128004432,0.09324593655765079,0.1506795147433877,-0.0036989049986005072
52,100,0.4026177420399743,2.331408142493651,2.3048234774636587,1.011534360565976,-0.0193713158369066,-0.0336704757064582,0.4988410109654068,-0.23929477855563155,0.3924968279898166,0.14430048689246194,-0.1384265823289752,-0.8917156308889389
52,101,0.42682607548182494,3.154785813503873,2.3048234774636587,1.3687754590974381,-0.3597910683602095,0.5529246507212519,0.11125160008668877,-0.6160751385614277,0.2832857109606265,-0.02322916593402613,-0.6308583179488778,-0.38932069949805737
52,102,0.3171022798690098,3.2079459498521006,2.3048234774636587,1.3918401913287877,-0.5011210180819035,0.34603038989007484,0.3743629576638341,-0.09094768296927225,-0.13507942203432322,-0.42252965457737446,0.2691685715690255,-0.12618620134890077
52,104,0.4542414994026442,2.50396526818438,2.3048234774636587,1.0864021877024035,0.1730055259540677,0.14209580048918735,0.32576950639486285,-0.6226715585216883,-0.05347171425819386,0.4376371148973704,-0.2060182634741068,-0.9326767688617111
52,107,0.41871624910041816,2.3087325969869967,2.3048234774636587,1.001696060267331,0.029299016110598708,0.8805144550278782,0.06656393129378513,-0.14782184269279242,0.13735504727810632,0.05398056376725441,-0.28842487186193466,-0.7036838559433818
52,109,0.5400581944705962,2.4080530003673437,2.3048234774636587,1.0447884724852265,-0.2912711920216678,0.7374830907210705,0.21801411639899015,-0.9320734925568104,0.3420083774253726,-0.43029295932501543,-0.4245377704501152,-0.5531160645186902
52,110,0.4954170636242633,2.8772344601256385,2.3048234774636587,1.248353502235186,-0.679243850521744,0.030559057369828446,-0.044417260214686394,-0.4030017890036107,0.8062118366360664,-0.07759267650544632,-0.06993635930120945,-0.8221471235156061
52,111,0.45127150354282064,2.728401032220229,2.3048234774636587,1.1837787400632938,0.28642770554870356,0.6334095327183602,0.5934144100174306,-0.5340331522747875,-0.11577417701482762,0.245051014237106,-0.5775047428905964,-0.3187817987054587
52,115,0.49819194391769706,2.3946052421623913,2.3048234774636587,1.0389538572374892,-0.12534098606556654,0.7835153443738816,0.4684855053201316,-0.5883947396650911,0.6630546627566218,-0.11145936138927925,0.01681038923561573,-0.5813095076009631
52,116,0.40960019624383304,2.7195640568523416,2.3048234774636587,1.1799446176438135,0.019050828181207125,0.24138982966542244,0.2007261905819176,-0.4896852569654585,0.7223716331645846,-0.2944068619981408,-0.6050193011760713,-0.17005703784525394
52,121,0.46038189961893594,4.399077504938715,2.3048234774636587,1.9086396628429334,-0.4479008167982103,0.7153186155483124,-0.013707106932997926,-0.4992135474458337,0.49864369537681347,0.1822111383080483,-0.16468784864991903,-0.6518784491345287
52,123,0.431838120437129,2.957246398548955,2.3048234774636587,1.2830684985052543,-0.05697366967797307,0.5930740525946019,-0.1382510233670471,-0.8975571561604739,-0.020654547959566005,-0.39256981573998906,0.17772081214934587,-0.35502945724874735
52,125,0.39818264557785804,3.1788110563289003,2.3048234774636587,1.3791993562244604,-0.2051205150783066,0.45461126137524843,0.5444186441600323,-0.18166678864508884,0.7728601433336735,0.12370979227125656,0.046324250288307695,-0.2747584339231252
52,127,0.41847089915292657,2.4390942381597505,2.3048234774636587,1.058256418337013,0.18422382324934,0.8577496344223619,0.41884234547615024,-0.2833260130137205,0.23063605185598135,-0.3025125190615652,-0.0487632816657424,-0.4779990427196025
53,103,0.3814628291087951,3.052051613402165,2.3048234774636587,1.3242018936568596,0.5069965980947014,0.034096786752343206,-0.8734474303200842,0.15492028277367365,0.020712933503091294,0.11051978357136247,0.29993017110973597,-0.1280254479497671
53,126,0.431660965239079,3.623642918433324,2.3048234774636587,1.5721997601399649,-0.18223888427019153,-0.46980995777994394,-0.825275331735611,0.22033776529133298,-0.36357248667627573,0.322517029941082,-0.017513222061097622,0.5201731435954571
54,55,0.4877600607304815,2.36761708132624,2.3048234774636587,1.0272444308540638,0.6529273558408022,0.3997225062921641,0.36022091750055557,-0.1231304118409754,-0.3910408318042754,-0.7008251463994385,-0.5231933351606131,0.5044467356055977
54,56,0.44004101189379624,3.44308153958226,2.3048234774636587,1.4938591060219486,0.572701015509665,-0.29571243189275276,-0.04859004449099291,-0.46922580525279045,-0.1333652576431632,-0.6105363182723522,-0.21297786477953196,0.6893635718151929
54,59,0.46916696325519536,3.4668813045140974,2.3048234774636587,1.5041851744452137,0.46836253907531517,0.46611329074949,0.6901382356882095,0.05638990178704245,0.27614951506257057,-0.47657268587499857,-0.5810288852080703,0.45152053888887195
54,61,0.3171265344083475,3.0520664817572305,2.3048234774636587,1.324208344630312,0.30361410137265943,0.35824200976639975,-0.15657867304980755,-0.15948519948869966,-0.49173228815197945,0.007396376691758605,-0.4319855337962508,0.32498583011329196
54,62,0.3877650854795828,2.63764018530652,2.3048234774636587,1.1444000857753798,-0.06037209834903434,-0.43458909913897525,0.5793939633294941,0.31097749527543783,-0.3087187474593519,-0.09500063583254814,-0.3620522106066346,0.5852888692170384
54,63,0.4476757539568501,3.760779141157933,2.3048234774636587,1.63169942424245,0.7251847414299846,0.21315658185631037,0.21893659047782388,-0.3082612082362175,0.05049230996519327,-0.4178264839574696,-0.8388587636873126,0.09060538187623057
54,66,0.3139144862763436,3.1255678214137492,2.3048234774636587,1.3560985697929795,0.2965644998475909,-0.14363160170614708,0.42766695469617827,0.05189328920096159,-0.17511524725705385,-0.12851860001683246,-0.5439267959445715,0.38875084649771474
54,68,0.37318060323569385,2.454960156659922,2.3048234774636587,1.0651402073366076,0.4755340991541744,-0.031974710524082406,0.10240204073488679,-0.16985838115215313,-0.03308966476470232,-0.6432720310986043,-0.4144056346267462,0.5108729097992184
54,70,0.3757174470833862,2.6612358080690233,2.3048234774636587,1.1546375824831403,0.05323470290750243,-0.39653516188263904,-0.02299254573881615,-0.30275556538254034,-0.4356654714792967,-0.20240030251443392,-0.7548468578606844,0.2765521258115772
54,72,0.41553134209153536,3.0027538451247024,2.3048234774636587,1.3028129375135837,0.6600989382714033,-0.09839648939669143,0.026070549152791167,0.10298423748463398,-0.5729305753484367,-0.40461098589003086,-0.4717987095937133,0.4583437023684385
54,75,0.5428277802402245,2.462748319579625,2.3048234774636587,1.068519278660661,0.5205982699990274,0.1319660870358348,0.7717258539050819,-0.39088546950370073,-0.28817044384777557,-0.8039572676643729,-0.32226886693388224,0.698039702139795
54,79,0.42687696551429116,2.955507824033538,2.3048234774636587,1.282314178474928,0.7657014764845373,0.39072048384696223,0.25856683403253533,0.006228364072740078,-0.5101713174954056,-0.5895111234858632,-0.09565889555960891,-0.18704528734087922
54,80,0.37830401520519513,3.5448228467974574,2.3048234774636587,1.538001882338666,0.8189352303743362,-0.009694229811429977,0.38294757436960947,-0.3317176988348365,-0.06383252236992126,-0.25381854455918074,-0.1696171211078763,0.34671118389815114
54,81,0.351735593096524,3.9742568713649336,2.3048234774636587,1.7243215848089164,-0.15412151627242565,0.40551024768501515,0.009056685492396466,0.2875667829066514,-0.20428541395813238,-0.4621433801949024,-0.662048845551908,-0.15860967990010943
54,82,0.43732023849689977,2.6628293495497113,2.3048234774636587,1.1553289766381676,0.2098645605146886,-0.35631565749645255,0.7574895685538651,-0.19851343147456668,-0.6529240179806947,-0.562831417657435,-0.014711321331560612,0.049844925291836484
54,84,0.25176172709741007,3.073633649438391,2.3048234774636587,1.333565750042068,0.5621120147407057,-0.24897842295467865,-0.09899482782930147,0.07987695652991522,0.20297433994710443,-0.07813035044819117,0.11937072779983282,0.22666926681995414
54,86,0.4045844551380274,2.8579158694355886,2.3048234774636587,1.2399716930081692,-0.04854192584752981,-0.12099780701100837,0.276587118394673,0.4466698002070188,-0.3944565588608383,-0.7700749663636088,-0.2882272945716977,0.4298966322094204
54,88,0.3186118635994926,3.492767835221531,2.3048234774636587,1.5154166335832124,0.6216768631711604,-0.448212206363678,0.22750571370124817,-0.1466099526733161,-0.2553537543863057,0.1507612625136972,0.06159238889813423,0.24443895835429452
54,93,0.4311714210214402,3.2407933122594907,2.3048234774636587,1.4060917653554186,0.2862983783707025,0.46411950420588266,0.05719017516821612,-0.3602753831073642,0.09727382939308887,-0.7147051934152843,-0.7195181977003813,-0.13731519505381584
54,96,0.42518973760664974,4.217276033907412,2.3048234774636587,1.8297609665744599,0.7544789984822274,-0.16634629294276237,0.16001725103706121,-0.4101855689659716,0.15756781026720998,-0.22370913997292508,-0.003009396605193615,0.7619978236034515
54,97,0.48078862821831364,3.732642607106034,2.3048234774636587,1.6194917500639217,-0.08575770817697004,0.43392726872116316,0.7939388845115901,0.4588080421090125,-0.4206599183380604,-0.5552412150427698,-0.5110660651698709,0.2575548728927972
54,101,0.3654784384190532,2.916827793937369,2.3048234774636587,1.2655319691324864,0.15333031676709674,0.18297802563756693,0.2358579896390437,-0.21748858317732822,-0.18914519157260667,-0.340184242464602,-0.7845472292974591,0.3763760291039946
54,102,0.4586043786297843,2.353340761954472,2.3048234774636587,1.0210503255304413,0.01200036704540286,-0.02391623519361008,0.498969347216189,0.30763887241482724,-0.6075103245675564,-0.7394847311079503,0.1154796602204442,0.6395105272531512
54,104,0.3911757876671888,2.8497097927933788,2.3048234774636587,1.236411300326279,0.6861269110813739,-0.22785082459449757,0.4503758959472178,-0.22408500313758883,-0.525902616791427,0.12068203836679454,-0.3597071748226881,-0.16698004025965918
54,111,0.5394584814502429,3.024675883083726,2.3048234774636587,1.3123243114532261,0.7995490906760099,0.2634629076346752,0.7180207995697856,-0.13544659689068805,-0.5882050795480608,-0.07190406229346985,-0.7311936542391777,0.44691492989659326
54,112,0.4722183614151657,2.73397221651988,2.3048234774636587,1.186195924873378,0.7775802975520493,-0.37950691394507874,-0.1702936440706252,0.3392255213111639,0.014262330718338434,-0.7791767725721,-0.5322503447532654,-0.024096970446407795
54,116,0.47176966798691317,2.397133761318936,2.3048234774636587,1.0400509126871877,0.5321722133085134,-0.12855679541826248,0.3253325801342725,-0.09109870158135902,0.24994073063135147,-0.6113619385287167,-0.7587082125246526,0.595639690756798
54,123,0.4217224202518269,3.310053846477463,2.3048234774636587,1.4361420207850406,0.4561477154493332,0.2231274275109169,-0.013644633814692164,-0.49897060077637445,-0.49308545049279917,-0.7095248922705649,0.024031900800764575,0.4106672713533046
54,124,0.41821687207988567,2.347549821266532,2.3048234774636587,1.0185377944214156,0.34300067462027084,-0.3131162114441397,0.2851281547918916,-0.4020619234070183,-0.5587815782055258,-0.5187948336824775,-0.5993079366162419,-0.006693480536341556
55,56,0.35034823591996717,2.3568386607904306,2.3048234774636587,1.0225679683652007,-0.08022634033113715,-0.6954349381849169,-0.4088109619915485,-0.34609539341181506,0.2576755741611122,0.09028882812708627,0.3102154703810811,0.1849168362095952
55,59,0.2917882678085108,3.6890126770782747,2.3048234774636587,1.600561914241626,-0.18456481676548697,0.06639078445732588,0.3299173181876539,0.17952031362801785,0.667190346866846,0.22425246052443992,-0.05783555004745722,-0.05292619671672577
55,60,0.42679944295587713,2.4343072975891147,2.3048234774636587,1.0561794954761337,-0.32114930171519496,-0.4562033759430051,0.09365215711295594,0.3327029580250384,0.47708667442202557,-0.0850329166278243,0.5680143469944596,-0.6848789285868407
55,61,0.3435814029269409,2.465762868542376,2.3048234774636587,1.0698272091777818,-0.3493132544681427,-0.04148049652576433,-0.5167995905503631,-0.03635478764772426,-0.10069145634770404,0.7082215230911971,0.09120780136436224,-0.17946090549230576
55,63,0.2828894956111954,3.3797880056531904,2.3048234774636587,1.466397769156914,0.07225738558918239,-0.18656592443585374,-0.1412843270227317,-0.1851307963952421,0.4415331417694687,0.2829986624419689,-0.31566542852669954,-0.41384135372936715
55,64,0.4125257894054748,3.381139828839145,2.3048234774636587,1.466984288341213,0.06410923320800081,-0.6885670898482203,0.19192751031368968,0.5421198131516576,0.6268255356699227,0.014128134585917218,-0.117788415402174,-0.38140733633190393
55,66,0.3250739323440665,4.153274180158671,2.3048234774636587,1.8019923090722498,-0.3563628559932112,-0.5433541079983112,0.0674460371956227,0.17502370104193699,0.21592558454722155,0.572306546382606,-0.020733460783958435,-0.11569588910788298
55,69,0.48084675507063357,3.572381687170462,2.3048234774636587,1.5499589109972478,-0.4617293039336802,-0.09693125635385513,0.3663485553115607,0.3264668136835098,0.030173334293067455,0.8820356018841269,0.6012192573398352,-0.49594911374151707
55,70,0.43714890162313913,2.846811812181119,2.3048234774636587,1.2351539456348697,-0.5996926529332998,-0.7962576681748031,-0.3832134632393717,-0.17962515354156494,-0.04462463967502128,0.4984248438850046,-0.23165352270007133,-0.22789460979402054
55,73,0.4867404171866304,2.49499817786143,2.3048234774636587,1.0825116119552238,-0.644351994618773,0.10230250097811235,0.03610889706760634,-0.15096564125269651,0.7085640421137213,0.5965191069990396,0.5433378899469972,-0.540801246650517
55,77,0.38419371498881155,2.875952130224345,2.3048234774636587,1.2477971342903815,-0.40547836013138266,-0.16042014583945263,-0.4761379631236196,0.5125741595402361,0.46365161798894394,0.41265080124139786,0.33244405407458544,0.07402011007070547
55,81,0.43216332532791085,4.438482312023027,2.3048234774636587,1.9257363331387751,-0.8070488721132278,0.005787741392851042,-0.3511642320081591,0.4106971947476268,0.18675541784614302,0.23868176620453607,-0.13885551039129496,-0.6630564155057072
55,82,0.43073268438326096,3.2560305595046084,2.3048234774636587,1.4127027910561312,-0.44306279532611353,-0.7560381637886167,0.3972686510533095,-0.07538301963359129,-0.26188318617641926,0.13799372874200344,0.5084820138290524,-0.45460181031376123
55,85,0.27286871881069535,2.7003927648427477,2.3048234774636587,1.1716267172939392,-0.5640552528202532,-0.2510830443352461,0.16100726183503844,0.07587700989097346,-0.07797054387629032,0.32812823448330175,0.13450739067047834,0.22569279372692108
55,88,0.48622567631886565,2.714863196069497,2.3048234774636587,1.1779050424534316,-0.03125049266964175,-0.8479347126558421,-0.1327152037993074,-0.023479540832340717,0.1356870774179697,0.8515864089131356,0.5847857240587473,-0.2600077772513032
55,89,0.27634951662472024,3.6387430231405586,2.3048234774636587,1.5787512834366,-0.6216779341921206,-0.18466132879257185,0.24141213297843928,0.09972716309130208,0.24546986259520032,0.021123542450368626,0.07721733674407005,0.23554125521332026
55,91,0.3259256232921105,2.5440285325798055,2.3048234774636587,1.1037845446538839,-0.1710563404485581,-0.04726085439324382,0.11583163961768128,0.48263546358793985,-0.148827929981053,0.4699135990813376,-0.33231473714113235,-0.46751539874821924
55,92,0.3899732690367845,3.005916575450292,2.3048234774636587,1.304185159879641,-0.27638470102101537,-0.5852129710838198,0.3169558094814419,0.3938446706160903,-0.0894632311537863,0.6527043823152783,0.2956185918301344,-0.14414866641163832
55,93,0.3492267959358415,3.046182638492826,2.3048234774636587,1.3216555056290018,-0.36662897747009965,0.06439699791371853,-0.30303074233233945,-0.23714497126638878,0.4883146611973643,-0.013880047015845776,-0.19632486253976822,-0.6417619306594136
55,94,0.46963593602102444,3.7992091131510968,2.3048234774636587,1.6483731401989767,-0.7584984535351398,-0.7052724277600645,-0.0575895374640823,0.2606309857219458,0.43030135519802554,0.33683649450540565,0.44858270324766636,-0.3473393302410841
55,95,0.2760140554862397,4.454384954544207,2.3048234774636587,1.9326360556887558,0.08997794333845378,-0.29235096089541884,-0.42757032997906247,-0.12005228642374288,0.07109005935490131,0.5363495191559197,-0.043360743671655655,0.15514915436506277
55,96,0.4060116703205303,2.7067686815836534,2.3048234774636587,1.174393053546259,0.10155164264142534,-0.5660687992349265,-0.20020366646349436,-0.2870551571249962,0.5486086420714854,0.4771160064265134,0.5201839385554194,0.25755108799785376
55,100,0.4536487969379137,2.998355748099688,2.3048234774636587,1.3009047232542192,-0.15917728655040247,-0.8033396070823072,0.26322648301720614,0.2824221886694433,0.31110675726085885,0.5281705567613246,0.23107784148305655,-0.6304656378924847
55,101,0.26843915713096833,3.2775264734569234,2.3048234774636587,1.42202928141971,-0.4995970390737054,-0.21674448065459717,-0.12436292786151187,-0.09435817133635283,0.20189564023166873,0.3606409039348365,-0.26135389413684607,-0.12807070650160313
55,102,0.398366903571797,4.003272988496547,2.3048234774636587,1.7369108860787663,-0.6409269887953992,-0.4236387414857742,0.13874842971563345,0.43076928425580263,-0.21646949276328098,-0.03865958470851183,0.6386729953810573,0.13506379164755347
55,104,0.44495416075623023,2.410906641427136,2.3048234774636587,1.0460265894550052,0.03319955524057183,-0.6275733308866617,0.0901549784466622,-0.10095459129661344,-0.13486178498715162,0.8215071847662331,0.16348616033792496,-0.6714267758652569
55,106,0.3977343955017673,2.362653180619162,2.3048234774636587,1.0250907298198568,-0.5755070643499491,-0.47443549428135146,0.21463647391647095,-0.24929989874362946,0.44641828536987294,0.2634622873738409,0.5730230025947094,0.06298806425184006
55,110,0.5400412550678522,3.759124314962251,2.3048234774636587,1.6309814403222656,-0.8190498212352397,-0.7391100740060206,-0.28003178816288704,0.11871517822146416,0.7248217659071087,0.3062773933634163,0.2995680645108223,-0.5608971305191519
55,112,0.4426914365143722,2.3704976305008576,2.3048234774636587,1.0284942225204465,0.12465294171124716,-0.7792294202372428,-0.5305145615711808,0.4623559331521393,0.40530316252261384,-0.07835162617266156,-0.00905700959265232,-0.5285437060520055
55,113,0.42015160199512824,2.3845228360964055,2.3048234774636587,1.03457937643036,-0.7775343926623464,-0.11585411615669722,0.10729046165943124,-0.1683271024376154,-0.016217398457229137,0.7210672507062555,0.48337453603744507,-0.023234856314957086
55,114,0.3283353183356055,2.6847562586556313,2.3048234774636587,1.164842464035497,-0.42472717072814664,-0.38524888362735477,-0.1549358712509275,0.3143121059983968,-0.05878877639770519,0.6046971119940282,-0.10611674003303051,0.17449949588626623
55,116,0.3119592307265353,2.711487615663728,2.3048234774636587,1.1764404702470241,-0.12075514253228875,-0.5282793017104266,-0.03488833736628305,0.032031710259616375,0.6409815624356269,0.08946320787072182,-0.23551487736403953,0.0911929551512003
55,118,0.47043814510603704,2.6378057359800744,2.3048234774636587,1.1444719136941652,-0.6641504196450116,-0.6401653522625562,0.3396570170298219,-0.31992354057729255,0.1685511665418743,0.4054493512958289,0.10492921434342861,-0.7057351879775524
55,125,0.40897646480728533,3.6110981067406764,2.3048234774636587,1.5667569087392788,-0.34492648579180246,-0.3150578700006006,0.30880411621183157,0.340050178579986,0.6914700726047157,0.5075798621401192,0.4158286741003394,-0.013508440926670973
56,58,0.3823747733923777,2.9517948250280397,2.3048234774636587,1.2807032095474575,-0.39007836207747415,0.09650871530175231,0.12460300698876381,0.39859215822070826,-0.4187127770856022,0.3081698250025511,0.15563058480620384,-0.7343685384839773
56,60,0.4650800845030528,3.7530908017782054,2.3048234774636587,1.6283636636278505,-0.2409229613840578,0.23923156224191178,0.5024631191045044,0.6787983514368534,0.21941110026091337,-0.17532174475491058,0.2577988766133785,-0.8697957647964359
56,61,0.4029063488702832,2.911442561003403,2.3048234774636587,1.2631954635446954,-0.2690869141370056,0.6539544416591525,-0.10798862855881464,0.3097406057640908,-0.35836703050881624,0.6179326949641109,-0.21900766901671886,-0.36437774170190096
56,63,0.3874367717415415,3.2957867732651307,2.3048234774636587,1.4299519271176362,0.15248372592031956,0.5088690137490631,0.2675266349688168,0.16096459701657295,0.18385756760835648,0.19270983431488264,-0.6258808989077806,-0.5987581899389623
56,64,0.4765337645934544,4.0721483584718,2.3048234774636587,1.7667940292559814,0.14433557353913795,0.006867848336696514,0.6007384723052381,0.8882152065634726,0.36914996150881046,-0.07616069354116906,-0.4280038857832551,-0.5663241725414991
56,65,0.3879620220676634,2.916575211007353,2.3048234774636587,1.2654223802930435,-0.6406719200313089,0.35921848658472316,0.23073091357946351,0.007184079848229663,-0.4906335985288023,0.6003105891868472,0.08005272317677736,-0.06186177209019668
56,66,0.35912134823733455,4.517674238386751,2.3048234774636587,1.9600955485572467,-0.2761365156620741,0.15208083018660568,0.4762569991871712,0.521119094453752,-0.04174998961389065,0.48201771825551976,-0.33094893116503954,-0.3006127253174782
56,67,0.4361711644641821,2.56460931223766,2.3048234774636587,1.1127139832243824,-0.24937640130519853,0.7371986852958797,-0.14374857023358356,0.3903857544064522,0.036478215828537885,0.276524313725531,0.17710768524557352,-0.7962936703115702
56,70,0.3588826005420201,2.6200241541790934,2.3048234774636587,1.1367569706736487,-0.5194663126021626,-0.10082272998988628,0.02559749875217676,0.16647023987025011,-0.3023002138361335,0.4081360157579183,-0.5418689930811524,-0.41281144600361575
56,71,0.3795083948246698,3.6235888282973505,2.3048234774636587,1.5721762919062792,0.007476847618818366,0.5018817177042366,0.39975923113524897,0.7893538884818553,0.3069104263558984,0.11652105581015348,-0.04943744372576475,0.08467337768524882
56,73,0.5281139059076873,4.050794846774424,2.3048234774636587,1.7575293233441538,-0.564125654287636,0.7977374391630292,0.4449198590591548,0.19512975215911854,0.45088846795260906,0.5062302788719535,0.23312241956591606,-0.7257180828601122
56,75,0.3424315808921182,3.3517422995044925,2.3048234774636587,1.4542295027265666,-0.05210274551063762,0.42767851892858755,0.8203158983960748,0.07834033574908972,-0.15480518620461237,-0.1934209493920207,-0.10929100215435028,0.008676130324602113
56,76,0.35513828435236894,2.683213796319943,2.3048234774636587,1.1641732317273528,-0.17305699642747616,-0.05174138955771934,0.556588716804981,-0.01063352543860685,-0.216009492985904,0.12368151918053616,-0.48533974774181843,-0.607407401315868
56,77,0.40202792141892535,3.9172200146831884,2.3048234774636587,1.699574849434409,-0.32525201980024554,0.5350147923454642,-0.06732700113207113,0.8586695529520512,0.20597604382783175,0.3223619731143116,0.022228583693504333,-0.11089672613888975
56,79,0.4681242403737551,2.446714710507876,2.3048234774636587,1.0615627332989344,0.19300046097487233,0.686432915739715,0.30715687852352824,0.47545416932553053,-0.37680605985224236,0.02102519478648901,0.11731896921992305,-0.8764088591560721
56,82,0.4442526533964241,4.003162362885497,2.3048234774636587,1.7368628886455002,-0.3628364549949764,-0.060603225603699795,0.806079613044858,0.27071237377822377,-0.5195587603375315,0.04770490061491717,0.19826654344797134,-0.6395186465233564
56,85,0.37683790401821055,4.1911431849020655,2.3048234774636587,1.8184226366499034,-0.4838289124891161,0.4443518938496708,0.569818223826587,0.4219724033027885,-0.3356461180374025,0.23783940635621548,-0.17570807971060276,0.04077595751732585
56,88,0.36636160528422346,2.4281242636081695,2.3048234774636587,1.0534968457889005,0.0489758476614954,-0.15249977447092522,0.2760957581922411,0.32261585257947434,-0.1219884967431425,0.7612975807860494,0.2745702536776662,-0.4449246134608984
56,91,0.5632824978396573,3.938950758333152,2.3048234774636587,1.7090032259944556,-0.09083000011742096,0.6481740837916731,0.5246426016092298,0.8287308569997549,-0.4065035041421652,0.37962477095425134,-0.6425302075222135,-0.6524322349578144
56,92,0.456917589540935,4.056834166481414,2.3048234774636587,1.760149619330394,-0.19615836068987821,0.1102219671010971,0.7257667714729904,0.7399400640279054,-0.3471388053148985,0.5624155541881919,-0.014596878550946712,-0.3290655026212335
56,93,0.45913738773343477,3.886765672205415,2.3048234774636587,1.6863615414411708,-0.2864026371389625,0.7598319360986354,0.10578021965920903,0.10895042214542627,0.23063908703625208,-0.10416887514293205,-0.5065403329208493,-0.8266787668690088
56,95,0.27444948065946356,4.082513817202831,2.3048234774636587,1.7712913188889547,0.17020428366959095,0.403083977289498,-0.018759367987513986,0.22604310698807217,-0.18658551480621088,0.4460606910288334,-0.35357621405273676,-0.029767681844532448
56,98,0.3109401131522636,2.6376315890908946,2.3048234774636587,1.1443963561120414,-0.30620082933455706,0.03055906854569934,0.083209393545985,0.4106884039938449,-0.24496638029813766,-0.04731542803347122,0.05506744422018528,-0.6617467477917673
56,100,0.4650607475020759,3.5074949272215434,2.3048234774636587,1.5218063168470342,-0.07895094621926532,-0.10790466889739037,0.6720374450087546,0.6285175820812583,0.05343118309974665,0.4378817286342383,-0.07913762889802456,-0.8153824741020799
56,101,0.36231081899104317,3.528449970706263,2.3048234774636587,1.5308981382770117,-0.41937069874256827,0.4786904575303197,0.2844480341300366,0.25173722207546223,-0.05577993392944347,0.2703520758077502,-0.5715693645179272,-0.31298754271119833
56,106,0.3243738401443408,3.5676539699171945,2.3048234774636587,1.5479076835173584,-0.49528072401881196,0.2209994439035654,0.6234474359080194,0.0967954946681856,0.18874271120876074,0.17317345924675465,0.2628075322136283,-0.12192877195775516
56,107,0.4788573244753592,3.249866840276057,2.3048234774636587,1.4100285215127932,-0.030280614271760015,0.806280261836946,0.23976036533713296,0.7199905179440975,-0.20171059761196364,0.34756180550903076,-0.22913591843098402,-0.6273506991565228
56,108,0.39721778424236864,2.6778762820103763,2.3048234774636587,1.1618574299482767,-0.12780164554715132,0.32856984436511993,0.0033845650032164887,0.8164719715714454,-0.1380982780829072,0.6569709200412035,0.14231957402080297,0.01973881293088195
56,109,0.37074215776399183,2.724456738335804,2.3048234774636587,1.182067418600721,-0.35085082240402654,0.6632488975301383,0.391210550442338,-0.06426113191992044,0.002942732535302639,-0.13671171758323908,-0.36524881701916456,-0.4767829077318312
56,110,0.44744120584907093,4.382312561755171,2.3048234774636587,1.901365811570821,-0.7388234809041027,-0.04367513582110372,0.12877917382866144,0.4648105716332792,0.4671461917459965,0.21598856523633003,-0.010647405870258808,-0.7458139667287471
56,111,0.4857430873020141,2.8766827519352494,2.3048234774636587,1.2481141311094648,0.22684807516634484,0.5591753395274279,0.7666108440607784,0.3337792083621024,-0.4548398219048976,0.5386322559788823,-0.5182157894596457,-0.24244864191859966
56,113,0.4563886312453872,3.8161249039010148,2.3048234774636587,1.6557124401129697,-0.6973080523312092,0.5795808220282197,0.5161014236509798,0.17776829097419966,-0.27389297261834133,0.6307784225791693,0.17315906565636396,-0.2081516925245523
56,114,0.39586826022922095,3.4695178391322874,2.3048234774636587,1.505329094855592,-0.3445008303970095,0.3101860545575621,0.253875090740621,0.6604074994102118,-0.3164643505588174,0.5144082838669419,-0.4163322104141116,-0.010417340323328986
56,115,0.4222017870436453,3.595807702068651,2.3048234774636587,1.5601228194818872,-0.18492061644792526,0.7092811511829494,0.6416819393634794,0.2794176209717988,0.3239890178665519,0.1821218803524971,0.07609934266656637,-0.5049763508141041
56,116,0.3094171470234829,3.296657285452121,2.3048234774636587,1.430329618596182,-0.0405288022011516,0.16715563647449028,0.37392262462526543,0.37812710367143143,0.3833059882745147,-0.0008256202563644566,-0.5457303477451206,-0.09372388105839492
56,117,0.5262176242361286,3.4420032808467935,2.3048234774636587,1.493391278986165,-0.44204480946063984,0.816850605420768,-0.009722420945763588,0.5010291086509824,-0.5077346051111816,0.6968486085534096,-0.037673735059797764,-0.5972059639170766
56,118,0.4805705111552059,3.52670456221463,2.3048234774636587,1.5301408531709288,-0.5839240793138745,0.05526958592236064,0.7484679790213703,0.026171852834522502,-0.0891244076192379,0.3151605231687426,-0.2052862560376525,-0.8906520241871476
56,119,0.40652741648359597,2.809820401714875,2.3048234774636587,1.2191043822613867,0.07583929970860495,0.46804311778396346,0.11481718905270089,0.8993787970393896,0.08286083117127419,0.14650841616094123,0.30277034919708967,-0.3939982717856765
56,120,0.42308336936529106,3.008751910525515,2.3048234774636587,1.3054153343823511,0.02684803027659674,0.2257339172065259,0.7970425244420767,0.49542065802961577,-0.16865021456032991,0.29837420489639044,-0.612967222929001,-0.08001493476331233
56,124,0.3521515746155727,2.481804454261972,2.3048234774636587,1.0767872153892981,-0.22970034088939414,-0.017403779551386944,0.3337181992828845,0.06716388184577216,-0.42541632056236256,0.09174148458987474,-0.38633007183671,-0.6960570523515345
56,127,0.4322687021004265,3.1407825793606747,2.3048234774636587,1.3626998380010198,0.1246441928669813,0.7835154412314298,0.5920387795194981,0.5844863476231694,-0.10842959303408861,-0.008931277319788822,0.010525671765208244,-0.40166588593274344
57,81,0.2913831440720839,4.3536752309584426,2.3048234774636587,1.8889408553532443,-0.19933002535253763,0.30406922660768054,-0.3064765986055132,-0.12004427704960119,0.03886286728084076,-0.5593521976843476,0.07461063191294659,-0.3446042016148566
57,101,0.2846497195071197,3.934913648664862,2.3048234774636587,1.7072516342965385,0.10812180768698476,0.08153700456023233,-0.07967529445886595,-0.6250996431335808,0.054003089666366466,-0.43739305995404726,-0.04788775183260452,0.19038150738924742
57,121,0.288663104503118,3.3777761608133803,2.3048234774636587,1.4655248845913578,0.02001205924898397,0.24393096938729297,-0.20463400147855265,-0.5082380520179868,0.26936107408255344,-0.23195275571197282,0.41828271746635426,-0.07217624224722397
57,122,0.26930099489916515,3.2153644896163582,2.3048234774636587,1.3950588932540309,0.13398835714906498,-0.5254926765337584,0.058377224020660035,-0.029451538808643977,0.3598460927605629,-0.1002321727573872,0.2531230431050061,-0.2796542625874282
57,126,0.36648431449705293,3.7893584806048004,2.3048234774636587,1.6440992195961128,-0.12463098485022783,-0.27838866692036385,-0.4059870531782505,-0.6616347590461377,0.07913084607571363,0.07582270912826056,0.04226401634514321,0.6042100852355361
58,59,0.5189734469045079,4.154778012336604,2.3048234774636587,1.8026447808092994,0.2857398856431243,0.6653170073404904,0.6141252731904385,0.12702354881912464,0.828227549791336,-0.17420619260519743,-0.5236816052347422,0.49652550555765634
58,61,0.309075191352599,2.5644233826114418,2.3048234774636587,1.1126333134342503,0.12099144794046857,0.5574457263574002,-0.23259163554757845,-0.08885155245661747,0.06034574657678593,0.3097628699615598,-0.3746382538229227,0.36999079678207636
58,62,0.37178824273384264,3.6392766156407035,2.3048234774636587,1.5789827946587662,-0.2429947517812252,-0.2353853825479748,0.5033810008317232,0.38161114230752,0.24335928726941347,0.207365857437253,-0.3047049306333065,0.6302938358858228
58,63,0.4397273376636954,4.030865972675967,2.3048234774636587,1.748882728803045,0.5425620879977937,0.4123602984473108,0.14292362798005298,-0.2376275612041353,0.6025703446939586,-0.11545999068766843,-0.7815114837139845,0.13561034854501497
58,64,0.48700297701180684,3.1920496001511958,2.3048234774636587,1.3849431990617713,0.5344139356166121,-0.0896408669650558,0.4761354653164743,0.4896230483427644,0.7878627385944127,-0.38433051854372013,-0.5836344705894589,0.16804436594247818
58,66,0.30658851670327986,3.6343114352918326,2.3048234774636587,1.5768285384229113,0.11394184641540006,0.05557211488485336,0.3516539921984074,0.12252693623304378,0.3769627874717115,0.17384789325296868,-0.4865795159712434,0.43375581316649914
58,69,0.3608934071202649,3.199036417426197,2.3048234774636587,1.387974588382176,0.00857539847493105,0.5019949665293094,0.6505565103143454,0.2739700488746166,0.19121053721755743,0.4835769487544895,0.13537320215255022,0.05350258853286505
58,73,0.42830014345817513,2.5390091078072055,2.3048234774636587,1.101606753243097,-0.1740472922101618,0.7012287238612769,0.320316852070391,-0.20346240606158972,0.8696012450382112,0.19806045386940235,0.07749183475971222,0.008650455623865128
58,77,0.394009693115115,3.14558275607814,2.3048234774636587,1.3647825036647467,0.06482634227722861,0.4385060770437119,-0.19193000812083494,0.4600773947313429,0.6246888209134339,0.014192148111760505,-0.1334020011126995,0.6234718123450875
58,80,0.35531111767203105,2.636026872761399,2.3048234774636587,1.143700113495118,0.6363125769421454,0.18950948677957047,0.30693461187183857,-0.2610840518027543,0.4882455123588441,0.0485479487106204,-0.11226984113454819,0.39171615056693554
58,81,0.3769822078690715,4.595987159993298,2.3048234774636587,1.9940733878027608,-0.3367441697046165,0.6047139642760155,-0.06695627700537443,0.3582004299387336,0.347792620770633,-0.15977688692510128,-0.6047015655785799,-0.11360471323132504
58,82,0.2727214933535463,2.610877878525386,2.3048234774636587,1.132788651302062,0.02724190708249774,-0.1571119409054521,0.6814766060560942,-0.1278797844424845,-0.10084598325192928,-0.2604649243876339,0.0426359586417675,0.09484989196062088
58,86,0.33350767059442565,4.02057802587345,2.3048234774636587,1.7444190694802761,-0.23116457927972067,0.07820590957999207,0.20057415589690208,0.5173034472391009,0.15762147586792707,-0.4677084730938077,-0.2308800145983696,0.4749015988782048
58,89,0.4398739093991381,3.3925785153885055,2.3048234774636587,1.471947222232336,-0.15137323178350925,0.4142648940905927,0.525620087981224,0.04723039828240888,0.4065070655196903,-0.3773351106792687,-0.3886287184432149,0.7849929574877024
58,91,0.41652795858605923,2.45753501242232,2.3048234774636587,1.0662573669748943,0.29924836196005317,0.5516653684899208,0.40003959462046595,0.43013869877904665,0.012209272943436988,0.07145494595170027,-0.7981607923284173,0.08193630352616288
58,93,0.44351797221386813,3.583340045519313,2.3048234774636587,1.5547134435920433,0.10367572493851163,0.6633232207968831,-0.01882278732955478,-0.289641736075282,0.6493518641218543,-0.41233870014548313,-0.6621709177270532,-0.09231022838503145
58,94,0.2701080639225648,3.0977439524825567,2.3048234774636587,1.344026552476577,-0.28819375112652845,-0.10634620487689994,0.22661841753870238,0.20813422091305261,0.5913385581225155,-0.061622158624231704,-0.017263351939618587,0.20211237203329802
58,95,0.4010738504372231,4.234692717638222,2.3048234774636587,1.8373175902817018,0.5602826457470651,0.3065752619877457,-0.1433623749762778,-0.17254905123263609,0.2321272622793913,0.1378908660262823,-0.5092067988589406,0.7046008566394448
58,96,0.4492273688607754,2.916452174290919,2.3048234774636587,1.2653689980198948,0.5718563450500366,0.03285742364823807,0.08400428853929032,-0.3395519219338894,0.7096458449959754,0.07865735329687606,0.0543378833681345,0.8070027902722359
58,100,0.3147538192817401,2.5821203545727793,2.3048234774636587,1.1203115465546507,0.3111274158582088,-0.20441338419914268,0.5474344380199908,0.2299254238605501,0.4721439601853488,0.12971190363168722,-0.2347682137042284,-0.08101393561810255
58,101,0.3594387762093904,3.419524603101451,2.3048234774636587,1.4836383942359284,-0.02929233666509412,0.3821817422285674,0.1598450271412728,-0.14685493614524603,0.3629328431561587,-0.037817749194800854,-0.727199949324131,0.421380995772779
58,102,0.36646888909099706,3.227357283617825,2.3048234774636587,1.4002622392450497,-0.170622286386788,0.17528748139739037,0.4229563847184181,0.3782725194469094,-0.055432289838791005,-0.4371182378381492,0.17282694019377232,0.6845154939219356
58,104,0.29664514915008344,2.6217174486587367,2.3048234774636587,1.1374916449323067,0.503504257649183,-0.028647108003497124,0.3743629334494469,-0.15345135610550664,0.026175417937338352,0.42304853163659567,-0.30235989484936,-0.12197507359087478
58,107,0.3460361152365289,2.466008646266028,2.3048234774636587,1.0699338454239216,0.3597977478057141,0.7097715465351937,0.11515735834836915,0.32139835972338926,0.21700217947363853,0.039391980506479685,-0.38476650323718786,0.10701783932745457
58,110,0.3476168605641788,3.205074991918555,2.3048234774636587,1.390594561040127,-0.3487451188266285,-0.14018385112285603,0.004176166839897633,0.06621841341257095,0.8858589688315986,-0.09218125976622105,-0.16627799067646265,-0.011445428244769795
58,116,0.47838269100882524,3.0082358236481315,2.3048234774636587,1.30519141837211,0.3495495598763225,0.07064692117273796,0.24931961763650162,-0.02046505454927683,0.8020187653601168,-0.30899544525891554,-0.7013609325513245,0.6406446574255824
58,123,0.3217546487210032,2.6617094991797194,2.3048234774636587,1.1548431041273477,0.27352506201714233,0.42233114410191736,-0.08965759631246306,-0.42833695374429226,0.058992584235966206,-0.4071583990007638,0.08137918077409269,0.455672238022089
58,125,0.44145557990426476,3.2704159218588593,2.3048234774636587,1.4189442071536802,0.1253782166168088,0.28386835288256396,0.5930120712146163,0.2875534137710928,0.8525072755292057,0.10912120901048183,-0.050017381086945506,0.5359432613477111
59,60,0.4021652842175599,3.62829423141153,2.3048234774636587,1.5742178378902507,-0.13658448494970798,-0.522594160400331,-0.23626516107469797,0.15318264439702056,-0.19010367244482038,-0.30928537715226423,0.6258498970419168,-0.631952731870115
59,64,0.3427089717820468,3.1692437802528874,2.3048234774636587,1.3750483762602417,0.2486740499734878,-0.7549578743055463,-0.13798980787396423,0.3625994995236397,-0.04036481119692327,-0.2101243259385227,-0.05995286535471678,-0.32848113961517816
59,65,0.5286884443286082,3.996220557054929,2.3048234774636587,1.7338510285623119,-0.5363334435969591,-0.4026072360575196,-0.5079973665997388,-0.5184316271916032,-0.9001483712345361,0.46634695678949356,0.4481037436053157,0.1759812608361243
59,66,0.3162896071508519,3.795467498781639,2.3048234774636587,1.6467497558461,-0.17179803922772424,-0.609744892455637,-0.2624712809920312,-0.0044966125860808615,-0.4512647623196244,0.3480540858581661,0.03710208926349878,-0.0627696923911572
59,67,0.4454267576744253,4.073783545914069,2.3048234774636587,1.7675034924570716,-0.1450379248708487,-0.024627037346363026,-0.882476850412786,-0.13522995263338072,-0.37303655687719584,0.14256068132817734,0.5451587056741118,-0.5584506373852491
59,68,0.3161227535078345,3.7890459876501774,2.3048234774636587,1.6439636374321518,0.007171560078859218,-0.4980880012735724,-0.5877361949533226,-0.22624828293919558,-0.3092391798272729,-0.16669934522360574,0.1666232505813241,0.05935237091034645
59,69,0.44658518649773987,4.280105546147447,2.3048234774636587,1.8570209770934327,-0.27716448716819325,-0.163322040811181,0.036431237123906765,0.14694650005549198,-0.6370170125737785,0.6577831413596869,0.6590548073872924,-0.4430229170247913
59,70,0.52401242295057,4.503642114500993,2.3048234774636587,1.9540073929900361,-0.41512783616781274,-0.862648452632129,-0.7131307814270256,-0.3591454671695828,-0.7118149865418673,0.27417238336056465,-0.17381797265261412,-0.17496841307729477
59,73,0.37880800925975716,3.637580369858859,2.3048234774636587,1.5782468399106346,-0.4597871778532861,0.035911716520786466,-0.29380842112004757,-0.33048595488071436,0.041373695246875314,0.3722666464745998,0.6011734399944544,-0.4878750499337912
59,77,0.37186211417843495,2.954641939095873,2.3048234774636587,1.2819384946335703,-0.2209135433658957,-0.2268109302967785,-0.8060552813112736,0.3330538459122182,-0.203538728877902,0.18839834071695793,0.39027960412204266,0.12694630678743124
59,81,0.43564937164411677,2.4980402301934737,2.3048234774636587,1.0838314754336156,-0.6224840553477409,-0.06060304306447484,-0.681081550195813,0.23117688111960896,-0.48043492902070295,0.01442930568009615,-0.08101996034383774,-0.6101302187889814
59,85,0.3472669079325624,3.7858842327853055,2.3048234774636587,1.642591838291876,-0.37949043605476623,-0.31747382879257197,-0.16891005635261547,-0.10364330373704439,-0.7451608907431363,0.10387577395886183,0.19234294071793556,0.27861899044364685
59,89,0.2713064302917354,4.2461222360836866,2.3048234774636587,1.8422765463827748,-0.43711311742663356,-0.25105211324989773,-0.08850518520921463,-0.07979315053671576,-0.42172048427164566,-0.2031289180740713,0.13505288679152727,0.288467451930046
59,90,0.42833077816299386,3.9131071820627312,2.3048234774636587,1.6977904036142963,-0.3342965934425593,-0.5129077909514306,-0.8382112048566341,-0.5697870953008533,0.012209511362016243,-0.05584067478775978,0.2330892076715827,0.08975655958056444
59,91,0.37487813012788196,3.6843741253470066,2.3048234774636587,1.5985493732480864,0.013508476316928864,-0.1136516388505697,-0.21408567856997263,0.30311514995992195,-0.816018276847899,0.2456611385568977,-0.27447918709367514,-0.41458920203149346
59,92,0.41359224060233335,4.145889217906834,2.3048234774636587,1.798788175513196,-0.0918198842555284,-0.6516037555411456,-0.012961508706211988,0.21432435698807248,-0.7566535780206323,0.4284519217908383,0.3534541418775916,-0.09122246969491254
59,93,0.3643478684690605,2.676784095147019,2.3048234774636587,1.1613835598779496,-0.18206416070461268,-0.001993786543607351,-0.6329480605199933,-0.41666528489440663,-0.17887568566948167,-0.2381325075402857,-0.138489312492311,-0.5888357339426877
59,94,0.43207848481979216,4.312769791170147,2.3048234774636587,1.8711931014847745,-0.5739336367696528,-0.7716632122173903,-0.3875068556517362,0.08111067209392797,-0.2368889916688204,0.11258403398096573,0.5064182532951236,-0.29441313352435833
59,98,0.47936727785457167,4.1407524904907484,2.3048234774636587,1.7965594896870092,-0.2018623529002072,-0.7312666540965433,-0.6555188866332173,-0.11492730304598803,-0.6544811530038714,-0.18127906043082487,0.4231184646487236,-0.42390371486544637
59,100,0.41956769864455234,4.1067192091809055,2.3048234774636587,1.78179337781657,0.025387530215084497,-0.869730391539633,-0.06669083517044777,0.10290187504142545,-0.35608358960598707,0.30391809623688465,0.28891339153051376,-0.5775394411757588
59,101,0.30474543293740397,4.155208054106276,2.3048234774636587,1.802831364195783,-0.3150322223082184,-0.28313526511192305,-0.4542802460491658,-0.27387848496437067,-0.46529470663517725,0.13638844341039658,-0.20351834408938885,-0.07514450978487736
59,102,0.48970766825741174,4.475476495640673,2.3048234774636587,1.9417870997069624,-0.4563621720299123,-0.49002952594310006,-0.19116888847202046,0.25124897062778473,-0.883659839630127,-0.26291204523295175,0.6965085454285145,0.18798998836427924
59,105,0.3970884278705063,2.826902913147175,2.3048234774636587,1.226516017729062,-0.505467850714922,-0.34171348996460416,-0.8734474061056969,0.0924085034057498,-0.1305322265252471,-0.11006221733987331,-0.27062173280864954,-0.1238132473081352
59,106,0.3715174449658957,4.4211553426062045,2.3048234774636587,1.9182186340237481,-0.3909422475844621,-0.5408262787386773,-0.11528084427118296,-0.4288202123716473,-0.220772061496973,0.039209826849401,0.6308585526421666,0.11591426096856583
59,107,0.3324991692942178,3.965874747440369,2.3048234774636587,1.7206848100161722,0.0740578621625898,0.04445453919470323,-0.4989679148420694,0.1943748109042646,-0.6112253703176974,0.21359817311167711,0.1389151019975543,-0.3895076662302018
59,108,0.4628488076236395,3.9167134284565654,2.3048234774636587,1.699355055497226,-0.023463169112801496,-0.4332558782771228,-0.7353437151759858,0.2908562645316125,-0.547613050788641,0.5230072876438498,0.5103705944493413,0.25758184585720295
59,109,0.3230470302136274,3.4105512347230618,2.3048234774636587,1.4797450946118444,-0.2465123459696767,-0.09857682511210442,-0.3475177297368644,-0.5898768389597533,-0.40657204017043114,-0.2706753499805927,0.0028022034093737602,-0.2389398748055102
59,110,0.4773572187140187,4.039266355988997,2.3048234774636587,1.7525274258460803,-0.6344850044697528,-0.8055008584633465,-0.6099491063505409,-0.06080513540655369,0.0576314190402627,0.08202493283897638,0.3574036145582795,-0.5079709338024261
59,112,0.5024656271734799,4.302303572065529,2.3048234774636587,1.8666520946758127,0.30921775847673416,-0.8456202046945687,-0.8604318797588346,0.2828356195241214,-0.2618871843442321,-0.3026040866971015,0.0487785404548049,-0.47561750933527974
59,113,0.4420191849537628,4.039003862426691,2.3048234774636587,1.7524135370537834,-0.5929695758968594,-0.1822449006140231,-0.22262685652822267,-0.34784741606563324,-0.6834077453240751,0.4968147901818156,0.5412100860849023,0.029691340401768684
59,114,0.3938186651013805,4.266010660611099,2.3048234774636587,1.8509055909590209,-0.24016235396265967,-0.45163966808468065,-0.4848531894385814,0.13479179237037897,-0.7259791232645512,0.3804446514695883,-0.04828118998557329,0.227425692602992
59,116,0.27012394300101433,2.4416781060283395,2.3048234774636587,1.0593774880822033,0.06380967423319822,-0.5946700861677525,-0.36480565555393696,-0.14748860336840147,-0.026208784431219073,-0.1347892526537181,-0.17767932731658231,0.14411915186792607
59,117,0.509206863940291,3.6860843032553716,2.3048234774636587,1.5992913727656577,-0.33770633302629,0.0550248827785253,-0.7484507011249659,-0.024586598388850578,-0.9172493778169154,0.5628849761560559,0.33037728536874056,-0.3593629309907556
59,118,0.4627213312353086,4.052052209485412,2.3048234774636587,1.7580748587065287,-0.4795856028795246,-0.706556136719882,0.009739698842167951,-0.4994438542053104,-0.4986391803249717,0.18119689077138895,0.16276476439088583,-0.6528089912608266
59,119,0.3919473951787271,3.9823622749524534,2.3048234774636587,1.727838298200104,0.18017777614295477,-0.2937826048582793,-0.6239110911265016,0.3737630899995567,-0.3266539415344596,0.012544783763587586,0.670821369625628,-0.1561552388593555
59,120,0.3072287134883912,3.9578481872953515,2.3048234774636587,1.7172023046427671,0.13118650671094656,-0.5360918054357169,0.05831424426287428,-0.030195049010217134,-0.5781649872660637,0.1644105724990368,-0.24491620250046264,0.15782809816300866
59,121,0.3353390434710183,3.390739265498937,2.3048234774636587,1.4711492219049562,-0.4031419707462192,-0.12074130028486241,-0.5792389530688524,-0.15701689384877665,-0.24993672221899024,0.341828747652471,0.26265212520956993,-0.33770225942134874
59,125,0.2510502997451642,4.1313770752324155,2.3048234774636587,1.7924917528950142,-0.1603616690263155,-0.3814486544579265,-0.021113201975822338,0.16052986495196817,0.024279725737869767,0.28332740161567926,0.47366422414779663,0.0394177557900548
59,127,0.25901993864458256,3.5157449317605014,2.3048234774636587,1.5253857686443737,0.2289826693013311,0.021689718589187,-0.14668950065970432,0.05887064058333652,-0.5179443657398224,-0.14289490971714247,0.37857669219374657,-0.16382285300642246
60,61,0.5156931337248023,3.57202565139293,2.3048234774636587,1.5498044367908657,-0.028163952752947752,0.41472287941724073,-0.6104517476633191,-0.36905774567276267,-0.5777781307697296,0.7932544397190214,-0.4768065456300974,0.505418023094535
60,62,0.46203133863121487,2.8477656225255816,2.3048234774636587,1.2355677779104381,-0.3921501524746415,-0.3781082294881343,0.12552088871598258,0.10140494909137485,-0.3947645900771021,0.6908574271947147,-0.4068732224404812,0.7657210621982814
60,66,0.3881491902922711,4.279926279174089,2.3048234774636587,1.8569431980465292,-0.03521355427801626,-0.0871507320553061,-0.026206119917333237,-0.15767925698310142,-0.261161089874804,0.6573394630104303,-0.5887478077784181,0.5691830394789578
60,67,0.3532628300715399,2.723583735907926,2.3048234774636587,1.1816886466746215,-0.008453439921140726,0.49796712305396795,-0.646211689338088,-0.2884125970304013,-0.1829328844323755,0.45184605848044157,-0.080691191367805,0.07350209448486578
60,68,0.35568278918203805,2.5821161830056485,2.3048234774636587,1.1203097366255295,0.1437560450285672,0.024506159126758575,-0.3514710338786247,-0.37943092733621614,-0.11913550738245249,0.14258603192865849,-0.45922664646059275,0.6913051027804614
60,70,0.5176887647216634,3.202268241995685,2.3048234774636587,1.3893767888548318,-0.27854335121810475,-0.34005429223179806,-0.47686562035232766,-0.5123281115666034,-0.5217113140970469,0.5834577605128288,-0.799667869694531,0.4569843187928202
60,72,0.44136966150776563,3.057871431307177,2.3048234774636587,1.3267269538022102,0.3283208841457961,-0.04191561974585045,-0.42780252546072034,-0.10658830869942904,-0.6589764179661869,0.38124707713723194,-0.5166197214275599,0.6387758953496816
60,77,0.40787624304327574,2.714162510216262,2.3048234774636587,1.1776010339859346,-0.08432905841618771,0.29578323010355245,-0.5697901202365756,0.17987120151519767,-0.013435056433081627,0.49768371786922216,-0.2355702929198742,0.7588990386575463
60,79,0.33195958547865884,3.142069289138184,2.3048234774636587,1.3632581062545717,0.4339234223589301,0.4472013534978032,-0.19530624058097618,-0.20334418211132294,-0.5962171601131557,0.1963469395413996,-0.14047990739345548,-0.006613094359636196
60,80,0.3819244176087127,3.6445407675199544,2.3048234774636587,1.581266766481651,0.4871571762487291,0.046786639839411004,-0.07092550024390204,-0.5412902450188994,-0.14987836498767143,0.5320395184680821,-0.21443813294172287,0.5271433768793942
60,81,0.40968029574700565,4.274817586655454,2.3048234774636587,1.8547266757971737,-0.48589957039803283,0.4619911173358561,-0.44481638912111504,0.0779942367225884,-0.29033125657588255,0.3237146828323604,-0.7068698573857546,0.021822513081133588
60,84,0.370545704389289,3.1116789310536195,2.3048234774636587,1.3500725593431842,0.23033396061509848,-0.19249755330383767,-0.5528679024428129,-0.1296955896541478,0.11692849732935426,0.7077277125790716,0.07454971596598625,0.40710145980119716
60,86,0.3447834925239241,2.621464110856487,2.3048234774636587,1.137381728574405,-0.380319979973137,-0.06451693736016739,-0.17728595621883853,0.23709725402295578,-0.48050240147858847,0.01578309666365396,-0.3330483064055443,0.6103288251906634
60,88,0.44584318072118667,3.4308199624254887,2.3048234774636587,1.4885391423558962,0.2898988090455532,-0.391731336712837,-0.22636736091226334,-0.3561824988573791,-0.34139959700405587,0.93661932554096,0.016771377064287663,0.42487115133553754
60,90,0.4615867049808896,2.4513119323559303,2.3048234774636587,1.0635573423841875,-0.1977121084928513,0.009686369448900445,-0.6019460437819362,-0.7229697396978738,0.2023131838068366,0.25344470236450445,-0.39276068937033415,0.7217092914506794
60,93,0.4102498380071761,3.710896260853498,2.3048234774636587,1.6100566039604693,-0.04547967575490469,0.5206003738567236,-0.3966828994452954,-0.5698479292914271,0.011227986775338705,0.07115286961197853,-0.7643392095342278,0.04311699792742718
60,96,0.4838371050283975,4.161240896250674,2.3048234774636587,1.8054488497444101,0.4227009443566203,-0.1098654232919214,-0.2938558235764503,-0.6197581151500346,0.07152196764945981,0.5621489230543377,-0.047830408439040184,0.9424300165846945
60,97,0.4188342920366117,3.550246139444967,2.3048234774636587,1.5403549009973783,-0.4175357623025772,0.49040813837200414,0.3400658098980786,0.24923549592494945,-0.5067057609558105,0.230616847984493,-0.5558870770037174,0.43798706587404024
60,101,0.4460014403286165,3.9534873031473996,2.3048234774636587,1.7153102360350876,-0.17844773735851044,0.2394588952884079,-0.2180150849744678,-0.42706112936139123,-0.27519103419035684,0.4456738205626608,-0.8293682411313057,0.5568082220852376
60,104,0.4614002818658134,3.5156563758251687,2.3048234774636587,1.525347346641041,0.3543488569557668,-0.1713699549436566,-0.003497178666293732,-0.43365754932165185,-0.6119484594091772,0.9065401013940574,-0.40452818665653467,0.013452152721583843
60,107,0.38458740124351337,3.03221579140376,2.3048234774636587,1.3155956718822388,0.2106423471122978,0.5670486995950342,-0.26270275376737146,0.04119216650724403,-0.421121697872877,0.5228835502639413,-0.48693479504436255,0.2424450656399132
60,108,0.48912453160866687,2.4982541077781963,2.3048234774636587,1.0839242710801429,0.11312131583690649,0.08933828212320816,-0.49907855410128793,0.13767362013459192,-0.35750937834382057,0.8322926647961141,-0.11547930259257555,0.8895345777273179
60,111,0.5556633185544478,2.8095470841358257,2.3048234774636587,1.218985797223651,0.46777103655040264,0.3199437772855162,0.26414772495627403,-0.34501914307475107,-0.674250922165811,0.713954000733793,-0.7760146660730243,0.6273471228778362
60,112,0.3660821316367626,2.7637441592312006,2.3048234774636587,1.1991131582330812,0.44580224342644215,-0.32302604429423776,-0.6241667186841366,0.12965297512710086,-0.07178351189941173,0.006681290455162747,-0.577071356587112,0.15633522253483523
60,116,0.42683952355840415,2.5771108054314116,2.3048234774636587,1.1181380399107141,0.2003941591829062,-0.0720759257674215,-0.128540494479239,-0.30067124776542203,0.1638948880136013,0.17449612449854612,-0.8035292243584992,0.776071883738041
60,123,0.43377779201882816,3.4987694007909504,2.3048234774636587,1.5180205490796062,0.12436966132372601,0.2796082971617579,-0.46751770842820367,-0.7085431469604375,-0.5791312931105493,0.07633317075669788,-0.020789111033081994,0.5910994643345476
60,124,0.4184452819325352,2.4125456613977097,2.3048234774636587,1.0467377154855233,0.01122262049466366,-0.2566353417932987,-0.16874491982161993,-0.6116344695910814,-0.6448274208232759,0.2670632293447853,-0.6441289484500885,0.17373871244490147
61,63,0.36352778704163335,3.2578045730521015,2.3048234774636587,1.4134724871152173,0.4215706400573251,-0.1450854279100894,0.3755152635276314,-0.14877600874751784,0.5422245981171727,-0.4252228606492282,-0.4068732298910618,-0.2343804482370614
61,64,0.5614795816674744,4.424061742374422,2.3048234774636587,1.9194796415571391,0.41342248767614354,-0.647086593322456,0.7087271008640528,0.5784746007993818,0.7275169920176268,-0.6940933885052799,-0.20899621676653624,-0.20194643083959818
61,66,0.3108992386529368,3.6949013296131525,2.3048234774636587,1.6031168398541324,-0.007049601525068505,-0.5018736114725468,0.5842456277459858,0.21137848868966125,0.3166170408949256,-0.13591497670859107,-0.11194126214832067,0.06376501638442278
61,68,0.3386719798667087,2.58186278542517,2.3048234774636587,1.1201997943314856,0.17191999778151495,-0.39021672029048216,0.25898071378469434,-0.010373181663453468,0.4586426233872771,-0.650668407790363,0.017579899169504642,0.18588707968592644
61,71,0.4347210475250667,3.388537295887591,2.3048234774636587,1.470193847390215,0.2765637617558239,-0.15207272395491592,0.5077478596940637,0.4796132827177645,0.6652774568647146,-0.5014116391539574,0.1695702252909541,0.4490511193871498
61,72,0.2814168929936726,2.6747215368881023,2.3048234774636587,1.1604886721439933,0.3564848368987439,-0.4566384991630912,0.18264922220259872,0.26246943697333364,-0.08119828719645727,-0.4120073625817895,-0.03981317579746246,0.13335787225514656
61,73,0.4226294480253758,3.2697949648808535,2.3048234774636587,1.4186747908690591,-0.29503874015063036,0.14378299750387669,0.5529084876179695,-0.11461085360497225,0.8092554984614253,-0.11170241609215739,0.4521300885826349,-0.36134034115821123
61,75,0.4827677238405987,3.5664492401365595,2.3048234774636587,1.547384984146923,0.21698416862636793,-0.226275922730565,0.9283045269548894,-0.23140027001500107,0.20356184430420388,-0.8113536443561316,0.10971666686236858,0.3730538720265031
61,76,0.4251583628587691,3.048535319743689,2.3048234774636587,1.32267626981067,0.0960299177095294,-0.7056958312168718,0.6645773453637955,-0.32037413120269764,0.14235753752291225,-0.4942511757835747,-0.26633207872509956,-0.24302965961396705
61,77,0.32568585867327293,3.3568685120944735,2.3048234774636587,1.4564536264566939,-0.056165105663239956,-0.1189396493136883,0.04066162742674351,0.5489289471879604,0.564343074336648,-0.29557072184979927,0.2412362527102232,0.2534810155630112
61,79,0.3785360625349366,2.4875156226292323,2.3048234774636587,1.0792651354656526,0.46208737511187786,0.03247847408056245,0.4151455070823429,0.16571356356143974,-0.018439029343426117,-0.5969075001776218,0.3363266382366419,-0.5120311174541712
61,80,0.3609581290624131,2.929340501050745,2.3048234774636587,1.2709608912324755,0.5153211290016768,-0.3679362395778297,0.539526247419417,-0.17223249934613682,0.4278997657820582,-0.26121492125093937,0.2623684126883745,0.02172535378485918
61,81,0.35863173354465866,4.478474083345689,2.3048234774636587,1.943087671197285,-0.4577356176450851,0.04726823791861537,0.16563535854220401,0.44705198239535104,0.28744687419384707,-0.46953975688666105,-0.2300633117556572,-0.4835955100134014
61,82,0.4946448709128472,4.556989865725745,2.3048234774636587,1.9771535261956292,-0.09374954085797083,-0.7145576672628523,0.9140682416036726,-0.03902823198586702,-0.1611917298287152,-0.5702277943491937,0.4172742124646902,-0.2751409048214555
61,84,0.40307256792247703,2.594950044515032,2.3048234774636587,1.1258779988524947,0.25849791336804623,-0.6072204327210784,0.05758384522050608,0.23936215601861488,0.6947066280990839,-0.08552672713994977,0.5513562615960836,-0.09831656329333782
61,85,0.3303552977018185,3.7808431974138843,2.3048234774636587,1.6404046706320914,-0.2147419983521105,-0.20960254780948176,0.6778068523854015,0.11223179753869772,0.022720912471413723,-0.3800932886078954,0.043299589306116104,0.40515369921922684
61,88,0.3914323340816346,3.0115448424695086,2.3048234774636587,1.3066271113237535,0.31806276179850096,-0.8064542161300777,0.3840843867510557,0.012875246815383545,0.23637853376567375,0.1433648858219386,0.49357792269438505,-0.08054687175899744
61,90,0.398733906944465,2.3060691514850737,2.3048234774636587,1.0005404639589952,-0.16954815573990356,-0.4050365099683403,0.008505703881382942,-0.3539119940251111,0.7800913145765662,-0.539809737354517,0.08404585625976324,0.21629126835614443
61,91,0.35756758323449406,3.351439471479935,2.3048234774636587,1.4540981139119704,0.1782569140195846,-0.005780357867479491,0.6326312301680443,0.5189902512356641,-0.04813647363334894,-0.23830792400985948,-0.4235225385054946,-0.2880544932559135
61,92,0.3916985719622715,3.8774706586511756,2.3048234774636587,1.682328688754132,0.07292855344712734,-0.5437324745580554,0.833755400031805,0.43019945826381456,0.011228225193917751,-0.05551714077591888,0.20441079046577215,0.03531223908066744
61,93,0.3972215771985574,3.078079169624317,2.3048234774636587,1.3354945399166045,-0.01731572300195694,0.10587749443948286,0.21376884821802367,-0.20079018361866452,0.5890061175450683,-0.7221015701070429,-0.28753266390413046,-0.4623010251671078
61,94,0.43053845195723894,4.566148953356693,2.3048234774636587,1.9811274043344562,-0.409185199066997,-0.6637919312343001,0.4592100530862808,0.2969857733696701,0.5309928115457296,-0.3713850285857915,0.3573749018833041,-0.16787842474877834
61,96,0.43179220748569896,3.256524326157918,2.3048234774636587,1.4129170229303452,0.45086489710956806,-0.5245883027091621,0.31659592408686876,-0.2507003694772719,0.6493000984191895,-0.23110551666468368,0.4289761371910572,0.4370119934901595
61,98,0.36326757384252634,2.4572756015051427,2.3048234774636587,1.066144815658182,-0.03711391519755147,-0.6233953731134532,0.19119802210479964,0.10094779822975408,0.11340065021067858,-0.6652481229975821,0.27407511323690414,-0.2973690060898664
61,100,0.46792166046877764,3.902495651482059,2.3048234774636587,1.693186350121944,0.19013596791774023,-0.7618591105565429,0.7800260735675693,0.31877697631716756,0.4117982136085629,-0.18005096632987252,0.1398700401186943,-0.4510047324001789
61,101,0.2621987667558289,2.4703318958519906,2.3048234774636587,1.071809585422336,-0.1502837846055627,-0.17526398412883284,0.39243666268885125,-0.05800338368862856,0.30258709657937277,-0.3475806191563606,-0.3525616955012083,0.05139019899070263
61,106,0.4481943279367728,3.589592781087439,2.3048234774636587,1.5574263348955486,-0.22619380988180637,-0.4329549977555871,0.7314360644668341,-0.2129451110959052,0.547109741717577,-0.4447592357173562,0.48181520123034716,0.24244896974414581
61,109,0.3758163069722929,2.83767553338685,2.3048234774636587,1.231189963627743,-0.08176390826702096,0.00929445587098579,0.4991991790011526,-0.37400173768401124,0.3613097630441189,-0.7546444125473499,-0.1462411480024457,-0.11240516602993023
61,110,0.4768888644979072,4.386999405547639,2.3048234774636587,1.9033993051716522,-0.4697365667670971,-0.6976295774802562,0.23676780238747608,0.15506996586918842,0.8255132222548127,-0.4019441297277808,0.20836026314646006,-0.38143622502684615
61,111,0.37756198953839065,2.840265673553551,2.3048234774636587,1.2323137547518908,0.4959349893033504,-0.09477910213172455,0.8745994726195931,0.024038602598011605,-0.09647279139608134,-0.07930043898522846,-0.2992081204429269,0.1219290997833013
61,112,0.503047912785211,2.4094232363607246,2.3048234774636587,1.0453829804841162,0.47396619617938984,-0.7377489237114785,-0.013714971020817646,0.49871072079986356,0.5059946188703179,-0.7865731492638587,-0.10026481095701456,-0.34908280055969976
61,113,0.31251241355979104,2.9463314874569333,2.3048234774636587,1.278332816489366,-0.4282211381942036,-0.07437361963093289,0.6240900522097943,-0.13197231478989113,0.08447405789047491,0.01284572761505845,0.39216673467308283,0.15622604917734867
61,115,0.408574872940211,3.24142882850682,2.3048234774636587,1.4063674985096246,0.0841662976890803,0.05532670952379687,0.7496705679222941,-0.030322984792292007,0.6823560483753681,-0.43581081461161375,0.29510701168328524,-0.14059860911220312
61,116,0.4526407235358877,3.594219563182303,2.3048234774636587,1.559433769365088,0.22855811193585396,-0.48679880518466223,0.48191125318408007,0.06838649790734064,0.7416730187833309,-0.6187583152204753,-0.32672267872840177,0.27065386064350605
61,118,0.46270814653308007,3.4039814766433647,2.3048234774636587,1.4768946558932459,-0.3148371651768689,-0.5986848557367919,0.8564566075801849,-0.2835687529295683,0.26924262288957834,-0.3027721717953682,0.013721412979066372,-0.5262742824852467
61,120,0.43282288720615353,2.5767997340803475,2.3048234774636587,1.1180030745417366,0.2959349444136023,-0.4282205244526266,0.9050311530008913,0.18568005226552498,0.18971681594848633,-0.3195584900677204,-0.3939595539122821,0.2843628069385886
61,123,0.336614408112079,2.5035388617535883,2.3048234774636587,1.0862171815902386,0.15253361407667376,-0.13511458225548287,0.14293403923511538,-0.3394854012876748,-0.0013531623408197246,-0.7169212689623236,0.4560174345970154,0.08568144124001265
61,124,0.3751003700441972,2.96151008623906,2.3048234774636587,1.2849183962227126,0.03938657324761141,-0.6713582212105395,0.4417068278416991,-0.24257672391831864,-0.06704929005354632,-0.5261912103742361,-0.1673224028199911,-0.3316793106496335
61,127,0.39478426934734934,2.7999958496722104,2.3048234774636587,1.2148417772772186,0.39373110700398684,0.1295609995722772,0.7000274080783127,0.27474574185907863,0.24993743747472763,-0.6268639722838997,0.2295333407819271,-0.03728814423084248
62,64,0.44385801399376495,2.831080849450129,2.3048234774636587,1.2283287102600975,0.7774086873978373,0.145744515582919,-0.02724553551524883,0.1080119060352443,0.5445034513249992,-0.5916963759809731,-0.27892953995615244,-0.4622494699433446
62,65,0.38150929503193104,3.6706338623507335,2.3048234774636587,1.5925878481548963,-0.007598806172609551,0.49809515383094566,-0.3972530942410235,-0.7730192206799986,-0.3152801087126136,0.08477490674704316,0.22912706900388002,0.04221293050795791
62,68,0.4020058710453224,4.505936920899686,2.3048234774636587,1.9550030468529593,0.5359061975032087,0.40261438861489285,-0.4769919225946073,-0.48083587642759096,0.2756290826946496,-0.5482713952660562,-0.05235342402011156,-0.07441595941781995
62,69,0.39459370249188586,2.485495345838188,2.3048234774636587,1.078388592506594,0.25157015025615626,0.7373803490772842,0.14717550948262215,-0.10764109343290343,-0.05214875005185604,0.2762110913172365,0.4400781327858567,-0.5767912473529577
62,70,0.3590175055389684,4.231131797655189,2.3048234774636587,1.8357726042912992,0.11360680125653677,0.03805393725633621,-0.6023865090683103,-0.6137330606579782,-0.12694672401994478,-0.10739966668188577,-0.3927946472540498,-0.3087367434054612
62,71,0.4047206366994326,2.8815789419172537,2.3048234774636587,1.25023845430813,0.6405499614775176,0.6407583849504591,-0.22822477668523802,0.009150587953626999,0.4822639161720871,-0.3990146266296506,0.09963690210133791,0.18874808028340342
62,73,0.5223269708687142,3.1892559114842753,2.3048234774636587,1.3837310937989444,0.06894745957106341,0.9366141064092517,-0.18306414876133217,-0.5850735483691097,0.6262419577687978,-0.009305403567850645,0.3821967653930187,-0.6216433802619576
62,75,0.4617157849666823,3.940439223993548,2.3048234774636587,1.709649030618953,0.5809703683480617,0.56655518617481,0.19233189057558775,-0.7018629647791386,0.020548303611576335,-0.7089566318318248,0.03978334367275238,0.1127508329227567
62,76,0.41402723035138567,3.7921996213465,2.3048234774636587,1.6453319130190498,0.46001611743122317,0.08713527768850315,-0.07139529101550604,-0.7908368259668351,-0.040656003169715293,-0.3918541632592679,-0.33626540191471577,-0.5033326987177135
62,77,0.39538231594073747,3.568263692167115,2.3048234774636587,1.5481722253600994,0.3078210940584538,0.6738914595916867,-0.6953110089525582,0.07846625242382282,0.38132953364402045,-0.1931737093254925,0.171302929520607,-0.0068220235407351615
62,82,0.3733534604813742,3.033096020474956,2.3048234774636587,1.3159775792516328,0.27023665886372294,0.0782734416425227,0.17809560522437096,-0.5094909267500045,-0.34420527052134275,-0.4678307818248869,0.347340889275074,-0.5354439439252019
62,85,0.27808317959834966,2.6524889847504247,2.3048234774636587,1.150842574577275,0.14924420136958327,0.5832285610958933,-0.05816578399390007,-0.35823089722543977,-0.16029262822121382,-0.2776962760835886,-0.0266337338835001,0.14485066011548042
62,89,0.343185897853562,2.3245117191812814,2.3048234774636587,1.0085421907187828,0.09162151999771595,0.6496502766385674,0.022239087149500764,-0.3343807440251112,0.16314777825027682,-0.5847009681165217,-0.08392378780990839,0.15469912160187962
62,90,0.49332551737798924,4.236403932979019,2.3048234774636587,1.8380600399128901,0.1944380439817902,0.3877945989370347,-0.7274669324979187,-0.8243746887892486,0.5970777738839387,-0.4374127248302102,0.014112533070147038,-0.04401177074760196
62,91,0.4391195202909657,2.6699719081679714,2.3048234774636587,1.1584279378766742,0.5422431137412784,0.7870507510378956,-0.10334140621125723,0.04852755647152657,-0.23115001432597648,-0.13591091148555273,-0.4934558616951108,-0.5483575323596599
62,98,0.3942071006445278,3.8475040453301763,2.3048234774636587,1.669326993130146,0.3268722845241423,0.16943573579192184,-0.544774614274502,-0.3695148965343834,-0.06961289048194896,-0.5628511104732753,0.20414179004728794,-0.5576720451936128
62,100,0.33581660864592555,2.3610659030299304,2.3048234774636587,1.0244020533963685,0.554122167639434,0.03097199834883213,0.044053437188267625,-0.15168571844696996,0.22878467291593535,-0.07765395380556578,0.0699367169290781,-0.7113077715039253
62,101,0.37431782767741034,4.513733037450489,2.3048234774636587,1.9583855690404643,0.21370241511613108,0.6175671247765422,-0.3435359736904504,-0.528466078452766,0.11957355588674523,-0.24518360663205385,-0.4224950186908245,-0.20891284011304376
62,106,0.35974083594839174,3.226120503080269,2.3048234774636587,1.3997256339259658,0.1377923898398874,0.3598761111497879,-0.004536571912467563,-0.6834078058600427,0.36409620102494944,-0.34236222319304943,0.41188187804073095,-0.01785406935960057
62,107,0.4637026442622248,4.105672119814481,2.3048234774636587,1.7813390743192903,0.6027924995869394,0.9451569290831685,-0.38822364248335406,-0.06021278258413082,-0.026357107795774937,-0.1679738769307733,-0.08006157260388136,-0.5232759965583682
62,108,0.3512259704881689,3.5484403413288486,2.3048234774636587,1.53957141448148,0.505271468311548,0.46744651161134243,-0.6245994428172705,0.03626867104321707,0.0372552117332815,0.1414352376013994,0.29139391984790564,0.12381351552903654
62,109,0.5166110375758131,3.941428385609862,2.3048234774636587,1.7100782008465152,0.2822222914546728,0.8021255647763608,-0.236773457378149,-0.8444644324481487,0.17829622235149134,-0.6522474000230432,-0.2161744711920619,-0.37270820513367664
62,112,0.5292400204515351,4.561743274780273,2.3048234774636587,1.9792159006468644,0.8379523959010836,0.055082185193896516,-0.7496876074001193,0.028248026035726015,0.32298107817769034,-0.6841761367395519,-0.17019813414663076,-0.6093858396634462
62,113,0.3594110207558453,2.92302551791249,2.3048234774636587,1.26822099240725,-0.06423493847250983,0.7184574892744422,-0.11188258416950728,-0.6024350095540286,-0.09853948280215263,0.1152427401393652,0.3222334114834666,-0.10407698992639772
62,114,0.25965164654765044,3.213707913611165,2.3048234774636587,1.394340150139258,0.28857228346168984,0.4490627218037846,-0.37410891707986604,-0.11979580111801644,-0.14111086074262869,-0.0011273985728621483,-0.26725786458700895,0.0936573622748256
62,115,0.4667867956852341,3.6275705357179233,2.3048234774636587,1.5739038460810373,0.44815249741077406,0.8481578184291719,0.013697931542992453,-0.5007856795564295,0.4993425076827406,-0.333413802087307,0.22517368849366903,-0.40090164821594954
62,116,0.4193968164899166,4.151533803217957,2.3048234774636587,1.8012372070187819,0.5925443116575477,0.3060323037207128,-0.25406138319522154,-0.40207619685679685,0.5586594780907034,-0.5163613026961685,-0.396656001918018,0.010350821539759664
62,117,0.47872934308578013,3.8204311614234268,2.3048234774636587,1.6575808077187835,0.1910283043980595,0.9557272726669905,-0.6377064287662506,-0.279174191877246,-0.3323811152949929,0.1813129261136055,0.1114006107673049,-0.49313126131892204
62,118,0.40196976369506854,2.428914203832335,2.3048234774636587,1.0538395792918736,0.04914903454482489,0.19414625316858314,0.12048397120088335,-0.7540314476937058,0.0862290821969508,-0.20037515927106148,-0.05621191021054983,-0.7865773215889931
62,119,0.4527038879935818,4.118983896479872,2.3048234774636587,1.7871146908884339,0.7089124135673043,0.606919785030186,-0.5131668187677861,0.11917549651116133,0.2582143209874629,-0.36902726627886284,0.45184469502419233,-0.28992356918752193
62,120,0.3429829160039782,3.2945453820441077,2.3048234774636587,1.4294133213488383,0.6599211441352961,0.3646105844527484,0.16905851662158966,-0.2847826424986125,0.006703275255858787,-0.21716147754341364,-0.4638928771018983,0.02405976783484226
62,124,0.42150758570918767,3.942525601385724,2.3048234774636587,1.710554252824721,0.4033727729693052,0.12147288769483555,-0.29426580853760254,-0.7130394186824561,-0.25006283074617386,-0.42379419784992933,-0.23725572600960732,-0.5919823497533799
62,127,0.48193840135947846,4.219726539999474,2.3048234774636587,1.8308241742847349,0.7577173067256806,0.9223921084776523,-0.035945228300988924,-0.1957169529050589,0.06692389678210009,-0.5244669597595929,0.1596000175923109,-0.2975911833345889
63,65,0.5104128576966096,3.850034859394708,2.3048234774636587,1.670425044277784,-0.7931556459516285,-0.14965052716433996,-0.036795721389353275,-0.1537805171683433,-0.6744911661371588,0.40760075487196457,0.705933622084558,0.5368964178487656
63,66,0.3151916384621953,3.2107138875162367,2.3048234774636587,1.3930411239343432,-0.4286202415823936,-0.35678818356245745,0.2087303642183544,0.3601544974371791,-0.22560755722224712,0.2893078839406371,0.2949319677427411,0.29814546462148417
63,67,0.37880797167089447,3.5450211203070405,2.3048234774636587,1.5380879078028815,-0.40186012722551806,0.2283296715468166,-0.41127520520240035,0.22942115738987923,-0.1473793517798186,0.08381447941064835,0.8029885841533542,-0.19753548037260782
63,68,0.2668677885542709,3.415821982092129,2.3048234774636587,1.4820319280377463,-0.24965064227581013,-0.24513129238039277,-0.11653454974293709,0.13840282708406437,-0.08358197472989559,-0.22544554714113474,0.4244531290605664,0.4202675279229878
63,70,0.38829642602631936,3.2009865669144277,2.3048234774636587,1.3888207050185688,-0.6719500385224821,-0.6096917437389494,-0.24192913621664003,0.005505642853677162,-0.48615778144448996,0.21542618144303566,0.08401190582662821,0.1859467439353466
63,71,0.39587669779259727,4.155836173107136,2.3048234774636587,1.803103887886643,-0.14500687830150116,-0.006987296044826508,0.13223259616643218,0.6283892914652823,0.1230528587475419,-0.07618877850472916,0.5764434551820159,0.6834315676242112
63,72,0.34756598357255747,3.653238238739842,2.3048234774636587,1.585040361858881,-0.06508580315858124,-0.3115530712530018,-0.1928660413250327,0.4112454457208515,-0.62342288531363,0.013215498067438713,0.3670600540935993,0.36773832049220795
63,73,0.4406267796042859,4.339656593000514,2.3048234774636587,1.88285855096204,-0.7166093802079555,0.28886842541396607,0.17739322409033803,0.03416515514254559,0.2670309003442526,0.3135204445570708,0.8590033184736967,-0.12695989292114984
63,76,0.2995306302064938,4.185733067248392,2.3048234774636587,1.816075334261424,-0.3255407223477957,-0.5606104033067825,0.28906208183616416,-0.1715981224551798,-0.39986706059426047,-0.06902831513434649,0.14054115116596222,-0.008649211376905663
63,77,0.43347258001644445,3.561881324309437,2.3048234774636587,1.545403090144286,-0.47773574572056504,0.026145778596401104,-0.3348536361008879,0.6977049559354782,0.02211847621947527,0.12965213879942894,0.648109482601285,0.4878614638000726
63,79,0.37197110928033106,3.7745386024418357,2.3048234774636587,1.6376692789486524,0.040516735054552784,0.17756390199065186,0.03963024355471145,0.3144895723089576,-0.5606636274605988,-0.17168463952839363,0.7431998681277037,-0.2776506692171098
63,80,0.28269789035569143,3.2960594979166253,2.3048234774636587,1.4300702549002893,0.09375048894435174,-0.22285081166774035,0.1640109838917856,-0.023456490598618984,-0.11432483233511453,0.16400793939828884,0.6692416425794363,0.25610580202192057
63,84,0.4426136111619508,3.7094422560519686,2.3048234774636587,1.6094257509620744,-0.16307272668927886,-0.462135004810989,-0.31793141830712535,0.3881381647661327,0.15248202998191115,0.3396961335092784,0.9582294914871454,0.13606388494372357
63,88,0.46444025465500577,4.189392774006529,2.3048234774636587,1.8176631811373005,-0.10350787825882414,-0.6613687882199883,0.008569123223424291,0.16165125556290139,-0.30584606435149897,0.5685877464711667,0.9004511525854468,0.15383357647806395
63,90,0.3720870290557099,3.7899518250340076,2.3048234774636587,1.6443566555494555,-0.5911187957972287,-0.2599510820582509,-0.3670095596462485,-0.20513598527759325,0.2378667164593935,-0.11458687670528878,0.490919086150825,0.4506717165932058
63,91,0.3495084693635216,4.327570447986042,2.3048234774636587,1.8776147025143606,-0.24331372603774049,0.13930507004260992,0.257115966640413,0.667766259983182,-0.5903610717505217,0.1869149366393687,-0.016649308614432812,-0.05367404501885209
63,95,0.29517243978236274,3.816206550012348,2.3048234774636587,1.655747864132263,0.017720557749271393,-0.10578503645956511,-0.2862860029563308,0.06507850997149922,-0.37044308241456736,0.25335085671395075,0.2723046848550439,0.56899050809443
63,96,0.41190097878735793,4.221442223713791,2.3048234774636587,1.8315685626212357,0.02929425705224295,-0.37950287479907274,-0.058919339440762664,-0.10192436072975408,0.10707550030201671,0.1941173439845445,0.835849367082119,0.6713924417272209
63,98,0.3944405943008653,3.8738984173227844,2.3048234774636587,1.6807787907409781,-0.45868455525487656,-0.4783099452033638,-0.1843172414228318,0.24972380697727192,-0.42882394790649414,-0.24002526234835386,0.6809483431279659,-0.062988557852805
63,100,0.3935703805683875,3.7896916581702063,2.3048234774636587,1.644243776248136,-0.23143467213958485,-0.6167736826464535,0.40451081003993783,0.4675529850646854,-0.13042638450860983,0.24517189431935565,0.5467432700097561,-0.21662428416311752
63,107,0.3094356263150972,2.961713114977402,2.3048234774636587,1.2850064848508993,-0.18276434019207954,0.29741124808788283,-0.027766269631683826,0.5590259209275246,-0.3855681652203201,0.15485197119414812,0.3967449804767966,-0.028592509217560402
63,108,0.4876465244700779,2.9043115843785072,2.3048234774636587,1.2601015274169953,-0.28028537146747085,-0.1802991693839432,-0.2641420699656003,0.6555073745548724,-0.3219558456912637,0.46426108572632085,0.7682004729285836,0.6184970028698443
63,109,0.26628437429713847,3.5363870493561955,2.3048234774636587,1.5343418200719692,-0.5033345483243461,0.1543798837810752,0.1236839154735212,-0.2252257289364934,-0.18091483507305384,-0.3294215518981217,0.2606320818886161,0.12197528220713116
63,111,0.34517308475159325,4.124388614829124,2.3048234774636587,1.7894596506660911,0.07436434924602531,0.05030632577836486,0.49908420909196166,0.17281461134552945,-0.638697389513254,0.3459224216639997,0.1076651094481349,0.3563095480203627
63,112,0.3814096466810906,4.028854487668423,2.3048234774636587,1.7480100003588877,0.05239555612206477,-0.5926634958013891,-0.38923023454844907,0.6474867295473814,-0.03622997924685484,-0.3613502886146305,0.3066084189340472,-0.11470235232263837
63,113,0.49770673616695815,4.306294035242649,2.3048234774636587,1.8683834477343606,-0.8497917782515287,0.07071180827915652,0.24857478868216293,0.01680369395762671,-0.4577505402266978,0.43806858826428663,0.7990399645641446,0.39060649741441006
63,114,0.39999463548289643,3.664562717515052,2.3048234774636587,1.5899537441139384,-0.496984556317329,-0.19868295919150103,-0.013651544228195811,0.4994429023936389,-0.5003219181671739,0.3216984495520593,0.20954868849366903,0.5883408496156334
63,115,0.32197636691253456,4.245043826270172,2.3048234774636587,1.8418086537983498,-0.3374043423682448,0.20041213743388628,0.37415530439466266,0.11845302395522583,0.14013145025819537,-0.010587953962385543,0.701980241574347,0.09378183912485827
63,116,0.26249308034029856,3.9981037166898004,2.3048234774636587,1.7346680801297245,-0.19301252812147113,-0.34171337727457285,0.10639598965644864,0.21716250665485848,0.1994484206661582,-0.1935354545712471,0.08015055116266001,0.5050343088805674
63,117,0.46358298412135823,3.864530094133733,2.3048234774636587,1.6767141310042766,-0.5945285353809594,0.3079815916717049,-0.2772490559145804,0.34006451163440937,-0.6915921727195381,0.5041387742385269,0.5882071638479829,0.0015522260218857609
63,118,0.41066071015512007,4.115176817554588,2.3048234774636587,1.785462903251546,-0.736407805234194,-0.4535994278267025,0.48094134405255357,-0.13479274418205045,-0.2729819752275944,0.12245068885385996,0.42059464287012815,-0.29189383424818527
63,119,0.4319680983616252,3.806210065741703,2.3048234774636587,1.651410662447019,-0.07664442621171459,-0.04082589596509967,-0.1527094459161159,0.7384142000228167,-0.10099673643708229,-0.04620141815394141,0.9286512481048703,0.20475991815328587
63,120,0.33408190769339,3.4810846417873043,2.3048234774636587,1.510347614828213,-0.1256356956437228,-0.2831350965425372,0.5295158894732599,0.3344560610130428,-0.3525077821686864,0.1056643705815078,0.012913675978779682,0.51874325517565
63,121,0.3278687292758795,3.8627850815672846,2.3048234774636587,1.675957017679325,-0.6599641731008886,0.1322154086083172,-0.10803730785846688,0.2076342161744833,-0.02427951712161297,0.283082545734942,0.5204820036888123,0.023212897591292636
63,123,0.4169126246051522,3.4806363296763574,2.3048234774636587,1.510153104439313,-0.2690370259806513,0.009970845654606542,-0.23258122429251604,-0.19070939254015695,-0.5435777604579924,-0.29169840831309535,0.8628906644880772,0.32006188947707404
63,124,0.33250348815359043,4.010959202109332,2.3048234774636587,1.7402457243811091,-0.3821840668097137,-0.5262727933004501,0.0661915643140677,-0.0938007151708008,-0.609273888170719,-0.1009683497250079,0.23955082707107067,-0.09729886241257213
63,127,0.34110741097914,3.8675663047115187,2.3048234774636587,1.6780314599049377,-0.02783953305333825,0.2746464274823666,0.3245121445506813,0.42352175060659647,-0.2922871606424451,-0.20164111163467147,0.6364065706729889,0.1970923040062189
64,65,0.6483589066669191,3.1255758084984753,2.3048234774636587,1.3561020351710462,-0.7850074935704469,0.35235063824802665,-0.3700075587257746,-0.881031126715243,-0.8597835600376128,0.6764712827280163,0.5080566089600325,0.5044624004513025
64,66,0.3370020265519612,4.023282420801634,2.3048234774636587,1.7455924326270105,-0.42047208920121204,0.14521298184990916,-0.12448147311806698,-0.3670961121097206,-0.4108999511227011,0.5581784117966888,0.09705495461821556,0.26571144722402096
64,67,0.517758457018661,3.656800553769748,2.3048234774636587,1.5865859531220463,-0.3937119748443365,0.7303308369591832,-0.7444870425388217,-0.49782945215702046,-0.3326717456802726,0.35268500726670005,0.6051115710288286,-0.22996949777007103
64,68,0.34446513451196636,3.2166752614926697,2.3048234774636587,1.3956276013955125,-0.24150248989462858,0.25686987303197384,-0.44974638707935843,-0.5888477824628353,-0.2688743686303496,0.04342498071491696,0.22657611593604088,0.3878335105255246
64,69,0.5411581466135278,2.849227740224628,2.3048234774636587,1.236202150873636,-0.525838537141681,0.5916358334943652,0.17442104499787098,-0.21565299946814773,-0.5966522013768553,0.8679074672982097,0.7190076727420092,-0.11454177740961313
64,70,0.5032212735950958,3.6815225382796797,2.3048234774636587,1.5973121474495775,-0.6638018861413005,-0.1076905783265828,-0.5751409735530614,-0.7217449666932225,-0.671450175344944,0.48429670929908736,-0.11386510729789734,0.1535127265378834
64,72,0.4016799684617818,4.069266218517448,2.3048234774636587,1.76554354739369,-0.056937650777399665,0.1904480941593648,-0.5260778786614541,-0.31600516382604815,-0.808715279214084,0.2820860259234904,0.16918304096907377,0.33530430309474474
64,73,0.5523126092648666,2.404628434422191,2.3048234774636587,1.0433026467902706,-0.7084612278267739,0.7908695908263327,-0.15581861324608334,-0.6930854544043541,0.08173850644379858,0.5823909724131224,0.6611263053491712,-0.15939391031861305
64,75,0.4528056151657616,3.3456398758047188,2.3048234774636587,1.4515818276401913,-0.1964383190497756,0.42081067059189103,0.21957742609083658,-0.8098748708143829,-0.5239551477134229,-0.11726025585085165,0.3187128836289048,0.5750003028661013
64,76,0.40332602508581267,3.1467594871997013,2.3048234774636587,1.3652930551811935,-0.31739256996661414,-0.058609237894415855,-0.04414975550025721,-0.8988487320020795,-0.5851594544947145,0.19984221272170521,-0.05733586195856333,-0.041083228774368874
64,77,0.4390622967597983,2.4960805003670083,2.3048234774636587,1.0829812021499443,-0.4695875933393835,0.5281469440087677,-0.6680654734373093,-0.029545653611421474,-0.16317391768097872,0.39852266665548064,0.45023246947675943,0.4554274464026094
64,79,0.4582799076341437,4.307665387178531,2.3048234774636587,1.8689784399102436,0.04866488743573436,0.6795650674030185,-0.2935815937817099,-0.4127610372379421,-0.7459560213610529,0.09718588832765807,0.5453228550031781,-0.310084686614573
64,80,0.39208836104296124,4.5387228295675905,2.3048234774636587,1.9692279577793197,0.10189864132553332,0.27915035374462627,-0.16920085344463578,-0.7507071001455187,-0.2996172262355685,0.43287846725434054,0.47136462945491076,0.22367178462445736
64,81,0.48439674979637304,4.03693579923456,2.3048234774636587,1.7515162608795547,-0.8711581053212286,0.6943548312410714,-0.5430917423218488,-0.13142261840403074,-0.44007011782377964,0.22455363161861885,-0.02106709498912096,-0.2816490791738032
64,82,0.4857942599723259,3.2274525357268127,2.3048234774636587,1.400303566535369,-0.5071720285341144,-0.06747107394039631,0.2053411407396198,-0.6175028327852489,-0.888708721846342,0.12386559415608622,0.6262704292312264,-0.0731944739818573
64,84,0.43658914699156104,4.0813398595424575,2.3048234774636587,1.7707819707016197,-0.1549245743080973,0.0398661606013776,-0.6511432556435467,-0.33911244478076696,-0.03281036391854285,0.6085666613653301,0.7603524783626199,0.10362986754626036
64,86,0.4052370051547147,2.644385980245037,2.3048234774636587,1.147326902082345,-0.7655785148963328,0.16784677654504787,-0.27556130941957224,0.027680398896336635,-0.6302412627264856,-0.08337795455008756,0.35275445599108934,0.30685723293572664
64,88,0.4887085862722829,4.496544181296988,2.3048234774636587,1.9509277935007878,-0.09535972587764256,-0.15936762280762173,-0.32464271411299706,-0.5655993539839983,-0.49113845825195296,0.8374582743272184,0.7025741394609213,0.12139955908060074
64,90,0.5056507830180912,2.6159013262188706,2.3048234774636587,1.1349681881484206,-0.5829706434160471,0.2420500833541157,-0.7002213969826698,-0.9323865948244929,0.05257432255893951,0.15428365115076292,0.2930420730262995,0.4182376991957426
64,92,0.40501266003701825,2.4075437249908282,2.3048234774636587,1.0445675117993019,-0.3404939342290162,0.1033541187644006,0.12502829916775224,-0.14827514253556723,-0.716288766823709,0.6385762477293611,0.4134070072323084,0.23725866992026562
64,93,0.4607941254771597,3.476955957269397,2.3048234774636587,1.5085562913024517,-0.4307382106781005,0.7529640877619389,-0.4949582526460291,-0.7792647844180464,-0.1385108744725584,-0.028008181601762994,-0.07853644713759422,-0.2603545943275096
64,97,0.462344385940595,3.586996038981367,2.3048234774636587,1.5562996793700983,-0.802794297225773,0.7227718522772194,0.24179045669734486,0.03981864079833031,-0.6564446222037077,0.13145579677075148,0.1299156853929162,0.13451547361910343
64,98,0.40617835170008404,3.189323070799879,2.3048234774636587,1.3837602323929672,-0.450536402873695,0.023691220209002828,-0.5175290787592531,-0.47752680256962776,-0.6141163418069482,0.028845265507697837,0.4830713300034404,-0.0954225752502682
64,101,0.42292910340152023,3.9698519103939036,2.3048234774636587,1.7224103924707173,-0.5637062722817062,0.4718226091936232,-0.3162904381752015,-0.6364779844880104,-0.42492989543825394,0.3465127693489193,-0.14356547873467207,0.2533366298303008
64,102,0.5166477764554055,2.697511880759259,2.3048234774636587,1.170376780319738,-0.7050362220034001,0.26492834836244616,-0.05317908059805623,-0.11135052889585495,-0.8432950284332037,-0.05278771929442905,0.7564614107832313,0.5164711279794574
64,104,0.47747161592447945,3.8536048431720147,2.3048234774636587,1.6719739628011387,-0.03090967796742898,0.060993758961558675,-0.10177253186702748,-0.643074404448271,-0.7616873206570743,0.8073790501803159,0.28127457574009895,-0.29001943953335296
64,105,0.4268803823911252,4.294107870525734,2.3048234774636587,1.8630962034676866,-0.7541419006884097,0.4132443843409421,-0.7354575982317327,-0.2701909961178899,-0.09016741532832383,0.10006210859864939,-0.21066886745393276,0.20466789230704296
64,106,0.4810462800927048,2.8375192570010013,2.3048234774636587,1.2311221595692643,-0.6396162975579499,0.2141315955668689,0.022708963602781268,-0.791419711895287,-0.18040725030004973,0.2493341527879237,0.6908114179968834,0.444395400583744
64,107,0.4148570535476368,3.6882997142976848,2.3048234774636587,1.600252579150431,-0.174616187810898,0.7994124135002495,-0.3609781069681052,-0.16822468861937512,-0.5708605591207742,0.4237224990501998,0.19886796735227108,-0.06102652661502361
64,108,0.5003812338786379,3.0370091777456167,2.3048234774636587,1.3176753913873227,-0.2721372190862893,0.3217019960284234,-0.5973539073020216,-0.07174323499202723,-0.5072482395917177,0.7331316135823726,0.5703234598040581,0.5860629854723811
64,109,0.4712866393850297,2.485188917839482,2.3048234774636587,1.0782556417614708,-0.4951863959431645,0.6563810491934419,-0.20952792186290017,-0.9524763384833931,-0.3662072289735078,-0.06055102404207002,0.06275506876409054,0.08954126480966795
64,111,0.47654064338921487,4.216961543630199,2.3048234774636587,1.829624517826741,0.08251250162720689,0.5523074911907315,0.1658723717555403,-0.5544359982013702,-0.8239897834137081,0.6147929495200515,-0.09021190367639065,0.3238755306228995
64,112,0.2809061944028827,3.1453266913551547,2.3048234774636587,1.364671404170365,0.06054370850324635,-0.0906623303890225,-0.7224420718848704,-0.07976387999951828,-0.22152237314730883,-0.09247976075857878,0.10873140580952168,-0.14713636972010158
64,113,0.6073728201993126,2.7601313355537345,2.3048234774636587,1.197545652646301,-0.8416436258703471,0.5727129736915231,-0.08463704865425845,-0.710446915589273,-0.6430429341271519,0.7069391161203383,0.6011629514396191,0.35817248001694685
64,114,0.4515502265873541,3.209206018732882,2.3048234774636587,1.3923869008243748,-0.48883640393614747,0.3033182062208656,-0.34686338156461716,-0.22780770715326074,-0.6856143120676279,0.590568977408111,0.011671675369143486,0.5559068322181702
64,115,0.4032272890922074,2.5907357690391017,2.3048234774636587,1.1240495397461305,-0.32925618998706324,0.7024133028462529,0.040943467058241284,-0.6087975855916739,-0.04516094364225863,0.25828257389366616,0.5041032284498215,0.06134782172739506
64,117,0.6166715933997438,3.1762621850413137,2.3048234774636587,1.3780934705405852,-0.5863803829997778,0.8099827570840715,-0.6104608932510017,-0.38718609791249026,-0.8768845666199921,0.7730093020945786,0.39033015072345734,-0.03088179137557745
64,118,0.4763909884534665,2.3937142542370324,2.3048234774636587,1.0385672818949214,-0.7282596528530124,0.04840173758566413,0.14772950671613216,-0.8620433537289501,-0.45827436912804836,0.39132121670991166,0.2227176297456026,-0.3243278516456485
64,119,0.378960533086214,3.3947774499988057,2.3048234774636587,1.4729012799429595,-0.06849627383053301,0.46117526944726694,-0.48592128325253725,0.011163590475917022,-0.2862891303375363,0.2226691097021103,0.7307742349803448,0.17232590075582266
64,120,0.34546020891192786,2.781314414714152,2.3048234774636587,1.2067364125320554,-0.11748754326254122,0.2188660688698294,0.1963040521368385,-0.39279454853385687,-0.5378001760691404,0.3745348984375595,-0.18496333714574587,0.4863092377781868
64,123,0.5645458862927654,4.342706140245499,2.3048234774636587,1.8841816662785937,-0.2608888735994698,0.5119720110669732,-0.5657930616289374,-0.9179600020870566,-0.7288701543584465,-0.022827880457043648,0.6650136513635516,0.2876278720796108
64,124,0.44215539210307053,3.4680133517903333,2.3048234774636587,1.5046763388607556,-0.3740359144285321,-0.024271627888083458,-0.26702027302235365,-0.8210513247177005,-0.7945662820711731,0.1679021781310438,0.041673813946545124,-0.12973287981003534
64,127,0.3788005226938625,3.049194130632432,2.3048234774636587,1.3229621098739914,-0.019691380672156672,0.7766475928947332,-0.008699692785740093,-0.3037288589403032,-0.4775795545428991,0.06722941622138023,0.43852955754846334,0.1646582866087557
65,66,0.3430776885219412,3.6760076088139386,2.3048234774636587,1.5949193700765312,0.3645354043692348,-0.2071376563981175,0.24552608560770767,0.5139350146055224,0.44888360891491164,-0.11829287093132748,-0.4110016543418169,-0.23875095322728151
65,69,0.41789785797567336,2.9479589933802672,2.3048234774636587,1.2790389468890462,0.2591689564287658,0.23928519524633857,0.5444286037236457,0.6653781272470952,0.26313135866075754,0.19143618457019332,0.2109510637819767,-0.6190041778609157
65,77,0.4348172850227349,2.913908328235907,2.3048234774636587,1.264265292647277,0.31541990023106337,0.17579630576074107,-0.29805791471153464,0.8514854731038215,0.696609642356634,-0.2779486160725356,-0.05782413948327303,-0.04903495404869307
65,80,0.40351299717709777,2.5542603231270933,2.3048234774636587,1.1082238393102135,0.8869061348959801,-0.07320028450340038,0.20080670528113886,0.1303240265697243,0.5601663338020442,-0.24359281547367576,-0.03669197950512171,-0.2807906158268451
65,81,0.49932353435823573,4.444972970964211,2.3048234774636587,1.9285524529000713,-0.08615061175078176,0.34200419299304474,-0.17308418359607414,0.7496085083112122,0.4197134422138331,-0.4519176511093974,-0.5291237039491534,-0.7861114796251056
65,82,0.4043185296343812,2.628123314398358,2.3048234774636587,1.1402709752377542,0.2778354650363325,-0.41982171218842296,0.5753486994653945,0.2635282939299941,-0.028925161808729172,-0.55260568857193,0.11821382027119398,-0.5776568744331598
65,86,0.44191670334685224,3.930413969902001,2.3048234774636587,1.705299346493651,0.019428978674114084,-0.18450386170297878,0.09444624930620238,0.9087115256115795,0.22954229731112719,-0.7598492372781038,-0.15530215296894312,-0.19760516751557583
65,89,0.3855087878394046,3.1931673155379525,2.3048234774636587,1.3854281452616368,0.0992203261703255,0.15155512280762184,0.41949218139052424,0.4386384766548875,0.4784278869628904,-0.6694758748635649,-0.3130508568137884,0.11248619109392172
65,93,0.5312166432630431,3.356635773773858,2.3048234774636587,1.4563526476516395,0.3542692828923464,0.4006134495139122,-0.12495069392025449,0.10176634229719661,0.7212726855650544,-0.7044794643297793,-0.5865930560976267,-0.7648169947788122
65,94,0.4033171361269394,3.01442224968938,2.3048234774636587,1.3078755397817272,-0.0376001931726937,-0.3690559761598708,0.12049051094800267,0.5995422992855313,0.6632593795657156,-0.35376292280852784,0.05831450968980789,-0.47039439436048264
65,95,0.3665534455384293,4.194907709085267,2.3048234774636587,1.8200559609456728,0.8108762037008999,0.04386549070477486,-0.2494902815669775,0.2188590271398425,0.3040480837225914,-0.15424989815801385,-0.4336289372295141,0.03209409024566423
65,96,0.421874294392136,3.0012947172300253,2.3048234774636587,1.3021798617448994,0.8224499030038713,-0.22985234763473278,-0.02212361805140939,0.05185615643858921,0.7815666664391755,-0.2134834108874201,0.12991574499756098,0.13449602387845522
65,100,0.5037442193701024,2.5070718514866126,2.3048234774636587,1.0877500494074792,0.5617209738120436,-0.46712315548211353,0.4413065314292911,0.6213335022330286,0.5440647816285489,-0.16242886055260894,-0.15919035207480192,-0.7535207020118833
65,101,0.3375621014730852,3.2303540125983923,2.3048234774636587,1.4015624381582719,0.22130122128874063,0.11947197094559653,0.053717120550573094,0.24455314222723257,0.4348536645993588,-0.329958513379097,-0.6516220876947045,-0.25112577062100166
65,102,0.4032316776786231,3.1331446967005423,2.3048234774636587,1.3593859691799084,0.07997127156704675,-0.08742228988558048,0.3168284781277184,0.769680597819388,0.016488531604409107,-0.7292590020224453,0.2484048018231988,0.012008727528154933
65,104,0.431786547139826,2.5169789183886753,2.3048234774636587,1.0920484553370147,0.7540978156030178,-0.291356879286468,0.26823502685874717,0.23795672226697195,0.09809623938053846,0.13090776745229954,-0.2267820332199335,-0.7944818399846554
65,110,0.49153278448785337,3.148648784028404,2.3048234774636587,1.3661127695095037,-0.09815156087279375,-0.4028936224058269,-0.10195173975080207,0.45762649178504955,0.9577797902747988,-0.3843220239505172,-0.09070012904703617,-0.6839521946385505
65,116,0.5090330641069326,2.8769807898962756,2.3048234774636587,1.2482434416462327,0.6001431178301573,-0.19206285011023289,0.14319171104580192,0.37094302382320177,0.873939586803317,-0.6011362094432117,-0.625783070921898,-0.031862108968198244
65,123,0.338689640511087,2.435864304645801,2.3048234774636587,1.0568550383417414,0.5241186199709771,0.1596213728189465,-0.19578550290316277,-0.03692887537181366,0.13091340567916632,-0.6992991631850599,0.15695704240351915,-0.21683452837169165
65,125,0.46733469691813684,3.0693012372440616,2.3048234774636587,1.3316860346379635,0.37597177457064357,0.021158581599593107,0.48688416462391654,0.6789614921435714,0.9244280969724058,-0.18301955517381432,0.025560480542480973,-0.1365635050460695
66,67,0.4026079725585506,4.009109084543078,2.3048234774636587,1.7394430088654333,0.02676011435687553,0.585117855109274,-0.6200055694207547,-0.13073334004729986,0.07822820544242853,-0.20549340452998877,0.5080566164106131,-0.495680944994092
66,68,0.25404240218168506,3.933023429679919,2.3048234774636587,1.7064315198698046,0.17896959930658346,0.11165689118206468,-0.3252649139612915,-0.22175167035311472,0.14202558249235153,-0.5147534310817719,0.12952116131782532,0.12212206330150366
66,70,0.2698286833731418,2.9803590072727832,2.3048234774636587,1.2930964286048132,-0.2433297969400885,-0.25290356017649196,-0.4506595004349944,-0.3546488545835019,-0.26055022422224283,-0.07388170249760145,-0.2109200619161129,-0.11219872068613757
66,71,0.30891847804762257,3.8003386034186692,2.3048234774636587,1.6488631951982498,0.2836133632808924,0.34980088751763094,-0.07649776805192221,0.26823479402810324,0.34866041596978903,-0.36549666244536627,0.2815114874392748,0.38528610300272703
66,72,0.2604378833038094,4.583664746679962,2.3048234774636587,1.988727028988811,0.3635344384238124,0.04523511230945565,-0.4015964055433871,0.05109094828367239,-0.39781532809138287,-0.2760923858731984,0.07212808635085821,0.06959285587072378
66,73,0.41067493532207405,3.985867767184299,2.3048234774636587,1.729359235602088,-0.28798913862556186,0.6456566089764235,-0.03133714012801636,-0.3259893422946335,0.4926384575664997,0.024212560616433676,0.5640713507309556,-0.425105357542634
66,76,0.27796439108996573,4.344126296612576,2.3048234774636587,1.8847978333651247,0.1030795192345979,-0.20382221974432502,0.08033171761780977,-0.5317526198923589,-0.17425950337201335,-0.3583361990749836,-0.1543908165767789,-0.30679467599838983
66,77,0.3174230795610689,3.0044050294459987,2.3048234774636587,1.3035293413238718,-0.04911550413817145,0.38293396215885855,-0.5435840003192423,0.3375504584982991,0.2477260334417224,-0.15965574514120817,0.3531775148585439,0.18971599917858845
66,81,0.38097965267737094,3.5800306153876256,2.3048234774636587,1.5532775721840824,-0.4506860161200166,0.5491418493911622,-0.4186102692037818,0.23567349370568982,-0.029170166701078526,-0.33362478017806996,-0.11812204960733652,-0.5473605263978242
66,84,0.34847774486799576,4.601305274779429,2.3048234774636587,1.9963807726581007,0.26554751489311473,-0.10534682124853156,-0.5266617825254798,0.027983667328953632,0.3780895872041583,0.0503882495686413,0.6632975237444043,-0.1620815796777606
66,90,0.3752378549489587,3.9427728028838818,2.3048234774636587,1.7106615068077593,-0.16249855421483506,0.09683710150420655,-0.5757399238646028,-0.5652904827147723,0.4634742736816406,-0.4038947606459259,0.19598711840808392,0.15252625197172165
66,91,0.3045083096386425,3.845355902310313,2.3048234774636587,1.6683949725043292,0.1853065155446531,0.4960932536050674,0.04838560242205858,0.30761176254600286,-0.36475351452827454,-0.10239294730126841,-0.3115812763571739,-0.35181950964033626
66,93,0.4186274015147536,3.6223199435228377,2.3048234774636587,1.5716257574350192,-0.010266121476888435,0.6077511059120297,-0.37047677952796215,-0.41216867230832577,0.2723890766501427,-0.5861865933984518,-0.17559140175580978,-0.5260660415515306
66,94,0.2706964502030382,4.5613707248408195,2.3048234774636587,1.979054261396355,-0.4021355975419285,-0.1619183197617533,-0.125035574659705,0.08560728468000883,0.214375770650804,-0.23547005187720038,0.4693161640316248,-0.23164344113320112
66,95,0.2937841469137486,4.429655496979485,2.3048234774636587,1.921906619006717,0.446340799331665,0.25100314710289234,-0.49501636717468517,-0.29507598746567987,-0.14483552519232024,-0.03595702722668637,-0.02262728288769722,0.27084504347294575
66,98,0.31290367221030857,3.7092423782818407,2.3048234774636587,1.6093390294529948,-0.030064313672482967,-0.12152176164090633,-0.3930476056411862,-0.11043069045990717,-0.20321639068424702,-0.529333146288991,0.3860163753852248,-0.36113402247428916
66,104,0.3089210837137702,3.238241308334591,2.3048234774636587,1.404984520505714,0.38956241123378305,-0.08421922288835049,0.022708941251039505,-0.2759782923385504,-0.3507873695343732,0.249200638383627,0.1842196211218834,-0.5557308867573739
66,105,0.3494672688221378,4.4094563782235365,2.3048234774636587,1.9131427726846655,-0.33366981148719765,0.2680314024910329,-0.6109761251136658,0.09690511599183066,0.3207325357943773,-0.4581163031980394,-0.3077238220721483,-0.06104355491697799
66,107,0.30510078318843703,2.7465097379380787,2.3048234774636587,1.1916356132229586,0.24585590139031405,0.6541994316503403,-0.23649663385003822,0.19887142349034545,-0.159960607998073,-0.134455912746489,0.10181301273405552,-0.32673797383904457
66,108,0.30217814870026916,2.768019566365332,2.3048234774636587,1.2009681406974375,0.14833487011492275,0.17648901417851426,-0.4728724341839547,0.2953528771176933,-0.09634828846901655,0.17495320178568372,0.4732685051858425,0.32035153824836016
66,109,0.35948120571613656,3.956381690351917,2.3048234774636587,1.7165660316449545,-0.07471430674195245,0.5111680673435326,-0.08504644874483319,-0.5853802263736725,0.04469272214919329,-0.6187294358387588,-0.03429988585412502,-0.176170182414353
66,110,0.3547631535633444,4.103857230057271,2.3048234774636587,1.7805516431884656,-0.46268696524202857,-0.1957559660077094,-0.34747782535850974,-0.05630852282047283,0.5088961813598871,-0.2660291530191897,0.32030152529478073,-0.44520124141126893
66,112,0.41184487884894116,4.181903060795056,2.3048234774636587,1.8144135989958885,0.48101579770445835,-0.23587531223893166,-0.5979605987668035,0.2873322321102023,0.18937757797539229,-0.6506581725552676,0.011676451191306114,-0.41284781694412254
66,113,0.3198267275981681,4.033107621168284,2.3048234774636587,1.7498553189012611,-0.4211715366691351,0.42749999184161397,0.039844424463808537,-0.3433508034795524,-0.2321429830044507,0.14876070432364952,0.5041079968214035,0.09246103279292589
66,115,0.3232129474014204,4.270796196105945,2.3048234774636587,1.8529819041958646,0.0912158992141488,0.5572003209963438,0.16542494017630827,-0.24170147348195326,0.3657390074804425,-0.29989583790302266,0.4070482738316059,-0.2043636254966259
66,116,0.2714317600113206,3.6244000027216554,2.3048234774636587,1.5725282383491355,0.23560771346092246,0.015074806287884601,-0.10233437456190575,-0.1429919907823206,0.4250559778884053,-0.4828433385118842,-0.2147814165800811,0.20688884425908327
66,117,0.3780370159584636,3.6333642908581187,2.3048234774636587,1.57641759830408,-0.16590829379856575,0.6647697752341624,-0.48597942013293477,-0.020089985802769716,-0.465984615497291,0.21483089029788982,0.2932751961052418,-0.2965932385995984
66,118,0.31960920122233566,3.7568525002343467,2.3048234774636587,1.6299957619177727,-0.3077875636518004,-0.09681124426424503,0.2722109798341992,-0.49494724161922954,-0.04737441800534725,-0.16685719508677715,0.12566267512738705,-0.5900392988696694
66,119,0.3598356596733482,3.902088013827471,2.3048234774636587,1.6930094872695072,0.351975815370679,0.3159622875973578,-0.3614398101344703,0.37825970258563757,0.12461082078516483,-0.3355093020945785,0.6337192803621292,-0.0933855464681983
66,122,0.2595719712169259,3.3202743695415937,2.3048234774636587,1.4405764267879584,-0.11736763361841396,-0.2804200537502768,-0.053756446577608585,0.32626623194664706,0.2918130587786436,0.1254952447488905,0.060390361584722996,-0.48241058737039577
66,124,0.2992141111292392,4.24144327944411,2.3048234774636587,1.8402464748023146,0.04643617477267992,-0.16948460973799262,-0.1425387999042867,-0.4539552126079799,-0.3836663309484719,-0.390276233665645,-0.05538114067167044,-0.3954443270340563
66,127,0.34442876717670595,4.240924091660326,2.3048234774636587,1.8400212133934213,0.40078070852905534,0.6314346110448241,0.11578178033232689,0.06336725316941738,-0.06667960342019796,-0.4909489955753086,0.3414746029302478,-0.10105316061526526
67,69,0.4065318408757801,3.926111177351662,2.3048234774636587,1.703432482244648,-0.13212656229734454,-0.138695003464818,0.9189080875366927,0.2821764526888727,-0.2639804556965826,0.5152224600315096,0.11389610171318054,0.1154277203604579
67,71,0.43331342972305564,2.5451983453472047,2.3048234774636587,1.1042920944852863,0.2568532489240169,-0.2353169675916431,0.5435078013688326,0.3989681340754031,0.2704322105273605,-0.1600032579153775,-0.22654512897133827,0.880967047996819
67,73,0.30000139802317227,2.508346787439213,2.3048234774636587,1.0883032093197529,-0.3147492529824374,0.06053875386714949,0.5886684292927384,-0.19525600224733364,0.4144102521240712,0.22970596514642244,0.05601473432034254,0.07057558745145798
67,75,0.5182845200681837,2.8076601706746187,2.3048234774636587,1.2181671169734467,0.1972736557945609,-0.3095201663672922,0.9640644686296583,-0.31204541865736246,-0.19128340203315025,-0.4699452631175517,-0.2863986873999238,0.8049698006361723
67,76,0.47973501262783996,2.595341185796722,2.3048234774636587,1.1260477043789763,0.07631940487772237,-0.7889400748535991,0.7003372870385645,-0.40101927984505903,-0.2524877088144419,-0.15284279454499483,-0.662447432987392,0.18888626899570216
67,77,0.31550604593025783,2.699323690577483,2.3048234774636587,1.171162875149099,-0.07587561849504698,-0.2021838929504155,0.07642156910151243,0.468283798545599,0.16949782799929386,0.045837659388780594,-0.1548791015520692,0.6853969441726804
67,80,0.36662263726857897,2.5819099669359766,2.3048234774636587,1.1202202651012725,0.4956106161698698,-0.45118048321455695,0.5752861890941859,-0.2528776479884982,0.033054519444704056,0.08019345998764049,-0.13374694157391787,0.4536412823945284
67,81,0.3214781633213583,4.146334414505313,2.3048234774636587,1.7989813341662693,-0.4774461304768921,-0.03597600571811181,0.20139530021697294,0.36640683375298966,-0.10739837214350706,-0.1281313756480812,-0.6261786660179496,-0.05167958140373219
67,82,0.4940164365488937,3.7498489406069053,2.3048234774636587,1.626957108547603,-0.11346005368977785,-0.7978019108995795,0.9498281832784415,-0.11967338062822841,-0.5560369761660693,-0.22881941311061382,0.021158858202397823,0.15677502378821373
67,85,0.4494496741826546,2.957457645854708,2.3048234774636587,1.2831601529455263,-0.23445251118391752,-0.29284679144620895,0.7135667940601704,0.03158664889633633,-0.3721243338659404,-0.03868490736931551,-0.3528157649561763,0.837069627828896
67,88,0.4263970302557222,2.905286701591718,2.3048234774636587,1.2605246041613731,0.29835224896669393,-0.889698459766805,0.41984432842582464,-0.06776990182697784,-0.15846671257168038,0.48477326706051843,0.09746256843209267,0.35136905685067177
67,89,0.4713503121206028,3.9176994278248394,2.3048234774636587,1.6997828537116728,-0.29207519255578485,-0.22642507590353472,0.7939716652035713,0.05543680209666496,-0.048683927394449766,-0.34568959940224864,-0.41010581888258457,0.8469180893152952
67,91,0.4431873792369537,2.6541792518986504,2.3048234774636587,1.1515759353594577,0.15854640118777757,-0.08902460150420667,0.6683911718428133,0.4383451025933027,-0.44298171997070307,0.10310045722872035,-0.819637892767787,0.14386143535375573
67,92,0.46879176221847035,3.2887962488351157,2.3048234774636587,1.4269189293638527,0.05321804061532032,-0.6269767181947826,0.869515341706574,0.3495543096214532,-0.3836170211434364,0.28589124046266096,-0.19170456379652023,0.46722816769033665
67,93,0.3150946850168243,2.7102651459296756,2.3048234774636587,1.1759100739949877,-0.037026235833763965,0.022633250802755675,0.2495287898927926,-0.2814353322610259,0.1941608712077142,-0.38069318886846304,-0.6836480181664228,-0.030385096557438596
67,94,0.3749107435220816,3.8869964825746526,2.3048234774636587,1.686461683760743,-0.42889571189880404,-0.7470361748710274,0.49496999476104975,0.2163406247273087,0.13614756520837545,-0.029976647347211616,-0.038740452378988266,0.26403750386089087
67,95,0.3996872056484204,3.607764164055507,2.3048234774636587,1.565310402003397,0.41958068497478945,-0.3341147080063817,0.12498920224606958,-0.16434264741838,-0.22306373063474877,0.1695363773033024,-0.5306838992983103,0.7665259884670377
67,96,0.4503232969954027,2.9887999078752463,2.3048234774636587,1.2967587049938718,0.43115438427776104,-0.6078325463458893,0.3523558657616377,-0.3313455181196333,0.25445485208183527,0.11030286457389615,0.03286078292876482,0.8689279220998287
67,100,0.44127765733757446,3.4212708230766604,2.3048234774636587,1.4843960314225866,0.1704254550859332,-0.8451033541932701,0.8157860152423382,0.23813182767480617,0.016952967271208763,0.1613574149087073,-0.2562453141435981,-0.0190888037905097
67,101,0.37097036826175783,2.863908882920964,2.3048234774636587,1.2425718979887128,-0.1699942974373697,-0.25850822776556004,0.42819660436362017,-0.13864853233098995,-0.09225814975798136,-0.006172237917780765,-0.7486770497635007,0.48330612760037184
67,102,0.4932062918123517,4.194090947535007,2.3048234774636587,1.8197015904013574,-0.3113242471590636,-0.46540248859673705,0.6913079619407655,0.3864789232611655,-0.5106232827529311,-0.4054727265611291,0.15134983975440264,0.7464406257495284
67,105,0.39676636879362415,4.5608206507507605,2.3048234774636587,1.9788155992621665,-0.3604299258440732,-0.31708645261824114,0.009029444307088963,0.22763845603913052,0.24250433035194877,-0.25262289866805065,-0.8157804384827614,0.434637390077114
67,106,0.43267971710796616,2.776024860704739,2.3048234774636587,1.204441419418208,-0.2459043227136134,-0.5161992413923143,0.767196006141603,-0.2935902597382666,0.15226449538022285,-0.10335085447877634,0.08569984696805477,0.6743648983538151
67,110,0.3801434679789247,3.7699460575115977,2.3048234774636587,1.6356766990503897,-0.4894470795989041,-0.7808738211169834,0.272527744062245,0.07442481722682703,0.43066797591745853,-0.06053574848920096,-0.18775509111583233,0.050479703582823054
67,111,0.5233012594845468,2.352180198467014,2.3048234774636587,1.0205467887091593,0.47622447647154337,-0.17802334576845175,0.9103594142943621,-0.05660654604434978,-0.49131803773343546,0.2621079422533514,-0.6953234747052193,0.5538450283929706
67,113,0.3990374639190023,2.358739419941723,2.3048234774636587,1.0233926558824349,-0.4479316510260106,-0.15761786326766009,0.6598499938845632,-0.21261746343225252,-0.3103711884468792,0.3542541088536383,-0.003948619589209557,0.5881419777870178
67,116,0.4808861297118903,2.9402685326006215,2.3048234774636587,1.2757022658569228,0.20884759910404693,-0.5700430488213895,0.517671194858849,-0.012258650735020749,0.3468277724459768,-0.27734993398189545,-0.7228380329906942,0.7025697892531753
67,118,0.45799140047458475,2.9148520532362716,2.3048234774636587,1.2646747491673065,-0.3345476780086759,-0.6819290993735191,0.8922165492549539,-0.3642139015719297,-0.12560262344777579,0.03863620944321161,-0.382393941283226,-0.09435835387557745
67,124,0.4297178819554615,2.5636182212240723,2.3048234774636587,1.112283975884003,0.019676060415804386,-0.7546024648472667,0.47746676951646805,-0.32322187256068,-0.46189453639090045,-0.18478282913565625,-0.5634377570822835,0.10023661796003569
67,125,0.4326099950501173,3.935544255496286,2.3048234774636587,1.7075252373891787,-0.015323744155466779,-0.35682161711156346,0.8613636484369636,0.29575981758534886,0.39731628261506563,0.14076672028750192,-0.07149448152631518,0.5978683931753039
68,69,0.50048151960856,3.865974624803639,2.3048234774636587,1.677340873435543,-0.28433604724705247,0.3347659604623914,0.6241674320772295,0.37319478299468756,-0.3277778327465056,0.8244824865832927,0.4924315568059683,-0.5023752879351377
68,70,0.3301265257747093,2.3711359844536664,2.3048234774636587,1.028771186877609,-0.42229939624667195,-0.36456045135855664,-0.12539458647370294,-0.1328971842303872,-0.40257580671459436,0.4408717285841704,-0.3404412232339382,-0.23432078398764122
68,71,0.2566531260540398,2.5629925170441923,2.3048234774636587,1.112012499918057,0.10464376397430897,0.23814399633556627,0.24876714590936927,0.48998646438121796,0.2066348334774375,0.14925676863640558,0.15199032612144947,0.2631640397012234
68,73,0.4333258928964022,2.9607374714518384,2.3048234774636587,1.2845831797539566,-0.4669587379321453,0.5339997177943588,0.2939277738332751,-0.10423767194151878,0.3506128750741482,0.5389659916982055,0.4345501894131303,-0.5472274208441377
68,75,0.2872632169466147,2.6785785454340294,2.3048234774636587,1.1621621228805206,0.04506417084485298,0.1639407975599172,0.6693238131701951,-0.2210270883515476,-0.25508077908307325,-0.1606852365657686,0.09213676769286394,0.18716679234057665
68,77,0.2911087028488621,2.6704443808298337,2.3048234774636587,1.1586329308691885,-0.2280851034447549,0.2712770709767939,-0.21831908635795083,0.5593021288514138,0.10570045094937086,0.3550976859405637,0.22365635354071856,0.06759393587708479
68,81,0.4149488054725809,4.252515003891209,2.3048234774636587,1.845050193852974,-0.6296556154266,0.43748495820909755,-0.09334535524249032,0.4574251640588045,-0.17119574919343006,0.1811286509037019,-0.24764321092516184,-0.6694825896993278
68,82,0.4136281238857163,3.1954874267649584,2.3048234774636587,1.386434778198906,-0.2656695386394858,-0.32434094697237015,0.6550875278189783,-0.028655050322413556,-0.6198343532159923,0.08044061344116926,0.39969431329518557,-0.4610279845073819
68,85,0.29252228118685236,2.986035110895214,2.3048234774636587,1.2955591350454285,-0.38666199613362545,0.18061417248100042,0.4188261386007072,0.12260497920215119,-0.4359217109158634,0.27057511918246757,0.02571969013661146,0.2192666195333004
68,88,0.3853981941797372,2.4891812149599954,2.3048234774636587,1.0799877905180024,0.146142764016986,-0.4162374958395956,0.12510367296636138,0.023248428478837013,-0.22226408962160338,0.7940332936123015,0.4759980235248804,-0.2664339514449239
68,89,0.27307642643200947,3.7629412968174054,2.3048234774636587,1.632637524570138,-0.4442846775054928,0.24703588802367465,0.49923100974410806,0.14645513240247982,-0.11248130444437276,-0.03642957285046555,-0.03157036378979683,0.22911508101969957
68,91,0.42037632286304866,2.9023847609502447,2.3048234774636587,1.2592655313213712,0.006336916238069645,0.3844363624230027,0.37365051638335006,0.5293634328991176,-0.5067790970206261,0.41236048378050344,-0.44110243767499924,-0.4739415729418399
68,92,0.38239374713248414,3.0981946030155183,2.3048234774636587,1.3442220774429652,-0.09899144433438761,-0.15351575426757325,0.5747746862471107,0.44057263992726803,-0.4474143981933594,0.5951512670144441,0.1868308912962675,-0.150574840605259
68,93,0.3270246947931706,3.138752664690139,2.3048234774636587,1.3618191134291018,-0.1892357207834719,0.49609421472996507,-0.04521186556667067,-0.19041700195521105,0.1303634941577912,-0.07143316231667995,-0.3051125630736351,-0.6481881048530342
68,94,0.3299493129685236,3.7137021670360957,2.3048234774636587,1.611274010069889,-0.5811051968485119,-0.273575210943818,0.20022933930158648,0.30735895503312355,0.07235018815845246,0.27928337920457147,0.3397950027137995,-0.3537655044347048
68,96,0.2742345091500731,2.5358112845829144,2.3048234774636587,1.1002193050261038,0.2789448993280531,-0.13437158241867997,0.057615210302174424,-0.24032718781381845,0.1906574750319123,0.41956289112567924,0.41139623802155256,0.2511249138042331
68,100,0.3812051965593199,2.8498634210747307,2.3048234774636587,1.2364779554444927,0.01821597013622528,-0.3716423902660607,0.5210453597828749,0.329150157980621,-0.046844409778714236,0.4706174414604904,0.12229014094918966,-0.6368918120861053
68,102,0.393182488790532,4.063094456896334,2.3048234774636587,1.7628657884757244,-0.4635337321087715,0.008058475330472326,0.39656730648130223,0.47749725356698036,-0.5744206598028541,-0.09621270000934601,0.5298852948471904,0.1286376174539328
68,105,0.30213861793025276,4.448223301280481,2.3048234774636587,1.929962682511168,-0.5126394107937811,0.15637451130896823,-0.2857112111523743,0.3186567863449454,0.17870695330202577,0.05663712788373243,-0.43724498338997364,-0.18316561821848165
68,106,0.2944293825459214,2.5623272600653064,2.3048234774636587,1.1117238630721593,-0.39811380766332133,-0.042738277465104946,0.47245535068213973,-0.20257192943245173,0.08846711833029985,0.20590917207300674,0.4642353020608425,0.05656189005821938
68,107,0.3394286958241762,2.5605844075636357,2.3048234774636587,1.110967686940359,0.06688630208373059,0.5425425404682757,0.08876828011125326,0.4206230938434602,-0.3019861904904245,0.38029751833528286,-0.0277081485837698,-0.44886003714054823
68,110,0.36891756231113704,3.5932574159167223,2.3048234774636587,1.5590163199269906,-0.6416565645486121,-0.30741285718977407,-0.02221291139721826,0.1654431475326419,0.3668705988675356,0.24872427806258213,0.1907803639769554,-0.5673233047127726
68,111,0.40489188065295434,2.429005882338005,2.3048234774636587,1.0538793560932496,0.32401499152183544,0.29543761815875763,0.6156187588348987,0.03441178426146507,-0.5551154147833585,0.5713679688051345,-0.3167880196124315,-0.06395797990262514
68,113,0.40765574061622956,2.7269912061046733,2.3048234774636587,1.1831670549909483,-0.6001411359757185,0.3158431006595493,0.3651093384251,-0.12159913312643766,-0.3741685654968022,0.6635141354054214,0.3745868355035782,-0.029661030508577768
68,114,0.30654071000196936,2.6244641478454556,2.3048234774636587,1.138683362742185,-0.2473339140415189,0.046448333188891744,0.10288300551474128,0.36104007530957455,-0.41673994343727827,0.547143996693194,-0.2149044405668974,0.16807332169264555
68,115,0.3014983151623188,2.400081880105606,2.3048234774636587,1.0413300209640237,-0.08775370009243466,0.4455434298142791,0.49068985413759975,-0.01994980312883854,0.22371342498809096,0.2148575931787492,0.2775271125137806,-0.32648568879812956
68,118,0.41474353640338546,2.6144183204957914,2.3048234774636587,1.1343247524417037,-0.48675716295838384,-0.2084681354463097,0.5974758937954906,-0.2731955712661148,-0.18940000049769878,0.3478962359949947,-0.0038584861904382706,-0.7121613621711731
68,121,0.30508286612677177,4.549445342639129,2.3048234774636587,1.97388016354535,-0.41031353082507843,0.37734670098871,0.008497241884470208,0.06923138909041893,0.05930245760828262,0.5085280928760767,0.09602887462824583,-0.3970546303316952
68,125,0.3392568262956636,3.7729409818319595,2.3048234774636587,1.6369761149708044,-0.1675332291051747,0.11663934681564592,0.5666229929775004,0.3867781478911637,0.33351890556514263,0.450026746839285,0.30704097356647253,-0.019934615120291654
69,70,0.5296633188004645,4.592896281384258,2.3048234774636587,1.9927323399354242,-0.13796334899961948,-0.699326411820948,-0.7495620185509324,-0.5060919672250748,-0.07479797396808874,-0.38361075799912225,-0.8328727800399065,0.2680545039474965
69,72,0.47095847406786495,4.230552396262253,2.3048234774636587,1.835521217840839,0.4689008863642814,-0.4011877393350004,-0.7004989236593251,-0.10035216435790045,-0.21206307783722878,-0.5858214413747191,-0.5498246317729354,0.44984608050435787
69,75,0.5128802216535796,2.6806419194492657,2.3048234774636587,1.163057364548879,0.32940021809190545,-0.17082516290247418,0.0451563810929656,-0.5942218713462352,0.07269705366343238,-0.9851677231490612,-0.40029478911310434,0.6895420802757144
69,76,0.5043989848971447,3.3409165494769013,2.3048234774636587,1.4495325052630106,0.20844596717506692,-0.6502450713887811,-0.21857080049812821,-0.6831957325339317,0.011492746882140747,-0.6680652545765045,-0.7763435347005725,0.07345854863524426
69,77,0.441155446694721,3.3535756584443623,2.3048234774636587,1.4550249471316572,0.05625094380229756,-0.0634888894855975,-0.8424865184351803,0.18610734585672625,0.4334782836958765,-0.46938480064272897,-0.26877520326524973,0.5699692238122225
69,79,0.4000579038856585,4.062433282535106,2.3048234774636587,1.7625789229661994,0.5745034245774154,0.08792923390865326,-0.4680026387795809,-0.19710803776979435,-0.14930381998419762,-0.7707215789705515,-0.17368481773883102,-0.19554290920495987
69,84,0.44346774400522065,4.413373571579465,2.3048234774636587,1.9148423359675937,0.37091396283358374,-0.5517696728929876,-0.8255643006414177,-0.12345944531261921,0.5638418374583124,-0.2593408059328795,0.041344805620610714,0.2181716449558735
69,90,0.5916328480867826,3.917763214621043,2.3048234774636587,1.699810529061576,-0.057132106274366046,-0.3495857501402495,-0.8746424419805409,-0.7167335953563452,0.6492265239357947,-0.7136238161474466,-0.4259655997157097,0.5327794766053557
69,97,0.37394863041918214,2.6117086357099786,2.3048234774636587,1.1331490941701234,-0.27695576008409195,0.13113601878285416,0.06736941169947386,0.25547164026647806,-0.05979242082685243,-0.7364516705274582,-0.589091987349093,0.24905725102871656
69,98,0.45221209543947277,3.4449754072106606,2.3048234774636587,1.4946808034954944,0.07530213426798604,-0.5679446132853624,-0.6919501237571242,-0.26187380310148,-0.017464140430092923,-0.8390622017905118,-0.23593634273856878,0.019119202159344928
69,100,0.3468371363642409,2.631089377891151,2.3048234774636587,1.141557869232802,0.30255201738327775,-0.7064083507284521,-0.10312207229435454,-0.04404462501406653,0.2809334229677914,-0.35386504512280226,-0.3701414158567786,-0.1345165241509676
69,107,0.34036829914125977,3.764251432017408,2.3048234774636587,1.6332059564751464,0.35122234933078306,0.20777658000588423,-0.5353991519659762,0.04742831084877261,0.025791642256081104,-0.4441849682480098,-0.5201397053897381,0.05351525079458952
69,108,0.40197743418922643,3.4771615419212187,2.3048234774636587,1.508645488871737,0.25370131805539176,-0.2699338374659418,-0.7717749522998927,0.1439097644761205,0.08940396178513754,-0.13477585371583709,-0.1486842129379511,0.7006047628819942
69,109,0.5102590472720848,2.892174446840917,2.3048234774636587,1.2548355547053036,0.030652141198516558,0.0647452156990766,-0.3839489668607712,-0.7368233390152453,0.23044497240334738,-0.9284584913402796,-0.6562526039779186,0.20408304221928109
69,110,0.48865702717172016,2.6212595576691355,2.3048234774636587,1.1372929785294008,-0.35732051730155956,-0.6421788176521654,-0.6463803434744477,-0.20775163546204567,0.6946484316140412,-0.5757582085207105,-0.30165119282901287,-0.06494801677763484
69,111,0.4256289609334193,3.7881216962141426,2.3048234774636587,1.6435626126052736,0.608351038768888,-0.039328342303633745,-0.008548673242330704,-0.3387829987332225,-0.22733758203685284,-0.2531145177781582,-0.8092195764183998,0.4384173080325126
69,112,0.6193514522195663,4.404828806479226,2.3048234774636587,1.9111349956077837,0.5863822456449274,-0.6822981638833877,-0.8968631168827415,0.13588911946862944,0.3751298282295464,-0.9603872280567884,-0.6102762669324875,-0.032594592310488446
69,114,0.4169888860626631,3.3011440067241726,2.3048234774636587,1.4322762844974637,0.03700213320553358,-0.28831762727349963,-0.5212844265624882,-0.012154707685113009,-0.08896211069077264,-0.2773384898900986,-0.7073359973728657,0.6704486096277833
69,116,0.5696627403244158,3.9063014629945068,2.3048234774636587,1.6948375878629949,0.3409741614013915,-0.43134804535657145,-0.40123689267784374,-0.29443510342389345,0.6108082281425594,-0.7925723940134051,-0.8367341347038747,0.5871420688927174
69,117,0.33529235415240005,2.7411855253066366,2.3048234774636587,1.1893255826789704,-0.06054184585809674,0.2183469235897063,-0.7848819382488728,-0.17153309844434256,-0.2802323652431369,-0.09489816520363097,-0.3286775220185518,0.08365998603403568
69,119,0.4044701706053674,3.190854677866396,2.3048234774636587,1.3844247548960973,0.457342263311148,-0.13046056404709827,-0.6603423282504083,0.22681658994406476,0.3103630710393189,-0.6452383575960994,0.01176656223833561,0.2868676781654358
69,120,0.46939208128490917,3.0297566848619657,2.3048234774636587,1.314528732671562,0.4083509938791398,-0.3727697646245358,0.021883007138967514,-0.17714154906570911,0.05885202530771483,-0.4933725688606501,-0.903971009887755,0.6008510151877999
69,124,0.49395760455497817,3.5309685886814375,2.3048234774636587,1.5319908978743524,0.15180262271314893,-0.6159074613824487,-0.4414413180202247,-0.6053983252495527,-0.19791408069431782,-0.7000052891671658,-0.677333858795464,-0.015191102400422207
69,127,0.3780854966633534,2.8233481483738267,2.3048234774636587,1.2249737023161436,0.5061471564695244,0.18501175940036801,-0.1831207377836111,-0.08807585947215546,0.11907264683395613,-0.8006780510768294,-0.2804781151935458,0.27920006401836883
70,71,0.5141813464930648,3.2466449284279535,2.3048234774636587,1.4086306218993923,0.5269431602209809,0.6027044476941229,0.3741617323830722,0.6228836486116052,0.6092106401920319,-0.2916149599477648,0.4924315493553877,0.4974848236888646
70,72,0.31565371530015957,2.6289534024464825,2.3048234774636587,1.1406311277857653,0.6068642353639009,0.2981386724859476,0.04906309489160732,0.4057398028671743,-0.13726510386914004,-0.20221068337559694,0.2830481482669711,0.18179157655686135
70,73,0.5316831024894009,3.450887766560139,2.3048234774636587,1.4972460148478122,-0.044659341685473364,0.8985601691529155,0.41932236030697806,0.028659512288868427,0.7531886817887425,0.09809426311403513,0.7749914126470685,-0.31290663685649645
70,75,0.48547496709608984,3.615951652626344,2.3048234774636587,1.5688627298284532,0.46736356709152493,0.5285012489184738,0.794718399643898,-0.0881299041211604,0.14749502763152111,-0.6015569651499391,0.43257799092680216,0.42148757632821787
70,76,0.26578877896213804,2.6076868013958032,2.3048234774636587,1.1314041300314375,0.3464093161746864,0.04908134043216694,0.5309912180528042,-0.17710376530885696,0.08629072085022949,-0.28445449657738214,0.05652924533933401,-0.19459595531225227
70,77,0.44789004129614635,3.030599797996291,2.3048234774636587,1.3148945364489746,0.19421429280191704,0.6358375223353505,-0.09292449988424789,0.692199313081801,0.5082762576639652,-0.08577404264360672,0.5640975767746568,0.301914719864726
70,79,0.5131988342873669,3.0961282554752483,2.3048234774636587,1.3433255456432527,0.7124667735770349,0.7872556457296013,0.2815593797713515,0.3089839294552804,-0.07450584601610888,-0.3871108209714293,0.6591879623010755,-0.4635974131524564
70,80,0.4168166723282199,3.0199004056065366,2.3048234774636587,1.3102523621157243,0.7657005274668338,0.38684093207120906,0.4059401201084256,-0.028962133452296146,0.3718329491093754,-0.05141824204474682,0.5852297367528081,0.07015905808657397
70,81,0.41151572485347576,4.130442529828663,2.3048234774636587,1.7920862791514105,-0.20735621917992808,0.8020454095676541,0.032049231231212616,0.5903223482891917,0.2313800575211643,-0.2597430776804685,0.09279801230877638,-0.4351618057116866
70,82,0.4216749201149297,4.082614103946741,2.3048234774636587,1.7713348305699537,0.15662985760718617,0.04021950438618649,0.7804821142926812,0.10424213390797366,-0.21725854650139798,-0.36043111514300114,0.7401355365291238,-0.2267072005197407
70,84,0.4504111482626549,2.3839312351470405,2.3048234774636587,1.034322696925335,0.5088773118332033,0.1475567389279604,-0.07600228209048532,0.38263252191245556,0.6386398114264011,0.12426995206624275,0.8742175856605172,-0.049882858991623036
70,85,0.35879506328449273,3.573557124623635,2.3048234774636587,1.5504689012262898,0.0356374001130465,0.5451746238395571,0.5442207250744102,0.2555021634325384,-0.03334590420126904,-0.17029660940170283,0.3661609133705497,0.4535874035209416
70,88,0.3933458310362426,2.6816227454859534,2.3048234774636587,1.1634829181959494,0.568442160263658,-0.051677044481038936,0.2504982594400643,0.15614561270922422,0.180311717092991,0.3531615650281311,0.8164392467588186,-0.032113167457282654
70,89,0.4279126149963111,4.5464195537135215,2.3048234774636587,1.9725673563151247,-0.02198528125882082,0.6115963393822312,0.624625596217811,0.279352316632867,0.2900945022702216,-0.47730130143463595,0.3088708594441414,0.4634358650073408
70,91,0.43468127324863615,3.301929921336023,2.3048234774636587,1.4326172713971264,0.4286363124847416,0.7489968137815594,0.499045102857053,0.6622606171295048,-0.1042032903060317,-0.028511244803666957,-0.10066121444106102,-0.2396207889541987
70,92,0.39984598389254256,3.3376102470672158,2.3048234774636587,1.4480979908882594,0.32330795191228434,0.2110446970909834,0.7001692727208136,0.5734698241576552,-0.04483859147876501,0.15427953843027364,0.5272721145302057,0.08374594338238223
70,93,0.4364341018996757,3.246610711616375,2.3048234774636587,1.4086157761587474,0.23306367546320006,0.8606546660885217,0.08018272090703227,-0.05751981772482384,0.5329393008723855,-0.5123048909008503,0.035328660160303116,-0.413867320865393
70,94,0.36435008320815526,3.919340628329424,2.3048234774636587,1.700494925816384,-0.15880580060184002,0.09098524041473866,0.3256239257752894,0.44025613926351076,0.4749259948730468,-0.16158834937959893,0.6802362259477377,-0.11944472044706356
70,95,0.3413372283365786,2.9278169534347627,2.3048234774636587,1.2702998655049613,0.6896705962717535,0.5039067072793844,-0.04435686673969075,0.05957286711782206,0.1157146990299226,0.03792467527091509,0.18829277902841568,0.3830437641590833
70,96,0.4667790102959723,3.3318857585410453,2.3048234774636587,1.4456142915585086,0.701244295574725,0.23018886893987667,0.18300979677587736,-0.10743000358343124,0.5932332817465067,-0.02130883745849116,0.7518374612554908,0.4854456977918743
70,100,0.40759809780930617,3.0532254825864675,2.3048234774636587,1.3247112034568422,0.44051536638289723,-0.007081938907504082,0.6464399462565779,0.46204734221100824,0.35573139693588013,0.029745712876319996,0.4627313641831279,-0.4025710280984641
70,102,0.49909519490208504,4.531524366645809,2.3048234774636587,1.9661047411893433,-0.04123433586209957,0.37261892668902896,0.5219618929550052,0.6103944377973676,-0.1718448530882597,-0.5370844285935163,0.8703265180811286,0.362958401441574
70,105,0.35472712337825246,4.602962670015279,2.3048234774636587,1.9970998712146952,-0.09034001454710916,0.5209349626675248,-0.16031662467867136,0.4515539705753326,0.5812827600166202,-0.38423460070043797,-0.09680376015603542,0.05115516576915957
70,106,0.4322732309258097,3.3493233418882737,2.3048234774636587,1.4531799830388894,0.024185588583350626,0.3218221738934517,0.5978499371558427,-0.06967474520206451,0.4910429250448942,-0.23496255651116366,0.8046765252947807,0.2908826740458606
70,109,0.3912265725181745,2.983061674924816,2.3048234774636587,1.2942690423335692,0.16861549019813604,0.7640716275200246,0.36561305169016123,-0.23073137179017056,0.3052429463714361,-0.5448477333411574,0.17662017606198788,-0.06397146172821544
70,110,0.38293150395438663,3.6946617976228144,2.3048234774636587,1.603012913461209,-0.21935716830194008,0.05714759416878257,0.10318167507648468,0.2983403317630291,0.76944640558213,-0.19214745052158827,0.5312215872108936,-0.33300252072513137
70,111,0.45270799719838256,3.241115558355395,2.3048234774636587,1.4062315791411837,0.7463143877685074,0.6599980695173142,0.7410133453086016,0.16730896849185228,-0.1525396080687641,0.13049624022096407,0.02365320362150669,0.17036280408501608
70,113,0.4090882814921195,2.936643333010503,2.3048234774636587,1.2741293906994255,-0.1778417397290466,0.680403552018106,0.49050392489880296,0.011298051103949547,0.028407241217792145,0.22264240682125097,0.7150280587375164,0.20465975347906346
70,115,0.49927523656583783,3.4012623820754717,2.3048234774636587,1.4757149149740476,0.3345456961542373,0.8101038811728357,0.6160844406113026,0.11294738110154867,0.6262892317026854,-0.2260141354054212,0.6179683357477188,-0.09216490481048834
70,116,0.3883393865772029,3.025645940920955,2.3048234774636587,1.3127451930724539,0.47893751040101096,0.26797836646437656,0.34832512587308867,0.21165686380118132,0.6856062021106482,-0.40896163601428276,-0.0038613546639681973,0.31908756494522084
70,117,0.41458835305106,2.8513022913530084,2.3048234774636587,1.2371022419863242,0.07742150314152274,0.9176733354106543,-0.03531991969794035,0.3345588687807322,-0.20543439127504814,0.2887125927954913,0.5041952580213547,-0.18439451791346084
70,118,0.34757245774058404,2.73494358050898,2.3048234774636587,1.186617373196253,-0.06445776671171188,0.15609231591224693,0.7228704802691935,-0.1402983870357276,0.21317580621689558,-0.0929754925891757,0.33658273704349995,-0.47784057818353187
70,119,0.5188544854571078,2.411098304884681,2.3048234774636587,1.0461097469980531,0.5953056123107675,0.5688658477738497,0.08921969030052412,0.7329085571691395,0.38516104500740767,-0.26162759959697707,0.8446393422782421,0.018813174217939266
70,121,0.3612911276388823,4.090315864774568,2.3048234774636587,1.7746764143845641,0.011985865421593522,0.7419071523472667,0.13389182835817315,0.20212857332080614,0.461878264322877,0.06765636429190636,0.43647009786218405,-0.16273384634405397
70,123,0.42866358318970804,2.9099454736811055,2.3048234774636587,1.262545918216415,0.40291301254183076,0.6196625893935559,0.009347911924123986,-0.19621503539383411,-0.05741997901350249,-0.507124589756131,0.778878758661449,0.13411514554172743
70,125,0.5065229129995694,4.406857804933774,2.3048234774636587,1.9120153226585916,0.25476616714149725,0.48119979817420255,0.6920175794512033,0.5196753321215509,0.736094712279737,0.009155018255114611,0.6474821968004107,0.21438616886734957
70,127,0.5255141017444672,3.167656494162718,2.3048234774636587,1.3743596961484283,0.6441105054691438,0.8843381712213161,0.5664412807673214,0.4180161077529193,0.19387062080204487,-0.4170672930777071,0.5523946648463607,0.011145560070872307
71,72,0.3465384285329729,3.1427208123672403,2.3048234774636587,1.3635407844012615,0.07992107514291993,-0.3045657752081753,-0.3250986374914649,-0.21714384574443088,-0.7464757440611719,0.08940427657216787,-0.20938340108841658,-0.31569324713200325
71,76,0.4932227566394961,2.395960639200485,2.3048234774636587,1.0395419270186879,-0.18053384404629452,-0.553623107261956,0.15682948566973198,-0.7999874139204621,-0.5229199193418024,0.007160463370382675,-0.4359023040160537,-0.6920807790011169
71,79,0.44772492188571394,2.960436767327181,2.3048234774636587,1.2844527124415581,0.18552361335605397,0.18455119803547837,-0.09260235261172073,-0.31389971915632475,-0.6837164862081407,-0.09549586102366447,0.1667564129456878,-0.961082236841321
71,80,0.32302793462004237,3.6748166956530186,2.3048234774636587,1.5944026653602852,0.23875736724585292,-0.21586351562291384,0.03177838772535341,-0.6518457820639013,-0.23737769108265644,0.240196717903018,0.0927981873974204,-0.42732576560229063
71,81,0.4835212074895932,4.267194672166913,2.3048234774636587,1.8514193012571811,-0.734299379400909,0.19934096187353129,-0.3421125011518596,-0.032561300322413445,-0.37783058267086755,0.031871882267296314,-0.3996335370466113,-0.9326466294005512
71,82,0.519760144204612,2.5413012427374215,2.3048234774636587,1.1026012480287621,-0.37031330261379475,-0.5624849433079364,0.406320381909609,-0.5186415147036315,-0.8264691866934298,-0.06881615519523632,0.2477039871737361,-0.7241920242086053
71,84,0.3686211383658781,3.281349501787397,2.3048234774636587,1.4236879890681935,-0.018065848387777694,-0.4551477087661625,-0.4501640144735575,-0.24025112669914964,0.02942917123436925,0.41588491201400757,0.38178603630512953,-0.5473676826804876
71,86,0.36087323085306444,2.65156049774925,2.3048234774636587,1.1504397294091946,-0.6287197889760132,-0.32716709282249223,-0.07458206824958308,0.12654171697795394,-0.5680017275735735,-0.2760597039014101,-0.025811986066401005,-0.34414031729102135
71,88,0.4539025813159813,3.7541610554018745,2.3048234774636587,1.6288280174641132,0.04149900004267704,-0.6543814921751618,-0.12366347294300789,-0.46673803590238094,-0.4288989230990409,0.6447765249758959,0.32400769740343094,-0.5295979911461473
71,93,0.4738542957020257,3.3090506672335556,2.3048234774636587,1.4357067686914566,-0.29387948475778086,0.2579502183943988,-0.29397901147603994,-0.680403466336429,-0.0762713393196463,-0.22068993095308553,-0.45710288919508457,-0.9113521445542576
71,96,0.3316253305290881,4.3417451494374815,2.3048234774636587,1.883764718595869,0.17430113535374414,-0.37251557875424623,-0.19115193560719485,-0.7303136521950364,-0.015977358445525197,0.27030612248927366,0.2594059119001031,-0.012039125896990306
71,97,0.4177364984722325,3.5619501792546115,2.3048234774636587,1.5454329644256994,-0.6659355713054533,0.22775798290967927,0.44276969786733406,0.1386799588799476,-0.5942050870507956,-0.061225952580571064,-0.24865075666457415,-0.5164820766076446
71,98,0.4277272425173015,2.3782518574146847,2.3048234774636587,1.0318585699377856,-0.3136776769533754,-0.4713226491585373,-0.31654983758926397,-0.3786654844880104,-0.551876806654036,-0.1638364838436247,0.10450488794595003,-0.7464201254770162
71,101,0.36589432303158975,3.4690359257498704,2.3048234774636587,1.5051200057921001,-0.4268475463613866,-0.023191260173916928,-0.11531119700521236,-0.537616666406393,-0.36269036028534185,0.15383101999759674,-0.5221319207921624,-0.3976609203964472
71,104,0.5324081106285143,3.2898377307130287,2.3048234774636587,1.427370799924916,0.10594904795289062,-0.43402011040598143,0.09920670930296172,-0.5442130863666537,-0.6994477855041622,0.6146973008289933,-0.0972918663173914,-0.941016989760101
71,107,0.3492563556481235,2.4892271619727113,2.3048234774636587,1.0800077256727616,-0.03775746189057838,0.30439854413270934,-0.159998865798116,-0.06936337053775782,-0.508621023967862,0.23104074969887728,-0.17969847470521927,-0.7120240768417716
71,111,0.42993283615315553,2.986513473402344,2.3048234774636587,1.2957666834810493,0.21937122754752647,0.057293621823191365,0.3668516129255295,-0.4555746801197529,-0.761750248260796,0.4221112001687289,-0.468778345733881,-0.3271220196038485
71,112,0.42877577740593203,2.89583096725629,2.3048234774636587,1.2564220191140212,0.19740243442356595,-0.5856761997565626,-0.5214628307148812,0.019097438082099016,-0.15928283799439674,-0.2851615101099013,-0.2698350362479687,-0.7981339199468496
71,114,0.3333746466032663,2.3935764118413405,2.3048234774636587,1.0385074758416424,-0.35197767801582786,-0.19169566314667452,-0.145884140394628,-0.12894638907164344,-0.6233747769147158,0.39788722805678844,-0.36689476668834686,-0.09509071800857782
71,116,0.26968960014789783,2.3995771796769896,2.3048234774636587,1.041111045223126,-0.048005649819969964,-0.33472608122974634,-0.02583660650998354,-0.41122678481042385,0.0763955619186163,-0.11734667606651794,-0.4962929040193559,-0.17839725874364376
71,123,0.43655084806339906,3.370754852510737,2.3048234774636587,1.4624785305554426,-0.12403014767915016,0.01695814169943305,-0.3648138204589482,-0.8190986840054393,-0.6666306192055343,-0.2155096298083662,0.28644720930606127,-0.36336967814713717
71,124,0.5137829561989788,2.5531458451939093,2.3048234774636587,1.1077402977530917,-0.2371771885082125,-0.5192854972556236,-0.06604103185236448,-0.7221900066360831,-0.7323267469182609,-0.02477957122027874,-0.3368926281109452,-0.7807304300367833
72,73,0.5515994830129775,3.5209009317190034,2.3048234774636587,1.5276228163006984,-0.6515235770493742,0.6004214966669679,0.37025926541537074,-0.3770802905783059,0.8904537856578826,0.3003049464896321,0.4919432643800974,-0.4946982134133578
72,77,0.337312819932455,3.831944232412912,2.3048234774636587,1.6625760149882594,-0.41264994256198384,0.3376988498494029,-0.1419875947758552,0.2864595102146267,0.6455413615331053,0.11643664073199023,0.28104942850768566,0.12012314330786467
72,82,0.4034756352295216,2.954707416288539,2.3048234774636587,1.2819669034003613,-0.4502343777567147,-0.2579191680997611,0.7314190194010739,-0.30149766895920066,-0.07999344263225794,-0.1582204317674042,0.45708738826215267,-0.40849877707660204
72,85,0.30571181222241467,3.4079469907355477,2.3048234774636587,1.4786151842247894,-0.5712268352508544,0.24703595135360945,0.49515763018280284,-0.15023763943463592,0.103919199667871,0.03191407397389412,0.08311276510357857,0.2717958269640803
72,89,0.38393599919700266,4.268068462160765,2.3048234774636587,1.851798414886661,-0.6288495166227217,0.3134576668962837,0.5755625013262037,-0.1263874862343073,0.42735960613936164,-0.275090618059039,0.025822711177170277,0.28164428845047945
72,90,0.4286603756496931,2.628521615215424,2.3048234774636587,1.140443787091226,-0.5260329926386474,0.0516019891947509,-0.17414351832121577,-0.6163814309984448,0.8612896017730235,-0.1278023747727275,0.1238590320572257,0.08293339610099787
72,91,0.32775959692671347,3.3949116067062843,2.3048234774636587,1.4729594868767184,-0.17822792287915926,0.45085814129561175,0.4499820079654457,0.2565208142623304,0.03306181356310833,0.17369943857193,-0.38370936270803213,-0.42141236551106004
72,92,0.3051533163022795,3.303499426281652,2.3048234774636587,1.4332982367556346,-0.28355628345161654,-0.08709397539496422,0.6511061778292063,0.16773002129048095,0.09242651239037503,0.3564902218058706,0.24422396626323462,-0.09804563317447912
72,93,0.4518345711342998,4.243965032552336,2.3048234774636587,1.8413405946483175,-0.3738005599007008,0.5625159936025741,0.03111962601542495,-0.46325962059199816,0.6702044047415257,-0.3100942075252534,-0.247719488106668,-0.5956588974222543
72,94,0.4080089168962465,4.195806093817017,2.3048234774636587,1.8204457455606489,-0.7656700359657409,-0.20715343207120895,0.2765608308836821,0.034516336396336444,0.6121910987421868,0.04062233399599802,0.3971880776807666,-0.3012362970039249
72,100,0.37938704523448635,3.1336761230799053,2.3048234774636587,1.3596165405813885,-0.16634886898100362,-0.3052206113934517,0.5973768513649705,0.05630753934383392,0.49299650080502017,0.23195639625191694,0.17968321591615677,-0.5843626046553254
72,101,0.3038651046366184,3.718174298941309,2.3048234774636587,1.6132143460430952,-0.5067686215043066,0.28137451503425837,0.20978744048625253,-0.3204728206619622,0.38378538377583005,0.06442674342542887,-0.31274851970374584,-0.08196767326444393
72,102,0.3844069044453857,4.457468864756745,2.3048234774636587,1.9339740801590424,-0.6480985712260005,0.07448025420308135,0.47289879806339785,0.20465463493019323,-0.03457974921911966,-0.33487374521791946,0.5872783698141575,0.18116682488471267
72,106,0.4397587406855761,2.5013843150370674,2.3048234774636587,1.0852823825752218,-0.5826786467805503,0.02368350140750408,0.5487868422642354,-0.47541454806923883,0.6283080289140343,-0.03275187313556671,0.5216283770278096,0.10909109748899926
72,107,0.2890453821628635,2.963784163530415,2.3048234774636587,1.2859050562917336,-0.11767853703349831,0.6089643193408847,0.16509977169334888,0.14778047520667306,0.23785472009330988,0.1416364731267094,0.029684926383197308,-0.39633082970976835
72,108,0.2842535517871252,2.434441902604567,2.3048234774636587,1.0562378969184865,-0.21519956830888962,0.1312539018690586,-0.07127602864056759,0.24426192883402095,0.3014670396223663,0.45104558765888214,0.4011404188349843,0.2507586823776364
72,109,0.40301904721374776,2.4067064574651185,2.3048234774636587,1.0442042442719202,-0.43824874516576484,0.465932955034077,0.3165499567985539,-0.6364711746573448,0.44250805024057616,-0.34263704996556044,-0.10642797220498323,-0.24576303828507678
72,110,0.487853977030936,4.2368614819709824,2.3048234774636587,1.8382585579323556,-0.826221403665841,-0.24099107831716504,0.05411858018487736,-0.10739947110414522,0.90671150945127,0.010063232854008675,0.24817343894392252,-0.5147940972819927
72,113,0.4340825494857073,3.027152303235268,2.3048234774636587,1.3133987625666221,-0.7847059750929475,0.3822648795321583,0.44144083000719564,-0.39444175176322477,0.16567234508693218,0.4248530901968479,0.4319799104705453,0.02286817692220211
72,115,0.43507354030850837,2.8243197513318963,2.3048234774636587,1.2253952543211322,-0.27231853920966353,0.5119652086868881,0.5670213457196953,-0.29279242176562564,0.7635543355718254,-0.023803452029824257,0.3349201874807477,-0.2739564813673497
72,116,0.3474066844787608,3.658430691420941,2.3048234774636587,1.5872932253566154,-0.1279267249628899,-0.03016030602157105,0.29926203098148135,-0.194082939065993,0.8228713059797882,-0.20675095263868581,-0.2869095029309393,0.1372959883883595
72,117,0.3716468482587156,2.6515906045945394,2.3048234774636587,1.1504527919476422,-0.5294427322223781,0.6195346629247067,-0.08438301458954767,-0.0711809340864421,-0.06816928740590811,0.4909232761710882,0.22114710975438356,-0.3661860944703222
72,118,0.47378082821061485,2.819330347036408,2.3048234774636587,1.223230487975998,-0.6713220020756128,-0.14204635657370068,0.6738073853775862,-0.5460381899029019,0.3504409100860356,0.10923519078642124,0.053534588776528835,-0.6596321547403932
72,120,0.30870092097490437,2.420706077620738,2.3048234774636587,1.0502782973577665,-0.06054989248514156,0.02841797471046459,0.7223819307982926,-0.07678938470780866,0.2709151031449436,0.09244887251406908,-0.35414637811481964,0.1510049346834421
72,125,0.43662965011748994,4.243937956372778,2.3048234774636587,1.841328847033013,-0.35209806822240364,0.18306112568825494,0.642954484559596,0.11393552925437664,0.873359816148877,0.21136570163071156,0.36443404853343964,0.032594592310488224
72,127,0.3298351617964317,2.4430903754488487,2.3048234774636587,1.0599902332378814,0.03724627010524299,0.5861994987353685,0.517378185875714,0.012276304885744993,0.3311357246711849,-0.21485660970211018,0.26934651657938957,-0.17064601648598904
73,75,0.50826069508223,2.5104583685123436,2.3048234774636587,1.0892193667147887,0.5120229087769983,-0.37005892023444165,0.37539603933691995,-0.11678941641002882,-0.6056936541572214,-0.6996512282639742,-0.34241342172026634,0.7343942131847143
73,76,0.5062903296119624,2.8665280428467423,2.3048234774636587,1.2437082799942714,0.39106865786015976,-0.8494788287207485,0.11166885774582613,-0.2057632775977254,-0.6668979609385131,-0.3825487596914173,-0.7184621673077345,0.11831068154424418
73,79,0.45274294902929335,3.137853661974528,2.3048234774636587,1.3614290606877957,0.7571261152625083,-0.11130452342331422,-0.13776298053562658,0.280324417166412,-0.8276945278048514,-0.4852050840854644,-0.11580345034599301,-0.15069077629595995
73,80,0.39883800562843924,4.027934254612846,2.3048234774636587,1.7476107363525224,0.8103598691523072,-0.5117192370817064,-0.013382240198552442,-0.05762164574116457,-0.3813557326793671,-0.14951250515878195,-0.1897616758942604,0.3830656949430704
73,81,0.4156165533301314,4.17103335138228,2.3048234774636587,1.8096975287549095,-0.16269687749445472,-0.0965147595852613,-0.38727312907576544,0.5616628360003233,-0.5218086242675782,-0.35783734079450363,-0.6821934003382921,-0.12225516885519017
73,82,0.5091750385992521,3.038775479873945,2.3048234774636587,1.3184417416721055,0.20128919929265954,-0.858340664766729,0.36115975398570316,0.07558262161910523,-0.9704472282901405,-0.45852537825703626,-0.03485587611794472,0.08619943633675575
73,84,0.4083329406613364,3.6505952601218064,2.3048234774636587,1.5838936455728494,0.5535366535186765,-0.7510034302249551,-0.4953246423974634,0.35397300962358713,-0.11454887036234143,0.02617568895220762,0.09922617301344872,0.2630237778648734
73,86,0.5229613181259615,2.8259494395510107,2.3048234774636587,1.226102331559389,-0.057117287069558875,-0.6230228142812848,-0.11974269617348893,0.7207658533006907,-0.7119797691702842,-0.6657689269632101,-0.3083718493580818,0.4662511432543397
73,88,0.4740000972172328,4.132915917839782,2.3048234774636587,1.7931594147018348,0.6131015019491313,-0.9502372136339544,-0.16882410086691374,0.1274861004203558,-0.5728769646957516,0.255067301914096,0.041447834111750126,0.2807934693992138
73,90,0.406795537069804,2.4001978993265296,2.3048234774636587,1.0413803585374033,0.1254905844107268,-0.548819507472217,-0.5444027837365866,-0.23930114042013884,-0.02916418388485907,-0.42810732126235956,-0.3680842323228717,0.5776316095143557
73,93,0.38395970450989864,3.2779717996399063,2.3048234774636587,1.4222224962959626,0.2777230171486734,-0.03790550306439382,-0.3391396393999458,-0.08617933001369227,-0.22024938091635698,-0.6103991540148854,-0.7396627524867654,-0.10096068400889657
73,97,0.47770306258389694,3.688495132847173,2.3048234774636587,1.600337365925383,-0.0943330693989991,-0.06809773854911332,0.3976090699434282,0.7329040952026844,-0.7381831286475062,-0.450935175642371,-0.531210619956255,0.2939093839377165
73,98,0.4553584558257356,2.735754155305955,2.3048234774636587,1.1869690594771767,0.2579248249530789,-0.7671783706173299,-0.3617104655131698,0.21555865183472633,-0.6958548482507467,-0.5535457069054246,-0.17805497534573078,0.06397133506834485
73,100,0.4420378084422256,2.6037679989157505,2.3048234774636587,1.1297038685934704,0.4851747080683706,-0.9056421080604196,0.2271175859495998,0.4333878299221398,-0.3974572848528624,-0.06834855023771513,-0.3122600484639406,-0.08966439124196768
73,101,0.4003010348756875,3.518736925209357,2.3048234774636587,1.526683912939636,0.14475495554506768,-0.3190469816327095,-0.1604718249291182,0.05660746991634369,-0.5066684018820525,-0.2358782030642032,-0.8046917840838432,0.41273054014891386
73,102,0.5420560005405421,2.3655943622965694,2.3048234774636587,1.0263668282743224,0.0034250058233737946,-0.5259412424638865,0.10263953264802711,0.5817349255084991,-0.9250335348770022,-0.6351786917075515,0.0953351054340601,0.6758650382980704
73,104,0.4899686269312353,3.579438977712829,2.3048234774636587,1.553020876744895,0.677551549859345,-0.729875831864774,0.054046081379055866,0.050011049956083076,-0.8434258271008729,0.22498807776719332,-0.3798517296090722,-0.1306255292147399
73,107,0.3995392480615766,2.3979541518756076,2.3048234774636587,1.0404068577583367,0.5338450400158758,0.008542822673916761,-0.20515949372202186,0.524860765784979,-0.6525990655645727,-0.15866847336292267,-0.4622583379969001,0.09836738370358944
73,111,0.550535212050951,3.1621544917332027,2.3048234774636587,1.3719725274635755,0.7909737294539808,-0.2385620996356012,0.32169098500162363,0.13864945620298386,-0.9057282898575066,0.032401977106928936,-0.7513382090255618,0.48326944094151253
73,112,0.6039868228749702,3.2307095911105104,2.3048234774636587,1.4017167139696713,0.7690049363300202,-0.8815319212153552,-0.566623458638787,0.6133215744048358,-0.3032608795911074,-0.6748707331717012,-0.5523948995396495,0.012257540598511474
73,114,0.5076005562949975,2.396342124261922,2.3048234774636587,1.0397074429747544,0.21962482389062643,-0.4875513846054671,-0.19104476831853384,0.46527774725109333,-0.7673528185114264,0.008178004994988497,-0.6494546299800277,0.7153007425367832
73,116,0.49724454396377005,2.8015825540045416,2.3048234774636587,1.215530204980184,0.5235968520864843,-0.6305818026885389,-0.07099723443388939,0.1829973515123129,-0.06758247967809439,-0.5070558991283178,-0.7788527673110367,0.6319942018017173
73,119,0.43343410758751433,2.3447737868674503,2.3048234774636587,1.0173333488635559,0.6399649539962409,-0.32969432137906574,-0.33010267000645394,0.7042490448802711,-0.3680276367813349,-0.3597218627110122,0.06964792963117361,0.3317198110744357
73,120,0.5534477719058799,2.3773445507957325,2.3048234774636587,1.031464914359463,0.5909736845642326,-0.5720035219565033,0.35212266538292186,0.3002909058704972,-0.619538682512939,-0.207856073975563,-0.846089642494917,0.6457031480967999
73,123,0.46367719496179866,3.61016772528131,2.3048234774636587,1.5663532416174952,0.4475723542273041,-0.2788975797593595,-0.4099744483828541,-0.22487454768270254,-0.810608660802245,-0.6052188528701661,0.003887346014380469,0.4470217823982239
73,124,0.5159153005322453,3.024134346776909,2.3048234774636587,1.3120893536301599,0.3344253133982418,-0.8151412187144161,-0.11120165977627033,-0.12796587031334639,-0.8763047885149716,-0.4144887942820787,-0.619452491402626,0.029661030508577713
75,77,0.48871584209239227,3.9239060558979837,2.3048234774636587,1.702475740231544,-0.2731492742896079,0.10733627341687668,-0.8876428995281459,0.7803292172029614,0.3607812300324441,0.5157829225063323,0.13151958584785461,-0.11957285646349186
75,80,0.3089167290561776,2.6323166141680074,2.3048234774636587,1.142090333557665,0.2983369603753089,-0.14166031684726477,-0.3887782795354724,0.05916777066886425,0.2243379214778543,0.5501387231051922,0.15265174582600594,-0.3513285182416439
75,84,0.5375752748911166,2.4889391224733797,2.3048234774636587,1.079882753195629,0.04151374474167829,-0.38094450999051344,-0.8707206817343833,0.47076242603361595,0.49114478379488,0.7258269172161818,0.44163959473371506,-0.4713704353198409
75,86,0.4213188778450984,3.8158890756237875,2.3048234774636587,1.6556101206600775,-0.5691401958465572,-0.25296389404684316,-0.4951387355104089,0.8375552697107195,-0.10628611501306273,0.033882301300764084,0.034041572362184525,-0.2681430699303746
75,88,0.4960263764055468,2.6118724136303886,2.3048234774636587,1.1332201529397044,0.10107859317213302,-0.5801782933995128,-0.5442201402038337,0.24427551683038462,0.03281668946146987,0.9547185301780701,0.38386125583201647,-0.4536007437855005
75,90,0.42920819696355705,2.868479702145463,2.3048234774636587,1.2445550516962276,-0.3865323243662715,-0.17876058723777533,-0.9197988230735065,-0.12251172401011001,0.5765294702723623,0.27154390700161457,-0.025670810602605343,-0.15676260367035866
75,93,0.45946689229525167,4.505932454556087,2.3048234774636587,1.955001109028374,-0.23429989162832487,0.33215341717004787,-0.7145356787368657,0.030610086396336555,0.38544427324086444,0.08925207424908865,-0.39724933076649904,-0.8353548971936109
75,94,0.4660305171381188,3.076435633957004,2.3048234774636587,1.3347814546485204,-0.626169367693365,-0.4375160085037352,-0.4690944738686086,0.5283860433846712,0.3274309672415257,0.4399686157703401,0.24765823502093554,-0.5409322967752814
75,96,0.38072925278880065,3.149670597313376,2.3048234774636587,1.366556106404916,0.23388072848320013,-0.29831237997859716,-0.6117086028680206,-0.019300099462270848,0.4457382541149856,0.5802481276914478,0.3192594703286886,0.06395812146365641
75,97,0.43162556291028153,4.503996139236442,2.3048234774636587,1.9541609946601468,-0.6063559781759974,0.3019611816853284,0.02221303060650826,0.8496935116127132,-0.1324894744902848,0.24871605262160312,-0.18879719823598862,-0.44048482924699783
75,100,0.46558282632044706,2.5707892547824587,2.3048234774636587,1.1153952916218477,-0.0268482007086277,-0.5355831878259779,-0.14827845338732015,0.5501772463321686,0.20823636930435901,0.631302678026259,0.030153373256325722,-0.824058604426682
75,101,0.3529817696856569,4.5058664089166856,2.3048234774636587,1.9549724536280597,-0.3672679532319306,0.05101193860173214,-0.5358678642660382,0.1733968863263725,0.0990252522751689,0.4637730251997709,-0.4622783623635769,-0.32166367303580046
75,102,0.3785643271283537,3.1060917886246244,2.3048234774636587,1.3476484507363318,-0.5085979029536245,-0.15588232222944487,-0.27275650668889284,0.698524341918528,-0.3193398807197808,0.0644725365564226,0.43774852715432644,-0.05852917488664386
75,104,0.4935953993305064,3.4579311267229005,2.3048234774636587,1.5003019365839585,0.1655286410823466,-0.35981691163033236,-0.3213499579578641,0.1668004663661119,-0.23773217294365145,0.9246393060311675,-0.037438307888805866,-0.8650197423994542
75,107,0.4480974446086032,3.2627893934842,2.3048234774636587,1.4156352646471366,0.021822131238877607,0.3786017429083584,-0.5805555330589418,0.6416501821950078,-0.04690541140735127,0.5409827549010515,-0.11984491627663374,-0.6360268294811249
75,108,0.5018271223100698,3.0235687234442685,2.3048234774636587,1.3118439451040096,-0.0756989000365137,-0.09910867456346761,-0.8169313333928583,0.7381316358223556,0.016706908121705166,0.8503918694332242,0.25161057617515326,0.011062682606279836
75,110,0.5539367578701283,3.4832465187088224,2.3048234774636587,1.5112855942191106,-0.686720735393465,-0.47135365474969126,-0.6915367245674133,0.3864702358841895,0.6219513779506088,0.40940951462835073,0.09864359628409147,-0.7544900970533492
75,112,0.5483794805700942,3.003263816671507,2.3048234774636587,1.3030342002487958,0.2569820275530219,-0.5114730009809135,-0.942019497975707,0.7301109908148646,0.302432774566114,0.02478049509227287,-0.20998147781938314,-0.7221366725862028
75,114,0.4154445305762444,2.8847331557727114,2.3048234774636587,1.251606981610242,-0.29239808488637187,-0.11749246437102545,-0.5664408076554538,0.5820671636611221,-0.16165916435420502,0.7078292332589626,-0.30704120825976133,-0.0190934706479311
75,116,0.3325595531536762,3.5075203119187,2.3048234774636587,1.5218173305742912,0.011573943309486023,-0.26052288245409727,-0.44639327377080934,0.2997867679223417,0.538111174479127,0.19259532913565625,-0.43643934559077036,-0.10240001138299704
75,117,0.554583215358418,2.4881887855868308,2.3048234774636587,1.0795572024999314,-0.3899420639500022,0.3891720864921805,-0.8300383193418384,0.4226887729018926,-0.35292941890656926,0.8902695579454303,0.07161726709455252,-0.6058820942416787
75,123,0.3343591317249674,2.7759879362906865,2.3048234774636587,1.2044253989227498,-0.06445055454969417,0.09116134047508212,-0.785370487719774,-0.10808513127267372,-0.2049150066450236,0.094432375393808,0.3463007677346468,-0.28737243078649044
75,125,0.3930494993472971,2.823746459714387,2.3048234774636587,1.2251465187354724,-0.2125973999500277,-0.04730145074427128,-0.1027008201926947,0.6078052362427113,0.5885996846482159,0.6107119834050536,0.21490420587360862,-0.2071014074608683
76,77,0.5284528106919133,3.7491742255993916,2.3048234774636587,1.6266643681212272,-0.15219502337276936,0.5867561819031836,-0.623915717937052,0.869303078390658,0.42198553681373574,0.19868045393377542,0.5075683314353228,0.4965106751769783
76,85,0.36629377227626153,2.4096500582864144,2.3048234774636587,1.0454813923268917,-0.3107719160616399,0.4960932834073901,0.013229507021605968,0.43260592874139536,-0.11963662505149852,0.11415788717567932,0.30963166803121567,0.6481833588331939
76,86,0.4381271464645091,4.091716072867368,2.3048234774636587,1.775283926459346,-0.44818594492971864,0.22645601443946373,-0.23141155391931506,0.926529130898416,-0.0450818082317711,-0.2832201672717928,0.41009031794965267,0.3479404617100955
76,89,0.3944403144337557,3.48151032748238,2.3048234774636587,1.510532308232822,-0.3683945974335072,0.5625149989500644,0.0936343781650068,0.456456081941724,0.2038037814199921,-0.1928468048572538,0.2523416141048074,0.6580318203195931
76,91,0.4078490931465449,2.6614698011277866,2.3048234774636587,1.1547391056848306,0.0822269963100552,0.6999154733493924,-0.03194611519575119,0.8393643824383618,-0.1904940111562612,0.2559432517737152,-0.15719045978039503,-0.04502483364194643
76,93,0.3855138245894147,4.09067188216392,2.3048234774636587,1.7748308806128168,-0.11334564071148634,0.8115733256563548,-0.4508084971457719,0.11958394758403312,0.44664858002215607,-0.2278503943234682,-0.021200585179030895,-0.21927136555314075
76,94,0.3938747896965007,3.1248643607621087,2.3048234774636587,1.3557933574161884,-0.5052151167765264,0.04190389998257171,-0.20536729227751477,0.6173599045723677,0.38863527402281733,0.12286614719778322,0.6237069806084037,0.07515123486518871
76,96,0.4411348808971542,2.548076717410908,2.3048234774636587,1.1055409415626645,0.35483497940003866,0.18110752850770973,-0.34798142127692683,0.06967376172542572,0.5069425608962772,0.263145659118891,0.6953082159161568,0.6800416531041266
76,100,0.3188703991286224,2.3606264611440593,2.3048234774636587,1.024211391556029,0.09410605020821083,-0.056163279339671024,0.11544872820377367,0.6391511075198653,0.26944067608565064,0.31420020945370214,0.40620211884379387,-0.20797507278621186
76,101,0.2797837799976496,3.9677722374185205,2.3048234774636587,1.7215080791284079,-0.2463137023150921,0.530431847088039,-0.27214068267494435,0.2623707475140691,0.16022955905646052,0.14667055662721407,-0.08622961677610874,0.2944198586046697
76,102,0.497338898316929,3.4386011145702526,2.3048234774636587,1.4919151718960528,-0.38764365203678597,0.323537586256862,-0.009029325097799024,0.7874982031062245,-0.2581355739384892,-0.25262993201613426,0.8137972727417946,0.5575543567538263
76,104,0.3045504016586442,2.7143207909507985,2.3048234774636587,1.177669707676603,0.28648289199918514,0.11960299685597453,-0.05762277636677027,0.25577432755380847,-0.17652786616235983,0.6075368374586106,0.3386104376986623,-0.2489362107589841
76,107,0.4340424698292739,3.034537301389428,2.3048234774636587,1.316602911702714,0.14277638215571614,0.8580216513946654,-0.316828351467848,0.7306240433827044,0.014298895373940357,0.2238802863284946,0.2562038293108344,-0.01994329784065474
76,108,0.5261367881672626,2.5613645402393046,2.3048234774636587,1.1113061652157223,0.04525535088032484,0.3803112339228393,-0.5532041518017645,0.8271054970100522,0.0779112149029968,0.5332894008606673,0.6276593217626214,0.62714621424675
76,109,0.300057685714486,2.3694819803359337,2.3048234774636587,1.0280535596346096,-0.17779382597655036,0.7149902870878577,-0.16537816636264296,-0.053627606481313594,0.21895222552120663,-0.26039323676377524,0.12009093072265387,0.13062449358403683
76,110,0.42557848145530774,3.3067870271571125,2.3048234774636587,1.4347246370451172,-0.5657664844766265,0.008066253736615625,-0.4278095429763195,0.47544409707188606,0.6831556847319005,0.09230704605579387,0.4746923418715596,-0.1384065654128791
76,114,0.3915089104396906,2.419223295535211,2.3048234774636587,1.0496349586812799,-0.17144383396953333,0.36192744411528144,-0.30271362606436,0.6710410248488188,-0.10045485757291339,0.39072676468640577,0.06900753732770681,0.596990060992539
76,116,0.33394988689377353,3.0615815730694766,2.3048234774636587,1.328336683049841,0.13252819422632456,0.21889702603220962,-0.18266609217971552,0.3887606291100383,0.5993154812604187,-0.12450713943690062,-0.06039060000330221,0.5136835202574731
76,117,0.5029222647170994,2.5628916384542606,2.3048234774636587,1.1119687314512228,-0.26898781303316366,0.8685919949784874,-0.5663111377507446,0.5116626340895891,-0.29172511212527763,0.5731670893728734,0.44766601268202066,0.010201437398791424
76,123,0.40331550176559944,2.5290788668779656,2.3048234774636587,1.0972982927356714,0.05650369636714436,0.5705812489613891,-0.5216433061286803,-0.01911127008497715,-0.14371069986373197,-0.22267009317874886,0.7223495133221149,0.3287111008539797
76,125,0.46522830029783857,3.2741688815176446,2.3048234774636587,1.4205725139179428,-0.09164314903318915,0.4321184577420356,0.1610263613983991,0.6967790974304079,0.6498039914295075,0.29360951483249675,0.5909529514610767,0.40898212417960184
77,79,0.44778554156127215,3.9808525689806675,2.3048234774636587,1.7271832779842184,0.5182524807751179,0.15141812339425076,0.37448387965559937,-0.38321538362652063,-0.5827821036800741,-0.3013367783278226,0.09509038552641871,-0.7655121330171824
77,80,0.3923470899372649,4.277817193309757,2.3048234774636587,1.856028123254488,0.5714862346649168,-0.24899659026414145,0.4988646199926735,-0.7211614465340972,-0.1364433085545898,0.0343558005988599,0.02113215997815132,-0.23175566177815204
77,81,0.3686500885193446,2.6591506506550173,2.3048234774636587,1.1537328895926025,-0.4015705119818451,0.16620788723230367,0.1249737311154605,-0.10187696479260927,-0.2768962001428009,-0.17396903503686179,-0.4712995644658804,-0.7370765255764127
77,82,0.5450887460794039,4.010381680384339,2.3048234774636587,1.739995153467267,-0.03758443519473087,-0.595618017949164,0.8734066141769291,-0.5879571791738274,-0.7255348041653632,-0.2746570724993944,0.176037959754467,-0.5286219203844666
77,84,0.29887246253723365,3.870915326736301,2.3048234774636587,1.6794845091547084,0.3146630190312862,-0.4882807834073901,0.016922217793762573,-0.3095667911693455,0.13036355376243589,0.21004399470984947,0.31012000888586044,-0.35179757885634905
77,85,0.3522617965483735,2.797073550866214,2.3048234774636587,1.213573871585277,-0.15857689268887054,-0.09066289849579345,0.637145224958658,-0.43669714964926265,-0.5416221618652343,-0.08452256675809611,-0.1979366634041071,0.1516726836562156
77,86,0.32724538979645657,3.631488217284876,2.3048234774636587,1.5756036211854039,-0.2959909215569493,-0.36030016746371984,0.392504164017737,0.05722605250775811,-0.46706734504550684,-0.4819006212055682,-0.09747801348567009,-0.14857021346688276
77,88,0.43207228752085497,4.597295872437344,2.3048234774636587,1.9946412024127915,0.3742278674617409,-0.6875145668163894,0.3434227593243122,-0.5360537003725768,-0.32796454057097424,0.43893560767173784,0.25234166998416185,-0.33402788732200867
77,89,0.3579066400610983,3.002765768298821,2.3048234774636587,1.3028181106534078,-0.21619957406073786,-0.024241182953119222,0.7175500961020589,-0.41284699644893397,-0.21818175539374363,-0.39152725879102923,-0.2552267173305154,0.16152114514261479
77,90,0.36110157784299296,2.726039135013511,2.3048234774636587,1.1827539773299163,-0.1133830500766636,-0.286096860654652,-0.032155923545360565,-0.9028409412130715,0.21574824023991823,-0.24423901550471772,-0.15719039645045996,-0.0371897472068668
77,91,0.4377011290747009,2.3451297649007876,2.3048234774636587,1.017487798016308,0.23442201968282456,0.11315929144620882,0.5919696027413008,-0.029938695952296257,-0.6124795479699969,0.05726279783993976,-0.6647587912157178,-0.5415355088189246
77,92,0.39571517988267335,3.102100185761493,2.3048234774636587,1.3459166031991294,0.1290936591103673,-0.4247928252443671,0.7930937726050615,-0.11872948892414575,-0.5531148491427302,0.24005358107388036,-0.036825462244451046,-0.21816877648234378
77,93,0.44980193347609315,2.851059659768956,2.3048234774636587,1.2369969707642872,0.038849382661283016,0.22481714375317116,0.17310722079128016,-0.7497191308066249,0.024663043208420332,-0.42653084825724363,-0.5287689166143537,-0.715782040730119
77,94,0.32749758698009906,2.9434488042479936,2.3048234774636587,1.2770820989237361,-0.35302009340375706,-0.5448522819206119,0.4185484256595373,-0.25194317381829023,-0.033350262790918406,-0.07581430673599221,0.11613864917308092,-0.42135944031178957
77,97,0.43326995319683315,4.151672176011825,2.3048234774636587,1.801297243197353,-0.3332067038863895,0.19462490826845166,0.9098559301346542,0.06936429440975178,-0.4932707045227289,-0.26706686988472916,-0.32031678408384323,-0.32091197278350597
77,98,0.37461837731695996,3.132844705775563,2.3048234774636587,1.3592558113053845,0.019051190465688483,-0.5044557237997649,0.15053639467805613,-0.4479811489582063,-0.4509424241259694,-0.3696774011477828,0.032838860526680946,-0.5508500216528776
77,100,0.44955942223930845,2.7505306798148257,2.3048234774636587,1.1933801901574022,0.2463010735809802,-0.6429194612428546,0.7393644461408257,-0.23015197087079278,-0.1525448607280851,0.11551975551992671,-0.10136621259152889,-0.7044857479631901
77,101,0.3479944699394728,2.3273123261736215,2.3048234774636587,1.0097572976541833,-0.09411867894232273,-0.05632433481514454,0.35177503526210774,-0.6069323308765889,-0.2617559777572752,-0.05200989730656136,-0.5937979482114315,-0.2020908165723086
77,102,0.3989432423390877,3.417851278091105,2.3048234774636587,1.4829123841849603,-0.2354486286640166,-0.26321859564632155,0.6148863928392531,-0.08180487528443348,-0.6801211107522249,-0.4513103859499097,0.3062289413064718,0.061043681576848
77,104,0.5264735630837943,3.103027188043871,2.3048234774636587,1.3463188041882475,0.4386779153719545,-0.46715318504720904,0.5662929415702818,-0.6135287508368495,-0.5985134029760956,0.40885638352483517,-0.16895789373666048,-0.7454468859359624
77,105,0.3063301357669148,3.4805824716975153,2.3048234774636587,1.5101297369322704,-0.2845543073490262,-0.11490255966782564,-0.06739212479442347,-0.24064534250646843,0.0730065023526549,-0.29846055805683125,-0.6609013369306922,-0.25075955409556644
77,106,0.3977579257221785,3.465526806375045,2.3048234774636587,1.5035974946717747,-0.17002870421856642,-0.3140153484418988,0.6907744370400906,-0.7618740582838656,-0.017233332619071007,-0.14918851386755694,0.24057894852012396,-0.01103204581886541
77,107,0.31041904313942803,2.5105987304449497,2.3048234774636587,1.0892802659263678,0.2949714055284855,0.2712654694914817,0.3070873664692041,-0.13867903500795364,-0.4076866414397954,0.02519983239471918,-0.25136450212448835,-0.516453973017633
77,110,0.38458285787646007,2.5273459496966333,2.3048234774636587,1.0965464272681955,-0.4135714611038571,-0.578689928166568,0.19610617496073257,-0.39385898131877195,0.26117014791816473,-0.10637340787798155,-0.03287598956376314,-0.6349172405898573
77,111,0.5085760662211122,4.211494879208817,2.3048234774636587,1.8272526813391163,0.5521000949665904,0.024160547181963754,0.8339378451928496,-0.5248903445899488,-0.6608158657327293,0.21627028286457078,-0.5404443731531501,-0.13155191577970993
77,112,0.41737825394993905,3.3505807697898247,2.3048234774636587,1.4537255466856702,0.5301313018426298,-0.6188092743977902,-0.05437659844756115,-0.05021822638809681,-0.05834845546633011,-0.4910024274140594,-0.34150106366723776,-0.6025638161227109
77,113,0.40343224274188416,2.6196332141287,2.3048234774636587,1.1365873524559345,-0.37205603253096364,0.044566029682755415,0.5834284247830508,-0.6809012619778515,-0.4798690164461731,0.3084164494648577,0.15093048196285963,-0.09725496638566256
77,114,0.2969963240524746,2.5714338941169737,2.3048234774636587,1.115674983034582,-0.019248810596763977,-0.22482873778790213,0.3212020918726921,-0.19826205354183926,-0.5224403943866491,0.19204631075263034,-0.43856079410761595,0.10047938581556076
77,115,0.3674376307468014,2.7775275841343494,2.3048234774636587,1.2050934100996218,0.14033140335232025,0.17426635883748517,0.7090089404955506,-0.5792519319802524,0.1180129740387201,-0.14024009276181448,0.05387075897306204,-0.39407962467521435
77,116,0.37094108883772725,2.559997603412269,2.3048234774636587,1.110713088635064,0.2847232175990939,-0.36785915587097395,0.44124962575733656,-0.48054244928061973,0.17732994444668293,-0.32318759337067604,-0.567958931438625,0.017172845080494825
77,118,0.5480143739288802,2.8150315121098246,2.3048234774636587,1.2213653408319252,-0.2586720595136289,-0.4797452064231036,0.8157949801534414,-0.8324977001175287,-0.29510045144706964,-0.007201449945568983,-0.22751483973115683,-0.7797552980482578
77,120,0.45332951394127213,2.759187930800656,2.3048234774636587,1.1971363350728284,0.35210005007684225,-0.3092808751389383,0.8643695255741478,-0.3632488949224354,-0.37462625838816166,-0.023987768217921146,-0.6351958066225053,0.030881791375577422
77,121,0.27247790504358754,3.4914941749696515,2.3048234774636587,1.5148640271626632,-0.18222842738032352,0.1060696300119161,0.22681632824242104,-0.4900707397609949,-0.04639799334108824,0.15343040693551308,-0.12762747891247272,-0.46464856620878
77,123,0.4206234441055888,3.9079335712546412,2.3048234774636587,1.6955457150909985,0.20869871973991372,-0.016174932941794562,0.10227241180837188,-0.8884143484756352,-0.5656962366774677,-0.4213505471125243,0.21478118188679218,-0.16779957432299858
77,124,0.5077880699671797,3.8092194068058522,2.3048234774636587,1.6527163333990789,0.09555167891085137,-0.5524185718968512,0.4010452004149556,-0.791505671106279,-0.6313923643901943,-0.23062048852443684,-0.4085586555302143,-0.5851603262126448
77,125,0.3059830395832384,3.040972532741354,2.3048234774636587,1.319394982945848,0.0605518743395802,-0.15463772416114796,0.7849420793354511,-0.17252398096025007,0.22781845461577177,0.09492906089872133,0.083384620025754,-0.08752855099737644
77,127,0.36527192305122147,2.9012594526495414,2.3048234774636587,1.258777290763382,0.4498962126672268,0.2485006488859655,0.6593657806515691,-0.27418320532888174,-0.31440563686192036,-0.3312932504341004,-0.01170291192829609,-0.2907691597938537
78,83,0.31575336372525153,3.7868727444565518,2.3048234774636587,1.6430207265260128,0.5693995952606201,0.2510032625868917,-0.49887612368911505,0.2832330251112581,0.1377268498763442,0.032418090850114836,0.09608416631817818,0.22810707706958067
79,82,0.39395754757140716,3.2793300157866505,2.3048234774636587,1.4228117892114613,-0.5558369159698487,-0.7470361413434148,0.49892273452132974,-0.20474179554730676,-0.1427527004852891,0.026679705828428157,0.0809475742280483,0.2368902126327157
79,85,0.44220299157262855,3.315506123610867,2.3048234774636587,1.4385076150210918,-0.6768293734639884,-0.2420810218900442,0.2626613453030587,-0.05348176602274202,0.04115994181483984,0.21681421156972647,-0.2930270489305258,0.917184816673398
79,89,0.47592396743215054,4.186585535664374,2.3048234774636587,1.8164451970402085,-0.7344520548358557,-0.17565930634736998,0.3430662164464595,-0.02963161282241339,0.3646003482863305,-0.09019048046320666,-0.35031710285693407,0.9270332781597972
79,90,0.5315965822470378,2.728712335911668,2.3048234774636587,1.1839138062384185,-0.6316355308517815,-0.43751498404890277,-0.40663980320095994,-0.5196255575865508,0.7985303439199923,0.05709776282310486,-0.25228078197687864,0.7283223858103156
79,91,0.35551719727638986,3.1634840949062077,2.3048234774636587,1.3725494059907188,-0.28383046109229326,-0.038258831948041944,0.21748572308570152,0.3532766876742244,-0.029697444289922825,0.35859957616776234,-0.7598491767421365,0.2239766241982577
79,92,0.40920973914103753,3.416338078464974,2.3048234774636587,1.482255848167809,-0.3891588216647505,-0.5762109486386179,0.41860989294946216,0.2644858947023748,0.029667254537343868,0.5413903594017029,-0.13191584777086976,0.5473433565348387
79,93,0.38510209274190127,4.065608623530191,2.3048234774636587,1.7639566167575607,-0.4794030981138348,0.0733990203589204,-0.2013766588643192,-0.36650374718010426,0.6074451468884945,-0.12519406992942106,-0.6238593021407723,0.04973009228706338
79,94,0.46565844395204536,4.386157855175917,2.3048234774636587,1.9030341794342795,-0.8712725741788749,-0.6962704053148626,0.04406454600393794,0.13127220980823034,0.5494318408891556,0.22552247159183036,0.021048263646662208,0.34415269270539284
79,95,0.4190191150098631,4.165230821596998,2.3048234774636587,1.807179969452855,-0.02279617730528139,-0.28334893845021697,-0.32591624651104223,-0.24941106233745836,0.19022054504603148,0.4250354962423444,-0.4708951832726598,0.8466411773115396
79,100,0.3972859285225685,3.537052365664133,2.3048234774636587,1.534630482659123,-0.27195140719413763,-0.7943375846371054,0.3648805664852264,0.15306341275572782,0.430237242951989,0.4168565338477493,-0.1964565981179476,0.06102638505399227
79,101,0.4221896365388603,3.8714780772308344,2.3048234774636587,1.6797286712348138,-0.6123711597174406,-0.2077424582093953,-0.022708844393491634,-0.2237169472500683,0.3210261259227989,0.24932688102126122,-0.6888883337378502,0.5634213164448738
79,102,0.45392339712880364,4.458956194223098,2.3048234774636587,1.9346193918199552,-0.7537011094391345,-0.4146367190405723,0.2404025131836537,0.30141050834208716,-0.09733900707215082,-0.1499736076220871,0.2111385557800531,0.8265558145940304
79,104,0.3628952065122368,2.6438857785233942,2.3048234774636587,1.1471098782076172,-0.07957456540316335,-0.6185713084414598,0.19180906191468244,-0.2303133672103289,-0.01573129929602146,0.7101931618526578,-0.26404827926307917,0.02006524708122004
79,106,0.4831126998011497,2.5565820844160108,2.3048234774636587,1.10923118816431,-0.6882811849936843,-0.4654334718361496,0.3162905573844912,-0.37865867465734493,0.5655487710610031,0.15214826446026564,0.14548856299370524,0.754480087198317
79,108,0.46160924767152905,2.622928865737201,2.3048234774636587,1.13801724573875,-0.3208021065220236,-0.35786307137459505,-0.30377231352031175,0.3410178022459148,0.23870778176933516,0.6359457252547145,0.025000604800879928,0.8961476720869541
79,110,0.52642450256347,4.419040578195981,2.3048234774636587,1.9173010954656322,-0.931823941878975,-0.7301080515608187,-0.1783777046948668,-0.010643597692251316,0.8439522515982388,0.19496337044984102,-0.12796637509018186,0.13059489242732503
79,112,0.4207683038824684,2.749859726090857,2.3048234774636587,1.1930890816492976,0.011878821067511987,-0.770227397792041,-0.4288604781031605,0.3329971572384238,0.5244336482137439,-0.18966564908623684,-0.43659144919365644,0.16294831689447142
79,113,0.47016183162770653,2.893726053203262,2.3048234774636587,1.2555087543570411,-0.8903085133060815,-0.10685209371149534,0.20894454512745148,-0.29768587835133087,0.10291308723390102,0.6097532277926803,0.05584009643644092,0.6682571666315198
79,114,0.46761481326523957,3.0378892596746776,2.3048234774636587,1.3180572349157604,-0.5375012913718819,-0.3762468611821529,-0.053281787782907264,0.18495333008468134,0.06034170929342497,0.4933830890804529,-0.5336511796340346,0.8659915188327432
79,115,0.3446757128384128,2.468467621095859,2.3048234774636587,1.0710007274883726,-0.37792107742279757,0.022848235443234416,0.3345250608399512,-0.19603654835373174,0.7007950777187942,0.1610966855660081,-0.041219626553356675,0.37143250834196806
79,116,0.4960585887240352,3.834620760304886,2.3048234774636587,1.6637372873885732,-0.23352926317602393,-0.5192772792652247,0.06676574610173719,-0.0973270656540991,0.760112048126757,-0.021850815042853466,-0.6630493169650437,0.7826849780976772
79,118,0.45718463188995023,3.1083198542187174,2.3048234774636587,1.3486151475857342,-0.7769245402887468,-0.6311633298173543,0.4413111004978421,-0.449282316491008,0.28768165223300446,0.2941353283822536,-0.3226052252575755,-0.014243165031075478
79,120,0.4701129304241483,2.668597767618245,2.3048234774636587,1.1578317357973555,-0.1661524306982756,-0.4606989985331891,0.48988564591854844,0.01996648870408524,0.20815584529191244,0.27734901010990143,-0.730286192148924,0.7963939243927598
79,125,0.47301235061545105,4.1985881349532646,2.3048234774636587,1.8216527972778191,-0.4577006064355376,-0.3060558475553987,0.4104581996798518,0.21069140266627054,0.8106005582958459,0.3962658392265439,-0.011705765500664711,0.6779835820198059
80,82,0.3879081246746475,3.572767029933244,2.3048234774636587,1.5501261007046374,-0.6090706698596476,-0.3466214276850226,0.3745419941842556,0.1332042673602698,-0.5890914956107733,-0.3090128730982543,0.1549057997763157,-0.29686625860631466
80,85,0.35906364419116854,3.9735661881241278,2.3048234774636587,1.7240219162019452,-0.7300631273537873,0.158333691768348,0.13828060496598454,0.28446429688483454,-0.40517885331064446,-0.118878367356956,-0.21906882338225842,0.38342834543436766
80,90,0.3634421225480726,3.114287111697273,2.3048234774636587,1.3512041777378925,-0.6848692847415804,-0.03710027039051056,-0.5310205435380341,-0.18167949467897426,0.35219154879450804,-0.2785948161035776,-0.17832255642861128,0.19456591457128525
80,91,0.436573558912898,3.9103060229236437,2.3048234774636587,1.6965750571174922,-0.33706421498209227,0.3621558817103503,0.09310498274862739,0.6912227505818009,-0.4760362394154071,0.022906997241079863,-0.6858909511938691,-0.30977984704077266
80,92,0.3345857520856865,3.8638957068076154,2.3048234774636587,1.6764388876581717,-0.44239257555454947,-0.17579623498022567,0.294229152612388,0.6024319576099514,-0.41667154058814043,0.20569778047502046,-0.05795762222260237,0.01358688529580826
80,93,0.41686019604184743,4.500553150187805,2.3048234774636587,1.952667175683422,-0.5326368520036338,0.47381373401731264,-0.32575739920139335,-0.028557684272527695,0.16110635176301014,-0.46088664885610353,-0.549901076592505,-0.484026378951967
80,95,0.26436841515508097,4.257217730464834,2.3048234774636587,1.8470905785590515,-0.07602993119508035,0.11706577520817524,-0.45029698684811637,0.0885350005701182,-0.2561182500794528,0.08934291731566191,-0.3969369577243924,0.31288470607250934
80,98,0.3410488699679041,2.3480935799026756,2.3048234774636587,1.0187737164525215,-0.5524350441992283,-0.25545913353562344,-0.3483282253146174,0.2731802975758909,-0.3144991155713796,-0.4040332017466427,0.011706700548529625,-0.31909435987472556
80,100,0.31724941332989504,3.4887448122942297,2.3048234774636587,1.5136711537377328,-0.3251851610839366,-0.39392287097871315,0.24049982614815224,0.4910094756633044,-0.016101552173495293,0.08116395492106682,-0.12249837256968021,-0.4727300861850381
80,101,0.3385663664029812,3.856706827637004,2.3048234774636587,1.6733198291962532,-0.6656049136072395,0.1926722554489969,-0.14708958473056577,0.11422911565750826,-0.1253126692026854,-0.08636569790542126,-0.6149301081895828,0.02966484520584345
80,106,0.30358978892496447,3.112229112092373,2.3048234774636587,1.350311267879492,-0.7415149388834832,-0.06501875817775737,0.19190981704741705,-0.04071261174976837,0.1192099759355188,-0.18354431446641684,0.21944678854197264,0.22072361595928663
80,107,0.3449930566199761,3.2587755506755562,2.3048234774636587,1.413893767804584,-0.27651482913643133,0.5202620597556232,-0.19177725352346942,0.5824824115261436,-0.2712433328852056,-0.009155968204140719,-0.2724966621026397,-0.284698311239481
80,108,0.3640747273894966,2.93955132475658,2.3048234774636587,1.275391088948559,-0.3740358604118226,0.04255164228379715,-0.4281530538573859,0.6789638651534914,-0.20763101335614914,0.300253146328032,0.09895883034914732,0.36239120084792376
80,109,0.3489287710416376,2.809256259723444,2.3048234774636587,1.2188596164487564,-0.5970850372686978,0.37723069544881555,-0.04032706841826439,-0.2017692383378744,-0.0665900027379393,-0.49342949129641056,-0.4086095606908202,-0.1341305198147894
80,112,0.4251196770168969,2.7925018179336405,2.3048234774636587,1.2115903214447672,-0.04135493282228697,-0.36981268413364876,-0.5532412184402347,0.6709432201460004,0.0780948530882597,-0.5253582280129193,-0.3626332236453891,-0.37080815434455894
80,113,0.3894244854437688,3.543222336553468,2.3048234774636587,1.537307464627445,-0.9435422671958804,0.29356261994689686,0.08456380479037734,0.04026018455624569,-0.3434257078915833,0.2740606488659978,0.1297983219847083,0.1345006953924895
80,114,0.37915984657403773,3.3752832489262916,2.3048234774636587,1.4644432781640264,-0.5907350452616807,0.024167852476239315,-0.1776625281199814,0.5228993929922578,-0.38599708583205933,0.15769051015377045,-0.45969295408576727,0.3322350475937128
80,115,0.2626779322981135,3.2205944474309613,2.3048234774636587,1.3973280292055434,-0.4311548313125966,0.42326294910162665,0.21014432050287707,0.14190951455384482,0.2544562825933099,-0.17459589336067438,0.03273859899491072,-0.1623239628970623
80,116,0.31481402749144577,3.9511855957322495,2.3048234774636587,1.7143115880094768,-0.28676301706582286,-0.1188625656068325,-0.05761499423533695,0.24061899725347746,0.31377325300127273,-0.35754339396953594,-0.5890910914167763,0.24892850685864687
80,117,0.4475851419614292,3.2157371652428313,2.3048234774636587,1.3952205870367074,-0.6882790243253111,0.5308324033394453,-0.44126003980636597,0.36352100223302836,-0.5772673403844235,0.3401308348402381,-0.08103447873145342,-0.2545535760000348
80,118,0.3943786818665791,3.2919499519029154,2.3048234774636587,1.4282872350491411,-0.8301582941785457,-0.23074861615896214,0.316930360160768,-0.11133625358343147,-0.15865714289247984,-0.04155725054442888,-0.24864699970930815,-0.5479996362701058
80,120,0.33040498724126455,2.733639652030453,2.3048234774636587,1.1860516342182894,-0.21938618458807455,-0.06028428487479687,0.3655049055814743,0.3579125516116618,-0.23818294983357186,-0.058343568816781044,-0.6563279666006566,0.26263745315372944
80,127,0.2867421229973369,2.718499270827602,2.3048234774636587,1.1794826360494959,-0.12159002199768999,0.49749723915010696,0.1605011606588957,0.44697824120521545,-0.17796232830733055,-0.3656490510329603,-0.03283507190644741,-0.05901349801570166
81,85,0.42457856059812815,4.44356091821969,2.3048234774636587,1.9279398017541907,0.24299361929297458,-0.25687078572809713,0.5121714938431976,-0.3348201848566533,-0.26472596172243335,0.08944646827876568,0.2733629010617733,0.8887492092326282
81,90,0.47302313696323794,4.228532347009387,2.3048234774636587,1.8346447736043856,0.2881874619051815,-0.4523047478869557,-0.15712965466082107,-0.8009639764204621,0.49264444038271915,-0.07026998046785593,0.31410916801542044,0.6998867783695458
81,91,0.3302097852144722,4.242869304604558,2.3048234774636587,1.840865188198109,0.6359925316646697,-0.05304859578609486,0.4669958716258404,0.07193826884031301,-0.335583347827196,0.23123183287680155,-0.1934592267498374,0.19554101675748792
81,93,0.31182981370261464,2.933986817509297,2.3048234774636587,1.2729768011292564,0.44041989464312814,0.058609256520867486,0.04813348967581965,-0.6478421660140156,0.30155924335122125,-0.25256181322038185,-0.05746935214847326,0.021294484846293593
81,98,0.3715816812566167,4.540969580072799,2.3048234774636587,1.9702027615016773,0.4206217024475336,-0.6706636110320685,0.025562663562595622,-0.34610418416559696,-0.1740462239831685,-0.19570836611092102,0.5041384249925613,0.18622650392353501
81,101,0.3096138309108375,3.540470700041045,2.3048234774636587,1.536113604646701,0.3074518330395224,-0.2225322220474482,0.22680130414664723,-0.5050553660839796,0.015140222385525703,0.12195913773030043,-0.12249838374555111,0.534985709004104
81,107,0.29252085964643365,4.0073427403614215,2.3048234774636587,1.7386766403348592,0.6965419175103307,0.10505758225917806,0.18211363535374359,-0.036802070215344374,-0.13079044129699446,0.19916886743158096,0.21993506234139204,0.2206225525587796
81,108,0.48348133990674985,3.8313315637509855,2.3048234774636587,1.6623101947777674,0.5990208862349393,-0.37265283521264797,-0.05426216498017289,0.05967938341200352,-0.06717812176793803,0.5085779819637537,0.591390554793179,0.8677120646461843
81,109,0.38074591028377097,4.204099141094122,2.3048234774636587,1.8240438724272803,0.3759717093780641,-0.03797378204762958,0.3335638204589486,-0.8210537200793623,0.07386288885027181,-0.2851046556606889,0.0838221637532115,0.37119034398347117
81,110,0.37783369605117095,4.414877303380519,2.3048234774636587,1.915494764153855,-0.012000949122011995,-0.7448978153988717,0.07113244384527206,-0.2919820165261626,0.5380663480609656,0.06759562715888023,0.43842357490211725,0.10215928498655524
81,112,0.46129843760642264,4.539859334092473,2.3048234774636587,1.969721056073395,0.9317018138244749,-0.7850171616300938,-0.17935032956302166,0.05165873840451246,0.2185477446764708,-0.31703339237719763,0.12979850079864264,0.13451270945370164
81,113,0.451601769674088,4.3098889024527605,2.3048234774636587,1.8699431625000518,0.02951447945088148,-0.12164185754954826,0.45845469366759034,-0.5790242971852422,-0.20297281630337216,0.4823854845017195,0.62223004642874,0.6398215591907501
81,114,0.3942882982077194,3.9666970828503887,2.3048234774636587,1.721041598906107,0.38232170138508115,-0.3910366250202058,0.1962283607572316,-0.09638508874922999,-0.2455441942438482,0.36601534578949213,0.032738770358264446,0.8375559113919734
81,115,0.42030468858154135,4.427314961224682,2.3048234774636587,1.9208911244242954,0.5419019153341653,0.0080584716051815,0.58403520938009,-0.47737496718764305,0.39490917418152105,0.0337289422750473,0.5251703234389424,0.3429969009011983
81,116,0.4751930391173956,3.4234070850733938,2.3048234774636587,1.4853228971967432,0.686293729580939,-0.5340670431032777,0.31627589464187605,-0.3786654844880104,0.45422614458948385,-0.14921855833381426,-0.09665936697274458,0.7542493706569074
81,117,0.33319741518289203,4.042471081477156,2.3048234774636587,1.753917868766978,0.2847777223214508,0.11562792584300013,-0.06736915092915297,-0.25576347950845957,-0.43681444879621245,0.5484556704759598,0.4113972457125783,0.25076728779822577
81,118,0.4384790923987059,4.508550118992512,2.3048234774636587,1.9561368421819196,0.1428984524682162,-0.6459530936554072,0.6908212490379809,-0.7306207353249193,-0.018204251304268726,0.1667675850912928,0.24378472473472357,-0.04267877247184526
81,119,0.43549523870973,4.483789150446127,2.3048234774636587,1.9453937337449851,0.8026618314906956,-0.23317956179380445,0.05717045906931151,0.14258620887994777,0.15378098748624336,-0.0018845219165085636,0.7518413299694657,0.4539749799296259
81,120,0.507173269877789,4.265692987106215,2.3048234774636587,1.8507677610956974,0.7536705620586874,-0.475488762371242,0.7393957944586873,-0.26137193012982607,-0.09773005824536074,0.14998126681894064,-0.1638962421566249,0.76795831695199
81,121,0.26585738539419146,2.8222565870301173,2.3048234774636587,1.224500103641719,0.2193420846015216,-0.06013825722038757,0.10184259712696053,-0.3881937749683856,0.23049820680171268,0.32739944197237486,0.34367208555340767,0.27242795936763264
81,122,0.4016382164370108,4.008985798571211,2.3048234774636587,1.7393895184471553,0.3333183825016026,-0.829561903141439,0.3648538226261732,0.0905927382409572,0.32098322547972213,0.45912002492696047,0.17851241119205952,0.0649499390274284
81,127,0.4306403951252735,4.412102053290558,2.3048234774636587,1.9142906588863162,0.8514667246490719,0.08229276165366184,0.5343920495361087,-0.17230624053627244,-0.03750943671911944,-0.15732421539723862,0.4595966525375843,0.4463073657825589
82,84,0.4954049161572679,3.076527246292707,2.3048234774636587,1.334821202740554,0.35224745422601705,0.10733723454177391,-0.8564843963831665,0.2783903880044819,0.8558983579277991,0.4847010672092439,0.13408204913139343,0.17682434152811766
82,86,0.37058780596102275,2.899842732467612,2.3048234774636587,1.258162614543801,-0.2584064863622184,0.23531785048544418,-0.4809024501591921,0.6451832316815854,0.25846745911985636,-0.20724354870617379,-0.2735159732401371,0.38005170691758394
82,88,0.3828473794176514,3.2773428373177804,2.3048234774636587,1.4219496067110224,0.4118123026564718,-0.09189654886722542,-0.5299838548526169,0.05190347880125057,0.39757026359438896,0.7135926801711322,0.07630371022969484,0.19459403306245804
82,89,0.4102868074378913,2.4468461483335684,2.3048234774636587,1.061619760584094,-0.178615138866007,0.5713768349960449,-0.15585651807487022,0.17511018272489337,0.5073530487716196,-0.11687018629163481,-0.4312646770849824,0.6901430655270815
82,90,0.5315343140666317,3.6500300454246175,2.3048234774636587,1.5836484143424687,-0.07579861488193274,0.309521157294512,-0.9055625377222897,-0.31488376203924406,0.9412830444052814,0.0304180569946767,-0.33322835620492697,0.4914321731775999
82,91,0.47394652036374707,2.6351924182514455,2.3048234774636587,1.1433380664584956,0.2720064548775554,0.7087773093953729,-0.2814370114356282,0.5580184832215311,0.11305525619536627,0.3319198703393342,-0.8407967509701848,-0.012913588434458001
82,94,0.34562068256513756,2.4453841135671692,2.3048234774636587,1.0609854236031084,-0.3154356582090262,0.050765736028552166,-0.4548581885173918,0.3360140053555371,0.6921845413744447,0.1988427657634022,-0.05989931058138609,0.10726248007267714
82,96,0.5017059793837432,3.99395588697041,2.3048234774636587,1.732868450023581,0.5446144379675388,0.18996936455369018,-0.5974723175168039,-0.2116721374914049,0.8104918282479047,0.33912227768451,0.011701924726366997,0.712152898311615
82,97,0.43139195600882807,3.602654736082558,2.3048234774636587,1.5630935606604879,-0.29562226869165864,0.7902429262176157,0.03644931595772505,0.6573214735835792,0.23226409964263428,0.0075902026146652535,-0.49635474383831024,0.20770994760096073
82,98,0.2870284632618333,2.6952465058323063,2.3048234774636587,1.1693938959691128,0.05663562566041935,0.09116229414939914,-0.722870219498873,0.1399760302156211,0.2745923800393938,-0.09502032864838839,-0.14319909922778606,-0.022228101268410905
82,102,0.329883783531011,2.310236352752492,2.3048234774636587,1.0023484988511093,-0.19786419346928574,0.3323994223028425,-0.25852022133767605,0.5061523038893939,0.04541369341313828,-0.17665331345051527,0.13019098155200481,0.5896656019613147
82,104,0.35136555725089247,4.066685444611839,2.3048234774636587,1.764423820034591,0.47626235056668537,0.12846483290195498,-0.3071136726066473,-0.025571571663022152,0.12702140118926764,0.6835134560242296,-0.3449958534911275,-0.21682496555149566
82,107,0.46882982659886396,4.040961742110409,2.3048234774636587,1.7532630076110134,0.33255584072321637,0.8668834874406458,-0.566319247707725,0.44927814416587375,0.3178481627255678,0.2998569048941136,-0.42740246187895536,0.012167947366833687
82,108,0.5127545175274845,3.357129502619626,2.3048234774636587,1.456566863122193,0.23503480944782507,0.38917306996881973,-0.8026950480416415,0.5457595977932216,0.38146048225462426,0.6092660194262863,-0.05594696942716837,0.6592574594542384
82,109,0.42712394592535763,2.938796296835988,2.3048234774636587,1.275063502941225,0.011985632590949868,0.7238521231338382,-0.41486906260252,-0.3349735056981442,0.5225014928728341,-0.18441661819815625,-0.5635153604671359,0.16273573879152525
82,110,0.4602869467531349,3.0965395659494117,2.3048234774636587,1.343504002031859,-0.37598702590912625,0.01692808978259608,-0.6773004392161965,0.19409819785505544,0.9867049520835279,0.16828366462141287,-0.20891394931823015,-0.10629532020539068
82,111,0.4546424770381659,2.8422625148152463,2.3048234774636587,1.2331801296744045,0.5896845301613213,0.6197785651311278,-0.039468768984079514,0.06306683458387863,0.06471893843263388,0.4909273553639652,-0.7164823329076171,0.3970700046047568
82,112,0.5289188081146778,3.6910152802917366,2.3048234774636587,1.601430789117747,0.5677157370373607,-0.023191256448626185,-0.9277832126244903,0.5377389527857306,0.667186348699033,-0.216345354914665,-0.5175390234217048,-0.07394189573824428
82,113,0.387535008553134,2.4752501602876693,2.3048234774636587,1.0739434861239596,-0.3344715973362328,0.6401840476319194,-0.28997818939387826,-0.09294408280402411,0.24566578771919012,0.5830735219642521,-0.02510747779160738,0.43136695399880415
82,114,0.45099507754244694,3.303007074095705,2.3048234774636587,1.4330846185802033,0.018335624597966893,0.3707892801612619,-0.552204522304237,0.3896951256319881,0.20309440977871407,0.46670338325202476,-0.614598753862083,0.6291013062000275
82,115,0.420438106102271,2.533068802856989,2.3048234774636587,1.0990294170573542,0.17791583854705112,0.7698843767866492,-0.16439767368137853,0.008705247193575016,0.8435477782040833,0.13441697973757993,-0.12216720078140497,0.13454229570925236
82,116,0.5028664304513187,4.08130325025738,2.3048234774636587,1.770766086932023,0.3223076527938248,0.22775886207819007,-0.43215698841959255,0.10741472989320766,0.9028647486120461,-0.048530520871281624,-0.743996891193092,0.5457947654649615
82,117,0.4967096093741508,3.1392297146576005,2.3048234774636587,1.3620260923895844,-0.07920835446566343,0.8774538310244678,-0.8158020339906216,0.23031673487275856,0.01182415522634983,0.6491437079384924,-0.2359402785077691,0.04231268260627985
82,119,0.47286908646139497,2.7906937642918996,2.3048234774636587,1.2108058563178627,0.43867575470358133,0.5286463433876633,-0.6912624239921571,0.6286664232611658,0.6024195915088056,0.09880351554602407,0.10450380574911833,0.24552037473767996
82,120,0.4244901315383515,2.7131440737689108,2.3048234774636587,1.1771591622082,0.3896844852715731,0.2863371428102257,-0.009037088602781296,0.224708284251392,0.35090854577720154,0.25066930428147327,-0.8112337663769723,0.5595037117600441
82,123,0.3968773890706073,3.7658530693133248,2.3048234774636587,1.6339008631834377,0.2462831549346446,0.5794430850073695,-0.7711342023685572,-0.30045716930180777,0.1598385674878955,-0.14669347461312987,0.038743222132325186,0.3608223460614681
82,125,0.4518198505447137,2.3429147269487283,2.3048234774636587,1.016526753505213,0.09813630953431107,0.44098029378801606,-0.08846453484147791,0.41543319821357727,0.953353258781135,0.36958613339811575,-0.09265333972871301,0.44109336938709026
82,127,0.41208262373848686,2.9559121836808395,2.3048234774636587,1.282489619089472,0.48748064786195766,0.8441186668351295,-0.2140408335253599,0.31377397384494565,0.41112916730344284,-0.05663617793470599,-0.1877408716827631,0.237852760590613
84,85,0.47864820742193825,3.5161564893822437,2.3048234774636587,1.525564332263569,-0.4732399117201567,0.39761788491159666,0.6202230071648955,-0.12713035847991716,-0.6719857156276702,-0.2945665614679456,-0.5080566722899675,0.5034702625125647
84,89,0.5080820439437438,4.429229117989983,2.3048234774636587,1.9217216248005793,-0.5308625930920241,0.4640396004542709,0.7006278783082963,-0.10328020527958853,-0.34854530915617954,-0.6015712535008787,-0.5653467262163758,0.5133187239989638
84,90,0.3724086058503336,2.525180420625371,2.3048234774636587,1.0956068633092042,-0.4280460691079498,0.2021839227527381,-0.04907814133912314,-0.593274150043726,0.08538468647748236,-0.4542830102145672,-0.4673104053363204,0.31460783164948225
84,91,0.5406694083551079,3.5395011946646298,2.3048234774636587,1.5356929627251417,-0.08024099934846163,0.601440074853599,0.5750473849475384,0.27962809521704923,-0.7428431017324328,-0.1527811968699097,-0.9748788001015782,-0.18973792996257566
84,92,0.40056194681236035,3.377322232771454,2.3048234774636587,1.4653279376032848,-0.18556935992091889,0.063487958163023,0.776171554811299,0.1908373022451997,-0.6834784029051661,0.030009586364030894,-0.3469454711303115,0.13362880237400526
84,93,0.5068689548862999,4.249907524321813,2.3048234774636587,1.843918879635251,-0.27581363637000317,0.7130979271605613,0.15618500299751759,-0.4401523396372794,-0.10570051055401555,-0.6365748429670931,-0.8388889255002141,-0.36398446187377
84,94,0.3091540813084499,4.181352983327149,2.3048234774636587,1.814174935396144,-0.6676831124350433,-0.05657149851322174,0.40162620786577474,0.0576236173510552,-0.1637138165533543,-0.2858583014458417,-0.19398135971277952,-0.06956186145544052
84,95,0.3879215394085159,4.020270328421313,2.3048234774636587,1.7442855679539575,0.18079328443855025,0.3563499683514239,0.03164541535079457,-0.3230596547946335,-0.5229251123964785,-0.08634527679532766,-0.6859248066321015,0.43292662315070635
84,100,0.3426911548917301,3.187125310954149,2.3048234774636587,1.3828066843806273,-0.068361945450306,-0.15463867783546448,0.7224422283470632,0.07941482029855268,-0.28290841449052095,-0.09452423918992275,-0.41148622147738934,-0.3526881691068411
84,101,0.4494651378036982,3.6945443253151837,2.3048234774636587,1.6029619454331672,-0.4087816979736089,0.4319564485922456,0.33485281746834517,-0.29736553970724344,-0.39211953151971113,-0.2620538920164108,-0.903917957097292,0.14970676228404045
84,102,0.5034183788373138,4.551542682044031,2.3048234774636587,1.9747901418692473,-0.5501116476953027,0.22506218776106857,0.5979641750454905,0.227761915884912,-0.8104846645146608,-0.6613543806597592,-0.0038910675793886185,0.412841260433197
84,106,0.3866107747706138,2.613708254594823,2.3048234774636587,1.1340166742275102,-0.4846917232498526,0.1742654349654913,0.673852219246328,-0.4523072671145201,-0.1475968863815069,-0.3592325085774064,-0.06954106036573648,0.34076553303748364
84,107,0.4118158978519171,3.0969480870475135,2.3048234774636587,1.3436812481863243,-0.019691613502800687,0.7595462528988719,0.2901651486754415,0.17088775616139182,-0.5380501952022313,-0.1848441623151303,-0.5614845110103488,-0.16465639416128397
84,108,0.29090597641789223,2.449113840206754,2.3048234774636587,1.062603650194452,-0.11721264477819199,0.2818358354270458,0.053789348341525045,0.2673692097887397,-0.47443787567317486,0.12456495221704242,-0.1900290185585618,0.48243311792612076
84,109,0.5139091195685065,2.6193387406740523,2.3048234774636587,1.136459588461196,-0.3402618216350672,0.6165148885920642,0.44161533378064655,-0.6133638937026261,-0.333396865054965,-0.6691176854074001,-0.6975974095985293,-0.014088602736592404
84,110,0.33405551014906026,4.199786502798404,2.3048234774636587,1.822172736378083,-0.7282344801351432,-0.09040914475917783,0.17918395716697,-0.08429219014942646,0.13080659415572882,-0.316417402587831,-0.3429959984496236,-0.28311966173350833
84,113,0.4591461546188488,3.114525688144793,2.3048234774636587,1.3513076895468674,-0.6867190515622499,0.5328468130901456,0.5665062069892883,-0.371334470808506,-0.610232570208609,0.09837245475500822,-0.1591895269230008,0.2545426124706865
84,114,0.4297431479362282,2.8290679505565297,2.3048234774636587,1.227455368369371,-0.33391182962805016,0.263452045619488,0.30427987407892954,0.1113047376275062,-0.652803948149085,-0.017997683957219124,-0.7486808029934764,0.4522769646719098
84,115,0.38913000126423986,3.039469533574727,2.3048234774636587,1.3187428726296684,-0.17433161567896593,0.6625471422448753,0.692086722701788,-0.2696851408109069,-0.012350579723715782,-0.35028408747166395,-0.2562492499127984,-0.0422820458188653
84,116,0.4210682475066062,3.6583491506792116,2.3048234774636587,1.5872578470543173,-0.02993980143219227,0.12042162753641616,0.424327407963574,-0.17097565811127424,0.046966390684247045,-0.5332315880805255,-0.8780789403244854,0.36897042393684387
84,117,0.45794546193578717,2.8347495398439135,2.3048234774636587,1.2299204548902858,-0.4314558086916805,0.7701165964826939,0.04068236239254497,-0.04807365313172335,-0.8440742027014493,0.16444264072924852,-0.37002232763916254,-0.1345116589218378
84,118,0.49255134721594557,2.862805994477804,2.3048234774636587,1.2420933847949938,-0.5733350785449152,0.00853557698428653,0.7988727623596789,-0.5229309089481832,-0.42546400520950556,-0.21724544465541845,-0.5376348486170173,-0.42795771919190884
84,120,0.5128769679547336,2.439838869208728,2.3048234774636587,1.0585794934255213,0.03743703104555607,0.1789999082684518,0.8474473077803852,-0.053682103753089905,-0.5049898121505976,-0.23403176292777061,-0.9453158155083657,0.38267937023192644
84,125,0.3406833877895254,4.370948286162629,2.3048234774636587,1.8964351625629203,-0.254111144691706,0.33364305924624216,0.7680198615416887,0.1370428102090954,0.09745490085333589,-0.11511493381112814,-0.22673538886010644,0.2642690278589726
84,127,0.443463743084045,2.682514977225579,2.3048234774636587,1.1638700331955794,0.1352331936359406,0.7367814322933557,0.6424435628578067,0.03538358584046375,-0.44476919062435627,-0.5413372451439499,-0.32182292081415653,0.06102841906249534
85,88,0.43222839724620843,3.827899236903129,2.3048234774636587,1.6608210018389513,0.5328047601506114,-0.596851668320596,-0.29372246563434584,-0.09935655072331417,0.21365762129426003,0.5234581744298339,0.45027833338826895,-0.4857005709782243
85,90,0.40956371983257567,2.8009200876763427,2.3048234774636587,1.2152427789214526,0.045193842612206936,-0.19543396215885855,-0.6693011485040186,-0.4661437915638088,0.7573704021051525,-0.1597164487466216,0.04074626695364714,-0.1888624308630824
85,93,0.4678935640157676,3.956517333547234,2.3048234774636587,1.716624883525215,0.19742627535015356,0.31548004224896464,-0.4640380041673779,-0.31302198115736224,0.5662852050736547,-0.3420082814991475,-0.33083225321024656,-0.8674547243863346
85,96,0.4136728539267063,4.5490781706790075,2.3048234774636587,1.9737208576532885,0.6656068954616785,-0.3149857548996804,-0.3612109282985328,-0.36293216701596964,0.6265791859477757,0.14898777194321167,0.3856765478849411,0.031858294270932674
85,97,0.2992339082972732,3.1885750519414193,2.3048234774636587,1.38343568742639,-0.17462981119751897,0.28528780676424514,0.2727107051759961,0.5060614440590144,0.048351457342505344,-0.18254430312663306,-0.12238012067973614,-0.4725846564397216
85,98,0.366746388679949,2.4707613592824154,2.3048234774636587,1.071995917883205,0.17762808315455902,-0.41379282530397143,-0.4866088302806019,-0.011283999308943637,0.09067973773926485,-0.2851548343896867,0.23077552393078804,-0.7025227053090932
85,104,0.4454029630561194,3.8467642350088918,2.3048234774636587,1.6690060096238089,0.5972548080608251,-0.3764902865514156,-0.07085228338837624,-0.1768316011875869,-0.0568912411108613,0.4933789502829313,0.028978769667446613,-0.897119569592178
85,107,0.3559628984864127,3.0524497133765003,2.3048234774636587,1.3243746183701524,0.45354829821735604,0.3619283679872752,-0.33005785848945396,0.298018114641309,0.13393552042543888,0.10972239915281529,-0.05342783872038126,-0.6681266566738486
85,108,0.34148909606054867,2.68971983540948,2.3048234774636587,1.1669960245152398,0.35602726694196474,-0.11578204948455084,-0.5664336588233705,0.39449956826865684,0.19754783995449532,0.419131513684988,0.31802765373140574,-0.0210371445864439
85,111,0.329196514612053,2.9861061771580815,2.3048234774636587,1.2955899687572343,0.710676987655461,0.11482344567775721,0.19679262023419153,-0.08819319494068611,-0.11919370386749506,0.3007928496226669,-0.342507709749043,-0.28322459943592554
85,112,0.5441838785055252,3.2492033673797525,2.3048234774636587,1.4097406587316335,0.6887081945315003,-0.5281463759019968,-0.6915218234062193,0.38647892326116584,0.48327370639890416,-0.4064798606559633,-0.14356440026313066,-0.7542364997789266
85,116,0.36098996878150336,2.947941925969894,2.3048234774636587,1.2790315418055158,0.44330011028796446,-0.2771962573751805,-0.1958955992013215,-0.04384529963135708,0.7189521063119172,-0.23866502661257993,-0.3700222680345179,-0.1344998385757208
85,123,0.356547398554485,3.816408666173958,2.3048234774636587,1.655835556818313,0.36727561242878426,0.07448796555399889,-0.5348728131502862,-0.4517171988263725,-0.024074074812233448,-0.3368279803544282,0.4127178452908993,-0.3194722579792142
85,124,0.3667628220858169,2.7219238617327113,2.3048234774636587,1.1809684725738956,0.2541285715997219,-0.4617556734010577,-0.23610002454370244,-0.35480852145701636,-0.08977020252496004,-0.14609792176634073,-0.21062199212610722,-0.7368330098688604
86,90,0.4582040930559528,4.271524284271208,2.3048234774636587,1.8532978017786437,0.18260787148028568,0.07420330680906784,-0.4246600875630976,-0.9600669937208295,0.6828155852854251,0.2376616057008505,-0.05971238296478987,0.11138046626001596
86,91,0.40941375883916603,2.58450621751481,2.3048234774636587,1.1213467073664696,0.5304129412397738,0.4734594589099287,0.19946543872356387,-0.08716474846005437,-0.14541220292449009,0.5391634190455079,-0.5672807777300477,-0.39296529535204194
86,92,0.33790407769692243,2.3817007838745643,2.3048234774636587,1.0333549649951956,0.4250845806673166,-0.06449265778064728,0.4005896085873245,-0.17595554143190387,-0.08604750409722339,0.7219542022794485,0.060652551241219044,-0.06959856301546102
86,98,0.279615957722338,4.215457193828674,2.3048234774636587,1.8289718215069428,0.31504211202263777,-0.14415555633604504,-0.2419677693396809,-0.5052072014659643,0.016124920919537433,0.1122232200577854,0.13031687401235104,-0.40227980818599485
86,100,0.40953405781708213,2.9347693462124855,2.3048234774636587,1.2733163189755643,0.5422919951379295,-0.28261929377913475,0.3468602821230887,-0.2873780233785509,0.31452248431742175,0.5974203767254949,-0.003888199105858803,-0.5559155344963074
86,106,0.39117549676614016,3.096640755024975,2.3048234774636587,1.3435479052099344,0.12596221733838286,0.04628481902182102,0.29827027302235354,-0.8191001107916236,0.44983401242643584,0.33271210733801126,0.33805696200579405,0.13753816764801735
86,108,0.3853080842426435,4.043180968565738,2.3048234774636587,1.754225869399358,0.4934412958100435,0.15385521948337555,-0.3217925978824494,-0.09942363388836387,0.1229930231347679,0.8165095681324601,0.21756900381296873,0.2792057525366545
86,109,0.4298846045711065,3.7775628736786273,2.3048234774636587,1.6389814276951238,0.2703921189531683,0.48853427264839394,0.0660333875566721,-0.9801567373797296,0.26403403375297774,0.02282693050801754,-0.2899993872269988,-0.2173159681260587
86,113,0.424277552820026,2.9512037206613013,2.3048234774636587,1.2804467454960808,-0.07606511097401436,0.40486619714647526,0.19092426076531382,-0.7381273144856095,-0.012801671400666237,0.7903170706704259,0.24840849544852972,0.051315247081220206
86,114,0.31641165233972623,3.8399569633243287,2.3048234774636587,1.6660525202346543,0.2767421109601853,0.1354714296758177,-0.07130207214504491,-0.2554881060495974,-0.05537304934114229,0.6739469319581985,-0.34108278062194586,0.24904959928244352
86,115,0.4364129722693791,3.362202230571642,2.3048234774636587,1.4587677813276942,0.43632232490926953,0.534566526301205,0.31650477647781355,-0.6364779844880104,0.585080319084227,0.3416605284437537,0.15134877245873213,-0.24550941120833158
86,116,0.40591222554902545,4.239581767287229,2.3048234774636587,1.8394388154847647,0.5807141391560432,-0.007558988407254108,0.04874546173959954,-0.5377685017883778,0.6443972894921898,0.15871302783489216,-0.4704809179529549,0.1657430585473776
86,117,0.4525530581433484,3.795929547772571,2.3048234774636587,1.6469502262922968,0.17919813189655498,0.6421359805390237,-0.3348995838314295,-0.4148664968088269,-0.24664330389350653,0.8563872566446662,0.03757569473236799,-0.3377390243113041
86,118,0.45506309846458287,2.908317454978788,2.3048234774636587,1.2618395653359291,0.037318862043320356,-0.11944503895938374,0.42329081613570446,-0.8897237526252867,0.1719668935984372,0.4746991712599992,-0.13003682624548674,-0.6311850845813751
86,119,0.3516843198570429,4.285037118685965,2.3048234774636587,1.8591606518176529,0.6970822410657997,0.2933284929022191,-0.210359973832965,-0.016516808420419613,0.3439521323889493,0.30604706425219785,0.37801977898925543,-0.13453133217990398
86,120,0.41256120138219243,3.7845553520048005,2.3048234774636587,1.6420152731911217,0.6480909716337915,0.05101929232478153,0.4718653615564108,-0.4204749474301935,0.09244108665734518,0.45791285298764706,-0.5377177931368352,0.17945200484246018
86,124,0.4012729879302391,4.3237007756966594,2.3048234774636587,1.875935757325187,0.39154260046780065,-0.19211840443313133,0.008541036397218593,-0.848731723614037,-0.16432501934468746,0.25128013268113136,-0.3110806420445442,-0.436590112745762
86,127,0.38431747216028245,4.086979188952785,2.3048234774636587,1.773228721815303,0.7458871342241761,0.6088008163496854,0.2668616166338322,-0.3314092578366398,0.1526617081835865,0.1506073707714678,0.085775101557374,-0.14219894632697094
88,90,0.4599827928068248,3.0531335398594757,2.3048234774636587,1.3246713120170461,-0.4876109175384045,0.40141770616173744,-0.3755786828696728,-0.36678724084049463,0.5437127808108925,-0.6831746231764555,-0.4095320664346218,0.29683814011514187
88,91,0.5110415621016908,3.9979827036216466,2.3048234774636587,1.7346155758623318,-0.13980584777891636,0.8006738582625983,0.24854684341698868,0.5061150044202806,-0.2845150073990227,-0.3816728098317981,-0.9171004611998796,-0.20750762149691604
88,92,0.2942712815422589,3.569213106961606,2.3048234774636587,1.5485841505265054,-0.24513420835137362,0.2627217415720223,0.4496710132807493,0.417324211448431,-0.225150308571756,-0.19888202659785748,-0.2891671322286129,0.11585911083966488
88,94,0.35594028488572954,4.52466182201745,2.3048234774636587,1.963127270378472,-0.727247960865498,0.1426622848957776,0.0751256663352251,0.28411052655428654,0.29461427778005583,-0.51474991440773,-0.13620302081108093,-0.0873315529897809
88,95,0.3691384925980422,4.124012766407781,2.3048234774636587,1.7892965802943175,0.12122843600809553,0.5555837517604232,-0.29485512617975507,-0.09657274559140216,-0.06459701806306839,-0.31523688975721603,-0.628146467730403,0.41515693161636597
88,100,0.2886212582501715,3.5250198926045617,2.3048234774636587,1.529409921007776,-0.12792679388076073,0.044595105573534854,0.39594168681651354,0.305901729501784,0.17541967984288914,-0.3234158521518111,-0.35370788257569075,-0.37045786064118147
88,101,0.4474390802171164,4.260890509290021,2.3048234774636587,1.8486840970480372,-0.46834654640406365,0.6311902320012449,0.008352275937795528,-0.07087863050401211,0.06620856281369902,-0.4909455049782992,-0.8461396181955934,0.13193707074970007
88,104,0.2572077978783626,2.6433199075683635,2.3048234774636587,1.1468643622448704,0.06445004791021358,0.2203613817691804,0.2228701822459696,-0.07747505046427272,-0.2705488624051213,-0.03007922414690265,-0.42129956372082233,-0.4114189986139537
88,106,0.37984757554492915,2.774800649598276,2.3048234774636587,1.2039102676322107,-0.5442565716803074,0.3734992183744906,0.34735167771577835,-0.22582035791128874,0.31073120795190323,-0.5881241215392947,-0.011762721464037895,0.32299584150314326
88,107,0.4400709772158737,3.593856457977591,2.3048234774636587,1.5592762279272023,-0.07925646193325542,0.9587800363078712,-0.03633539285510812,0.3973746653646232,-0.07972210086882114,-0.41373577527701866,-0.5037061721086502,-0.18242608569562435
88,108,0.3212260576139141,3.130585842177976,2.3048234774636587,1.3582757520428537,-0.17677749320864672,0.48106961883604515,-0.2727111931890246,0.493856118991971,-0.016109781339764706,-0.10432666074484595,-0.1322506796568632,0.4646634263917804
88,109,0.5268591349503732,3.346882113495537,2.3048234774636587,1.4521208006691302,-0.3998266700655219,0.8157486720010636,0.11511479225009691,-0.3868769844993948,0.12493122927844513,-0.8980092983692884,-0.6398190706968307,-0.031858294270932785
88,112,0.4724332035718557,2.3723978208667353,2.3048234774636587,1.0293186632572133,0.1559034343808889,0.06870529241859924,-0.39779935777187336,0.48583547398448,0.26961608510464413,-0.9299380350857972,-0.5938427336513996,-0.2685359288007023
88,113,0.39967503366934287,3.4900337606429535,2.3048234774636587,1.5142303932462362,-0.7462838999927046,0.7320805964991448,0.24000566545873864,-0.14484756160527468,-0.15190447587519884,-0.13051915820688015,-0.10141118802130222,0.2367729209363461
88,114,0.3950343331975139,3.131247825596463,2.3048234774636587,1.3585629685802412,-0.3934766780585049,0.4626858290284873,-0.022220667451620102,0.33779164683073754,-0.1944758538156749,-0.2468892969191075,-0.6909024640917778,0.4345072731375694
88,115,0.4344868542326667,3.415325435808099,2.3048234774636587,1.4818164901576287,-0.23389646410942067,0.8617809256538747,0.36558618117123837,-0.04319823160767555,0.44597751460969437,-0.5791757004335523,-0.19847091101109982,-0.06005173735320568
88,116,0.46840575094925074,4.074720007662977,2.3048234774636587,1.767909797650534,-0.089504649862647,0.3196554109454155,0.09782686643302435,0.05551125109195709,0.5052944850176572,-0.7621232010424138,-0.8203006014227868,0.3512007324025035
88,117,0.4427053781194378,3.3802967430683406,2.3048234774636587,1.4666184964360853,-0.4910206571221352,0.9693503798916933,-0.28581817913800467,0.178413256071508,-0.38574610836803913,-0.06444897223263982,-0.31224398873746395,-0.1522813504561782
88,118,0.4159024076934634,3.0968333839796043,2.3048234774636587,1.3436314816558153,-0.6328999269753699,0.20776936039328586,0.4723722208291293,-0.29644399974495184,0.032864089123904594,-0.4461370576173068,-0.4798565097153187,-0.4457274107262492
88,120,0.44471263386009025,2.7097607543269104,2.3048234774636587,1.1756912322451976,-0.022127817384898663,0.37823369167745113,0.5209467662498356,0.17280480545014143,-0.04666171781718742,-0.462923375889659,-0.8875374766066672,0.36490967869758606
88,127,0.4630434007555046,3.117434489531339,2.3048234774636587,1.352569739076902,0.07566834520548589,0.9360152157023549,0.315943021327257,0.2618704950436951,0.013558903709053882,-0.7702288581058382,-0.26404458191245794,0.04325872752815496
89,90,0.37755446991474223,3.6272374702759156,2.3048234774636587,1.5737593380762966,0.10281652398407426,-0.2618556777015328,-0.7497060196474195,-0.48999394476413743,0.43392999563366186,0.14728824328631152,0.09803632088005543,-0.19871089234948158
89,97,0.28706380944675997,2.39146392764681,2.3048234774636587,1.0375909266068803,-0.11700712982565165,0.21886609122157089,0.19230583403259527,0.4822112908586858,-0.2750889491289853,0.12446038890630007,-0.06509006675332785,-0.48243311792612076
89,98,0.3958846541831014,3.5961403825635028,2.3048234774636587,1.5602671604685634,0.23525076452642635,-0.48021454084664567,-0.5670137014240028,-0.035134152509272265,-0.23276066873222578,0.02184985764324643,0.28806557785719633,-0.7123711667954924
89,100,0.45628511780238373,2.4977078274900695,2.3048234774636587,1.0836872549730665,0.46250064764171805,-0.6186782782897353,0.02181435003876686,0.1826950255781412,0.06563689466565853,0.507047014310956,0.1538605047389865,-0.8660068931058049
89,106,0.27003329422622274,2.471460454168198,2.3048234774636587,1.0722992360733479,0.04617086984217145,-0.2897741654887796,-0.026775659061968327,-0.34902706183493154,0.20094842277467262,0.2423387449234723,0.49580566585063934,-0.1725531909614802
89,107,0.3970998651828244,3.7736317132078323,2.3048234774636587,1.6372758044622673,0.5111709795892234,0.29550665244460095,-0.4104627296328548,0.2741679614409803,-0.18950488604605176,0.4167270911857484,0.003862215206027031,-0.6779751181602478
89,108,0.4250037638616948,3.3344692147799404,2.3048234774636587,1.4467351827088097,0.41364994831383206,-0.18220376502722507,-0.6468385299667713,0.37064941506832827,-0.12589256651699532,0.7261362057179211,0.375317707657814,-0.030885606072843082
89,109,0.2931064146265846,2.6930070069898275,2.3048234774636587,1.1684222385452898,0.19060077145695686,0.15247528813779332,-0.25901254452764977,-0.5100836884230375,0.01514844410121452,-0.06754643190652143,-0.1322506833821535,-0.5274073267355562
89,111,0.41099128129714574,4.087199893876298,2.3048234774636587,1.773324479657789,0.7682996690273283,0.048401730135082977,0.1163877490907907,-0.11204334814101474,-0.4426341103389857,0.6077975416556001,-0.2852176558226347,-0.2930730609223247
89,112,0.532048226447908,4.250148230099315,2.3048234774636587,1.8440233153023882,0.7463308759033677,-0.5945680914446709,-0.77192669454962,0.36262877006083716,0.15983329992741352,-0.09947516862303019,-0.08627434633672237,-0.7640849612653258
89,113,0.3371197012751756,2.352130451994115,2.3048234774636587,1.0205252050723272,-0.15585645847022578,0.06880721263587464,-0.13412167131900804,-0.2680542655289175,-0.26168726105242945,0.6999437082558869,0.406157199293375,-0.25877611152827734
89,114,0.3067230670987837,3.451306803738871,2.3048234774636587,1.4974278236426415,0.1969507634639739,-0.2005875548347829,-0.3963480042293668,0.21458494290709473,-0.3042586389929055,0.5835735695436596,-0.18333407677710056,-0.06104175932705402
89,115,0.311184980578213,2.3602127593299707,2.3048234774636587,1.0240318976302971,0.3565309774130581,0.1985075417906044,-0.00854115560650831,-0.16640493553131835,0.33619472943246376,0.25128716602921475,0.3090974763035774,-0.5556007698178291
89,116,0.30200564208625935,3.6167912955506667,2.3048234774636587,1.56922702797646,0.5009227916598318,-0.34361797291785473,-0.2763004703447223,-0.06769545283168571,0.39551169984042656,0.06833966542035319,-0.3127322141081096,-0.14434830006211996
89,117,0.4785789746565644,2.814279273398248,2.3048234774636587,1.2210389649862554,0.09940678440034356,0.30607699602842303,-0.6599455159157513,0.055206552147865184,-0.49552889354526974,0.7660138942301272,0.1953243985772133,-0.6478303829208016
89,118,0.4235915930414444,2.484364402125532,2.3048234774636587,1.0778979068971688,-0.04247248545289106,-0.45550402346998436,0.09824488405138258,-0.41965070366859464,-0.07691869605332602,0.38432580884546025,0.02771187759935856,-0.9412764431908727
89,119,0.42064484532576063,3.453129194516285,2.3048234774636587,1.4982185092614027,0.6172908935695883,-0.04273049160838155,-0.5354059059172869,0.45355624053627247,0.09506654273718607,0.21567370183765888,0.5357684828341007,-0.44462269078940153
89,120,0.30602927038924876,3.225902614538686,2.3048234774636587,1.3996310980347304,0.5682996241375802,-0.2850396921858191,0.14681942947208892,0.04959810152649863,-0.15644450299441803,0.3675394905731081,-0.3799690892919899,-0.13063935376703736
89,124,0.41794076103111044,3.6284040056196414,2.3048234774636587,1.5742654659230197,0.31175125297158923,-0.528177388943732,-0.31650489568710327,-0.378658674657345,-0.4132106089964507,0.1609067702665924,-0.15333193819969893,-0.7466814713552595
89,127,0.3196565149360637,3.0784083172140013,2.3048234774636587,1.3356373480721542,0.6660957867279647,0.27274183183908474,-0.05818431545048969,0.13866379112005228,-0.09622388146817673,0.060234008356928825,0.2435238054022193,-0.4522903049364685
90,91,0.5831723350689877,2.5683188702533437,2.3048234774636587,1.114323459200289,0.34780506975948816,0.39925615210086085,0.6241255262866614,0.8729022452607752,-0.8282277882099152,0.3015018133446575,-0.5075683947652578,-0.5043457616120579
90,92,0.5299563957815818,3.0590260091776673,2.3048234774636587,1.3272278936276587,0.2424767091870309,-0.13869596458971511,0.8252496961504221,0.7841114522889256,-0.7688630893826485,0.4842925965785981,0.12036493420600891,-0.180979029275477
90,93,0.356736780240635,2.367325001610711,2.3048234774636587,1.027117705437395,0.15223243273794662,0.5109140044078232,0.20526314433664072,0.15312181040644657,-0.1910851970314979,-0.18229183275252592,-0.3715785201638937,-0.6785922935232522
90,94,0.3646735974777027,3.208030036778666,2.3048234774636587,1.3918766743511917,-0.23963704332709346,-0.25875542126595985,0.4507043492048979,0.6508977673947811,-0.24909850303083664,0.1684247087687255,0.2733290456235409,-0.38416969310492277
90,95,0.36076226140732853,3.8463177999977023,2.3048234774636587,1.668812313657261,0.6088393535465001,0.1541660455986858,0.08072355668991771,0.27021449524909247,-0.6083097988739609,0.3679377334192395,-0.21861440129578114,0.1183187915012241
90,96,0.3132244374694215,3.4387110799246257,2.3048234774636587,1.4919628828619678,0.6204130528494716,-0.11955179274082184,0.3080902202054858,0.10321162454783916,-0.13079121615737682,0.3087042206898333,0.34493028093129396,0.22072072513401508
90,100,0.502234462482595,2.9957947271139957,2.3048234774636587,1.2997935661479445,0.3596841236576438,-0.3568226005882026,0.7715203696861863,0.6726889703422787,-0.36829310096800333,0.35975877102464443,0.055824183858931065,-0.6672960007563233
90,101,0.3104255638331206,3.1307319958675652,2.3048234774636587,1.3583391641397098,0.019264371134340874,0.22977252583950747,0.3839309588074683,0.2959086103364825,-0.47750421799719345,0.19222911819815636,-0.43660755176097155,-0.1649010693654418
90,102,0.5217824183599437,3.9652858551794057,2.3048234774636587,1.7204293057371152,-0.12206557858735301,0.022878265008330456,0.6470423163846136,0.821036065928638,-0.8958693509921432,-0.20707137044519197,0.4634193377569318,0.0982334287837148
90,104,0.5443709170033574,2.380545318420332,2.3048234774636587,1.0328536400713868,0.5520609654486182,-0.18105632439255703,0.5984488651156423,0.2893121903762219,-0.8142616432160138,0.6530953990295529,-0.011767497286200523,-0.7082571387290956
90,105,0.320352080182335,4.30799191494474,2.3048234774636587,1.8691201113958915,-0.1711712572723626,0.17119430098682636,-0.035236201249062904,0.662195598706603,-0.14274173788726335,-0.05422154255211353,-0.5037109404802322,-0.21356980688869964
90,106,0.3099814165248525,2.717737142779743,2.3048234774636587,1.1791519694907286,-0.05664565414190281,-0.027918487787246815,0.7229303605854511,0.1409668829292059,-0.23298157285898924,0.09505050163716078,0.3977693449705839,0.026157701388001386
90,107,0.48428644183573333,2.522439255273778,2.3048234774636587,1.0944175464793489,0.4083544556051491,0.5573623301461338,0.33924329001456466,0.7641619062051178,-0.6234348816797136,0.2694388478994369,-0.0941741056740284,-0.4792642258107662
90,110,0.3317929154518365,2.8113808979310493,2.3048234774636587,1.219781438978065,-0.3001884110271935,-0.29259306751191594,0.22826209850609314,0.5089819598942995,0.045421907678246456,0.13786560762673616,0.12431440688669682,-0.5977274933829906
90,111,0.5666032364527099,2.906520714095142,2.3048234774636587,1.2610600085059966,0.665483145043254,0.31025740783661576,0.8660937687382102,0.3779505966231227,-0.8765641059726476,0.4605092983692885,-0.3832539767026901,-0.09436216857284313
90,113,0.43190113264690727,2.5348268821815014,2.3048234774636587,1.099792199691991,-0.25867298245430004,0.3306628903374074,0.6155843483284114,0.22193967923521996,-0.6956172566860913,0.5526554649695754,0.3081208784133196,-0.06006521917879576
90,114,0.4282665307665454,2.357642995258162,2.3048234774636587,1.0229169471375865,0.09413423947989963,0.061268122866749875,0.3533580154180527,0.7045788876712322,-0.7381886346265674,0.43628532625734806,-0.281370397657156,0.13766913302242756
90,115,0.37460407006668067,2.409266129632408,2.3048234774636587,1.0453148161627037,0.25371445342898385,0.4603632194921372,0.7411648640409112,0.3235890092328191,-0.09773526620119814,0.10399892274290323,0.211061155423522,-0.35688987746834755
90,118,0.4549834890736566,2.7235263655933233,2.3048234774636587,1.1816637552609563,-0.14528900943696532,-0.19364834576845158,0.847950903698802,0.0703432410955428,-0.5108486916869879,0.23703756555914873,-0.07032444328069687,-0.7425655508413911
90,123,0.35219301607846254,2.5924138069362055,2.3048234774636587,1.1247775945900313,0.3220817698165773,0.26992192771285745,0.13442833535373244,0.014426592737436295,-0.7814444769173859,-0.17711153160780657,0.37197157833725214,-0.13060982711613178
90,124,0.4177215215375538,2.4896588364095407,2.3048234774636587,1.0801950174289634,0.20893472898751497,-0.26632171124219917,0.4332011239603162,0.11133527010679245,-0.8471406046301125,0.013618526980280876,-0.25136825907975435,-0.547970579005778
90,125,0.42192088699925606,3.5159626041604075,2.3048234774636587,1.525480210757635,0.1739349244162438,0.13145913649350405,0.8170980028808117,0.7303169602528213,0.012070214375853525,0.33916807640343904,0.24057501647621396,-0.050338803790509645
91,93,0.4232475302822248,3.5848428112508897,2.3048234774636587,1.5553654526271259,-0.19557263702154154,0.11165785230696235,-0.41886238195002073,-0.7197804348543286,0.6371425911784172,-0.4837936460971834,0.13598987460136414,-0.17424653191119432
91,97,0.30134435000422655,3.2446083556624052,2.3048234774636587,1.4077470085617716,-0.5676287235692141,0.08146561682224285,0.31788632739335326,0.09930299036204804,0.11920884344726801,-0.3243296677246689,0.34444200713187456,0.22062353603541873
91,98,0.431937074495303,2.640929592763261,2.3048234774636587,1.145827269891172,-0.21537082921713607,-0.6176150152459737,-0.44143320806324476,-0.41804245300591003,0.16153712384402752,-0.42694019898772256,0.6975976517423987,-0.009314512833952904
91,101,0.3127467945789132,3.4439891335835604,2.3048234774636587,1.4942528862876283,-0.3285406986251473,-0.16948362626135335,-0.24019456747919316,-0.5769936349242927,0.3507235702127217,-0.10927269514650112,0.07096084300428629,0.3394446922466161
91,104,0.37598722829809955,3.4146182686343907,2.3048234774636587,1.4815096696220766,0.20425589568912994,-0.5803124764934179,-0.025676661171019077,-0.5835900548845533,0.013966144993901364,0.3515935856848954,0.4958008974790573,-0.20391137711703766
91,111,0.2791787737832896,3.0863915368420116,2.3048234774636587,1.3391010491781474,0.3176780752837658,-0.08899874426424506,0.2419682424515487,-0.4949516486376525,-0.048336317762732395,0.15900748502463102,0.12431441806256771,0.4099835930392148
91,112,0.4686780170996203,3.257436780969196,2.3048234774636587,1.4133129121688053,0.2957092821598053,-0.731968565843999,-0.6463462011888621,-0.020279530435800552,0.5541310925036669,-0.5482652252539992,0.32325772754848003,-0.06102830730378628
91,116,0.4401329320785557,2.799760382533627,2.3048234774636587,1.214739614512527,0.05030119791626936,-0.4810184473171828,-0.15071997698396433,-0.4506037533283235,0.7898094924166799,-0.3804503912106158,0.09679985977709282,0.5587083538994195
91,119,0.4311867002865331,2.3356456011698987,2.3048234774636587,1.0133728782302054,0.1666692998260259,-0.1801309660077096,-0.4098254125565289,0.07064794003963476,0.48936433531343937,-0.2331163547933101,0.9453005567193031,0.25843396317213796
91,123,0.5170470650412011,3.5857127121511976,2.3048234774636587,1.5557428788850642,-0.025723299942910838,-0.12933422438800338,-0.489697190932929,-0.8584756525233389,0.04678331129252922,-0.47861334495246405,0.87953997310251,0.3737359344959261
91,124,0.392028596561861,2.8352668627117863,2.3048234774636587,1.2301449071630655,-0.1388703407719732,-0.66557786334306,-0.19092440232634528,-0.7615669751539828,-0.018912816420197376,-0.2878832863643766,0.2562001356855035,-0.04362481739372004
92,93,0.5568278247374676,4.384629253904356,2.3048234774636587,1.9023709610635422,-0.09024427644908428,0.6496099689975383,-0.6199865518137814,-0.6309896418824791,0.5777778923511505,-0.666584429331124,-0.4919434543699026,-0.49761326424777524
92,96,0.4364688074400552,4.452212066548353,2.3048234774636587,1.9316932988932352,0.3779363436624407,0.019144171848893277,-0.5171594759449363,-0.6808998277410865,0.6380718732252717,-0.1755883758887648,0.22456534672528505,0.40169975440949207
92,97,0.3532153370019313,3.109474608047051,2.3048234774636587,1.3491161637544886,-0.4623003629967568,0.6194177335128188,0.11676215752959261,0.18809378333389754,0.059844144620001316,-0.5071204509586096,-0.2834913218393922,-0.10274319630116219
92,98,0.3601185856328184,2.3673165308040094,2.3048234774636587,1.027114030185566,-0.11004246864467881,-0.07966289855539777,-0.6425573779270054,-0.3292516600340605,0.10217242501676083,-0.6097309822216632,0.06966432277113199,-0.3326812451705338
92,101,0.37070286911763234,4.024086496107057,2.3048234774636587,1.7459412989559444,-0.22321233805269003,0.3684684904292226,-0.4413187373429538,-0.4882028419524431,0.291358871385455,-0.2920634783804417,-0.5569724859669805,0.01607795991003519
92,104,0.2999871533335994,3.6341771727105336,2.3048234774636587,1.5767702855533914,0.3095842562615872,-0.04236035980284192,-0.22680083103477972,-0.49479926191270374,-0.04539855383336533,0.1688028024509548,-0.13213243149220943,-0.5272781094536185
92,107,0.3447690064817482,3.0973044609443314,2.3048234774636587,1.3438358690934362,0.1658777464181182,0.6960582947358489,-0.48600640613585744,-0.01994954608380789,0.14542820770293485,-0.21485374867916118,-0.2145390398800373,-0.29828519653528923
92,108,0.31204316688154465,2.6270373367495723,2.3048234774636587,1.139799799176158,0.0683567151427269,0.21834787726402283,-0.7223822064697739,0.07653190754354,0.2090405272319913,0.09455536585301152,0.1569164525717497,0.3488043155521155
92,109,0.48017564638986904,2.5013490301702794,2.3048234774636587,1.0852670734345726,-0.1546924617141483,0.5530269304290412,-0.3345562210306524,-0.8042011959478258,0.35008153785020113,-0.699127271771431,-0.35065193846821785,-0.14771740511059767
92,111,0.3202397727798208,3.034251210776835,2.3048234774636587,1.3164787847943455,0.42300643585622305,0.4489533724263309,0.04084407258778805,-0.40616085566580296,-0.10770101658999909,-0.023783298209309578,-0.503618910908699,0.08661686070263386
92,112,0.4925947671257064,3.306142271656897,2.3048234774636587,1.4344448952312558,0.4010376427322625,-0.1940164491534231,-0.8474703710526227,0.06851126253604894,0.49476639367640013,-0.7310560084879398,-0.3046756014227867,-0.3843950396403672
92,116,0.42872537569903973,3.158953082961747,2.3048234774636587,1.37058352357553,0.15562955848872662,0.05693366937339317,-0.35184414684772497,-0.3618129603564739,0.7304447935894132,-0.5632411744445565,-0.5311334691941739,0.2353416215628386
92,117,0.3990773860191405,2.5188233264903337,2.3048234774636587,1.0928486936718342,-0.2458864487707616,0.7066286383196709,-0.735489192418754,-0.23891095537692306,-0.16059579979628313,0.13443305436521763,-0.02307685650885105,-0.26814046129584307
92,119,0.36460860206222995,2.4236825426091193,2.3048234774636587,1.051569704277856,0.27199766039848317,0.35782115068286635,-0.6109495824202895,0.15943873301148426,0.4299996364861727,-0.4159071380272507,0.3173672277480364,-0.06493276916444296
92,123,0.46722734764979357,3.861879753458938,2.3048234774636587,1.6755642205227537,0.07960506062954642,0.40861789230257256,-0.6908213607966897,-0.7696848595514894,-0.012581387534737476,-0.6614041281864047,0.25160664413124323,0.050369202159345206
92,124,0.3748788276999671,2.449781765724851,2.3048234774636587,1.0628934448466794,-0.03354198019951593,-0.12762574665248405,-0.3920485721901059,-0.6727761821821332,-0.07827751524746407,-0.4706740695983172,-0.37173319328576326,-0.36699154973030096
92,127,0.3513560627313039,2.386595762433655,2.3048234774636587,1.0354787625905228,0.3208025535568595,0.6732934741303327,-0.13372799195349233,-0.15545371640473596,0.23870921228080988,-0.5713468315079808,0.025122550316154957,-0.07260038331150992
93,94,0.458657425496947,4.5182416607990366,2.3048234774636587,1.9603417376549515,-0.3918694760650401,-0.769669425673783,0.24544120486825716,0.4977759569883346,-0.05801330599933874,0.3507165415212514,0.6449075657874346,0.29442260041832946
93,95,0.4330522536235937,4.2718271674494925,2.3048234774636587,1.8534292145229367,0.4566069208085534,-0.35674795880913734,-0.12453958764672302,0.1170926848426459,-0.41722460184246296,0.5502295661717654,0.15296411886811256,0.7969110850244763
93,98,0.38662398996202796,3.5007446159652598,2.3048234774636587,1.5188775410330564,-0.019798192195594533,-0.7292728675529361,-0.02257082611322403,0.3017379818484186,-0.47560546733438974,0.05685344710946083,0.5616077771410346,0.16493201907724142
93,100,0.48664957548641785,4.355148804579132,2.3048234774636587,1.88958019872817,0.20745169091969717,-0.8677366049960258,0.5662572253495456,0.519567159935832,-0.17720790393650543,0.5420506037771704,0.42740270402282476,0.011296292766928895
93,101,0.2827190614239239,3.250192087908643,2.3048234774636587,1.4101696375834016,-0.13296806160360575,-0.28114147856831573,0.17866781447082758,0.14278679993003596,-0.28641902096569555,0.3745209509506823,-0.06502903159707785,0.5136912241578104
93,104,0.5035366555003165,3.5215796429190553,2.3048234774636587,1.5279172905659462,0.3998285327106715,-0.6919703288003802,0.39318572077900166,0.13619037996977534,-0.623176446184516,0.8353872317820789,0.3598110228776932,-0.029664845205843338
93,105,0.3141336219697445,2.8164135019059873,2.3048234774636587,1.2219649484850386,-0.3234036900103092,-0.3397197034209968,-0.24049934558570363,0.5090737883001564,0.048343459144234574,0.12807029020041238,-0.13213242031633854,0.4650224866345526
93,106,0.47028453734562325,4.320099768284317,2.3048234774636587,1.8743733784933359,-0.20887808687984943,-0.53883249219507,0.5176672162488104,-0.012154927477240673,-0.04189637582749134,0.2773423343896867,0.7693478651344776,0.7047499949112537
93,107,0.3476255818199307,2.9740282748524587,2.3048234774636587,1.2903496965959518,0.2561220228672025,0.04644832573831058,0.13398014567792393,0.6110400957986712,-0.4323496846482157,0.4517306806519628,0.2774044144898653,0.199328067712486
93,108,0.5673354177395303,3.1094056215554287,2.3048234774636587,1.3490862323986614,0.15860099159181118,-0.4312620917335155,-0.10239565465599254,0.7075215494260191,-0.3687373651191593,0.7611397951841355,0.6488599069416523,0.8464175797998907
93,110,0.416587166838093,3.987029261448998,2.3048234774636587,1.7298631762622105,-0.45242084376514013,-0.8035070719197391,0.022998954169452412,0.35586014948785294,0.23650710470974437,0.3201574403792621,0.4958929270505905,0.08086480014026165
93,111,0.5019300554668537,4.442290409149276,2.3048234774636587,1.927388562545272,0.5132507123053074,-0.2006565965712074,0.6608306244015694,0.22482878621667612,-0.6854789089411497,0.6428011311218145,-0.011675456538796425,0.5842301249504092
93,112,0.44060313341152524,2.8919961225711615,2.3048234774636587,1.2547581846717635,0.4912819191813468,-0.8436264181509614,-0.2274838192388413,0.6995009044185281,-0.08301149867475044,-0.06447157915681578,0.1872678529471159,0.11321822460740805
93,113,0.5017096094411826,3.762321789297928,2.3048234774636587,1.6323687371660116,-0.41090541519224666,-0.18025111407041575,0.4103212039917707,0.06881786882877339,-0.5045320596545935,0.7349472977221013,0.6796993985772133,0.6185270743444564
93,114,0.4857949558021349,3.5112241678543805,2.3048234774636587,1.5234243325733148,-0.05809819325804699,-0.4496458815410733,0.14809487108141195,0.5514570772647855,-0.5471034375950694,0.618577159009874,0.09020812250673771,0.8162614265456798
93,115,0.3283941503302795,3.4029711652876395,2.3048234774636587,1.4764563093710052,0.10148202069103723,-0.05055078491568599,0.5359017197042704,0.1704671988263725,0.09334993083029977,0.28629075549542915,0.5826396755874157,0.3217024160549047
93,117,0.4546785324795402,3.064965960630502,2.3048234774636587,1.3298050764405358,-0.15564217232167732,0.05701866932213265,-0.11550264060497262,0.39207868650555605,-0.7383736921474338,0.8010174836963416,0.46886659786105156,0.22947280295193218
93,118,0.4149938846995569,4.126384283845508,2.3048234774636587,1.790325516983359,-0.29752144217491194,-0.7045623501762748,0.6426877593621613,-0.08277856931090377,-0.31976349465549,0.41932939831167465,0.30125407688319683,-0.06397325731813885
93,119,0.47011864543107407,3.358709067734881,2.3048234774636587,1.457252193313724,0.36224193684756745,-0.29178881831467196,0.009036969393491856,0.7904283748939633,-0.1477782558649779,0.2506772913038733,0.809310682117939,0.4326804950833323
93,120,0.4874546043488914,3.5860804116195606,2.3048234774636587,1.5559024136485542,0.31325066741555924,-0.5340980188921095,0.6912623047828677,0.3864702358841895,-0.399289301596582,0.4025430800393225,-0.10642689000815164,0.7466638321056964
93,121,0.2955218961463019,3.3502736810746456,2.3048234774636587,1.4535923092737029,-0.22107781004160654,-0.11874751374125506,0.05370910745114088,0.25964839104563,-0.07106103654950857,0.5799612551927567,0.40114143770188093,0.25113347452133905
93,123,0.40510528866606554,3.9046580276143765,2.3048234774636587,1.6941245461067824,0.1698493370786307,-0.24099207669496572,-0.07083480898290828,-0.13869521766901027,-0.5903592798858881,0.005180301144719346,0.7435500985011458,0.5479824664071204
93,124,0.3810043391568096,4.241388689300111,2.3048234774636587,1.8402227896287937,0.05670229624956835,-0.7772357156500224,0.22793797962367546,-0.04178654029965412,-0.6560554075986147,0.1959103597328068,0.12021026108413935,0.13062171451747429
93,127,0.3879647503862622,3.157962250569179,2.3048234774636587,1.3701536284437523,0.4110468300059438,0.023683505132794352,0.48625855986028904,0.47553592547774315,-0.3390686800703407,0.09523759782314323,0.5170660046860576,0.4250128809362653
94,97,0.40934826750776054,2.5661333733564087,2.3048234774636587,1.1133752317467316,0.019813389517367552,0.7394771901890635,0.49130750447511684,0.32130746822804207,-0.4599204417318105,-0.19125256314873695,-0.43645543325692415,0.1004474675282836
94,98,0.2585477846420235,3.23119621166568,2.3048234774636587,1.4019278453469448,0.37207128386944555,0.04039655812084697,-0.2680120309814812,-0.196037975139916,-0.417592161335051,-0.2938630944117906,-0.08329978864639997,-0.12949058134108804
94,101,0.36072669831318005,4.40712871692401,2.3048234774636587,1.9121328639769983,0.25890141446143433,0.4885279471054673,-0.06677339039742958,-0.35498915705829864,-0.2284057149663568,0.02380440942943085,-0.7099365973845124,0.21926862373948097
94,104,0.43675267922132965,4.292606834828214,2.3048234774636587,1.8624449450471625,0.7916980087757115,0.07769909687340282,0.1477445159107445,-0.36158557701855926,-0.5651631401851771,0.4846706902608274,-0.2850965429097414,-0.3240874456241728
94,106,0.27622579872747993,2.3227637163490003,2.3048234774636587,1.0077837799991016,0.18299138918519064,0.23083693347871304,0.27222601138055325,-0.5099308844655752,0.0161169301718474,-0.07337420713156473,0.12444029934704304,0.41032739449292416
94,107,0.41916980699400413,3.8571932728338583,2.3048234774636587,1.67353088449034,0.6479914989322426,0.8161177514120936,-0.11146105919033322,0.11326413881033662,-0.374336378648877,0.10101413913071139,-0.3675031512975693,-0.09509453270584345
94,108,0.37951148206342444,3.161104099717419,2.3048234774636587,1.3715167910368797,0.5504704676568513,0.33840733394026756,-0.3478368595242497,0.2097455924376845,-0.31072405911982054,0.4104232536628841,0.00395234115421772,0.5519949793815613
94,109,0.42492055975732484,2.9489417653217322,2.3048234774636587,1.2794653448110886,0.32742129079997606,0.6730863871052859,0.039989125914871804,-0.6709875110536814,-0.1696830485016107,-0.38325938396155845,-0.5036160498857498,0.05547325871884812
94,111,0.5459146956955688,4.1190393426091125,2.3048234774636587,1.7871387474505884,0.9051201883703475,0.5690128291025756,0.41538941953331227,-0.2729471707716585,-0.6274656029418109,0.292084589600563,-0.656583022326231,0.28980752453207964
94,112,0.4279387038868914,3.6676707700954054,2.3048234774636587,1.591302243298689,0.8831513952463869,-0.07395699247717835,-0.47292502410709847,0.20172494743019345,-0.0249981926754117,-0.4151881206780672,-0.4576397128403187,-0.18120437581092141
94,114,0.3736880399239053,2.934369463450532,2.3048234774636587,1.2731428207593827,0.3337712828069931,0.3200235441327097,-0.09734633378684521,0.053681120276451,-0.4890901315957307,0.26786061748862255,-0.5546994432806969,0.5218388261273503
94,115,0.35066163222993185,2.609011048263455,2.3048234774636587,1.131978684603881,0.4933514967560773,0.7191186407580971,0.29046051483601326,-0.3273087581619621,0.1513632368296385,-0.06442578602582227,-0.06226789020001888,0.027279815636575222
94,116,0.39634199695745365,3.2172288802357367,2.3048234774636587,1.3958678014578947,0.637743311002851,0.1769931260496379,0.022701200097799246,-0.22859927546232944,0.21068020723760134,-0.24737328663468383,-0.6840975806117059,0.4385322853922844
94,117,0.4446261083985467,3.110341592820069,2.3048234774636587,1.3494923247843875,0.23622730374336276,0.8266880949959157,-0.3609438454732298,-0.10569727048277855,-0.6803603861480949,0.4503009421750902,-0.17604096792638302,-0.06494979746639729
94,119,0.35404722957117546,3.4000430341902126,2.3048234774636587,1.475185873206996,0.7541114129126075,0.4778806073591111,-0.2364042354747653,0.29265241790562874,-0.08976494986563915,-0.10003925021737814,0.16440311633050442,0.13825789466500282
94,120,0.4544247204549115,2.7897418884734515,2.3048234774636587,1.2103928633803318,0.7051201434805994,0.23557140678167354,0.4458210999146105,-0.1113057211041451,-0.34127599559724325,0.051826538518071064,-0.7513344557955862,0.45224123168736696
94,124,0.38348162211915215,3.422783164399976,2.3048234774636587,1.4850521950455726,0.44857177231460843,-0.007566289976239315,-0.0175032252445817,-0.5395624972879887,-0.5980421015992758,-0.15480618178844463,-0.5246973047032952,-0.16380088590085518
94,127,0.43448676402723885,3.254111964002602,2.3048234774636587,1.4118703648331399,0.8029163060709839,0.7933529308065774,0.24081735499203188,-0.02224003151059145,-0.28105537407100195,-0.2554789436981082,-0.127841561101377,0.13059028051793586
95,96,0.298798078723228,4.2722018227170695,2.3048234774636587,1.853591767217857,0.011573699302971557,-0.27371783833950764,0.2273666635155681,-0.1670028707012533,0.4775185827165841,-0.059233512729406246,0.5635446822270751,0.10240193363279097
95,98,0.3910632386400056,4.114532006076979,2.3048234774636587,1.7851831371506217,-0.47640511300414795,-0.3725249087437987,0.10196876153349899,0.1846452970057727,-0.05838086549192678,-0.4933761190623046,0.40864365827292204,-0.6319790659472349
95,101,0.27875348353881463,3.447905018283536,2.3048234774636587,1.4959518817804567,-0.5895749824121592,0.07560648024082167,0.3032074021175506,0.025694115087390057,0.1308055808767674,-0.17570861522108316,-0.2179931504651904,-0.2832198608666659
95,104,0.39270639576850275,3.1831049674485037,2.3048234774636587,1.381062367063073,-0.05677838809788195,-0.33522236999124283,0.5177253084257247,0.019097695127129444,-0.20595184434205294,0.28515766561031336,0.2068469040095806,-0.8265759302303197
95,107,0.3346826078197976,3.6318111399123265,2.3048234774636587,1.575743728499742,-0.20048489794135094,0.40319628454744794,0.25851973332464695,0.49394741095602535,-0.015125082805752754,-0.09849888551980263,0.12444029562175274,-0.5975830173119903
95,108,0.3038614302269318,3.8144651489641603,2.3048234774636587,1.6549923177465138,-0.29800592921674224,-0.07451413292437808,0.022143932990730475,0.5904288645833732,0.048487236723303684,0.21091022901237008,0.49589578807353973,0.0495064947754144
95,111,0.3179732139809436,4.56653964076803,2.3048234774636587,1.9812969129389795,0.05664379149675391,0.15609136223792996,0.7853702120482924,0.10773610137403022,-0.2682543070986867,0.09257156495004898,-0.164639575406909,-0.21268096007406723
95,112,0.4396331437524302,3.7259124278222897,2.3048234774636587,1.6165717089633551,0.03467499837279338,-0.486878459341824,-0.1029442315921183,0.5824082195758822,0.3342131031677125,-0.6147011453285812,0.034303734079003334,-0.6836928604170682
95,114,0.26514288794062796,3.8968312549511013,2.3048234774636587,1.6907287230687906,-0.5147051140666005,-0.09289792273193592,0.27263445872813497,0.4343643924221397,-0.1298788357526065,0.06834759283810854,-0.06275599636137486,0.019350341521203462
95,117,0.3888384369007982,4.449687744352526,2.3048234774636587,1.930598064390242,-0.6122490931302308,0.41376662813127,0.009036947041750398,0.27498600166291015,-0.32114909030497074,0.2507879175245762,0.315902478992939,-0.5674382820725441
95,119,0.38893054018314416,4.218188311570388,2.3048234774636587,1.8301567789531066,-0.09436498396098598,0.06495914049446544,0.13357655704021487,0.6733356900513174,0.26944634597748507,-0.29955227486789215,0.6563465632498264,-0.36423058994114405
95,120,0.3320471553461833,4.464283627306623,2.3048234774636587,1.9369308196302046,-0.14335625339299418,-0.1773500600829721,0.8158018924295907,0.2693775510415436,0.01793530024588097,-0.14768648613244295,-0.2593910088762642,-0.05024725291877988
95,123,0.33573660899335833,4.057681433700577,2.3048234774636587,1.760517225451838,-0.2867575837299227,0.11575588211417165,0.053704778663814734,-0.2557879025116562,-0.17313467804342508,-0.5450492650270461,0.5905859796330333,-0.24892861861735588
95,124,0.3731308919614258,4.490874935320837,2.3048234774636587,1.9484680624057233,-0.39990462455898507,-0.42048775684088496,0.3524775672703985,-0.15887922514230002,-0.23883080575615168,-0.35431920643895864,-0.03275385778397322,-0.6662893705070021
96,98,0.4222329077484473,2.6015751374700744,2.3048234774636587,1.128752445863219,-0.48797881230711954,-0.09880707040429104,-0.12539790198206913,0.351648167707026,-0.5358994482085109,-0.43414260633289836,-0.15490102395415306,-0.7343809995800259
96,100,0.4464469054124396,4.283270748254854,2.3048234774636587,1.858394271898157,-0.26072892919182783,-0.23727080784738075,0.4634301494807005,0.5694773457944395,-0.23750188481062653,0.051054550334811155,-0.2891060970723629,-0.8880167258903384
96,101,0.42124414988678205,4.609161413384251,2.3048234774636587,1.9997893367766277,-0.6011486817151307,0.3493243185803293,0.07584073860198248,0.19269698578864336,-0.3467130018398167,-0.11647510249167692,-0.7815378326922655,-0.3856217944994569
96,104,0.4614334545002617,2.8762461072515673,2.3048234774636587,1.2479246828988093,-0.06835208740085351,-0.061504531651735195,0.29035864491015656,0.18610056582838275,-0.683470427058637,0.3443911783397196,-0.3566977782174945,-0.9289778638631107
96,106,0.3035334566528542,3.5270070831359654,2.3048234774636587,1.530272108741819,-0.6770587069913744,0.09163330495357502,0.4148401403799653,0.03775525838136673,-0.10219035670161244,-0.2136537190526725,0.05283906403928995,-0.1945630237460137
96,107,0.4832233582381015,3.9879815587677814,2.3048234774636587,1.7302763520772328,-0.21205859724432252,0.6769141228869556,0.031153069809078837,0.6609502816572786,-0.49264366552233685,-0.03926537279039638,-0.43910438660532236,-0.6999849509447813
96,108,0.35632862338805954,3.6196868083664477,2.3048234774636587,1.5704833119583326,-0.3095796285197138,0.19920370541512955,-0.20522273052483764,0.7574317352846265,-0.4290313459932804,0.27014374174177636,-0.06764889415353537,-0.052895438857376575
96,109,0.44819596292595326,3.5565246713705987,2.3048234774636587,1.5430789846363304,-0.532628805376589,0.533882758580148,0.18260325491428386,-0.12330136820673931,-0.28799033537507057,-0.5235388958826662,-0.5752172851935029,-0.5494171595200897
96,112,0.49292686422341564,2.820878804705648,2.3048234774636587,1.2239023214957363,0.02310129906982182,-0.21316062100231636,-0.3303108951076864,0.7494110902771355,-0.14330547954887154,-0.555467632599175,-0.5292409481480718,-0.7860947940498593
96,113,0.43915698394873687,4.176176935118699,2.3048234774636587,1.8119291893513554,-0.8790860353037716,0.45021468307822926,0.3074941281229256,0.11872805468738079,-0.5648260405287145,0.24395124427974213,-0.03680940251797438,-0.28078594431281084
96,114,0.4268658540946192,3.9124494523144886,2.3048234774636587,1.6975050326283299,-0.5262788133695719,0.1808199156075717,0.04526779521256685,0.6013672631233931,-0.6073974184691906,0.12758110556751479,-0.62630067858845,-0.08305159211158751
96,115,0.3710527302287708,3.888558601071075,2.3048234774636587,1.687139444340543,-0.36669859942048777,0.579915012232959,0.4330746438354253,0.22037738468497992,0.033055949956178665,-0.20470529794693004,-0.13386912550777197,-0.5776106026023626
96,116,0.34233702641189445,4.485269024474073,2.3048234774636587,1.9460358106946585,-0.2223067851737141,0.03778949752449989,0.1653153290972113,0.31908686738461256,0.09237292036414149,-0.3876527985557916,-0.755698815919459,-0.16635813284665346
96,117,0.5418495767891061,3.788456698362919,2.3048234774636587,1.6437079608942216,-0.6238227924332023,0.6874844664707777,-0.21832971647381771,0.44198887236416345,-0.7986676730215548,0.31002143025398243,-0.2476422032341361,-0.6698402157053351
96,118,0.5165095068340249,3.951956883628486,2.3048234774636587,1.7146462287764501,-0.7657020622864369,-0.07409655302762974,0.5398606834933162,-0.03286838345229637,-0.3800574755296111,-0.07166665513068454,-0.41525472421199083,-0.9632862759754062
96,119,0.3821478518976481,2.683350470938896,2.3048234774636587,1.1642325311141775,-0.10593868326395754,0.3386769788339731,-0.09379010647535324,0.8403385607525707,-0.208072236739099,-0.2403187621384859,0.09280188102275133,-0.46663252357393503
96,120,0.43150022855048487,3.434349040582017,2.3048234774636587,1.490070313046856,-0.15492995269596577,0.09636777825653553,0.5884352289140226,0.4363804217427969,-0.4595832824707031,-0.0884529734030367,-0.8229356911033393,-0.15264918655157084
96,127,0.4235478482878143,3.414910729533233,2.3048234774636587,1.481636560423781,-0.0571337901055812,0.6541493022814393,0.38343148399144394,0.5254461113363506,-0.3993626609444618,-0.39575845561921597,-0.1994427964091301,-0.474300137721002
97,100,0.44911329231300107,3.514002413608547,2.3048234774636587,1.52462973757779,0.5795077774673697,-0.8375443695113063,-0.1704914839938284,-0.2995162652805446,0.3407258437946438,0.3825866254046559,0.21895057149231434,-0.38357377517968416
97,106,0.45763418089431834,3.903223869278683,2.3048234774636587,1.6935023039482324,0.1631779996678231,-0.5086402567103505,-0.2190814930945636,-0.8312383526936173,0.4760373719036579,0.11787835601717223,0.5608957326039672,0.30987992696464056
97,108,0.4925940002014621,4.529755546099605,2.3048234774636587,1.9653372982317812,0.5306570781394837,-0.401069856248796,-0.8391443639993665,-0.11156187579035753,0.14919638261198997,0.6016758168116211,0.4404077744111419,0.4515475118532777
97,109,0.42056592169826235,4.408301628393615,2.3048234774636587,1.9126417582507131,0.3076079012826085,-0.06639080308377757,-0.45131837856024504,-0.9922949792817234,0.2902373932301998,-0.1920068208128215,-0.06716061662882566,-0.04497420880943548
97,110,0.5129222350620718,3.1561245707524175,2.3048234774636587,1.3693563093281107,-0.08036475721746761,-0.7733148364350196,-0.7137497551739216,-0.46322327572852373,0.7544408524408937,0.1606934620067476,0.2874407945200801,-0.3140052678063514
97,113,0.4026377647915149,3.536808604377959,2.3048234774636587,1.534524721290169,-0.03884932864457413,-0.15005887858569625,-0.3264275053516033,-0.7502655563876033,0.01340168807655584,0.5754833193495869,0.47124726604670286,0.22365700639784342
97,114,0.37010745564927733,4.268209787217312,2.3048234774636587,1.851859731971431,0.31395789328962553,-0.4194536460563538,-0.588653838261962,-0.26762634795159107,-0.029169689863920212,0.4591131806373595,-0.11824401002377272,0.42139135859906673
97,115,0.3906433670336289,4.1154637459353385,2.3048234774636587,1.7855873936446525,0.47353810723870976,-0.02035854943096649,-0.20084698963910358,-0.6486162263900042,0.611283678561449,0.12682677712291468,0.37418754305690527,-0.07316765189170837
97,117,0.4356694206716226,4.429861555001056,2.3048234774636587,1.9219960219582168,0.2164139142259952,0.08721090480685215,-0.8522513499483466,-0.4270047387108206,-0.22043994441628445,0.6415535053238272,0.26041446533054113,-0.16539726499468088
97,118,0.4483976845369589,3.4917705243372485,2.3048234774636587,1.5149839276107013,0.07453464437276058,-0.6743701146915553,-0.09406094998121267,-0.9018619945272804,0.19817025307565928,0.2598654199391602,0.0928019443526864,-0.4588433252647519
97,120,0.38872567058352453,4.2679514038665785,2.3048234774636587,1.8517476264877528,0.6853067539632318,-0.50390578340739,-0.045486404560506344,-0.4326131893321872,0.11864444613456726,0.24307910166680802,-0.31487902253866207,0.35179376415908337
97,125,0.3904479617690204,2.4643066931025865,2.3048234774636587,1.0691954143986901,0.3937585782259697,-0.34926263242959965,-0.12491385079920296,-0.24188827537000185,0.7210891591385007,0.3619959307834505,0.4037014041095972,0.23338342178612953
98,100,0.32230712560151537,2.575188811366326,2.3048234774636587,1.117304139143962,0.2272498831152917,-0.1384637374430897,0.5888280514627696,0.21782917808741348,0.2983975633978843,0.4851971566677095,-0.13420507311820984,-0.15363572631031253
98,101,0.3410283084863928,3.3397929669344855,2.3048234774636587,1.4490450134644404,-0.11316986940801121,0.44813138898462035,0.2012386405840516,-0.15895118191838264,0.1891864463686942,0.31766750384122144,-0.6266368087381124,0.348759205080569
98,102,0.3501810869148801,3.478718431903696,2.3048234774636587,1.5093209809420414,-0.2544998191297051,0.24123712815344334,0.46434999816119693,0.3661762736737728,-0.2291786866262555,-0.08163298480212688,0.2733900807797909,0.6118937032297256
98,104,0.36814051320792335,2.3705254629768433,2.3048234774636587,1.028506298272129,0.419626724906266,0.03730253875255585,0.4157565468922257,-0.16554760187864326,-0.14757097885012616,0.778533784672618,-0.20179675426334143,-0.19459686428308476
98,107,0.36017444923853686,2.5429215553593356,2.3048234774636587,1.1033042574512872,0.275920215062797,0.7757211932912467,0.15655097179114796,0.30930211395025264,0.04325578268617403,0.394877233542502,-0.2842033626511693,0.03439604863524459
98,110,0.31334843557360037,3.3069639480522355,2.3048234774636587,1.4348013981927075,-0.4326226515695456,-0.07423420436680306,0.04556978028267644,0.05412216763943434,0.7121125720441341,0.26330399326980125,-0.06571485009044409,-0.08406721893697977
98,116,0.39612341900532844,2.868535128589014,2.3048234774636587,1.2445790997172987,0.26567202713340543,0.13659656792879094,0.29071323107928043,-0.032561300322413445,0.6282723685726523,0.04648980777710676,-0.6007977919653059,0.5680228667333724
98,123,0.28860967074294996,2.4374805872039564,2.3048234774636587,1.0575562992295966,0.18964752927422523,0.4882807908579703,-0.04826398286968425,-0.4404331995174289,-0.1147538125514983,-0.051673145964741485,0.18194232136011124,0.38305044732987903
98,125,0.43246955352654326,3.4622981519419715,2.3048234774636587,1.5021966696347848,0.04150068387389172,0.3498179996386169,0.6344056846573951,0.27545716799795616,0.6787608787417412,0.46460646204650413,0.050545759499073056,0.46332147065550117
100,101,0.40110026417343303,3.343831968610594,2.3048234774636587,1.4507974260529104,-0.3404197525233029,0.5865951264277101,-0.387589410878718,-0.3767803600057961,-0.10921111702919012,-0.16752965282648807,-0.4924317356199026,0.5023949313908815
100,102,0.46978178382519215,2.664949627875748,2.3048234774636587,1.1562489075338602,-0.4817497022449968,0.37970086559653304,-0.12447805330157269,0.1483470955863593,-0.5275762500241399,-0.5668301414698365,0.4075951538980007,0.7655294295400381
100,104,0.2588471803991601,2.9312039756878354,2.3048234774636587,1.271769402016625,0.1923768417909743,0.17576627619564555,-0.17307150457054393,-0.38337677996605674,-0.44596854224801047,0.29333662800490845,-0.06759168114513159,-0.04096113797277223
100,107,0.3815173836846252,3.0570434862144213,2.3048234774636587,1.3263677310240447,0.04867033194750531,0.9141849307343364,-0.43227707967162166,0.09147293586283914,-0.2551417807117103,-0.09031992312520754,-0.14999828953295946,0.18803177494555712
100,108,0.4339461923864229,2.319526874567311,2.3048234774636587,1.0063794026950095,-0.048850699327885994,0.4364745132625103,-0.6686528800055381,0.18795438949018703,-0.19152946118265385,0.21908919140696517,0.22145720291882753,0.8351212870329618
100,109,0.468592233098087,2.421838928064904,2.3048234774636587,1.0507698102459522,-0.2718998761847612,0.7711535664275286,-0.28082689456641663,-0.6927787140011787,-0.05048845056444401,-0.5745934462174773,-0.28611118812114,0.3385995663702487
100,111,0.4218792046164694,3.288684662363043,2.3048234774636587,1.426870515039214,0.30579902138561016,0.6670800084248183,0.09457339905202383,-0.29473837371915595,-0.5082710050046442,0.10075052734464407,-0.4390781605616212,0.5729338321834803
100,112,0.3854116056080636,3.2419108199804847,2.3048234774636587,1.4065766214547775,0.2838302282616496,0.024110186845064385,-0.7937410445883869,0.17993374448269597,0.09419640526175499,-0.6065221829339862,-0.24013485107570887,0.10192193184047915
100,114,0.4070536492988061,2.380405002653167,2.3048234774636587,1.032792760889733,-0.26554988417774417,0.41809072345495246,-0.41816235426813364,0.03188991732895352,-0.36989553365856404,0.07652655523270363,-0.33719458151608706,0.8049651337787509
100,115,0.3641564903616939,2.4338486677503863,2.3048234774636587,1.055980508506757,-0.10596967022865994,0.8171858200803398,-0.03035550564527517,-0.34909996110945957,0.27055783476680517,-0.2557598482817412,0.15523697156459093,0.3104061232879758
100,116,0.39819651018803376,2.8761843759755874,2.3048234774636587,1.2478978993830288,0.038422144018113724,0.27506030537188064,-0.2981148203834892,-0.2503904784098269,0.329874805174768,-0.43870734889060276,-0.4665927188470961,0.721658593043685
100,117,0.48725640419456007,2.9264582492225037,2.3048234774636587,1.2697103608311568,-0.3630938632413745,0.9247552743181584,-0.6817598659545182,-0.12748847343027603,-0.5611657882109282,0.2589668799191713,0.041463893838226795,0.21817651018500328
100,119,0.37893253781769837,2.804184874919486,2.3048234774636587,1.2166592809985384,0.15479024592787027,0.5759477866813538,-0.5572202559560537,0.27086121495813126,0.029429648071527537,-0.29137331247329706,0.38190797809511423,0.4213842023164034
100,123,0.5099415731310623,3.6777621588009843,2.3048234774636587,1.5956806214279695,-0.03760235384106647,0.62674452830106,-0.6370920343324539,-0.6582623776048424,-0.4131513759493826,-0.5368703026324511,0.3161473944783211,0.5366861736401916
100,124,0.33878596365322045,2.5205608774972683,2.3048234774636587,1.093602569629765,-0.15074939467012882,0.09050088934600342,-0.33831924572587013,-0.5613537002354863,-0.4788475036621092,-0.34614024404436355,-0.3071924429386854,0.11932542175054539
100,127,0.3951994789726787,2.758349497168745,2.3048234774636587,1.196772561603793,0.2035951390862466,0.8914201101288202,-0.07999866548925655,-0.04403123445808893,-0.16186077613383526,-0.4468130059540271,0.0896633006632328,0.41371658816933643
101,105,0.2572060846811292,4.440561892294627,2.3048234774636587,1.9266386062594436,-0.19043562840670347,-0.058578224852681104,-0.4191671600565312,0.36628698837012047,0.33476248010993015,-0.2464506607502699,-0.06710338871926069,-0.04866873752325784
101,106,0.3558471917344746,4.345044108713865,2.3048234774636587,1.885196046985501,-0.07591002527624369,-0.2576910136267543,0.3389994017779828,-0.15494172740727663,0.2445226451382042,-0.09717861656099558,0.8343768967315555,0.19105877075344319
101,110,0.39098085322749127,3.969747217424171,2.3048234774636587,1.7223649690485956,-0.3194527821615344,-0.5223655933514234,-0.15566886030137517,0.21307334955781698,0.52292612567544,-0.05436351057142019,0.5609219586476684,-0.4328264240175488
101,111,0.335844787911164,4.227138885144037,2.3048234774636587,1.8340401885335658,0.6462187739089131,0.08048488199710829,0.48216280993074184,0.08204198628664017,-0.3990598879754541,0.26828018017113214,0.05335357505828142,0.07053890079259867
101,112,0.45264341545016,3.4722069244952425,2.3048234774636587,1.5064958155998263,0.6242499807849525,-0.5624849395826457,-0.4061516337096689,0.5567141044884921,0.2034075222909451,-0.43899253010749806,0.25229688454419374,-0.4004729995504024
101,113,0.33347679325188767,3.422228381401103,2.3048234774636587,1.4848114898443727,-0.2779373535886409,0.10089036449789995,0.2316533895209431,-0.07396893110126257,-0.21811303868889786,0.36042634677141905,0.7447284301742911,0.10483585018664604
101,115,0.32497397154612073,3.8018418317747167,2.3048234774636587,1.6495154049534635,0.23445008229464298,0.2305906936526297,0.35723390523344284,0.027680398896336555,0.37976895179599535,-0.08823019545525312,0.6476687071844935,-0.19198880810290575
101,116,0.26917309250950383,3.414449005064682,2.3048234774636587,1.481436230778988,0.37884189654141665,-0.3115348210558294,0.08947459049522882,0.1263898815959692,0.43908592220395815,-0.2711776960641147,0.025839016772806533,0.21926366165280342
101,117,0.3562892212838376,3.046267103540332,2.3048234774636587,1.3216921527077616,-0.022674110718071572,0.33816014789044835,-0.2941704550758002,0.2492918865755201,-0.45195467118173815,0.42649653274565935,0.5338956294581294,-0.28421842120587826
101,118,0.3434269416895406,3.4297760727525253,2.3048234774636587,1.488086227118278,-0.1645533805713062,-0.42342087160795905,0.46401994489133375,-0.22556536924093973,-0.03334447368979443,0.044808447360992376,0.3662831084802747,-0.5776644814759493
101,119,0.4328902471498919,3.3440848709117095,2.3048234774636587,1.4509071534587565,0.4952099984511732,-0.010647339746356232,-0.16963084507733572,0.6476415749639274,0.13864076510071766,-0.12384365964680899,0.8743397137150168,-0.08101072907447815
101,120,0.2860829976991298,2.865032739796564,2.3048234774636587,1.2430595088129643,0.446218729019165,-0.2529565403237938,0.5125944903120401,0.24368343595415354,-0.11287028063088644,0.028022129088640213,-0.041397858411073796,0.23297260794788602
101,122,0.3971410020820739,4.439938724783897,2.3048234774636587,1.9263682308850063,0.025866549462080224,-0.6070296810939908,0.138052518479526,0.5956481043249369,0.30584300309419643,0.33716088719666004,0.3010107949376106,-0.4700357699766756
101,123,0.37392551602464164,3.669112062290562,2.3048234774636587,1.5919275806441515,0.30281739868223645,0.04014940187334998,-0.24950262345373586,-0.28148201759904623,-0.3039402589201925,-0.36934064980596293,0.8085791300982237,0.03429124224931002
101,124,0.28899996760357316,3.865821708719845,2.3048234774636587,1.6772745273204115,0.1896703578531741,-0.49609423708170663,0.04927016515284788,-0.18457334022969007,-0.3696363866329191,-0.17861059121787548,0.1852392926812172,-0.38306950964033615
101,125,0.3779728381139509,4.599050201779169,2.3048234774636587,1.9954023580322906,0.15467055328190293,-0.09831338934600342,0.43316704407334344,0.4344083499163388,0.489574432373047,0.1469389582052827,0.6771825682371855,0.11456226557493215
101,127,0.3573643410343498,3.587816073155652,2.3048234774636587,1.5566554698166566,0.5440148916095495,0.30482498370111005,0.30759074538946146,0.3327491255477072,-0.05264965910464514,-0.27928335312753905,0.5820950362831354,-0.08867834322154511
102,107,0.4487050892169218,4.062071650063346,2.3048234774636587,1.7624220205069456,0.530420034192502,0.5344840651378033,-0.30779902637004897,-0.05687415972352017,0.27243446931242954,0.47651021834462887,-0.5575934434309602,-0.577497654594481
102,108,0.39661170857792943,3.584585193830398,2.3048234774636587,1.5552536794596747,0.4328990029171108,0.056773647665977256,-0.5441748267039654,0.03960729390382772,0.336046788841486,0.7859193328768016,-0.18613795097917318,0.0695918574929237
102,109,0.47701944254429957,3.2927045061219373,2.3048234774636587,1.4286146155302928,0.2098498260602356,0.39145270083099565,-0.15634884126484394,-0.8411258095875381,0.4770877994596958,-0.0077633047476409756,-0.6937063420191407,-0.4269298631697894
102,111,0.5180629116130648,4.19516595983643,2.3048234774636587,1.8201680088980166,0.787548723630607,0.2873791428282853,0.21905145235359652,-0.4430854693055153,0.019305245019495598,0.6675806688144805,-0.8466733144596219,-0.19259559735655793
102,112,0.5488139247581258,4.367768898622383,2.3048234774636587,1.8950557130860584,0.7655799305066464,-0.35559067875146866,-0.6692629912868142,0.031586648896336667,0.6217726552858949,-0.03969204146414973,-0.6477300049737096,-0.663607497699559
102,114,0.3779991497631232,3.325562942344601,2.3048234774636587,1.442870994183127,0.21619981806725264,0.03838985785841942,-0.29368430096656095,-0.11645717825740579,0.1576807163655758,0.64335669670254,-0.7447897354140878,0.03943570423871276
102,115,0.4463072045615246,2.622749227018456,2.3048234774636587,1.1379393054016693,0.37578003201633686,0.43748495448380675,0.09412254765629752,-0.4974470566958189,0.798134084790945,0.3110702931880952,-0.2523581823334098,-0.4551233062520623
102,116,0.49855248287886333,3.9658204719256047,2.3048234774636587,1.7206612613516887,0.5201718462631105,-0.1046405602246524,-0.1736367670819165,-0.39873757399618626,0.8574510551989079,0.12812279257923365,-0.8741878727450968,-0.04387083649635318
102,117,0.47625204618655104,3.0698782777910565,2.3048234774636587,1.3319363967818054,0.11865583900362231,0.5450544087216254,-0.5572818126529455,-0.2758355690166353,-0.03358953818678845,0.8257970213890077,-0.3661312600597739,-0.5473529193550348
102,118,0.4985762330994415,2.32130611897168,2.3048234774636587,1.0071513682801252,-0.023223430849612314,-0.21652661077678204,0.20090858731418842,-0.7506928248330952,0.3850206593051553,0.4441089360043407,-0.5337437810376287,-0.8407989796251059
102,119,0.37934141723429804,3.4565377684821965,2.3048234774636587,1.499697396473044,0.6365399481728671,0.19624692108482078,-0.43274220265448105,0.12251411937177198,0.5570058980956674,0.27545682899653934,-0.025687175802886486,-0.3441452272236347
102,120,0.45441030100440466,3.2194324578854423,2.3048234774636587,1.396823873656591,0.5875486787408588,-0.046062279492616764,0.24948313273489475,-0.2814440196380019,0.30549485236406326,0.42732261773198854,-0.9414247479289771,-0.03016189020127058
102,124,0.4639747507769171,3.6485500745449975,2.3048234774636587,1.583006295371497,0.331000307574868,-0.2891999762505296,-0.21384119242429744,-0.7097007958218455,0.04872874636203062,0.22068989742547285,-0.7147875968366861,-0.6462040077894927
102,127,0.37807850274277394,3.3479654665128984,2.3048234774636587,1.452590837974787,0.6853448413312434,0.5117192445322871,0.04447938781231614,-0.19237833004444824,0.36571547389030457,0.12001713551580928,-0.3179318532347679,-0.3518128413707017
103,126,0.42560506840507023,4.173769822746385,2.3048234774636587,1.8108848089917093,-0.689235482364893,-0.5039067445322871,0.048172098584473244,0.06541748251765933,-0.384285420179367,0.21199724636971953,-0.3174433931708336,0.6481985915452242
104,106,0.47273977103413556,3.5201881868169695,2.3048234774636587,1.527313575741062,-0.6087066195905209,0.15313783660531022,0.12448149546980875,-0.14834530744701602,0.5812800703570246,-0.5580448973923922,0.40953684225678444,0.7344148401170969
104,109,0.47155380087402904,2.6298085779117586,2.3048234774636587,1.1410021650793534,-0.4642767179757355,0.5953872902318831,-0.1077553899958727,-0.30940193403512206,0.39548009168356646,-0.8679300742223859,-0.21851950697600842,0.3795607043430209
104,110,0.4948882610439519,3.9955412540790003,2.3048234774636587,1.7335562975416627,-0.8522493764758117,-0.1115367431193589,-0.37018676660954924,0.2196697695180776,0.8596835508942603,-0.5152297914028168,0.13608190417289734,0.11052964534610499
104,111,0.33346374945478563,2.946573294221065,2.3048234774636587,1.2784377298445517,0.11342217959463585,0.4913137322291728,0.26764490362256776,0.08863840624690078,-0.06230246275663376,-0.19258610066026438,-0.3714864794164896,0.6138949701562524
104,112,0.4854924669171365,2.32288551742783,2.3048234774636587,1.0078366261628189,0.09145338647067533,-0.15165608935058117,-0.620669540017843,0.5633105244487527,0.5401649475097654,-0.8998588109388946,-0.17254316993057728,0.14288306981325138
104,113,0.42875178969531663,3.195874890981905,2.3048234774636587,1.3866028883473553,-0.8107339479029181,0.5117192147299645,0.01713548321276903,-0.06737251114100196,0.11864438652992249,-0.10043993405997749,0.3198883756995201,0.6481919195502999
104,114,0.40957366095779285,2.337494312533111,2.3048234774636587,1.0141749836327616,-0.4579267259687185,0.2423244472593069,-0.2450908496975897,0.41526669729501026,0.07607300858944643,-0.21681007277220482,-0.26960290037095547,0.8459262717515231
104,115,0.43445382078455663,3.377970820712633,2.3048234774636587,1.4656093422086791,-0.29834651201963425,0.6414195438846942,0.14271599892526876,0.03427681885659717,0.7165263770148157,-0.5490964762866497,0.22282865270972252,0.351367261260748
104,116,0.4931397502863058,3.1591790408079117,2.3048234774636587,1.3706815605177833,-0.15395469777286058,0.09929402917623509,-0.12504331581294525,0.1329863015562298,0.7758433474227785,-0.7320439768955113,-0.3990010377019645,0.7626197310164572
104,117,0.4011346441775465,2.948394113259633,2.3048234774636587,1.279227733528726,-0.5554707050323489,0.7489889981225129,-0.5086883613839743,0.2558883065357807,-0.1151972459629178,-0.03436974808573717,0.10905557498335838,0.2591376481577755
104,118,0.3290941615812644,2.93651960380362,2.3048234774636587,1.2740757079735716,-0.6973499748855834,-0.012592021375894547,0.24950203858315967,-0.21896894928067911,0.3034129515290259,-0.41605783347040415,-0.058556945994496346,-0.03430841211229552
104,119,0.4637965504822664,2.544960183116171,2.3048234774636587,1.1041887623935394,-0.03758659586310403,0.40018151048570827,-0.3841487513855098,0.654237994924188,0.475398190319538,-0.5847099404782056,0.4494996592402458,0.4623453402891756
104,121,0.4023718877316522,4.327387811837815,2.3048234774636587,1.8775354616744382,-0.6209063427522781,0.5732228150591252,-0.3394766133278608,0.12345801107585463,0.5521154096350074,-0.2554259765893221,0.041330414824187756,0.2807983197271824
104,124,0.2909253346474159,2.546161616895491,2.3048234774636587,1.1047100317189638,-0.34312623646110313,-0.08526538684964213,-0.1652477411553262,-0.17797692026942946,-0.03287896141409874,-0.6394768720492721,-0.23960076179355383,0.16028655972331762
104,125,0.4691542724895685,4.532732433508042,2.3048234774636587,1.9666288884284033,-0.3781260410323743,0.3125154608860611,0.21864913776516937,0.4410047698765994,0.8263318575918673,-0.31392732262611384,0.25234251376241446,0.657918334938586
104,127,0.4324499797978734,2.9960316031853305,2.3048234774636587,1.299896340210102,0.011218297295272309,0.7156538339331746,0.09307283908128738,0.3393455455079678,0.2841077661141752,-0.7401496339589356,0.1572549818083644,0.45467772614210866
105,108,0.45129083052445457,4.56304650097739,2.3048234774636587,1.979781334924092,0.4820046816021204,-0.09154238831251865,0.1381036909297111,0.19844776112586268,-0.4170808242633939,0.6330695049837232,0.7809923272579908,0.38139509316533815
105,112,0.3927747094699465,4.470070602953,2.3048234774636587,1.9394416304159163,0.814685609191656,-0.5039067147299645,0.013015526346862316,0.19042711611837163,-0.131354957818985,-0.19254186935722817,0.31940027326345444,-0.35180426202714454
105,116,0.315486105147548,3.4412803407203842,2.3048234774636587,1.4930776149969363,0.5692775249481201,-0.2529565962031483,0.50864175055176,-0.23989710677415127,0.10432344209402802,-0.024727035313844792,0.09294240549206723,0.26793239917606126
105,121,0.3075433570935837,3.506397319326033,2.3048234774636587,1.521330094738815,0.10232587996870268,0.22097218967974175,0.2942084530368445,-0.24942539725452645,-0.11940449569374315,0.4518909649923443,0.5332738580182195,-0.21388901211321354
105,122,0.4130954682273362,4.47810109029035,2.3048234774636587,1.9429258396908873,0.2163021778687837,-0.5484514562413096,0.5572196785360573,0.22936111595481637,-0.02891947701573369,0.5836115479469299,0.3681141836568713,-0.4213670324534178
106,107,0.47099513106178414,3.217205517608847,2.3048234774636587,1.395857665051737,0.4650001097470519,0.5852808179333806,-0.38368707057088647,0.6231950232759119,-0.3904533088207244,0.17438834626227612,-0.4919434506446123,-0.5054219271987677
106,108,0.42197401097141074,2.7492799548066102,2.3048234774636587,1.1928375347130937,0.3674790784716606,0.10757040046155453,-0.6200628709048029,0.7196764769032598,-0.32684098929166794,0.48379746079444885,-0.12048795819282532,0.14166758488863712
106,110,0.3627756649533912,2.866971118347337,2.3048234774636587,1.2439005183608653,-0.2435427568852907,-0.2646745797246691,-0.494668262079358,0.3680150769650936,0.27840348053723574,0.042815105989575386,-0.2734549380838871,-0.623885194770992
106,112,0.5536336379811969,2.8114319516106048,2.3048234774636587,1.2198035897761867,0.7001600060611962,-0.3047939259558914,-0.7451510354876517,0.7116558318957688,-0.0411151228472591,-0.3418139135465025,-0.5820800121873617,-0.5915317703038456
106,114,0.4077793533636539,2.4962484427244,2.3048234774636587,1.0830540677550693,0.15077989362180244,0.08918661065399669,-0.36957234516739845,0.5636120047420263,-0.5052070617675781,0.3412348246201873,-0.6791397426277399,0.11151143163442617
106,116,0.3663618667579049,3.2469863388828113,2.3048234774636587,1.4087787505774434,0.45475192181766033,-0.05384380742907513,-0.249524811282754,0.28133160900324583,0.19456327706575394,-0.1739990795031191,-0.8085378799587489,0.028204890899360235
106,123,0.3526002988037446,3.1535347609155733,2.3048234774636587,1.368232661525072,0.37872742395848014,0.29784041550010426,-0.5885020252317187,-0.1265402901917696,-0.5484629040583967,-0.27216203324496735,-0.025797766633331762,-0.15676752850413317
107,110,0.4780615153725572,3.6659997608563493,2.3048234774636587,1.590577237997678,-0.7085428666323426,-0.8499553976580497,-0.11098119150847152,-0.2551799463108183,0.6688567893579601,-0.13157324027270073,0.2184885125607252,-0.11846326757222436
107,111,0.3328298542190799,3.025764877092552,2.3048234774636587,1.3127967962311164,0.25712868943810485,-0.24710492230951797,0.5268504787236454,-0.3862113095819951,-0.25312922429293394,0.1910704504698516,-0.28907987102866173,0.3849020572379231
107,112,0.4168417243325564,3.0194090778284997,2.3048234774636587,1.3100391884029254,0.23515989631414433,-0.890074743889272,-0.36146396491676525,0.08846080861985683,0.3493381859734653,-0.5162022598087785,-0.0901365615427494,-0.08610984310507797
107,115,0.3163941938576525,2.563091955423307,2.3048234774636587,1.112055643516726,-0.15464000217616525,-0.09699911065399656,0.4019215740263465,-0.44057289697229873,0.5256996154785155,-0.16543992515653366,0.3052352610975504,0.12237434834241867
107,116,0.41714254694827974,3.16833650835687,2.3048234774636587,1.3746547357472527,-0.010248187929391583,-0.6391246253624557,0.13416225928813247,-0.3418634142726661,0.5850165858864783,-0.3483874257653952,-0.3165944293141366,0.5336268180981278
107,118,0.46020753272705633,2.731698175093008,2.3048234774636587,1.1852092803649774,-0.5536434650421145,-0.7510106759145854,0.5087076136842373,-0.693818665109575,0.11258618999272574,-0.03240128234028816,0.023849662393331528,-0.26330132503062487
107,121,0.2621774528436949,3.6817387847034633,2.3048234774636587,1.5974059708707193,-0.477199832908809,-0.16519583947956562,-0.08027103822678305,-0.35139170475304127,0.36128864809870714,0.1282305745407939,0.12373702321201563,0.05180540680885304
107,123,0.3964440580419381,2.8608413579765473,2.3048234774636587,1.2412409826390514,-0.08627268578857178,-0.2874404024332763,-0.20481495466083222,-0.7497353134676815,-0.15800959523767233,-0.44655037950724347,0.46614568401128054,0.34865439869463444
107,124,0.4028264469147263,2.914795556613555,2.3048234774636587,1.2646502368247046,-0.19941972661763413,-0.823684041388333,0.09395783394575152,-0.6528266360983254,-0.22370572295039892,-0.255820320919156,-0.15719415340572596,-0.06870635319501173
107,125,0.3825244336636068,3.7805447125812757,2.3048234774636587,1.6402751662099404,-0.2344195311889053,-0.4259031936526297,0.4778547128662471,-0.033844945952296424,0.6355050960555672,0.06972922850400215,0.33474912215024233,0.4289254220202566
108,110,0.4771739485731429,2.9331351479324153,2.3048234774636587,1.2726072849449546,-0.6110218353569513,-0.37224498018622365,0.12539460882544495,-0.35166139993816614,0.6052444698289037,-0.44098235480487347,-0.15296697989106178,-0.7655527796596291
108,111,0.44914369198278664,2.9482608593859294,2.3048234774636587,1.2791699183099006,0.35464972071349615,0.23060549516230805,0.7632262790575619,-0.48269276320934296,-0.3167415438219904,-0.1183386640623211,-0.6605353634804487,-0.26218745484948164
108,112,0.4757039846257754,2.43628951226298,2.3048234774636587,1.0570395243213997,0.3326809275895356,-0.4123643264174459,-0.12508816458284877,-0.008020645007491056,0.28572586644440884,-0.8256113743409513,-0.4615920539945364,-0.7331993551924827
108,115,0.44198020194130616,2.462293226009289,2.3048234774636587,1.0683218259816225,-0.05711897090077395,0.3807113068178295,0.6382973743602629,-0.5370543505996466,0.4620872959494591,-0.4748490396887064,-0.0662202313542366,-0.5247151637449861
108,116,0.4407324794745075,2.7901449397260927,2.3048234774636587,1.2105677363181433,0.08727284334599972,-0.16141420789062966,0.37053805962204894,-0.4383448679000139,0.5214042663574219,-0.657796540297568,-0.6880499217659236,-0.11346269398927687
108,121,0.35425006749496785,3.8829038824789013,2.3048234774636587,1.6846860162808823,-0.3796788016334177,0.3125145779922604,0.15610476210713342,-0.4478731583803891,0.2976763285696507,-0.1811785399913788,-0.24771846923977137,-0.5952841052785517
108,123,0.42895642068977335,2.6144215631479333,2.3048234774636587,1.1343261593399645,0.011248345486819522,0.19027001503854973,0.03156084567308426,-0.8462167670950294,-0.22162191476672877,-0.7559594940394162,0.09469019155949356,-0.2984351133927703
108,124,0.49931630216710493,2.4408192640561728,2.3048234774636587,1.0590048599913475,-0.10189869534224283,-0.3459736239165069,0.330333634279668,-0.7493080897256732,-0.28731804247945536,-0.5652294354513288,-0.528649645857513,-0.7157958652824165
108,125,0.3503544825525292,3.3282929533790426,2.3048234774636587,1.4440554714592113,-0.136898499913514,0.051807223819196335,0.7142305132001636,-0.13032639957964431,0.5718927765265107,-0.23967988602817056,-0.03670637030154464,-0.21816409006714815
108,127,0.40470560776413955,2.340008753097063,2.3048234774636587,1.0152659307653895,0.2524458384141326,0.4549455968663098,0.5886542145162816,-0.23198562394827596,0.029668685048818588,-0.6659021973609923,-0.13179390225559473,-0.4214046988636254
109,110,0.4383283130461707,2.7975022567152656,2.3048234774636587,1.2137598753522656,-0.3879726585000761,-0.7069240333512421,-0.26243137661367655,0.5290717035531997,0.46420345921069384,0.3527002828195691,0.35460141114890575,-0.26903105899691593
109,111,0.41651749771742913,2.4827837769214245,2.3048234774636587,1.0772121167620186,0.5776988975703714,-0.10407355800271034,0.37540029361844046,0.39804034028202284,-0.4577825544402002,0.6753439735621214,-0.15296697244048119,0.23433426581323152
109,112,0.4964500224645251,2.487475973941942,2.3048234774636587,1.0792479329823919,0.5557301044464108,-0.7470433795824643,-0.5129141500219703,0.8727124584838748,0.144684855826199,-0.031928736716508754,0.04597633704543114,-0.23667763452976953
109,114,0.4205329719201443,2.5144864659321002,2.3048234774636587,1.090967048244044,0.006349992007017025,-0.35306284297257623,-0.137335459701717,0.7246686313301323,-0.31940708309412,0.651120001450181,-0.05108339339494705,0.4663655674085022
109,123,0.303884571808292,2.3733108045890927,2.3048234774636587,1.029714781975755,0.23429752234369472,-0.14440903812646866,-0.35626513976603724,0.034516336396336444,-0.3626629253849386,0.037723143585026375,0.6022585825994611,0.19808660726994287
109,124,0.3128001207704154,2.437539614252704,2.3048234774636587,1.057581909454989,0.12115048151463237,-0.6806526770815253,-0.0574923511594535,0.1314250137656926,-0.4283590530976652,0.22845320217311382,-0.021081254817545414,-0.2192741446197033
109,125,0.44000495083024405,2.6991503590660226,2.3048234774636587,1.1710876713371128,0.0861506769433612,-0.28287182934582206,0.32640452776104206,0.7504067039117215,0.4308517659083009,0.554002751596272,0.47086202073842287,0.278357630595565
110,111,0.6309821889649377,4.356274245843206,2.3048234774636587,1.8900684969753367,0.9656715560704475,0.6028504753485318,0.637831670232117,-0.13103136327117682,-0.921986013650894,0.32264369074255234,-0.5075683835893869,0.5033653248101475
110,112,0.4212099915684393,3.432580581545543,2.3048234774636587,1.4893030269384986,0.9437027629464869,-0.040119346231222264,-0.2504827734082937,0.34364075493067514,-0.3195186033844948,-0.38462901953607787,-0.3086250741034746,0.0323534244671464
110,113,0.45643161109461944,2.602863459742101,2.3048234774636587,1.1293114137341314,0.041515428572893476,0.6232559578493233,0.3873222498223183,-0.28704228065907955,-0.7410391643643378,0.41478985734283924,0.18380647152662277,0.5376622742041948
110,114,0.4667846680467392,3.0336489783163083,2.3048234774636587,1.3162174925667995,0.39432265050709314,0.3538611903786658,0.12509591691195954,0.19559692777693266,-0.7836105423048139,0.2984197186306119,-0.4056848045438528,0.7353966264054181
110,115,0.3966043416995163,2.83427923275957,2.3048234774636587,1.2297164014827506,0.5539028644561774,0.7529562870040531,0.512902765534818,-0.18539295066148043,-0.1431571738794446,-0.03386668488383293,0.08674674853682518,0.24083761591464303
110,116,0.4131051944120888,2.7474377829126406,2.3048234774636587,1.1920382666077562,0.698294678702951,0.210830772295594,0.245143450796604,-0.08668346796184778,-0.08384020347148177,-0.2168141854926945,-0.5350829418748618,0.6520900856703522
110,117,0.506644638239085,3.096293975623514,2.3048234774636587,1.3433974470924899,0.2967786714434628,0.8605257412418718,-0.13850159477442503,0.03621853701770311,-0.9748807968571781,0.48086004331707954,-0.027026329189538956,0.14860800281167053
110,118,0.3514854949577574,2.4322109169031387,2.3048234774636587,1.0552699331142112,0.1548994015902282,0.09894472174346436,0.6196888051927089,-0.4386387187987567,-0.5562705993652344,0.09917195793241257,-0.19463885016739368,-0.1448380574584005
110,119,0.4314341199139017,3.531461171666675,2.3048234774636587,1.5322046161872964,0.8146627806127076,0.5117182536050672,-0.013961984775960556,0.4345682254061104,-0.3842853605747223,-0.0694801490753888,0.3134177550673485,0.35181569494307063
110,120,0.5389166170349619,2.9750703962563825,2.3048234774636587,1.2908018446298961,0.7656715111806993,0.26940905302762963,0.6682633506134152,0.030610086396336555,-0.6357964063063264,0.0823856396600604,-0.6023198170587422,0.6657990319654348
110,123,0.5024296827710288,4.561969736439384,2.3048234774636587,1.9793141561798042,0.6222701808437708,0.5625149952247734,-0.0938337631523607,-0.4945553671568632,-0.8268663845956324,-0.31497713923454274,0.24765717145055532,0.4671176662668588
110,124,0.42067473203401956,3.538990163783867,2.3048234774636587,1.5354712403738382,0.5091231400147085,0.026271356269716772,0.20493902545422304,-0.39764668978750706,-0.892562512308359,-0.12424708064645529,-0.37568266596645117,0.049756914377212635
110,127,0.5195569083806619,3.37466285594626,2.3048234774636587,1.464174106582733,0.8634676737710839,0.8271905770525334,0.46325960569083663,0.11967577598989021,-0.5755757847800851,-0.22491984255611885,0.021173077635467052,0.3441480807960037
111,112,0.5649050039280877,2.8103399236543556,2.3048234774636587,1.2193297886513166,-0.02196879312396053,-0.6429698215797539,-0.8883144436404107,0.47467211820185196,0.6024674102663992,-0.7072727102786303,0.19894330948591232,-0.47101190034300106
111,113,0.4274902713916298,2.589733618876941,2.3048234774636587,1.1236147341430294,-0.924156127497554,0.02040548250079166,-0.25050942040979873,-0.15601091738790274,0.18094684928655624,0.0921461666002869,0.6913748551160097,0.03429694939404737
111,114,0.3244172833054481,2.9002642895120903,2.3048234774636587,1.2583455166396014,-0.5713489055633544,-0.2489892849698659,-0.5127357533201575,0.3266282910481095,0.1383754713460802,-0.02422397211194044,0.10188357904553413,0.2320313015952707
111,116,0.41798922240866804,3.9050289322411746,2.3048234774636587,1.694285471501037,-0.26737687736749643,-0.3920197030529377,-0.392688219435513,0.04434789530932903,0.8381458101794123,-0.5394578762352469,-0.027514558285474888,0.14872476086020475
111,117,0.437190432925252,2.550233920792701,2.3048234774636587,1.1064768932322333,-0.6688928846269847,0.25767526589334006,-0.776333265006542,0.16724990028887993,-0.052894783206284046,0.1582163525745272,0.480542054399848,-0.3547573219984769
111,118,0.46206112163417923,2.7141602962051854,2.3048234774636587,1.1776000733869567,-0.8107721544802193,-0.5039057536050673,-0.01814286503940811,-0.3076073555275799,0.3657154142856597,-0.22347173281013977,0.31292953342199326,-0.648203382268548
111,125,0.4466047513116613,3.9826079636075966,2.3048234774636587,1.7279448958018488,-0.49154822062701015,-0.17879827134311171,-0.0489957658573984,0.35236636362969864,0.8886343203485011,-0.12134122196584946,0.6238289931789041,0.044023364782333485
112,113,0.6493401558698194,2.9837995108756568,2.3048234774636587,1.2945891692144584,-0.9021873343735934,0.6633753040805457,0.6378050232306121,-0.6306830355897547,-0.421520560979843,0.7994188768789171,0.4924315456300974,0.5053088497370484
112,114,0.4750845635383037,2.5265742941914637,2.3048234774636587,1.0962116270057396,-0.5493801124393938,0.3939805366098881,0.37557869032025326,-0.14804382715374245,-0.464091938920319,0.6830487381666898,-0.09705973044037819,0.7030432019382717
112,115,0.49968354598983555,2.920365296200956,2.3048234774636587,1.267066794813575,-0.3897998984903096,0.7930756332352754,0.7633855389431117,-0.5290337055921556,0.1763614295050502,0.35076233465224493,0.3953718226402998,0.20848419144749664
112,116,0.3662458536546505,2.3436394300463497,2.3048234774636587,1.016841182399533,-0.2454080842435359,0.25095011852681626,0.4956262242048977,-0.4303242228925229,0.23567839991301304,0.16781483404338338,-0.2264578677713872,0.6197366612032058
112,117,0.5709755315320134,2.826118993477494,2.3048234774636587,1.2261758963803575,-0.6469240915030241,0.900645087473094,0.1119811786338687,-0.307422217912972,-0.6553621934726832,0.8654890628531574,0.28159874491393566,0.11625457834452413
112,118,0.5414348856310501,2.870299134078313,2.3048234774636587,1.2453444535530902,-0.7888033613562587,0.13906406797468662,0.8701715786010026,-0.7822794737294319,-0.23675199598073954,0.48380097746849043,0.11398622393608093,-0.1771914819255469
112,120,0.48415259431100216,2.3522747487072935,2.3048234774636587,1.0205878114778024,-0.17803125176578757,0.3095283992588519,0.918746124021709,-0.3130306685343386,-0.31627780292183155,0.46701465919613827,-0.29369474295526754,0.6334456074982884
112,123,0.4942572386965855,2.528689148527656,2.3048234774636587,1.0971292045802787,-0.3214325821027161,0.6026343414559956,0.15664901025593303,-0.8381961220875384,-0.5073477812111375,0.06965188030153513,0.5562822455540299,0.4347642417997124
112,125,0.5032855781279179,4.105372278500127,2.3048234774636587,1.7812089813567331,-0.4695794275030496,0.46417155023664225,0.8393186777830124,-0.12230575457215326,0.2861669100821019,0.5859314883127807,0.42488568369299173,0.5150352651253345
112,127,0.44934781879366764,2.709985274505573,2.3048234774636587,1.175788645422761,-0.08023508917540302,0.8673099232837558,0.7137423790991304,-0.2239649789407849,-0.25605718139559025,0.159709176979959,0.32979815173894167,0.3117946563288573
113,116,0.5028098342888657,3.06056933041931,2.3048234774636587,1.327897498591654,0.6567792501300576,-0.41242518555372937,-0.1421787990257143,0.20035881269723177,0.657198960892856,-0.6316040428355337,-0.7188894134014846,0.11442781146615738
113,123,0.3815294830238063,3.353303539525923,2.3048234774636587,1.4549068821600444,0.5807547522708774,-0.06074096262454998,-0.48115601297467897,-0.20751308649778366,-0.08582722023129463,-0.729766996577382,0.06385069992393257,-0.07054460793733602
113,124,0.4308631515316442,2.536610645763266,2.3048234774636587,1.1005661260248343,0.467607711441815,-0.5969846015796065,-0.18238322436809523,-0.1106044091284275,-0.15152334794402122,-0.5390369379892945,-0.5594891374930739,-0.4879053598269822
114,115,0.43127172417178034,2.481654790748239,2.3048234774636587,1.0767222804755419,0.15958021394908423,0.39909509662538734,0.38780684862285847,-0.3809898784384131,0.6404533684253693,-0.33228640351444483,0.492431553080678,-0.4945590104907751
114,116,0.35103039173549266,3.0960074597488627,2.3048234774636587,1.3432731356745211,0.3039720281958579,-0.14303041808307182,0.12004753388464445,-0.28228039573878044,0.6997703388333321,-0.5152339041233064,-0.12939813733100902,-0.08330654073506594
114,121,0.3305816372900236,4.367477965730407,2.3048234774636587,1.8949294852448286,-0.16297961678355954,0.33089836779981824,-0.09438576363027107,-0.2918086862191556,0.4760424010455609,-0.03861590381711727,0.3109333151951432,-0.5651279520243407
114,123,0.4325351131785771,3.2738696556176468,2.3048234774636587,1.4204426879668781,0.2279475303366777,0.20865380484610757,-0.21892968006432023,-0.6901522949337959,-0.04325584229081858,-0.6133968578651546,0.6533419759944081,-0.26827896013855934
114,124,0.3775458352262451,2.546910853272307,2.3048234774636587,1.1050351049335254,0.11480048950761534,-0.32758983410894904,0.07984310854226351,-0.5932436175644398,-0.10895197000354517,-0.4226667992770672,0.030002138577401638,-0.6856397120282055
114,125,0.37200575473162584,3.288693338844372,2.3048234774636587,1.4268742795276506,0.07980068493634418,0.07019101362675417,0.4637399874627591,0.025738072581589194,0.7502588490024209,-0.09711724985390902,0.5219454141333699,-0.1880079368129372
114,127,0.389984341913433,2.5064502570409335,2.3048234774636587,1.0874803565430333,0.46914502326399077,0.47332938667386765,0.3381636887788771,-0.07592115178704245,0.20803475752472878,-0.5233395611867308,0.42685788217931986,-0.39124854560941447
115,116,0.3515993335883842,2.6477910011506887,2.3048234774636587,1.1488042477181153,0.14439181424677366,-0.5421255147084592,-0.267759314738214,0.09870948269963264,0.05931697040796283,-0.18294750060886156,-0.621829690411687,0.41125246975570917
115,123,0.37553774582828653,3.0309944473688875,2.3048234774636587,1.315065764040352,0.06836731638759347,-0.19044129177927974,-0.6067365286871786,-0.3091624164953828,-0.6837092107161878,-0.2811104543507098,0.16091042291373014,0.22628005035221577
115,124,0.4315812933788767,2.389192116291244,2.3048234774636587,1.0366052496655531,-0.04477972444146888,-0.7266849307343364,-0.30796374008059496,-0.21225373912602663,-0.7494053384289144,-0.09038039576262236,-0.46242941450327635,-0.1910807015374304
116,117,0.5632412314717318,3.0352189735087793,2.3048234774636587,1.3168986706300319,-0.4015160072594882,0.6496949689462778,-0.383645045571029,0.1229020049795509,-0.8910405933856963,0.697674228809774,0.5080566126853229,-0.5034820828586817
116,118,0.45359508419929256,2.884136459464777,2.3048234774636587,1.2513480913682045,-0.5433952771127228,-0.11188605055212963,0.3745453543961049,-0.35195525083690893,-0.4724303958937526,0.31598614342510706,0.34044409170746814,-0.7969281431287527
116,119,0.4130687774579607,2.9984591576552173,2.3048234774636587,1.3009495898379468,0.11636810190975655,0.3008874813094732,-0.25910543557256455,0.5212516933679582,-0.3004451571032405,0.1473340364173057,0.8485006969422103,-0.30027439072728157
116,120,0.2737800663524314,2.631988044615083,2.3048234774636587,1.1419477761964887,0.06737683247774834,0.05857828073203564,0.42311989981681125,0.11729355435818434,-0.5519562028348446,0.2991998251527549,-0.06723687518388033,0.013708946295082597
116,121,0.3860031296931463,4.17486841635462,2.3048234774636587,1.811361458773776,-0.46695164497941744,0.47392878588289006,-0.21443329751491552,-0.009528290480375179,-0.22372793778777117,0.4766180003061891,0.44033145252615224,-0.4818214112892748
116,123,0.44990933905253677,3.6406295094146723,2.3048234774636587,1.5795697783419842,-0.0760244978591802,0.3516842229291794,-0.3389772139489647,-0.40787189919501543,-0.7430261811241506,-0.09816295374184825,0.7827401133254172,-0.1849724194034934
116,124,0.39034867572924264,3.3664056954680275,2.3048234774636587,1.460591550018653,-0.18917153868824255,-0.18455941602587722,-0.040204425342380945,-0.3109632218256593,-0.8087223088368772,0.0925671048462392,0.15940027590841066,-0.6023331712931396
116,125,0.33935554367129983,3.400413527548433,2.3048234774636587,1.4753466201630399,-0.2241713432595137,0.213221431709826,0.3436924535781146,0.3080184683203696,0.05048851016908884,0.41811665426939737,0.651343551464379,-0.10470139607787127
116,127,0.378063973260283,2.6505440912550067,2.3048234774636587,1.1499987383727086,0.16517299506813288,0.6163598047569394,0.21811615489423264,0.206359243951738,-0.4917355813086033,-0.008105657063424365,0.5562560195103289,-0.30794200487434853
117,118,0.4790096961340679,2.416690483974884,2.3048234774636587,1.0485360408747353,-0.14187926985323462,-0.7615810194984074,0.7581903999671339,-0.4748572558164598,0.4186101974919437,-0.381688085384667,-0.16761252097785473,-0.29344606027007103
117,121,0.26939141855326015,4.2624207878173515,2.3048234774636587,1.8493480431342748,-0.06543563771992922,-0.1757661830633877,0.1692117480561135,-0.13243029545992607,0.6673126555979252,-0.22105622850358492,-0.06772516015917063,0.021660671569406875
117,123,0.40475853891162017,2.796366494198944,2.3048234774636587,1.2132670989954526,0.325491509400308,-0.29801074601709837,0.044667831622064336,-0.5307739041745663,0.14801441226154566,-0.7958371825516223,0.2746835006400943,0.3185096634551883
117,124,0.4403868692884845,2.500889653201669,2.3048234774636587,1.0850677623059322,0.21234446857124567,-0.834254384972155,0.3434406202286481,-0.43386522680521017,0.08231828454881907,-0.6051071239635348,-0.3486563367769122,-0.09885108843445789
117,125,0.4911001545666284,2.8977167575384786,2.3048234774636587,1.2572402120475052,0.1773446639999745,-0.43647353723645177,0.7273374991491437,0.18511646334081874,0.9415291035547851,-0.27955757454037666,0.1432869387790561,0.3987806867808104
118,123,0.46909901714147445,3.4261674462008003,2.3048234774636587,1.4865205425498025,0.46737077925354265,0.463570273481309,-0.7135225683450696,-0.0559166483581065,-0.27059578523039807,-0.4141490971669553,0.442296021617949,0.6119557237252593
119,125,0.3174278568829567,3.374762204263239,2.3048234774636587,1.4642172111058993,-0.34053944516927026,-0.08766604959964719,0.6027978891506791,-0.21323322504758857,0.35093366727232933,0.2707826178520917,-0.19715714547783134,0.1955729946494103
120,123,0.48982214629840937,2.8635609199813494,2.3048234774636587,1.2424209263663666,-0.14340133033692853,0.29310594219714375,-0.7620971137657759,-0.5251654535531998,-0.19106997828930605,-0.39736277889460314,0.8499769885092975,-0.198681365698576
120,125,0.36384392913692604,2.971968195841021,2.3048234774636587,1.2894558845398092,-0.29154817573726205,0.15464315097779036,-0.07942744623869662,0.1907249139621853,0.6024447130039334,0.11891682911664248,0.7185804266482593,-0.11841034237295386
121,122,0.35342564120577435,2.931455595292638,2.3048234774636587,1.2718785728955504,0.11397629790008101,-0.7694236459210515,0.2630112254992127,0.47878651320934285,0.09048501867800945,0.1317205829545856,-0.16515967436134815,-0.20747802034020424
123,127,0.3452419729286826,2.46766083980284,2.3048234774636587,1.070650687105277,0.24119749292731307,0.2646755818277601,0.5570933688431974,0.6142311431467534,0.25129059981554736,0.09005729667842388,-0.22648409381508827,-0.12296958547085513
124,125,0.502971302141267,3.504498778212233,2.3048234774636587,1.5205063695675107,-0.034999804571271165,0.3977808477357032,0.38389687892049557,0.6189816901460289,0.8592108190059661,0.32554954942315817,0.4919432755559683,0.4976317752152683
124,127,0.4266380100725051,2.305333830823385,2.3048234774636587,1.0002214283934177,0.3543445337563754,0.8009192207828166,0.2583205802366136,0.5173224657773973,0.31698672752827395,-0.10067276190966357,0.3968557436019182,0.29439116641879104
125,127,0.32905819662998415,2.9511434927352376,2.3048234774636587,1.2804206142427972,0.3893443383276466,0.4031383730471135,-0.12557629868388198,-0.10165922436863165,-0.5422240914776921,-0.42622231133282173,-0.09508753195405009,-0.20324060879647726
