{
  "params": {
    "mue": 3.9808892850597477,
    "mui": 3.1092029005252333,
    "b": 29.911781564427862,
    "tauA": 1719.3201023479642,
    "g_LK": 0.054061330984464584,
    "g_h": 0.0730135633833408,
    "c_th2ctx": 0.008733898396086754,
    "c_ctx2th": 0.126634917312147
  },
  "score": 0.792567,
  "shape_r": 0.6078840158236066,
  "T4_q": 4.818,
  "T12_n_verified": 17,
  "PAC": {
    "mi": 0.00845635434792071,
    "phase_argmax_deg": -10.000000000000002,
    "concentration": 0.13332463867680705,
    "up_down_ratio": 1.47704700172994,
    "bimodal": true
  }
}