{
  "mue": 3.9334453042638646,
  "mui": 3.311785074217607,
  "b": 32.31807543732534,
  "tauA": 1647.9110010979978,
  "g_LK": 0.054595506663308715,
  "g_h": 0.05312809608754383,
  "c_th2ctx": 0.12523486018561153,
  "c_ctx2th": 0.11717918037219568,
  "score": 0.307973,
  "feasible": 1,
  "n_passed": 12,
  "shape_r": 0.615945,
  "so_power": 0.0,
  "spindle_power": 0.0,
  "T1": 1,
  "T1_min_rE": 0.0,
  "T2": 1,
  "T2_max_rE": 52.874,
  "T3": 1,
  "T3_longest_ms": 197.0,
  "T4": 1,
  "T4_freq": 1.25,
  "T4_q": 2.774,
  "T5": 1,
  "T5_fwhm": 2.75,
  "T6": 1,
  "T6_ibi_cv": 0.395,
  "T6_n_bursts": 39,
  "T7": 1,
  "T7_sp_cv": 0.882,
  "T8": 1,
  "T8_n_sp_events": 13,
  "T8_mean_sp_dur": 0.418,
  "T9": 1,
  "T9_mi": 0.06839,
  "T10": 1,
  "T10_phase": 0.474,
  "T10_dist_tgt": 0.474,
  "T11": 1,
  "T11_lag_ms": 27.0,
  "T12": 1,
  "T12_n_verified": 5,
  "eval": 2484
}