{
  "mue": 2.64500601842633,
  "mui": 3.7187193116248634,
  "b": 38.055308251352976,
  "tauA": 1303.4770463503028,
  "g_LK": 0.11160327161708096,
  "g_h": 0.1450661719863876,
  "c_th2ctx": 0.19708602303645156,
  "c_ctx2th": 0.013493493750475725,
  "score": 0.772232,
  "shape_r": 0.833359,
  "so_power": 0.0,
  "spindle_power": 0.536592,
  "spindle_gate": 1.0,
  "spindle_power_eff": 0.536592,
  "so_overshoot": 0.0,
  "narrow_weight": 0.12,
  "so_overshoot_penalty": 0.0,
  "narrow_spindle_penalty": 0.006439,
  "dynamics_score": 1.0,
  "T1_down": 1,
  "T2_up": 1,
  "T3_sustained": 1,
  "T4_so_freq": 1,
  "T5_spindle": 1,
  "T5_score_cont": 1.0,
  "max_rE": 47.8,
  "longest_up_ms": 137.0,
  "so_peak_hz": 0.5,
  "spindle_fwhm": 4.0,
  "eval": 3246
}