{
  "mue": 2.558202902645953,
  "mui": 2.5577491835606176,
  "b": 25.49537387873724,
  "tauA": 1725.7612050395282,
  "g_LK": 0.0881103667476026,
  "g_h": 0.07232022047740354,
  "c_th2ctx": 0.12951676899491973,
  "c_ctx2th": 0.016756086441105864,
  "score": 0.8764376531621426,
  "shape_r": 0.8495857009527549,
  "so_power": 0.2705188878641827,
  "spindle_power": 0.42000514414081414,
  "dynamics_score": 1.0,
  "subject_id": "SC4001",
  "n3_epochs": 57,
  "fooof": true,
  "version": "v2"
}