{
  "mue": 3.8013290574310177,
  "mui": 2.7247470570726655,
  "b": 42.54812807491384,
  "tauA": 1042.8973400532532,
  "g_LK": 0.052265820822135704,
  "g_h": 0.06607170540310747,
  "c_th2ctx": 0.012675797574430847,
  "c_ctx2th": 0.05622652827282028,
  "score": 0.775878,
  "feasible": 1,
  "n_passed": 12,
  "shape_r": 0.62263,
  "so_power": 0.85825,
  "spindle_power": 1.0,
  "T1": 1,
  "T1_min_rE": 0.0,
  "T2": 1,
  "T2_max_rE": 60.228,
  "T3": 1,
  "T3_longest_ms": 180.0,
  "T4": 1,
  "T4_freq": 1.25,
  "T4_q": 4.433,
  "T5": 1,
  "T5_fwhm": 2.0,
  "T6": 1,
  "T6_ibi_cv": 0.197,
  "T6_n_bursts": 70,
  "T7": 1,
  "T7_sp_cv": 1.266,
  "T8": 1,
  "T8_n_sp_events": 25,
  "T8_mean_sp_dur": 0.475,
  "T9": 1,
  "T9_mi": 0.01902,
  "T10": 1,
  "T10_phase": 0.524,
  "T10_dist_tgt": 0.524,
  "T11": 1,
  "T11_lag_ms": 1.493,
  "T12": 1,
  "T12_n_verified": 20,
  "eval": 2571
}