{
  "mue": 4.4672148825028435,
  "mui": 2.8006389776089597,
  "b": 36.031528820095645,
  "tauA": 1543.7496779469986,
  "g_LK": 0.0676581589940058,
  "g_h": 0.04308961239028176,
  "c_th2ctx": 0.12391339713863245,
  "c_ctx2th": 0.047695620882350936,
  "score": 0.529588,
  "feasible": 1,
  "n_passed": 11,
  "shape_r": 0.586694,
  "so_power": 0.944961,
  "spindle_power": 0.0,
  "T1": 1,
  "T1_min_rE": 0.0,
  "T2": 1,
  "T2_max_rE": 61.873,
  "T3": 1,
  "T3_longest_ms": 223.0,
  "T4": 1,
  "T4_freq": 1.25,
  "T4_q": 4.661,
  "T5": 1,
  "T5_fwhm": 3.75,
  "T6": 1,
  "T6_ibi_cv": 0.347,
  "T6_n_bursts": 35,
  "T7": 1,
  "T7_sp_cv": 2.441,
  "T8": 1,
  "T8_n_sp_events": 6,
  "T8_mean_sp_dur": 0.318,
  "T9": 1,
  "T9_mi": 0.05398,
  "T10": 1,
  "T10_phase": 0.2,
  "T11": 1,
  "T11_lag_ms": 41.0,
  "eval": 4530
}