{
  "mue": 4.021152902894194,
  "mui": 3.4204521096091423,
  "b": 46.43325229376362,
  "tauA": 749.6143151254958,
  "g_LK": 0.028865163233693522,
  "g_h": 0.033162501421814955,
  "c_th2ctx": 0.14236822621111342,
  "c_ctx2th": 0.26252140479367303,
  "score": 0.8589675077114629,
  "shape_r": 0.8226149908629231,
  "so_power": 0.5344803438400372,
  "spindle_power": 2.477804879155723,
  "subject_id": "SC4001",
  "n3_epochs": 57,
  "fooof": true
}