{
  "mue": 3.921166222407275,
  "mui": 4.206072797831983,
  "b": 29.920464309628713,
  "tauA": 800.9793018433322,
  "g_LK": 0.028046677511852885,
  "g_h": 0.029782195161058497,
  "c_th2ctx": 0.16202990125048902,
  "c_ctx2th": 0.17958206389009368,
  "score": 0.8439382784622744,
  "shape_r": 0.7919636323489223,
  "so_power": 0.5427809440587723,
  "spindle_power": 2.0800513196500194,
  "subject_id": "SC4001",
  "n3_epochs": 57,
  "fooof": true
}