{
  "mue": 2.5543399414050265,
  "mui": 4.638376924416662,
  "b": 39.7650205359397,
  "tauA": 4305.440791463454,
  "g_LK": 0.051187832154447256,
  "g_h": 0.15302235700635436,
  "c_th2ctx": 0.09928570402727765,
  "c_ctx2th": 0.05873748566621345,
  "score": 0.8586166269333223,
  "shape_r": 0.8586166269333223,
  "so_power": 0.0,
  "spindle_power": 0.0,
  "subject_id": "SC4001",
  "n3_epochs": 57,
  "fooof": true
}