{
  "mue": 3.974470889224735,
  "mui": 3.0836402149600537,
  "b": 35.03834862856099,
  "tauA": 1777.4575077009965,
  "g_LK": 0.05416706933735575,
  "g_h": 0.06835808008530264,
  "c_th2ctx": 0.01057274126094118,
  "c_ctx2th": 0.13317940596325312,
  "score": 0.712713,
  "feasible": 1,
  "n_passed": 12,
  "shape_r": 0.574676,
  "so_power": 0.7015,
  "spindle_power": 1.0,
  "T1": 1,
  "T1_min_rE": 0.0,
  "T2": 1,
  "T2_max_rE": 63.26,
  "T3": 1,
  "T3_longest_ms": 215.0,
  "T4": 1,
  "T4_freq": 0.75,
  "T4_q": 3.806,
  "T5": 1,
  "T5_fwhm": 1.75,
  "T6": 1,
  "T6_ibi_cv": 0.311,
  "T6_n_bursts": 46,
  "T7": 1,
  "T7_sp_cv": 1.28,
  "T8": 1,
  "T8_n_sp_events": 27,
  "T8_mean_sp_dur": 0.509,
  "T9": 1,
  "T9_mi": 0.00714,
  "T10": 1,
  "T10_phase": 2.782,
  "T10_dist_tgt": 0.36,
  "T11": 1,
  "T11_lag_ms": 458.0,
  "T12": 1,
  "T12_n_verified": 20,
  "eval": 1754
}