{
  "mue": 2.693004801784162,
  "mui": 3.5784122465894246,
  "g_LK": 0.06465298659447488,
  "g_h": 0.059923702133642294,
  "b": 19.5,
  "tauA": 1040.0,
  "psd_corr": 0.8859532221298663,
  "n_gen": 10,
  "subject_id": "SC4001",
  "n3_epochs_used": 57
}