{
  "mue": 4.376808558248228,
  "mui": 3.3283647274499524,
  "b": 40.32951024586167,
  "tauA": 1657.0290440512852,
  "g_LK": 0.06230079992721772,
  "g_h": 0.06447624698046732,
  "c_th2ctx": 0.11465106397217553,
  "c_ctx2th": 0.03850548058580843,
  "score": 0.553,
  "feasible": 1,
  "n_passed": 8,
  "shape_r": 0.57764,
  "so_power": 1.056721,
  "spindle_power": 0.0,
  "T1": 1,
  "T1_min_rE": 0.0,
  "T2": 1,
  "T2_max_rE": 56.591,
  "T3": 1,
  "T3_longest_ms": 151.0,
  "T4": 1,
  "T4_freq": 1.25,
  "T4_q": 4.039,
  "T5": 1,
  "T5_fwhm": 2.25,
  "T6": 1,
  "T6_ibi_cv": 0.381,
  "T6_n_bursts": 37,
  "T7": 1,
  "T7_sp_cv": 1.624,
  "T8": 1,
  "T8_n_sp_events": 5,
  "T8_mean_sp_dur": 0.323,
  "eval": 2140
}