{
  "mue": 3.8947472710668425,
  "mui": 3.026535923657034,
  "b": 35.464250631284095,
  "tauA": 1426.4504533435468,
  "g_LK": 0.0564156042159896,
  "g_h": 0.05165231704187984,
  "c_th2ctx": 0.09864346164732446,
  "c_ctx2th": 0.03803840336340606,
  "score": 0.448142,
  "feasible": 1,
  "n_passed": 7,
  "shape_r": 0.544888,
  "so_power": 0.702791,
  "spindle_power": 0.0,
  "T1": 1,
  "T1_min_rE": 0.0,
  "T2": 1,
  "T2_max_rE": 53.843,
  "T3": 1,
  "T3_longest_ms": 186.0,
  "T4": 1,
  "T4_freq": 1.25,
  "T4_q": 2.861,
  "T5": 1,
  "T5_fwhm": 2.75,
  "T6": 1,
  "T6_ibi_cv": 0.374,
  "T6_n_bursts": 39,
  "T7": 1,
  "T7_sp_cv": 0.886,
  "eval": 4409
}