{
  "mue": 4.212730424243466,
  "mui": 2.6256064918658995,
  "b": 31.52262552811812,
  "tauA": 1288.2754973417734,
  "g_LK": 0.03600526702008468,
  "g_h": 0.03515237987880942,
  "c_th2ctx": 0.17703366898329512,
  "c_ctx2th": 0.03978611369708889,
  "score": 0.949196,
  "shape_r": 0.743717,
  "so_power": 0.0,
  "spindle_power": 2.609298,
  "dynamics_score": 0.85,
  "T1_down": 1,
  "T2_up": 1,
  "T3_sustained": 1,
  "T4_so_freq": 1,
  "T5_spindle": 0,
  "max_rE": 34.389,
  "longest_up_ms": 108.0,
  "so_peak_hz": 1.4,
  "spindle_fwhm": 0.4,
  "eval": 4332
}